"Date","Price","Open","High","Low","Vol.","Change %"
"12/31/2024","21,226.50","21,390.25","21,524.75","21,182.00","477.28K","-0.89%"
"12/30/2024","21,416.25","21,711.00","21,742.75","21,253.00","530.98K","-1.30%"
"12/27/2024","21,698.50","21,990.75","22,008.00","21,498.75","572.60K","-1.41%"
"12/26/2024","22,008.00","22,049.50","22,111.25","21,870.25","407.12K","-0.09%"
"12/24/2024","22,028.50","21,743.25","22,049.75","21,709.00","261.20K","1.27%"
"12/23/2024","21,753.25","21,566.00","21,776.75","21,476.75","508.60K","3.84%"
"12/20/2024","20,947.98","21,151.50","21,151.50","20,745.00","9.01K","-0.78%"
"12/19/2024","21,112.75","21,218.50","21,424.25","21,080.00","124.73K","-0.50%"
"12/18/2024","21,218.75","22,010.00","22,083.75","21,034.25","209.59K","-3.62%"
"12/17/2024","22,014.75","22,115.00","22,124.50","21,942.25","277.30K","-0.43%"
"12/16/2024","22,110.25","21,780.25","22,152.50","21,762.00","482.43K","1.44%"
"12/13/2024","21,795.75","21,720.75","21,908.00","21,666.50","639.40K","0.67%"
"12/12/2024","21,651.25","21,756.75","21,772.50","21,604.25","510.31K","-0.65%"
"12/11/2024","21,793.50","21,436.00","21,820.00","21,405.75","547.21K","1.81%"
"12/10/2024","21,405.25","21,479.25","21,606.75","21,352.75","544.41K","-0.37%"
"12/09/2024","21,483.75","21,649.00","21,706.25","21,436.00","517.12K","-0.80%"
"12/06/2024","21,656.75","21,450.00","21,669.25","21,424.75","459.88K","0.85%"
"12/05/2024","21,473.25","21,513.25","21,567.25","21,437.50","421.04K","-0.29%"
"12/04/2024","21,536.50","21,323.00","21,548.50","21,305.75","461.92K","1.20%"
"12/03/2024","21,281.50","21,220.00","21,329.00","21,134.25","444.14K","0.30%"
"12/02/2024","21,218.00","20,995.25","21,259.75","20,940.00","475.46K","1.07%"
"11/29/2024","20,993.50","20,813.00","21,017.50","20,805.50","339.96K","0.87%"
"11/27/2024","20,813.00","20,990.75","21,019.00","20,675.00","520.03K","-0.86%"
"11/26/2024","20,993.50","20,906.25","21,024.75","20,755.00","505.25K","0.54%"
"11/25/2024","20,880.25","20,935.00","21,081.00","20,780.25","544.57K","0.15%"
"11/22/2024","20,849.75","20,794.00","20,880.00","20,693.25","541.55K","0.10%"
"11/21/2024","20,829.50","20,738.00","20,905.75","20,514.25","698.34K","0.39%"
"11/20/2024","20,749.00","20,762.25","20,843.25","20,477.00","619.49K","-0.09%"
"11/19/2024","20,767.75","20,633.25","20,792.50","20,382.50","553.62K","0.65%"
"11/18/2024","20,633.50","20,504.00","20,724.25","20,476.00","525.47K","0.68%"
"11/15/2024","20,493.75","20,977.50","20,981.50","20,405.25","691.85K","-2.47%"
"11/14/2024","21,011.75","21,167.00","21,190.25","20,950.50","561.95K","-0.70%"
"11/13/2024","21,159.50","21,178.00","21,268.50","21,056.50","533.74K","-0.14%"
"11/12/2024","21,189.50","21,221.00","21,251.75","21,054.75","511.37K","-0.13%"
"11/11/2024","21,217.75","21,249.75","21,340.75","21,098.25","456.01K","-0.06%"
"11/08/2024","21,231.25","21,224.25","21,265.00","21,121.75","401.94K","0.03%"
"11/07/2024","21,224.75","20,923.50","21,253.00","20,861.50","462.81K","1.58%"
"11/06/2024","20,894.00","20,360.50","20,935.25","20,323.50","632.41K","2.71%"
"11/05/2024","20,341.75","20,130.75","20,385.50","20,041.75","450.12K","1.27%"
"11/04/2024","20,086.00","20,138.00","20,248.50","20,013.00","520.52K","-0.33%"
"11/01/2024","20,153.25","20,071.00","20,288.00","20,017.00","554.03K","0.66%"
"10/31/2024","20,021.75","20,482.00","20,495.75","20,008.50","686.68K","-2.50%"
"10/30/2024","20,534.75","20,734.00","20,788.50","20,472.50","519.41K","-0.78%"
"10/29/2024","20,696.50","20,513.00","20,760.25","20,432.25","498.02K","0.97%"
"10/28/2024","20,497.00","20,525.50","20,676.50","20,486.00","430.12K","-0.01%"
"10/25/2024","20,498.75","20,388.50","20,707.25","20,364.00","585.93K","0.58%"
"10/24/2024","20,380.25","20,294.25","20,428.50","20,261.75","462.55K","0.79%"
"10/23/2024","20,220.50","20,521.00","20,542.50","20,079.00","619.16K","-1.57%"
"10/22/2024","20,542.00","20,536.50","20,602.25","20,360.25","476.32K","0.11%"
"10/21/2024","20,519.50","20,496.25","20,554.50","20,343.75","456.08K","0.18%"
"10/18/2024","20,483.50","20,384.00","20,529.75","20,320.75","385.57K","0.57%"
"10/17/2024","20,368.00","20,328.00","20,594.75","20,276.75","535.49K","0.09%"
"10/16/2024","20,349.50","20,334.50","20,398.50","20,206.25","417.57K","0.04%"
"10/15/2024","20,342.00","20,638.75","20,659.25","20,254.00","522.39K","-1.34%"
"10/14/2024","20,619.25","20,432.50","20,680.00","20,383.25","395.76K","0.83%"
"10/11/2024","20,450.00","20,435.00","20,494.25","20,314.75","385.31K","0.10%"
"10/10/2024","20,429.75","20,445.25","20,508.25","20,301.50","450.57K","-0.16%"
"10/09/2024","20,463.50","20,294.25","20,482.75","20,196.00","421.25K","0.81%"
"10/08/2024","20,298.50","20,025.75","20,329.50","19,902.50","444.75K","1.53%"
"10/07/2024","19,992.75","20,220.00","20,267.25","19,948.00","450.37K","-1.16%"
"10/04/2024","20,227.25","19,965.50","20,263.75","19,941.50","560.07K","1.19%"
"10/03/2024","19,990.25","20,055.50","20,113.75","19,852.00","526.77K","-0.10%"
"10/02/2024","20,009.75","19,975.25","20,090.25","19,833.50","475.60K","0.17%"
"10/01/2024","19,975.00","20,234.25","20,331.75","19,818.00","662.78K","-1.41%"
"09/30/2024","20,261.25","20,198.50","20,287.00","20,056.00","510.43K","0.20%"
"09/27/2024","20,221.50","20,345.00","20,395.75","20,173.00","435.63K","-0.61%"
"09/26/2024","20,346.25","20,242.00","20,538.00","20,188.00","509.76K","0.76%"
"09/25/2024","20,192.00","20,183.75","20,271.00","20,064.25","405.05K","0.12%"
"09/24/2024","20,167.75","20,063.25","20,214.75","19,953.00","457.13K","0.44%"
"09/23/2024","20,080.00","20,040.00","20,164.00","19,955.25","394.95K","1.37%"
"09/20/2024","19,808.01","19,831.25","19,838.25","19,746.50","4.96K","-0.21%"
"09/19/2024","19,850.25","19,420.50","19,966.25","19,408.75","134.92K","2.59%"
"09/18/2024","19,349.25","19,451.00","19,660.00","19,331.00","138.85K","-0.46%"
"09/17/2024","19,439.25","19,426.50","19,615.50","19,341.00","254.06K","0.03%"
"09/16/2024","19,433.00","19,498.00","19,546.50","19,299.25","339.78K","-0.50%"
"09/13/2024","19,530.25","19,419.50","19,577.25","19,398.25","467.95K","0.43%"
"09/12/2024","19,447.25","19,241.50","19,483.50","19,185.00","581.03K","0.91%"
"09/11/2024","19,271.00","18,837.75","19,293.50","18,547.00","729.34K","2.16%"
"09/10/2024","18,864.00","18,727.00","18,878.50","18,582.25","536.22K","0.92%"
"09/09/2024","18,692.25","18,400.00","18,734.50","18,386.00","536.24K","1.27%"
"09/06/2024","18,458.25","18,921.00","18,972.25","18,339.75","726.35K","-2.66%"
"09/05/2024","18,963.50","18,965.75","19,150.50","18,827.25","585.13K","0.01%"
"09/04/2024","18,962.50","18,993.75","19,114.75","18,825.75","582.12K","-0.23%"
"09/03/2024","19,006.50","19,599.00","19,683.00","18,911.00","698.44K","-3.14%"
"08/30/2024","19,623.00","19,445.75","19,632.75","19,370.50","495.61K","1.18%"
"08/29/2024","19,393.25","19,217.00","19,693.50","19,140.25","669.71K","-0.12%"
"08/28/2024","19,415.75","19,635.50","19,691.00","19,227.25","537.28K","-1.21%"
"08/27/2024","19,653.75","19,558.75","19,694.25","19,441.50","441.15K","0.32%"
"08/26/2024","19,591.25","19,787.75","19,846.25","19,505.50","473.54K","-1.01%"
"08/23/2024","19,790.75","19,621.50","19,904.25","19,591.75","581.20K","1.09%"
"08/22/2024","19,578.25","19,921.25","20,025.25","19,542.00","630.18K","-1.66%"
"08/21/2024","19,909.50","19,803.00","19,981.75","19,771.50","479.08K","0.50%"
"08/20/2024","19,809.50","19,857.75","19,931.00","19,743.00","485.44K","-0.24%"
"08/19/2024","19,857.75","19,629.00","19,871.75","19,525.25","429.31K","1.29%"
"08/16/2024","19,605.75","19,570.25","19,683.00","19,447.50","458.93K","0.13%"
"08/15/2024","19,581.25","19,142.50","19,603.25","19,100.50","522.32K","2.44%"
"08/14/2024","19,115.00","19,099.25","19,203.50","18,925.50","554.00K","0.06%"
"08/13/2024","19,104.25","18,648.25","19,122.50","18,628.50","497.67K","2.49%"
"08/12/2024","18,639.50","18,590.00","18,765.25","18,515.00","469.89K","0.13%"
"08/09/2024","18,616.00","18,550.25","18,674.50","18,383.00","501.76K","0.49%"
"08/08/2024","18,525.25","17,873.00","18,593.50","17,741.75","663.96K","3.11%"
"08/07/2024","17,966.50","18,033.00","18,558.50","17,836.25","725.24K","-1.17%"
"08/06/2024","18,179.00","18,165.75","18,483.25","17,966.00","697.09K","0.92%"
"08/05/2024","18,013.25","18,390.00","18,390.00","17,351.00","937.14K","-2.70%"
"08/03/2024","18,513.25","18,513.25","18,513.25","18,513.25","","-0.23%"
"08/02/2024","18,556.25","18,956.50","18,979.75","18,385.75","842.23K","-2.45%"
"08/01/2024","19,023.25","19,593.25","19,717.00","18,854.00","920.62K","-2.47%"
"07/31/2024","19,505.25","18,865.75","19,648.00","18,861.75","762.25K","3.00%"
"07/30/2024","18,936.25","19,217.00","19,319.75","18,725.00","745.00K","-1.42%"
"07/29/2024","19,209.25","19,171.75","19,377.25","19,113.25","600.02K","0.17%"
"07/27/2024","19,175.75","19,175.75","19,175.75","19,175.75","","0.01%"
"07/26/2024","19,174.50","19,003.00","19,297.75","18,995.00","694.70K","0.96%"
"07/25/2024","18,992.25","19,260.00","19,390.50","18,883.25","992.02K","-1.10%"
"07/24/2024","19,203.25","19,883.00","19,883.00","19,168.75","846.81K","-3.62%"
"07/23/2024","19,925.00","19,982.00","20,084.75","19,868.25","601.99K","-0.38%"
"07/22/2024","20,001.00","19,749.00","20,044.75","19,718.75","657.85K","1.52%"
"07/20/2024","19,701.50","19,701.50","19,701.50","19,701.50","","-0.06%"
"07/19/2024","19,713.00","19,955.00","19,979.75","19,654.00","774.11K","-0.94%"
"07/18/2024","19,899.25","20,024.25","20,162.50","19,758.75","964.29K","-0.49%"
"07/17/2024","19,997.50","20,591.00","20,597.75","19,965.75","854.32K","-2.92%"
"07/16/2024","20,598.00","20,628.00","20,684.50","20,464.50","629.75K","0.07%"
"07/15/2024","20,583.75","20,580.00","20,797.00","20,506.25","703.41K","0.21%"
"07/13/2024","20,539.75","20,539.75","20,539.75","20,539.75","","0.08%"
"07/12/2024","20,524.00","20,432.75","20,741.00","20,335.00","724.34K","0.40%"
"07/11/2024","20,441.75","20,895.50","20,983.75","20,377.25","906.13K","-2.19%"
"07/10/2024","20,899.75","20,686.00","20,916.75","20,684.50","576.69K","1.07%"
"07/09/2024","20,678.50","20,681.00","20,771.75","20,615.75","569.69K","0.09%"
"07/08/2024","20,659.75","20,591.50","20,688.00","20,579.25","497.11K","0.19%"
"07/05/2024","20,620.75","20,419.25","20,639.50","20,361.00","600.21K","1.13%"
"07/04/2024","20,390.50","20,404.00","20,415.75","20,368.00","56.69K","-0.10%"
"07/03/2024","20,411.50","20,241.00","20,435.25","20,205.00","395.13K","0.77%"
"07/02/2024","20,255.25","20,045.75","20,259.25","19,910.00","621.48K","1.01%"
"07/01/2024","20,052.00","19,970.00","20,074.00","19,811.75","639.34K","0.43%"
"06/29/2024","19,966.50","19,966.50","19,966.50","19,966.50","","0.20%"
"06/28/2024","19,927.25","20,063.25","20,273.25","19,906.25","750.32K","-0.56%"
"06/27/2024","20,039.50","19,946.00","20,116.75","19,874.25","589.65K","0.13%"
"06/26/2024","20,012.50","19,973.00","20,070.50","19,901.00","590.18K","0.20%"
"06/25/2024","19,972.25","19,756.00","19,981.25","19,726.00","574.52K","1.12%"
"06/24/2024","19,750.75","20,014.75","20,030.25","19,728.00","683.90K","-1.29%"
"06/22/2024","20,009.75","20,009.75","20,009.75","20,009.75","","1.33%"
"06/21/2024","19,747.29","19,781.25","19,819.25","19,687.50","8.05K","-0.08%"
"06/20/2024","19,763.25","19,930.25","20,095.00","19,694.25","157.05K","-2.33%"
"06/19/2024","20,235.75","20,223.00","20,251.75","20,209.00","76.18K","1.59%"
"06/18/2024","19,919.25","19,918.50","19,996.50","19,851.75","201.83K","-0.01%"
"06/17/2024","19,921.25","19,695.00","20,001.00","19,640.50","423.23K","1.20%"
"06/14/2024","19,685.50","19,602.75","19,699.50","19,501.50","584.29K","0.42%"
"06/13/2024","19,602.50","19,602.00","19,691.00","19,500.00","584.73K","0.54%"
"06/12/2024","19,496.50","19,248.00","19,612.25","19,233.50","691.08K","1.32%"
"06/11/2024","19,242.25","19,107.25","19,257.50","18,994.50","564.71K","0.69%"
"06/10/2024","19,109.75","19,025.00","19,129.75","18,974.25","571.67K","0.38%"
"06/07/2024","19,037.75","19,064.00","19,155.00","18,940.00","612.03K","-0.12%"
"06/06/2024","19,060.25","19,089.50","19,124.50","19,017.25","524.90K","-0.07%"
"06/05/2024","19,074.25","18,711.00","19,090.50","18,696.25","575.23K","2.00%"
"06/04/2024","18,701.00","18,662.50","18,753.25","18,511.25","616.70K","0.29%"
"06/03/2024","18,646.25","18,590.25","18,755.50","18,435.75","669.10K","0.30%"
"05/31/2024","18,591.00","18,590.75","18,668.25","18,241.25","834.00K","-0.08%"
"05/30/2024","18,606.50","18,753.00","18,787.00","18,546.25","619.55K","-1.04%"
"05/29/2024","18,802.75","18,949.50","18,949.75","18,740.00","573.94K","-0.73%"
"05/28/2024","18,940.50","18,874.75","18,980.50","18,819.50","642.95K","0.18%"
"05/27/2024","18,907.00","18,837.25","18,955.75","18,834.25","82.23K","0.38%"
"05/26/2024","18,836.25","18,874.75","18,886.50","18,836.25","6.25K","-0.21%"
"05/24/2024","18,876.00","18,684.00","18,926.00","18,680.00","552.08K","0.96%"
"05/23/2024","18,696.25","18,860.50","19,023.25","18,621.50","851.58K","-0.48%"
"05/22/2024","18,786.75","18,798.25","18,891.00","18,684.25","578.44K","-0.07%"
"05/21/2024","18,799.25","18,746.00","18,808.75","18,678.00","426.12K","0.19%"
"05/20/2024","18,763.00","18,633.50","18,794.50","18,633.00","470.38K","0.69%"
"05/18/2024","18,633.75","18,633.75","18,633.75","18,633.75","","-0.01%"
"05/17/2024","18,635.25","18,642.00","18,686.75","18,545.00","489.23K","-0.08%"
"05/16/2024","18,650.00","18,693.25","18,760.75","18,633.25","548.58K","-0.22%"
"05/15/2024","18,691.75","18,409.75","18,707.00","18,393.00","605.87K","1.50%"
"05/14/2024","18,415.00","18,282.00","18,433.00","18,165.50","555.37K","0.65%"
"05/13/2024","18,295.50","18,238.00","18,336.25","18,228.75","411.04K","0.31%"
"05/11/2024","18,239.25","18,239.25","18,239.25","18,239.25","","-0.09%"
"05/10/2024","18,255.00","18,226.00","18,348.00","18,188.50","473.88K","0.22%"
"05/09/2024","18,214.50","18,160.75","18,240.25","18,103.75","471.20K","0.15%"
"05/08/2024","18,186.50","18,194.00","18,242.25","18,072.50","453.71K","-0.07%"
"05/07/2024","18,199.50","18,189.50","18,266.25","18,151.00","469.72K","0.02%"
"05/06/2024","18,195.50","18,047.50","18,201.25","17,983.75","395.49K","0.94%"
"05/04/2024","18,025.50","18,025.50","18,025.50","18,025.50","","0.14%"
"05/03/2024","18,000.75","17,744.25","18,050.25","17,719.50","556.95K","1.99%"
"05/02/2024","17,649.75","17,487.00","17,755.25","17,386.25","635.30K","1.21%"
"05/01/2024","17,438.25","17,462.50","17,793.25","17,399.25","791.17K","-0.76%"
"04/30/2024","17,571.25","17,918.50","17,920.25","17,473.50","677.70K","-1.86%"
"04/29/2024","17,904.25","17,864.75","17,949.00","17,791.25","528.89K","0.38%"
"04/27/2024","17,836.75","17,836.75","17,836.75","17,836.75","","-0.05%"
"04/26/2024","17,845.75","17,808.25","17,901.50","17,668.25","628.23K","1.58%"
"04/25/2024","17,567.50","17,450.00","17,827.50","17,308.25","820.01K","-0.55%"
"04/24/2024","17,664.50","17,682.00","17,795.50","17,481.75","667.40K","0.33%"
"04/23/2024","17,606.75","17,352.25","17,666.00","17,286.25","601.83K","1.48%"
"04/22/2024","17,350.00","17,228.25","17,448.00","17,148.50","646.13K","0.99%"
"04/20/2024","17,179.25","17,179.25","17,179.25","17,179.25","","-0.01%"
"04/19/2024","17,180.75","17,530.75","17,553.25","17,113.25","1.02M","-2.09%"
"04/18/2024","17,547.25","17,669.75","17,770.75","17,506.25","756.16K","-0.63%"
"04/17/2024","17,658.50","17,897.00","17,968.50","17,615.25","844.75K","-1.25%"
"04/16/2024","17,881.25","17,879.00","17,988.00","17,792.00","766.36K","0.03%"
"04/15/2024","17,876.25","18,151.00","18,350.75","17,841.50","797.32K","-1.63%"
"04/13/2024","18,172.50","18,172.50","18,172.50","18,172.50","","-0.04%"
"04/12/2024","18,179.25","18,486.25","18,507.75","18,120.25","787.33K","-1.65%"
"04/11/2024","18,485.00","18,184.00","18,518.75","18,088.00","728.80K","1.58%"
"04/10/2024","18,196.75","18,381.00","18,474.25","18,053.50","880.50K","-0.89%"
"04/09/2024","18,359.75","18,314.75","18,407.25","18,160.75","696.07K","0.35%"
"04/08/2024","18,295.00","18,348.25","18,376.00","18,237.50","524.20K","-0.03%"
"04/05/2024","18,300.75","18,086.25","18,408.25","18,051.50","809.19K","1.24%"
"04/04/2024","18,076.75","18,388.50","18,568.00","18,055.25","777.14K","-1.61%"
"04/03/2024","18,373.25","18,345.00","18,451.75","18,232.50","597.99K","0.24%"
"04/02/2024","18,330.00","18,497.25","18,511.00","18,201.50","618.98K","-0.90%"
"04/01/2024","18,497.25","18,503.00","18,612.00","18,414.50","572.13K","0.12%"
"03/28/2024","18,475.00","18,505.00","18,538.75","18,447.50","515.19K","-0.16%"
"03/27/2024","18,503.75","18,477.50","18,571.75","18,378.50","605.63K","0.30%"
"03/26/2024","18,449.00","18,531.25","18,619.00","18,439.25","516.51K","-0.35%"
"03/25/2024","18,513.50","18,567.00","18,601.25","18,414.75","456.25K","-0.33%"
"03/22/2024","18,574.75","18,580.50","18,626.00","18,492.00","511.96K","0.07%"
"03/21/2024","18,561.75","18,539.75","18,709.00","18,526.75","606.96K","0.44%"
"03/20/2024","18,479.75","18,274.00","18,545.00","18,227.50","618.81K","1.15%"
"03/19/2024","18,270.00","18,222.00","18,289.25","18,053.25","660.39K","0.21%"
"03/18/2024","18,231.50","18,073.50","18,381.00","18,062.25","656.63K","2.11%"
"03/15/2024","17,854.75","18,006.00","18,074.75","17,831.75","9.84K","-0.94%"
"03/14/2024","18,024.50","18,094.25","18,177.75","17,915.50","110.28K","-0.30%"
"03/13/2024","18,078.50","18,218.00","18,256.50","18,033.25","179.71K","-0.82%"
"03/12/2024","18,227.75","18,010.50","18,241.75","17,930.00","281.27K","1.43%"
"03/11/2024","17,971.00","18,056.00","18,068.25","17,890.50","472.52K","-0.42%"
"03/08/2024","18,046.75","18,279.00","18,436.50","18,012.50","1.05M","-1.47%"
"03/07/2024","18,316.25","18,041.00","18,360.00","17,915.75","758.50K","1.51%"
"03/06/2024","18,044.25","17,981.00","18,174.25","17,942.50","806.13K","0.64%"
"03/05/2024","17,930.25","18,246.00","18,252.00","17,832.50","803.86K","-1.82%"
"03/04/2024","18,262.00","18,336.00","18,377.75","18,234.25","569.34K","-0.42%"
"03/01/2024","18,338.25","18,075.00","18,372.75","18,029.50","639.15K","1.41%"
"02/29/2024","18,082.75","17,870.00","18,109.50","17,826.00","680.15K","0.93%"
"02/28/2024","17,915.25","18,017.50","18,019.75","17,846.25","553.73K","-0.59%"
"02/27/2024","18,021.00","17,951.00","18,040.25","17,908.75","567.82K","0.24%"
"02/26/2024","17,977.00","17,961.50","18,059.50","17,922.00","526.17K","-0.08%"
"02/23/2024","17,991.00","18,023.25","18,144.75","17,946.00","659.73K","-0.31%"
"02/22/2024","18,047.50","17,702.50","18,087.00","17,676.00","759.23K","2.91%"
"02/21/2024","17,536.75","17,573.00","17,723.00","17,372.75","731.45K","-0.40%"
"02/20/2024","17,607.25","17,729.25","17,807.50","17,452.50","889.29K","-0.77%"
"02/16/2024","17,744.00","17,952.00","18,026.00","17,715.00","744.63K","-0.94%"
"02/15/2024","17,912.75","17,870.00","17,968.25","17,780.50","657.77K","0.18%"
"02/14/2024","17,881.00","17,703.00","17,887.00","17,669.25","688.09K","1.16%"
"02/13/2024","17,676.75","17,928.50","17,963.25","17,542.00","858.23K","-1.60%"
"02/12/2024","17,965.00","18,040.00","18,121.50","17,911.25","538.13K","-0.41%"
"02/09/2024","18,039.25","17,854.25","18,071.00","17,852.25","499.28K","0.96%"
"02/08/2024","17,868.25","17,856.25","17,896.50","17,792.25","471.37K","0.15%"
"02/07/2024","17,841.75","17,645.75","17,875.50","17,629.75","613.34K","1.03%"
"02/06/2024","17,660.00","17,698.50","17,769.00","17,560.75","623.17K","-0.23%"
"02/05/2024","17,700.00","17,696.00","17,745.50","17,554.25","621.65K","-0.18%"
"02/02/2024","17,732.75","17,588.00","17,775.50","17,465.50","761.17K","1.70%"
"02/01/2024","17,436.75","17,273.25","17,646.75","17,262.75","705.24K","1.13%"
"01/31/2024","17,242.25","17,415.50","17,484.00","17,221.50","816.12K","-1.97%"
"01/30/2024","17,588.50","17,711.75","17,735.75","17,467.00","554.15K","-0.66%"
"01/29/2024","17,706.00","17,502.00","17,716.25","17,457.50","568.74K","1.02%"
"01/26/2024","17,527.00","17,571.25","17,632.00","17,466.00","631.48K","-0.61%"
"01/25/2024","17,634.50","17,614.75","17,752.00","17,542.00","710.82K","0.08%"
"01/24/2024","17,621.00","17,554.00","17,793.50","17,552.25","721.61K","0.51%"
"01/23/2024","17,531.25","17,461.00","17,558.25","17,409.50","508.08K","0.42%"
"01/22/2024","17,458.50","17,466.00","17,585.00","17,434.00","637.25K","0.11%"
"01/19/2024","17,438.50","17,116.00","17,471.25","17,107.25","758.13K","1.92%"
"01/18/2024","17,110.00","16,854.50","17,125.75","16,834.25","852.23K","1.42%"
"01/17/2024","16,869.75","16,978.00","16,982.00","16,689.25","722.78K","-0.57%"
"01/16/2024","16,966.50","16,961.75","17,033.75","16,811.75","816.02K","-0.02%"
"01/12/2024","16,969.25","16,957.75","17,042.50","16,866.50","593.45K","0.02%"
"01/11/2024","16,966.25","16,955.00","17,057.00","16,753.00","756.44K","0.12%"
"01/10/2024","16,945.25","16,829.50","16,983.00","16,801.50","550.70K","0.68%"
"01/09/2024","16,830.25","16,788.00","16,868.50","16,657.75","605.92K","0.16%"
"01/08/2024","16,803.75","16,470.00","16,811.25","16,378.25","549.90K","2.09%"
"01/05/2024","16,460.25","16,455.00","16,577.25","16,334.25","627.48K","0.09%"
"01/04/2024","16,445.00","16,545.25","16,587.25","16,436.00","559.46K","-0.56%"
"01/03/2024","16,538.00","16,736.75","16,737.25","16,522.00","677.22K","-1.09%"
"01/02/2024","16,720.00","17,019.00","17,038.50","16,622.50","652.71K","-1.78%"
"12/29/2023","17,023.50","17,090.25","17,131.00","16,938.25","470.86K","-0.39%"
"12/28/2023","17,090.50","17,127.00","17,165.25","17,077.75","357.70K","-0.13%"
"12/27/2023","17,113.25","17,090.25","17,133.00","17,055.50","424.30K","0.17%"
"12/26/2023","17,083.50","16,964.50","17,111.25","16,964.50","292.09K","0.61%"
"12/22/2023","16,980.00","16,956.00","17,041.50","16,891.50","486.85K","0.14%"
"12/21/2023","16,956.50","16,790.25","16,970.25","16,790.25","639.82K","1.13%"
"12/20/2023","16,766.25","17,024.00","17,073.50","16,758.50","654.33K","-1.51%"
"12/19/2023","17,023.00","16,917.00","17,029.50","16,910.75","496.52K","0.49%"
"12/18/2023","16,939.75","16,820.25","16,974.00","16,802.25","463.44K","2.48%"
"12/15/2023","16,530.23","16,532.50","16,612.50","16,521.50","12.65K","-0.07%"
"12/14/2023","16,541.50","16,561.50","16,674.50","16,418.75","131.88K","-0.13%"
"12/13/2023","16,563.75","16,383.00","16,593.00","16,365.50","155.14K","1.23%"
"12/12/2023","16,362.75","16,240.00","16,389.50","16,185.25","253.67K","0.77%"
"12/11/2023","16,237.00","16,093.00","16,248.00","16,045.50","394.18K","0.86%"
"12/08/2023","16,098.25","16,017.50","16,118.75","15,888.25","588.93K","0.37%"
"12/07/2023","16,038.75","15,814.50","16,066.00","15,791.00","632.33K","1.41%"
"12/06/2023","15,815.25","15,897.00","16,037.75","15,802.00","675.48K","-0.59%"
"12/05/2023","15,908.75","15,863.25","15,961.00","15,761.25","683.59K","0.25%"
"12/04/2023","15,869.00","16,022.00","16,026.00","15,721.25","721.02K","-0.97%"
"12/01/2023","16,023.75","15,955.00","16,050.00","15,864.00","621.71K","0.24%"
"11/30/2023","15,985.50","16,040.25","16,098.50","15,856.00","694.12K","-0.24%"
"11/29/2023","16,023.75","16,055.50","16,208.50","16,013.50","634.33K","-0.15%"
"11/28/2023","16,048.00","16,005.25","16,071.50","15,945.25","598.22K","0.25%"
"11/27/2023","16,008.75","16,008.00","16,089.25","15,938.75","502.56K","-0.08%"
"11/24/2023","16,021.00","16,036.75","16,086.50","15,981.75","296.60K","-0.18%"
"11/22/2023","16,049.25","15,967.25","16,173.50","15,942.75","624.55K","0.37%"
"11/21/2023","15,990.25","16,087.50","16,122.50","15,912.00","575.45K","-0.60%"
"11/20/2023","16,086.50","15,895.00","16,116.75","15,837.25","559.49K","1.20%"
"11/17/2023","15,895.75","15,897.75","15,940.00","15,825.00","562.42K","-0.01%"
"11/16/2023","15,897.50","15,846.75","15,906.75","15,796.75","634.46K","0.05%"
"11/15/2023","15,889.25","15,895.00","16,049.50","15,832.25","685.07K","0.06%"
"11/14/2023","15,879.75","15,558.00","15,918.75","15,552.00","656.10K","2.14%"
"11/13/2023","15,547.00","15,586.25","15,601.25","15,465.25","532.94K","-0.32%"
"11/10/2023","15,596.25","15,254.75","15,612.75","15,207.25","679.63K","2.23%"
"11/09/2023","15,256.00","15,356.25","15,453.75","15,236.75","710.43K","-0.85%"
"11/08/2023","15,386.50","15,373.00","15,417.50","15,286.75","547.84K","0.08%"
"11/07/2023","15,374.25","15,215.00","15,412.25","15,176.00","585.12K","0.93%"
"11/06/2023","15,232.50","15,187.00","15,257.50","15,138.00","496.13K","0.35%"
"11/03/2023","15,178.75","14,928.00","15,228.50","14,925.50","633.84K","1.21%"
"11/02/2023","14,998.00","14,761.25","15,017.25","14,760.00","652.48K","1.72%"
"11/01/2023","14,744.50","14,460.00","14,762.00","14,410.75","741.82K","1.75%"
"10/31/2023","14,490.25","14,410.50","14,503.75","14,311.25","712.61K","0.51%"
"10/30/2023","14,416.50","14,336.00","14,476.50","14,303.00","704.86K","1.06%"
"10/27/2023","14,265.25","14,248.25","14,407.75","14,209.75","782.10K","0.50%"
"10/26/2023","14,194.00","14,425.00","14,459.00","14,140.25","987.60K","-1.96%"
"10/25/2023","14,478.25","14,828.00","14,855.00","14,444.00","820.68K","-2.48%"
"10/24/2023","14,846.50","14,744.00","14,948.75","14,706.00","703.06K","0.91%"
"10/23/2023","14,712.00","14,680.00","14,853.75","14,514.25","765.73K","0.33%"
"10/20/2023","14,664.00","14,850.00","14,887.50","14,645.00","846.68K","-1.52%"
"10/19/2023","14,890.00","15,045.00","15,138.25","14,839.50","1.02M","-0.90%"
"10/18/2023","15,025.25","15,236.50","15,238.25","14,979.25","853.60K","-1.41%"
"10/17/2023","15,240.75","15,305.75","15,309.25","15,050.25","781.60K","-0.32%"
"10/16/2023","15,289.50","15,120.00","15,336.75","15,083.00","641.29K","1.12%"
"10/13/2023","15,120.25","15,324.00","15,366.75","15,062.25","777.01K","-1.27%"
"10/12/2023","15,315.00","15,407.50","15,468.75","15,216.25","747.49K","-0.42%"
"10/11/2023","15,380.00","15,282.25","15,416.75","15,253.00","614.97K","0.72%"
"10/10/2023","15,270.75","15,196.50","15,383.50","15,171.75","648.61K","0.55%"
"10/09/2023","15,187.00","15,040.25","15,212.75","14,949.50","617.07K","0.50%"
"10/06/2023","15,112.00","14,853.75","15,160.25","14,660.00","840.60K","1.68%"
"10/05/2023","14,861.75","14,903.00","14,958.75","14,716.25","676.46K","-0.42%"
"10/04/2023","14,923.75","14,713.75","14,956.00","14,589.00","803.26K","1.42%"
"10/03/2023","14,714.50","14,989.50","15,031.00","14,651.50","762.96K","-1.80%"
"10/02/2023","14,984.75","14,965.00","15,046.00","14,826.00","762.90K","0.80%"
"09/29/2023","14,866.50","14,876.50","15,060.75","14,811.00","745.54K","0.05%"
"09/28/2023","14,859.75","14,772.50","14,947.50","14,658.00","734.47K","0.82%"
"09/27/2023","14,739.00","14,725.25","14,821.50","14,586.00","716.20K","0.16%"
"09/26/2023","14,715.00","14,949.00","14,949.00","14,666.25","667.62K","-1.47%"
"09/25/2023","14,935.25","14,880.25","14,955.75","14,782.25","568.86K","0.44%"
"09/22/2023","14,869.50","14,854.50","15,027.50","14,836.25","624.06K","0.05%"
"09/21/2023","14,862.75","15,133.25","15,149.00","14,841.00","702.74K","-1.91%"
"09/20/2023","15,152.00","15,375.25","15,436.25","15,127.00","605.26K","-1.45%"
"09/19/2023","15,375.25","15,424.25","15,442.25","15,248.50","552.07K","-0.25%"
"09/18/2023","15,414.50","15,382.25","15,461.00","15,330.50","509.75K","-0.13%"
"09/15/2023","15,435.20","15,480.25","15,524.00","15,401.25","9.27K","-0.28%"
"09/14/2023","15,478.00","15,372.75","15,517.75","15,337.25","110.44K","0.79%"
"09/13/2023","15,356.25","15,308.50","15,424.25","15,212.75","190.17K","0.34%"
"09/12/2023","15,304.75","15,466.50","15,480.75","15,288.75","253.05K","-1.10%"
"09/11/2023","15,475.75","15,308.00","15,497.50","15,298.00","411.39K","1.17%"
"09/08/2023","15,297.50","15,286.25","15,390.75","15,223.00","598.48K","0.10%"
"09/07/2023","15,282.25","15,385.00","15,395.75","15,157.50","644.89K","-0.76%"
"09/06/2023","15,399.50","15,511.25","15,533.00","15,310.50","596.50K","-0.87%"
"09/05/2023","15,534.50","15,517.00","15,586.75","15,418.25","604.89K","0.12%"
"09/01/2023","15,516.25","15,534.00","15,661.25","15,454.00","572.69K","-0.14%"
"08/31/2023","15,538.50","15,513.75","15,606.75","15,460.00","584.74K","0.24%"
"08/30/2023","15,501.25","15,427.50","15,522.75","15,361.50","590.19K","0.55%"
"08/29/2023","15,415.75","15,098.75","15,430.50","15,049.75","616.22K","2.14%"
"08/28/2023","15,092.50","14,991.00","15,126.50","14,973.50","586.34K","0.76%"
"08/25/2023","14,979.25","14,833.00","15,048.75","14,751.75","823.89K","0.79%"
"08/24/2023","14,862.00","15,333.00","15,418.00","14,817.00","847.31K","-2.19%"
"08/23/2023","15,195.50","14,959.75","15,356.75","14,957.25","606.17K","1.58%"
"08/22/2023","14,958.50","14,974.50","15,118.25","14,932.00","623.73K","-0.18%"
"08/21/2023","14,985.75","14,762.50","15,013.75","14,720.50","641.69K","1.64%"
"08/18/2023","14,744.00","14,748.00","14,802.75","14,609.25","731.24K","-0.23%"
"08/17/2023","14,778.00","14,940.25","15,018.25","14,738.25","681.40K","-1.10%"
"08/16/2023","14,942.25","15,110.75","15,166.00","14,921.50","641.61K","-1.09%"
"08/15/2023","15,106.50","15,279.00","15,335.00","15,074.75","593.60K","-1.07%"
"08/14/2023","15,270.25","15,104.00","15,282.00","15,020.75","554.63K","1.16%"
"08/11/2023","15,095.75","15,219.00","15,266.75","15,037.25","613.96K","-0.69%"
"08/10/2023","15,201.25","15,202.50","15,442.25","15,136.00","807.10K","0.15%"
"08/09/2023","15,178.25","15,351.75","15,432.50","15,146.50","652.73K","-1.15%"
"08/08/2023","15,354.25","15,495.00","15,497.75","15,218.00","638.81K","-0.85%"
"08/07/2023","15,485.50","15,370.50","15,495.50","15,334.25","578.30K","0.86%"
"08/04/2023","15,354.00","15,441.00","15,610.25","15,336.50","773.23K","-0.55%"
"08/03/2023","15,438.75","15,455.75","15,551.75","15,339.50","658.84K","-0.22%"
"08/02/2023","15,473.00","15,757.00","15,789.75","15,414.00","773.50K","-2.18%"
"08/01/2023","15,817.25","15,869.25","15,889.25","15,728.25","529.66K","-0.25%"
"07/31/2023","15,857.50","15,850.00","15,917.00","15,791.25","523.90K","0.06%"
"07/28/2023","15,847.50","15,580.00","15,896.00","15,546.25","689.39K","1.78%"
"07/27/2023","15,571.00","15,638.75","15,904.00","15,511.25","846.44K","-0.25%"
"07/26/2023","15,610.75","15,730.25","15,739.25","15,515.00","683.83K","-0.40%"
"07/25/2023","15,673.00","15,570.00","15,736.25","15,549.25","554.88K","0.72%"
"07/24/2023","15,561.25","15,556.00","15,618.75","15,483.75","561.88K","0.14%"
"07/21/2023","15,540.00","15,590.75","15,719.25","15,522.25","704.41K","-0.34%"
"07/20/2023","15,592.25","15,922.75","15,925.75","15,547.00","810.48K","-2.30%"
"07/19/2023","15,959.25","15,949.25","16,062.75","15,911.25","682.28K","-0.10%"
"07/18/2023","15,974.75","15,832.00","16,029.75","15,733.00","633.27K","0.85%"
"07/17/2023","15,840.75","15,690.00","15,882.75","15,661.50","522.13K","0.93%"
"07/14/2023","15,694.25","15,699.00","15,857.25","15,663.00","629.94K","-0.11%"
"07/13/2023","15,711.50","15,457.75","15,741.25","15,456.50","563.94K","1.73%"
"07/12/2023","15,444.75","15,258.00","15,507.75","15,254.50","649.43K","1.21%"
"07/11/2023","15,260.00","15,195.75","15,278.75","15,109.50","552.64K","0.48%"
"07/10/2023","15,187.00","15,198.50","15,218.25","15,063.25","609.95K","0.03%"
"07/07/2023","15,181.75","15,211.75","15,359.75","15,172.25","555.12K","-0.37%"
"07/06/2023","15,238.00","15,353.75","15,366.00","15,111.50","574.68K","-0.80%"
"07/05/2023","15,360.75","15,357.00","15,432.00","15,255.25","519.86K","-0.03%"
"07/03/2023","15,364.75","15,331.00","15,392.00","15,308.00","265.06K","0.18%"
"06/30/2023","15,337.00","15,106.00","15,376.75","15,099.00","529.46K","1.57%"
"06/29/2023","15,100.25","15,161.00","15,202.75","15,028.50","594.13K","-0.20%"
"06/28/2023","15,130.00","15,088.25","15,219.00","15,021.25","662.15K","0.12%"
"06/27/2023","15,111.50","14,875.00","15,139.25","14,862.25","569.20K","1.72%"
"06/26/2023","14,856.50","15,057.75","15,152.50","14,853.50","649.99K","-1.34%"
"06/23/2023","15,058.25","15,236.00","15,236.00","14,985.25","620.59K","-1.03%"
"06/22/2023","15,214.75","15,038.75","15,238.00","14,964.00","611.02K","1.14%"
"06/21/2023","15,044.00","15,247.50","15,273.25","15,002.25","640.70K","-1.39%"
"06/20/2023","15,256.50","15,303.25","15,322.50","15,126.50","652.88K","-0.39%"
"06/16/2023","15,316.61","15,181.25","15,324.00","15,130.50","10.20K","0.85%"
"06/15/2023","15,188.00","15,038.00","15,252.00","14,878.00","139.78K","1.17%"
"06/14/2023","15,012.75","14,925.00","15,061.50","14,793.00","204.10K","0.66%"
"06/13/2023","14,914.25","14,824.00","14,967.75","14,779.50","347.12K","0.77%"
"06/12/2023","14,800.50","14,560.25","14,827.00","14,554.25","397.39K","1.68%"
"06/09/2023","14,556.25","14,517.00","14,687.50","14,460.25","581.39K","0.37%"
"06/08/2023","14,503.00","14,316.00","14,526.75","14,256.75","631.77K","1.20%"
"06/07/2023","14,331.50","14,594.50","14,675.00","14,305.50","770.56K","-1.75%"
"06/06/2023","14,586.50","14,582.00","14,623.75","14,504.50","572.81K","-0.02%"
"06/05/2023","14,588.75","14,577.00","14,694.75","14,512.75","619.09K","0.09%"
"06/02/2023","14,575.25","14,494.00","14,627.75","14,468.25","623.29K","0.71%"
"06/01/2023","14,472.25","14,289.50","14,528.25","14,248.25","622.33K","1.20%"
"05/31/2023","14,300.50","14,397.25","14,429.00","14,251.25","680.43K","-0.67%"
"05/30/2023","14,396.75","14,437.50","14,570.00","14,336.75","882.20K","0.45%"
"05/26/2023","14,332.50","13,977.75","14,369.00","13,924.50","729.05K","2.55%"
"05/25/2023","13,976.50","13,877.00","14,031.25","13,803.00","819.15K","2.39%"
"05/24/2023","13,650.25","13,729.00","13,845.75","13,566.50","704.80K","-0.57%"
"05/23/2023","13,728.75","13,913.25","13,979.25","13,710.00","658.68K","-1.25%"
"05/22/2023","13,902.50","13,805.50","13,946.75","13,794.25","538.20K","0.32%"
"05/19/2023","13,858.00","13,908.50","13,960.25","13,814.25","659.82K","-0.26%"
"05/18/2023","13,894.00","13,640.50","13,913.00","13,628.25","749.50K","1.84%"
"05/17/2023","13,643.50","13,498.50","13,669.00","13,474.25","621.14K","1.19%"
"05/16/2023","13,483.25","13,461.00","13,554.50","13,426.25","561.83K","0.11%"
"05/15/2023","13,468.00","13,378.75","13,480.00","13,350.00","495.94K","0.54%"
"05/12/2023","13,396.25","13,446.00","13,494.25","13,310.50","628.04K","-0.37%"
"05/11/2023","13,446.50","13,410.00","13,470.25","13,361.50","653.40K","0.28%"
"05/10/2023","13,409.50","13,258.75","13,446.75","13,202.75","839.70K","1.09%"
"05/09/2023","13,264.75","13,338.50","13,347.00","13,250.50","552.25K","-0.66%"
"05/08/2023","13,352.25","13,316.00","13,368.00","13,254.50","506.05K","0.26%"
"05/05/2023","13,317.75","13,060.00","13,359.00","13,055.75","573.29K","2.10%"
"05/04/2023","13,043.75","13,064.00","13,173.00","13,001.75","656.44K","-0.44%"
"05/03/2023","13,100.75","13,162.00","13,314.00","13,080.00","648.75K","-0.64%"
"05/02/2023","13,184.50","13,290.00","13,334.75","13,110.25","664.86K","-0.92%"
"05/01/2023","13,306.75","13,317.00","13,370.25","13,258.75","487.91K","-0.10%"
"04/28/2023","13,320.25","13,215.00","13,336.00","13,169.00","671.06K","0.67%"
"04/27/2023","13,231.25","12,965.00","13,333.00","12,936.00","728.24K","2.67%"
"04/26/2023","12,887.75","12,940.00","13,012.25","12,863.75","755.12K","0.61%"
"04/25/2023","12,809.50","13,050.25","13,059.50","12,800.00","694.27K","-1.89%"
"04/24/2023","13,056.50","13,070.00","13,134.00","12,967.25","582.29K","-0.26%"
"04/21/2023","13,090.50","13,089.00","13,122.00","12,982.50","593.98K","0.12%"
"04/20/2023","13,074.25","13,162.00","13,200.00","13,021.75","680.30K","-0.82%"
"04/19/2023","13,183.00","13,170.50","13,226.75","13,065.00","529.51K","-0.08%"
"04/18/2023","13,193.00","13,184.00","13,298.75","13,138.00","576.67K","0.05%"
"04/17/2023","13,186.50","13,212.50","13,218.00","13,076.75","540.74K","0.04%"
"04/14/2023","13,181.25","13,183.00","13,255.00","13,058.00","627.82K","-0.22%"
"04/13/2023","13,209.75","12,957.00","13,228.00","12,925.50","558.23K","1.99%"
"04/12/2023","12,952.25","13,073.75","13,241.75","12,937.75","684.78K","-0.94%"
"04/11/2023","13,074.75","13,163.25","13,208.75","13,053.50","549.05K","-0.63%"
"04/10/2023","13,158.00","13,179.75","13,203.25","12,967.50","553.00K","-0.10%"
"04/07/2023","13,170.75","13,162.75","13,192.25","13,122.00","41.22K","0.00%"
"04/06/2023","13,170.75","13,072.75","13,191.00","12,953.25","598.22K","0.70%"
"04/05/2023","13,079.75","13,230.00","13,247.25","13,006.00","594.61K","-1.05%"
"04/04/2023","13,219.00","13,259.00","13,348.75","13,168.25","577.03K","-0.38%"
"04/03/2023","13,270.00","13,262.00","13,278.75","13,154.00","542.90K","-0.24%"
"03/31/2023","13,301.75","13,084.25","13,311.50","13,057.50","624.96K","1.68%"
"03/30/2023","13,082.00","12,962.50","13,111.75","12,931.50","583.15K","0.90%"
"03/29/2023","12,965.00","12,745.50","12,994.00","12,742.00","566.32K","1.83%"
"03/28/2023","12,732.50","12,810.50","12,833.50","12,634.25","537.97K","-0.44%"
"03/27/2023","12,788.50","12,916.00","12,984.50","12,765.50","562.63K","-0.79%"
"03/24/2023","12,890.25","12,871.50","12,924.75","12,728.00","676.55K","0.28%"
"03/23/2023","12,854.00","12,695.00","13,031.00","12,694.25","838.39K","1.16%"
"03/22/2023","12,707.00","12,873.25","13,082.00","12,678.00","713.08K","-1.25%"
"03/21/2023","12,867.25","12,699.75","12,898.25","12,676.50","565.86K","1.41%"
"03/20/2023","12,688.50","12,690.00","12,750.00","12,525.25","694.47K","0.75%"
"03/17/2023","12,594.65","12,575.75","12,636.50","12,531.75","8.15K","0.09%"
"03/16/2023","12,583.00","12,264.50","12,600.50","12,189.25","181.75K","2.74%"
"03/15/2023","12,247.75","12,200.75","12,280.00","11,972.00","261.34K","0.33%"
"03/14/2023","12,207.00","11,960.00","12,223.00","11,921.75","364.40K","2.31%"
"03/13/2023","11,931.75","11,894.75","12,095.75","11,674.25","694.44K","0.77%"
"03/10/2023","11,840.25","12,005.00","12,109.00","11,795.00","871.21K","-1.39%"
"03/09/2023","12,007.25","12,231.00","12,353.50","11,977.50","816.84K","-1.81%"
"03/08/2023","12,228.25","12,170.00","12,254.50","12,108.25","633.42K","0.49%"
"03/07/2023","12,169.00","12,320.25","12,381.25","12,142.25","685.01K","-1.25%"
"03/06/2023","12,323.50","12,306.25","12,486.25","12,276.25","612.51K","0.10%"
"03/03/2023","12,311.25","12,049.00","12,329.00","12,012.00","675.47K","2.07%"
"03/02/2023","12,062.00","11,967.00","12,096.25","11,832.50","752.01K","0.84%"
"03/01/2023","11,961.75","12,041.25","12,141.75","11,924.75","759.65K","-0.92%"
"02/28/2023","12,072.25","12,093.50","12,172.75","12,025.75","646.03K","-0.09%"
"02/27/2023","12,083.25","12,003.00","12,189.50","11,990.00","578.95K","0.72%"
"02/24/2023","11,997.00","12,190.00","12,214.50","11,923.00","643.62K","-1.72%"
"02/23/2023","12,207.50","12,176.25","12,261.00","12,028.50","640.96K","0.91%"
"02/22/2023","12,097.50","12,108.00","12,190.50","12,034.00","640.71K","0.01%"
"02/21/2023","12,096.75","12,380.00","12,417.75","12,090.25","609.49K","-2.37%"
"02/17/2023","12,390.00","12,462.50","12,466.25","12,265.75","629.36K","-0.74%"
"02/16/2023","12,482.50","12,740.00","12,792.75","12,455.25","682.33K","-1.94%"
"02/15/2023","12,730.00","12,620.75","12,756.50","12,524.25","568.58K","0.78%"
"02/14/2023","12,631.00","12,547.25","12,687.00","12,390.50","719.20K","0.72%"
"02/13/2023","12,540.50","12,357.50","12,567.00","12,265.25","467.84K","1.57%"
"02/10/2023","12,346.25","12,448.75","12,451.50","12,243.25","600.24K","-0.64%"
"02/09/2023","12,425.50","12,555.00","12,728.50","12,366.50","612.40K","-0.95%"
"02/08/2023","12,545.25","12,747.00","12,808.50","12,512.75","590.36K","-1.81%"
"02/07/2023","12,776.75","12,513.00","12,818.50","12,459.25","745.00K","2.09%"
"02/06/2023","12,515.50","12,572.00","12,608.50","12,455.75","535.15K","-0.86%"
"02/03/2023","12,624.00","12,748.25","12,878.00","12,551.25","824.21K","-1.73%"
"02/02/2023","12,846.75","12,520.00","12,949.75","12,501.75","817.82K","3.48%"
"02/01/2023","12,414.25","12,116.00","12,524.50","12,055.25","668.52K","2.16%"
"01/31/2023","12,152.00","11,984.00","12,156.00","11,871.00","585.20K","1.54%"
"01/30/2023","11,968.00","12,212.50","12,252.00","11,960.00","634.67K","-2.08%"
"01/27/2023","12,222.25","12,049.00","12,308.50","12,016.00","588.07K","0.95%"
"01/26/2023","12,106.75","11,874.75","12,113.00","11,867.25","621.43K","1.97%"
"01/25/2023","11,873.25","11,970.50","11,976.50","11,604.50","633.47K","-0.30%"
"01/24/2023","11,909.50","11,933.00","12,010.50","11,835.75","511.37K","-0.21%"
"01/23/2023","11,934.00","11,676.75","11,983.00","11,650.50","593.98K","2.20%"
"01/20/2023","11,677.00","11,401.00","11,686.75","11,365.25","577.77K","2.82%"
"01/19/2023","11,356.50","11,470.50","11,487.00","11,308.50","594.77K","-1.04%"
"01/18/2023","11,475.75","11,619.75","11,759.50","11,468.00","619.61K","-1.28%"
"01/17/2023","11,624.50","11,613.50","11,685.00","11,510.25","576.14K","0.14%"
"01/13/2023","11,608.00","11,528.50","11,619.50","11,389.00","482.00K","0.64%"
"01/12/2023","11,534.25","11,474.50","11,579.75","11,291.00","754.57K","0.50%"
"01/11/2023","11,476.50","11,282.50","11,479.50","11,239.75","500.15K","1.72%"
"01/10/2023","11,282.00","11,184.75","11,288.75","11,094.00","559.28K","0.86%"
"01/09/2023","11,185.50","11,126.50","11,385.50","11,120.25","646.32K","0.65%"
"01/06/2023","11,113.50","10,838.75","11,165.75","10,751.00","736.33K","2.71%"
"01/05/2023","10,820.25","10,988.50","11,046.75","10,805.00","694.45K","-1.63%"
"01/04/2023","10,999.25","10,941.25","11,068.50","10,863.50","758.00K","0.49%"
"01/03/2023","10,945.50","11,122.50","11,182.00","10,844.75","657.68K","-0.70%"
"12/30/2022","11,022.25","11,033.50","11,051.50","10,855.50","462.48K","-0.10%"
"12/29/2022","11,032.75","10,785.75","11,071.50","10,777.50","470.00K","2.41%"
"12/28/2022","10,772.75","10,915.75","10,996.50","10,758.75","635.57K","-1.31%"
"12/27/2022","10,915.50","11,104.00","11,183.75","10,896.00","499.80K","-1.44%"
"12/23/2022","11,075.25","11,061.00","11,143.00","10,916.25","534.53K","0.19%"
"12/22/2022","11,054.25","11,357.00","11,384.75","10,870.50","714.50K","-2.47%"
"12/21/2022","11,334.50","11,206.50","11,389.75","11,181.00","631.32K","1.42%"
"12/20/2022","11,175.75","11,182.50","11,247.00","11,043.50","625.09K","-0.16%"
"12/19/2022","11,193.25","11,328.75","11,411.00","11,131.75","562.53K","-1.18%"
"12/16/2022","11,327.04","11,340.25","11,381.25","11,206.50","9.63K","-0.18%"
"12/15/2022","11,347.25","11,758.75","11,779.50","11,298.25","182.84K","-3.43%"
"12/14/2022","11,750.75","11,839.00","11,948.50","11,613.75","197.12K","-0.75%"
"12/13/2022","11,839.75","11,691.25","12,229.50","11,680.50","407.61K","1.09%"
"12/12/2022","11,711.75","11,553.00","11,716.00","11,522.75","354.89K","1.23%"
"12/09/2022","11,569.75","11,641.50","11,748.00","11,517.00","504.05K","-0.65%"
"12/08/2022","11,645.50","11,500.00","11,685.75","11,433.00","600.83K","1.18%"
"12/07/2022","11,509.50","11,566.00","11,596.25","11,422.50","634.69K","-0.49%"
"12/06/2022","11,566.00","11,812.00","11,846.25","11,502.00","657.27K","-2.03%"
"12/05/2022","11,805.75","12,000.50","12,015.75","11,745.50","537.92K","-1.70%"
"12/02/2022","12,010.25","12,039.75","12,067.75","11,740.50","588.30K","-0.44%"
"12/01/2022","12,062.75","12,079.25","12,145.00","11,943.25","629.30K","0.17%"
"11/30/2022","12,042.25","11,520.00","12,078.50","11,497.75","769.08K","4.49%"
"11/29/2022","11,524.75","11,625.00","11,704.50","11,465.00","555.86K","-0.79%"
"11/28/2022","11,616.25","11,731.25","11,788.50","11,575.25","506.25K","-1.41%"
"11/25/2022","11,782.75","11,878.00","11,933.00","11,766.25","252.37K","-0.67%"
"11/23/2022","11,862.75","11,741.50","11,892.75","11,720.00","474.65K","0.92%"
"11/22/2022","11,754.50","11,588.00","11,759.25","11,526.50","531.09K","1.44%"
"11/21/2022","11,588.00","11,723.00","11,756.00","11,553.00","477.97K","-1.02%"
"11/18/2022","11,708.00","11,747.75","11,843.00","11,607.00","585.87K","-0.02%"
"11/17/2022","11,710.50","11,777.75","11,827.50","11,528.25","658.47K","-0.25%"
"11/16/2022","11,739.50","11,882.00","11,963.00","11,706.50","577.86K","-1.38%"
"11/15/2022","11,904.25","11,768.50","12,118.75","11,761.75","771.82K","1.44%"
"11/14/2022","11,734.75","11,791.00","11,898.50","11,702.00","576.68K","-0.96%"
"11/11/2022","11,848.00","11,669.75","11,876.75","11,569.25","682.26K","1.85%"
"11/10/2022","11,632.25","10,841.00","11,677.00","10,808.00","862.15K","7.40%"
"11/09/2022","10,830.75","11,089.25","11,164.25","10,822.25","669.07K","-2.38%"
"11/08/2022","11,094.25","11,016.00","11,231.25","10,928.75","728.87K","0.73%"
"11/07/2022","11,014.25","10,786.50","11,038.50","10,751.00","554.69K","1.14%"
"11/04/2022","10,890.25","10,712.00","10,974.25","10,636.00","881.13K","1.51%"
"11/03/2022","10,728.00","10,938.00","10,996.00","10,708.00","705.05K","-1.98%"
"11/02/2022","10,944.50","11,320.25","11,460.00","10,909.00","770.98K","-3.42%"
"11/01/2022","11,332.00","11,455.00","11,619.00","11,288.75","605.36K","-1.01%"
"10/31/2022","11,447.25","11,592.50","11,595.00","11,367.25","607.68K","-1.21%"
"10/28/2022","11,587.00","11,122.75","11,626.00","11,062.00","728.26K","3.13%"
"10/27/2022","11,235.25","11,417.75","11,537.50","10,921.50","769.07K","-1.84%"
"10/26/2022","11,446.00","11,510.00","11,703.50","11,415.00","784.64K","-2.28%"
"10/25/2022","11,713.50","11,453.75","11,734.00","11,430.25","660.21K","2.05%"
"10/24/2022","11,478.75","11,393.75","11,530.25","11,207.75","715.02K","1.06%"
"10/21/2022","11,358.50","11,061.25","11,386.25","10,935.50","840.95K","2.41%"
"10/20/2022","11,090.75","11,134.00","11,328.75","11,008.00","739.67K","-0.56%"
"10/19/2022","11,153.25","11,320.25","11,382.75","11,049.00","733.78K","-0.41%"
"10/18/2022","11,198.75","11,161.25","11,431.75","11,081.50","832.22K","0.80%"
"10/17/2022","11,110.25","10,720.00","11,146.25","10,713.00","638.72K","3.41%"
"10/14/2022","10,744.00","11,064.75","11,253.50","10,726.75","843.53K","-3.07%"
"10/13/2022","11,083.75","10,859.00","11,142.75","10,484.75","1.05M","2.24%"
"10/12/2022","10,840.50","10,875.00","10,976.75","10,805.50","731.21K","-0.04%"
"10/11/2022","10,845.00","10,987.00","11,039.50","10,767.25","833.91K","-1.27%"
"10/10/2022","10,984.50","11,067.75","11,136.50","10,876.75","757.73K","-1.05%"
"10/07/2022","11,101.50","11,494.50","11,564.50","11,043.25","759.14K","-3.81%"
"10/06/2022","11,541.75","11,628.00","11,729.75","11,505.25","773.91K","-0.71%"
"10/05/2022","11,623.75","11,630.25","11,711.00","11,366.50","700.89K","-0.15%"
"10/04/2022","11,640.75","11,314.50","11,675.00","11,281.50","772.89K","3.15%"
"10/03/2022","11,285.75","11,030.00","11,358.25","10,890.75","757.58K","2.27%"
"09/30/2022","11,035.50","11,220.00","11,357.25","11,024.25","878.17K","-1.72%"
"09/29/2022","11,228.25","11,544.00","11,567.25","11,091.50","891.82K","-2.83%"
"09/28/2022","11,555.75","11,361.00","11,613.50","11,141.50","897.74K","1.96%"
"09/27/2022","11,333.75","11,315.50","11,568.25","11,233.50","841.07K","0.15%"
"09/26/2022","11,316.25","11,362.50","11,537.75","11,256.50","809.85K","-0.53%"
"09/23/2022","11,376.75","11,583.75","11,600.25","11,229.00","799.38K","-1.63%"
"09/22/2022","11,565.50","11,661.25","11,796.00","11,510.00","786.18K","-1.23%"
"09/21/2022","11,710.00","11,946.00","12,140.50","11,647.50","822.97K","-1.78%"
"09/20/2022","11,922.25","12,045.75","12,092.50","11,828.25","704.88K","-0.85%"
"09/19/2022","12,024.00","11,920.00","12,066.25","11,792.25","632.66K","1.77%"
"09/16/2022","11,814.58","11,880.00","11,880.00","11,750.50","10.33K","-1.01%"
"09/15/2022","11,934.75","12,159.00","12,187.75","11,866.50","169.93K","-1.71%"
"09/14/2022","12,142.00","12,050.25","12,173.00","12,001.75","270.23K","0.88%"
"09/13/2022","12,036.50","12,769.50","12,889.00","12,003.25","463.84K","-5.53%"
"09/12/2022","12,740.75","12,626.00","12,773.75","12,573.25","444.26K","1.18%"
"09/09/2022","12,592.50","12,345.25","12,613.75","12,329.50","535.98K","2.20%"
"09/08/2022","12,321.75","12,267.75","12,379.50","12,115.75","737.02K","0.48%"
"09/07/2022","12,263.25","12,019.75","12,306.25","11,921.50","677.16K","2.03%"
"09/06/2022","12,019.00","12,110.50","12,244.50","11,930.00","895.45K","-0.70%"
"09/02/2022","12,104.25","12,297.75","12,461.50","12,040.25","835.87K","-1.53%"
"09/01/2022","12,292.25","12,284.75","12,299.50","12,017.75","820.61K","0.06%"
"08/31/2022","12,285.25","12,366.00","12,513.00","12,276.25","672.07K","-0.59%"
"08/30/2022","12,358.75","12,503.50","12,658.25","12,247.50","797.46K","-1.07%"
"08/29/2022","12,492.75","12,485.00","12,610.25","12,401.50","693.09K","-1.01%"
"08/26/2022","12,620.50","13,153.75","13,220.00","12,557.50","753.86K","-4.07%"
"08/25/2022","13,156.00","12,944.00","13,161.50","12,925.00","543.67K","1.75%"
"08/24/2022","12,929.75","12,892.00","13,011.25","12,825.75","503.23K","0.26%"
"08/23/2022","12,896.50","12,933.75","13,018.50","12,823.50","570.28K","-0.10%"
"08/22/2022","12,909.75","13,226.50","13,226.50","12,874.50","599.95K","-2.70%"
"08/19/2022","13,268.50","13,534.25","13,534.50","13,228.75","618.76K","-1.88%"
"08/18/2022","13,523.25","13,503.00","13,575.50","13,410.75","530.51K","0.22%"
"08/17/2022","13,493.25","13,658.00","13,672.00","13,406.25","610.67K","-1.21%"
"08/16/2022","13,658.25","13,674.75","13,740.75","13,522.75","555.98K","-0.17%"
"08/15/2022","13,681.25","13,571.50","13,706.00","13,495.25","463.77K","0.76%"
"08/12/2022","13,577.75","13,344.25","13,583.25","13,312.00","500.65K","2.00%"
"08/11/2022","13,311.25","13,380.50","13,575.00","13,285.00","614.82K","-0.60%"
"08/10/2022","13,392.00","13,050.00","13,408.00","12,982.00","602.07K","2.77%"
"08/09/2022","13,031.50","13,206.25","13,233.75","12,963.25","553.70K","-1.15%"
"08/08/2022","13,183.25","13,227.75","13,419.25","13,120.50","597.18K","-0.34%"
"08/05/2022","13,228.75","13,327.25","13,384.50","13,085.00","687.79K","-0.74%"
"08/04/2022","13,327.00","13,247.00","13,356.00","13,184.75","542.68K","0.42%"
"08/03/2022","13,271.50","12,921.00","13,310.25","12,867.25","690.06K","2.68%"
"08/02/2022","12,924.50","12,974.25","13,097.00","12,814.75","674.56K","-0.29%"
"08/01/2022","12,962.50","12,981.00","13,108.75","12,851.75","622.51K","-0.07%"
"07/29/2022","12,971.50","12,920.25","13,012.00","12,744.25","592.42K","1.84%"
"07/28/2022","12,737.50","12,580.00","12,948.00","12,449.00","645.26K","0.94%"
"07/27/2022","12,619.00","12,192.00","12,690.00","12,191.75","634.89K","4.18%"
"07/26/2022","12,112.50","12,311.25","12,334.00","12,072.00","536.29K","-1.96%"
"07/25/2022","12,354.50","12,444.50","12,498.50","12,266.50","491.61K","-0.56%"
"07/22/2022","12,423.50","12,559.25","12,698.50","12,343.75","634.55K","-1.71%"
"07/21/2022","12,640.00","12,440.00","12,655.25","12,373.50","605.07K","1.40%"
"07/20/2022","12,465.25","12,330.50","12,517.50","12,235.75","643.61K","1.56%"
"07/19/2022","12,274.00","11,909.50","12,328.50","11,889.50","585.59K","3.08%"
"07/18/2022","11,907.00","12,043.50","12,186.50","11,857.00","553.68K","-0.84%"
"07/15/2022","12,007.50","11,810.50","12,021.50","11,740.25","560.98K","1.78%"
"07/14/2022","11,797.50","11,729.50","11,835.00","11,511.25","654.56K","0.30%"
"07/13/2022","11,762.25","11,780.00","11,970.00","11,479.25","732.27K","-0.14%"
"07/12/2022","11,779.00","11,900.50","12,025.50","11,712.00","607.95K","-0.89%"
"07/11/2022","11,884.25","12,149.75","12,149.75","11,853.00","578.34K","-2.20%"
"07/08/2022","12,152.00","12,115.00","12,211.00","11,952.50","640.45K","0.11%"
"07/07/2022","12,138.50","11,901.25","12,168.50","11,836.50","550.46K","2.17%"
"07/06/2022","11,880.25","11,820.25","11,974.25","11,727.75","649.91K","0.61%"
"07/05/2022","11,808.50","11,606.00","11,815.75","11,389.25","790.94K","1.70%"
"07/01/2022","11,611.25","11,507.50","11,629.75","11,381.75","605.40K","0.71%"
"06/30/2022","11,529.50","11,691.50","11,696.75","11,351.00","738.07K","-1.38%"
"06/29/2022","11,691.00","11,680.50","11,749.00","11,564.50","590.17K","0.14%"
"06/28/2022","11,674.25","12,076.25","12,174.25","11,661.50","634.69K","-3.04%"
"06/27/2022","12,040.50","12,137.50","12,262.00","11,994.25","565.80K","-0.82%"
"06/24/2022","12,140.50","11,687.75","12,148.50","11,684.75","563.30K","3.43%"
"06/23/2022","11,737.50","11,542.75","11,766.75","11,460.50","630.13K","1.48%"
"06/22/2022","11,565.75","11,579.75","11,745.75","11,320.50","638.96K","-0.10%"
"06/21/2022","11,577.25","11,332.50","11,678.25","11,273.75","657.21K","4.01%"
"06/17/2022","11,130.39","11,178.50","11,290.00","11,130.25","14.06K","0.05%"
"06/16/2022","11,124.75","11,608.50","11,737.75","11,036.75","146.54K","-4.05%"
"06/15/2022","11,593.75","11,329.75","11,759.25","11,327.75","265.81K","2.47%"
"06/14/2022","11,314.25","11,334.25","11,505.50","11,205.00","378.13K","0.16%"
"06/13/2022","11,296.50","11,768.00","11,772.50","11,254.50","530.22K","-4.59%"
"06/10/2022","11,840.00","12,301.50","12,338.75","11,823.00","617.40K","-3.54%"
"06/09/2022","12,275.00","12,625.00","12,726.00","12,255.25","690.16K","-2.70%"
"06/08/2022","12,615.75","12,680.50","12,783.00","12,579.25","583.65K","-0.75%"
"06/07/2022","12,711.50","12,605.25","12,740.25","12,412.50","577.97K","0.84%"
"06/06/2022","12,605.00","12,549.75","12,810.00","12,527.00","536.94K","0.43%"
"06/03/2022","12,551.00","12,896.00","12,945.25","12,503.00","652.96K","-2.66%"
"06/02/2022","12,893.75","12,549.75","12,903.75","12,442.50","620.01K","2.73%"
"06/01/2022","12,551.00","12,662.50","12,823.50","12,454.75","682.21K","-0.76%"
"05/31/2022","12,646.50","12,705.25","12,883.00","12,480.00","832.39K","-0.25%"
"05/27/2022","12,677.75","12,250.00","12,720.25","12,222.00","615.99K","3.25%"
"05/26/2022","12,279.25","11,887.50","12,343.00","11,848.25","611.88K","2.82%"
"05/25/2022","11,942.25","11,808.00","12,036.00","11,672.00","671.10K","1.45%"
"05/24/2022","11,771.00","11,915.00","11,918.00","11,576.25","717.43K","-2.20%"
"05/23/2022","12,035.25","11,866.00","12,075.50","11,783.75","660.21K","1.64%"
"05/20/2022","11,840.75","11,898.00","12,096.75","11,491.25","806.78K","-0.32%"
"05/19/2022","11,878.25","11,907.00","12,076.75","11,704.00","827.74K","-0.48%"
"05/18/2022","11,935.50","12,572.00","12,594.00","11,862.75","735.39K","-4.97%"
"05/17/2022","12,560.25","12,235.50","12,578.00","12,234.00","653.22K","2.58%"
"05/16/2022","12,244.75","12,409.00","12,498.75","12,190.25","623.72K","-0.96%"
"05/14/2022","12,364.00","12,364.00","12,364.00","12,364.00","","-0.15%"
"05/13/2022","12,382.75","11,891.50","12,432.00","11,891.50","663.52K","3.65%"
"05/12/2022","11,947.25","12,004.50","12,132.75","11,689.00","878.24K","-0.19%"
"05/11/2022","11,969.75","12,328.75","12,553.25","11,938.50","865.89K","-3.07%"
"05/10/2022","12,349.00","12,206.00","12,547.00","12,102.25","853.86K","1.27%"
"05/09/2022","12,193.75","12,605.00","12,637.25","12,135.25","816.03K","-3.71%"
"05/07/2022","12,663.50","12,663.50","12,663.50","12,663.50","","-0.25%"
"05/06/2022","12,695.75","12,883.25","12,928.75","12,519.00","852.23K","-1.26%"
"05/05/2022","12,858.00","13,500.25","13,548.00","12,705.25","877.80K","-4.98%"
"05/04/2022","13,531.25","13,121.00","13,555.25","12,883.00","703.19K","3.39%"
"05/03/2022","13,087.50","13,051.75","13,183.75","12,968.50","662.22K","0.11%"
"05/02/2022","13,073.00","12,892.25","13,084.50","12,709.75","763.82K","1.72%"
"04/29/2022","12,852.00","13,219.50","13,433.00","12,831.75","723.39K","-4.48%"
"04/28/2022","13,454.75","13,191.00","13,542.00","13,033.00","756.36K","3.43%"
"04/27/2022","13,009.00","12,881.00","13,255.25","12,878.25","817.20K","-0.05%"
"04/26/2022","13,016.00","13,523.50","13,583.75","12,801.50","755.33K","-3.84%"
"04/25/2022","13,535.75","13,334.25","13,549.75","13,184.00","749.65K","1.36%"
"04/22/2022","13,353.50","13,720.00","13,781.00","13,297.00","732.26K","-2.73%"
"04/21/2022","13,728.25","14,070.00","14,283.00","13,667.50","685.79K","-1.97%"
"04/20/2022","14,004.75","14,104.75","14,298.00","13,956.50","604.34K","-1.49%"
"04/19/2022","14,217.25","13,962.75","14,242.00","13,828.00","556.36K","2.23%"
"04/18/2022","13,907.75","13,892.00","14,002.50","13,729.50","492.10K","0.10%"
"04/14/2022","13,893.75","14,211.50","14,296.25","13,876.50","548.40K","-2.30%"
"04/13/2022","14,221.50","13,952.75","14,266.50","13,921.00","530.16K","1.98%"
"04/12/2022","13,945.00","14,006.25","14,284.25","13,881.25","704.35K","-0.39%"
"04/11/2022","14,000.00","14,345.00","14,382.00","13,984.75","577.48K","-2.28%"
"04/08/2022","14,327.00","14,536.25","14,642.25","14,310.50","640.16K","-1.44%"
"04/07/2022","14,536.00","14,496.25","14,633.75","14,317.00","645.74K","0.21%"
"04/06/2022","14,505.25","14,861.00","14,861.25","14,394.75","783.21K","-2.18%"
"04/05/2022","14,828.00","15,155.50","15,198.00","14,780.25","563.20K","-2.22%"
"04/04/2022","15,164.25","14,846.00","15,174.50","14,801.00","460.17K","2.10%"
"04/02/2022","14,852.25","14,852.25","14,852.25","14,852.25","","-0.08%"
"04/01/2022","14,863.75","14,918.75","14,960.00","14,725.00","539.03K","-0.03%"
"03/31/2022","14,868.75","15,100.50","15,180.75","14,855.50","560.79K","-1.35%"
"03/30/2022","15,071.50","15,222.00","15,262.25","15,012.25","513.52K","-1.09%"
"03/29/2022","15,237.75","14,981.00","15,268.75","14,956.50","552.95K","1.68%"
"03/28/2022","14,985.25","14,756.00","14,997.00","14,658.75","532.13K","1.56%"
"03/25/2022","14,755.75","14,765.00","14,840.50","14,572.50","553.93K","-0.05%"
"03/24/2022","14,763.75","14,462.75","14,769.75","14,433.50","512.27K","2.19%"
"03/23/2022","14,447.00","14,654.00","14,682.25","14,441.00","555.13K","-1.41%"
"03/22/2022","14,654.00","14,390.00","14,690.75","14,293.50","509.92K","1.97%"
"03/21/2022","14,370.50","14,404.00","14,466.75","14,183.75","589.63K","1.95%"
"03/18/2022","14,095.31","14,060.00","14,081.50","13,970.50","7.54K","-0.12%"
"03/17/2022","14,111.75","13,999.00","14,136.25","13,822.75","125.16K","1.14%"
"03/16/2022","13,953.00","13,451.75","14,029.25","13,420.50","274.50K","3.73%"
"03/15/2022","13,451.75","13,082.00","13,489.00","12,944.00","284.96K","3.11%"
"03/14/2022","13,045.50","13,362.00","13,447.50","13,015.50","402.61K","-1.85%"
"03/11/2022","13,292.00","13,577.25","13,860.75","13,281.75","439.89K","-2.16%"
"03/10/2022","13,586.00","13,778.00","13,778.00","13,396.25","611.08K","-1.08%"
"03/09/2022","13,734.75","13,192.25","13,821.75","13,189.75","650.83K","3.53%"
"03/08/2022","13,267.00","13,283.00","13,666.00","13,103.25","841.41K","-0.40%"
"03/07/2022","13,320.75","13,763.50","13,879.75","13,265.00","717.85K","-3.75%"
"03/04/2022","13,839.75","14,069.25","14,086.50","13,733.75","725.77K","-1.36%"
"03/03/2022","14,030.50","14,196.50","14,391.00","13,955.00","596.93K","-1.47%"
"03/02/2022","14,239.25","14,026.25","14,290.00","13,911.50","629.02K","1.67%"
"03/01/2022","14,005.50","14,219.25","14,327.75","13,900.00","645.17K","-1.56%"
"02/28/2022","14,228.00","13,900.25","14,292.25","13,683.00","753.71K","0.33%"
"02/25/2022","14,180.50","13,909.50","14,196.25","13,760.25","785.00K","1.53%"
"02/24/2022","13,966.50","13,484.25","13,983.25","13,025.75","1.12M","3.40%"
"02/23/2022","13,507.50","13,928.25","14,068.75","13,471.25","713.19K","-2.56%"
"02/22/2022","13,862.75","13,952.75","14,157.50","13,580.25","1.11M","1.34%"
"02/21/2022","13,679.50","13,851.25","14,156.25","13,588.75","262.70K","-1.25%"
"02/20/2022","13,852.25","13,915.00","13,951.50","13,844.25","14.02K","-1.03%"
"02/18/2022","13,996.00","14,156.25","14,299.00","13,906.25","760.91K","-1.19%"
"02/17/2022","14,164.75","14,592.25","14,619.50","14,131.50","631.08K","-2.98%"
"02/16/2022","14,600.00","14,588.00","14,668.50","14,381.00","594.30K","-0.07%"
"02/15/2022","14,609.50","14,257.00","14,614.75","14,223.25","558.47K","2.50%"
"02/14/2022","14,253.00","14,250.00","14,394.00","14,031.00","734.22K","0.09%"
"02/11/2022","14,240.50","14,698.25","14,766.75","14,181.00","835.98K","-3.13%"
"02/10/2022","14,701.00","15,062.25","15,062.25","14,622.00","834.48K","-2.24%"
"02/09/2022","15,038.25","14,746.25","15,068.00","14,741.00","529.89K","2.06%"
"02/08/2022","14,734.50","14,600.00","14,776.00","14,467.50","611.86K","1.20%"
"02/07/2022","14,559.75","14,682.50","14,806.25","14,511.50","562.31K","-0.86%"
"02/04/2022","14,685.50","14,770.00","14,825.75","14,362.75","763.74K","1.33%"
"02/03/2022","14,492.25","14,852.50","14,870.00","14,456.25","731.58K","-4.12%"
"02/02/2022","15,114.50","15,129.00","15,260.00","14,825.00","645.40K","0.80%"
"02/01/2022","14,994.75","14,868.75","15,137.00","14,729.25","597.31K","0.60%"
"01/31/2022","14,905.00","14,454.00","14,914.75","14,353.25","654.28K","3.27%"
"01/28/2022","14,433.00","14,167.75","14,442.00","13,831.00","878.24K","3.19%"
"01/27/2022","13,986.75","14,194.00","14,409.25","13,844.50","866.65K","-1.21%"
"01/26/2022","14,158.50","13,945.50","14,639.75","13,945.50","908.55K","0.13%"
"01/25/2022","14,140.75","14,495.00","14,499.00","13,890.00","957.80K","-2.48%"
"01/24/2022","14,501.00","14,410.00","14,582.00","13,706.00","1.32M","0.52%"
"01/21/2022","14,426.50","14,722.00","14,858.50","14,408.50","1.04M","-2.79%"
"01/20/2022","14,841.00","15,042.25","15,340.25","14,646.75","771.41K","-1.28%"
"01/19/2022","15,033.50","15,238.75","15,372.00","15,011.25","776.61K","-1.13%"
"01/18/2022","15,206.00","15,616.75","15,653.25","15,170.75","868.07K","-2.45%"
"01/17/2022","15,587.50","15,609.75","15,629.00","15,543.50","117.90K","0.03%"
"01/16/2022","15,583.00","15,645.50","15,645.50","15,570.75","8.44K","-0.08%"
"01/14/2022","15,595.75","15,505.00","15,621.00","15,312.50","795.90K","0.68%"
"01/13/2022","15,490.25","15,901.00","15,979.75","15,458.25","763.02K","-2.50%"
"01/12/2022","15,887.25","15,826.00","16,009.25","15,762.50","671.27K","0.36%"
"01/11/2022","15,831.00","15,622.25","15,839.50","15,475.00","709.36K","1.43%"
"01/10/2022","15,608.00","15,590.00","15,669.00","15,152.50","888.78K","0.17%"
"01/07/2022","15,581.00","15,801.75","15,852.75","15,510.00","704.41K","-1.13%"
"01/06/2022","15,759.00","15,763.75","15,895.75","15,598.50","802.95K","-0.05%"
"01/05/2022","15,766.50","16,265.00","16,269.00","15,752.75","769.79K","-3.13%"
"01/04/2022","16,275.75","16,497.75","16,564.00","16,139.50","669.53K","-1.27%"
"01/03/2022","16,485.50","16,356.00","16,508.00","16,292.00","513.55K","1.01%"
"12/31/2021","16,320.75","16,431.00","16,464.00","16,313.75","363.72K","-0.67%"
"12/30/2021","16,430.25","16,484.50","16,567.50","16,411.25","304.26K","-0.37%"
"12/29/2021","16,490.50","16,513.50","16,564.25","16,387.50","354.99K","0.02%"
"12/28/2021","16,488.00","16,565.75","16,659.50","16,452.25","454.63K","-0.43%"
"12/27/2021","16,560.00","16,304.25","16,580.75","16,304.25","351.31K","1.60%"
"12/23/2021","16,299.00","16,180.00","16,356.00","16,145.25","349.18K","0.80%"
"12/22/2021","16,169.75","15,979.00","16,183.00","15,881.50","476.67K","1.19%"
"12/21/2021","15,980.00","15,674.25","15,987.25","15,605.00","530.23K","2.30%"
"12/20/2021","15,621.25","15,809.50","15,851.75","15,492.00","676.20K","-0.61%"
"12/17/2021","15,717.32","15,873.00","15,902.00","15,668.00","9.39K","-0.97%"
"12/16/2021","15,870.50","16,288.50","16,459.25","15,800.25","143.26K","-2.56%"
"12/15/2021","16,288.00","15,928.50","16,302.50","15,744.50","161.71K","2.28%"
"12/14/2021","15,924.75","16,085.00","16,133.75","15,738.50","274.76K","-0.98%"
"12/13/2021","16,082.00","16,321.75","16,411.25","16,064.25","286.18K","-1.52%"
"12/10/2021","16,329.75","16,158.50","16,335.75","16,133.75","395.29K","1.12%"
"12/09/2021","16,148.75","16,380.50","16,420.00","16,120.25","612.58K","-1.49%"
"12/08/2021","16,392.25","16,360.50","16,436.75","16,251.50","494.85K","0.46%"
"12/07/2021","16,318.00","15,848.75","16,374.50","15,824.50","594.63K","3.00%"
"12/06/2021","15,842.75","15,716.25","15,897.25","15,559.25","695.52K","0.99%"
"12/04/2021","15,687.50","15,687.50","15,687.50","15,687.50","","-0.19%"
"12/03/2021","15,717.75","16,020.00","16,121.75","15,538.00","898.85K","-1.69%"
"12/02/2021","15,988.50","15,891.75","16,066.25","15,762.75","853.71K","0.75%"
"12/01/2021","15,869.75","16,238.75","16,427.50","15,825.25","861.89K","-1.74%"
"11/30/2021","16,150.50","16,419.00","16,456.25","16,068.75","854.65K","-1.47%"
"11/29/2021","16,390.75","16,046.50","16,437.75","16,038.00","597.94K","2.12%"
"11/26/2021","16,051.00","16,360.00","16,436.00","15,988.00","680.75K","-1.95%"
"11/25/2021","16,370.75","16,392.25","16,396.00","16,359.50","74.73K","0.03%"
"11/24/2021","16,366.00","16,300.25","16,368.50","16,102.00","656.27K","0.33%"
"11/23/2021","16,312.00","16,399.00","16,418.75","16,118.50","901.45K","-0.43%"
"11/22/2021","16,382.00","16,600.25","16,767.50","16,364.50","770.67K","-1.16%"
"11/19/2021","16,575.00","16,503.25","16,628.50","16,490.25","549.03K","0.57%"
"11/18/2021","16,481.25","16,322.50","16,508.00","16,303.50","602.24K","1.04%"
"11/17/2021","16,311.50","16,297.75","16,396.50","16,270.00","455.99K","0.07%"
"11/16/2021","16,300.75","16,198.50","16,323.75","16,142.00","424.38K","0.70%"
"11/15/2021","16,187.75","16,212.25","16,276.50","16,082.25","483.87K","-0.03%"
"11/12/2021","16,192.75","16,043.75","16,213.25","16,001.75","422.49K","1.06%"
"11/11/2021","16,022.75","15,989.00","16,114.00","15,976.00","434.78K","0.26%"
"11/10/2021","15,980.50","16,201.25","16,243.00","15,896.50","658.27K","-1.43%"
"11/09/2021","16,212.75","16,315.50","16,391.75","16,160.00","560.75K","-0.70%"
"11/08/2021","16,327.75","16,293.00","16,394.00","16,256.00","414.33K","-0.15%"
"11/05/2021","16,351.75","16,335.00","16,448.50","16,292.00","525.82K","0.13%"
"11/04/2021","16,330.75","16,129.50","16,376.00","16,129.50","524.36K","1.25%"
"11/03/2021","16,129.75","15,957.75","16,145.75","15,935.25","448.14K","1.06%"
"11/02/2021","15,961.25","15,891.00","15,980.25","15,849.50","418.55K","0.42%"
"11/01/2021","15,894.25","15,885.25","15,914.75","15,768.50","411.51K","0.35%"
"10/29/2021","15,838.50","15,679.75","15,864.75","15,595.50","484.69K","0.47%"
"10/28/2021","15,764.75","15,595.00","15,777.00","15,591.75","498.21K","1.14%"
"10/27/2021","15,587.25","15,532.25","15,717.50","15,507.25","534.47K","0.27%"
"10/26/2021","15,545.00","15,543.00","15,701.00","15,503.00","586.10K","0.32%"
"10/25/2021","15,495.75","15,324.25","15,546.00","15,295.75","456.01K","1.01%"
"10/22/2021","15,341.00","15,383.00","15,463.50","15,273.75","545.39K","-0.89%"
"10/21/2021","15,478.75","15,357.50","15,483.75","15,301.00","436.64K","0.66%"
"10/20/2021","15,377.50","15,411.00","15,446.50","15,319.00","451.74K","-0.14%"
"10/19/2021","15,398.50","15,289.75","15,428.25","15,269.00","384.79K","0.71%"
"10/18/2021","15,290.50","15,145.00","15,297.25","15,038.75","423.42K","1.03%"
"10/15/2021","15,134.50","15,063.75","15,145.00","15,020.75","442.89K","0.65%"
"10/14/2021","15,037.25","14,770.25","15,071.50","14,767.50","425.06K","1.85%"
"10/13/2021","14,764.25","14,594.00","14,795.75","14,591.00","556.06K","0.76%"
"10/12/2021","14,653.25","14,688.50","14,783.25","14,585.50","599.37K","-0.32%"
"10/11/2021","14,700.50","14,810.25","14,897.25","14,677.00","510.49K","-0.73%"
"10/08/2021","14,808.25","14,891.25","14,996.00","14,790.75","550.61K","-0.49%"
"10/07/2021","14,881.25","14,768.00","15,001.25","14,767.00","492.76K","0.83%"
"10/06/2021","14,759.00","14,662.00","14,770.00","14,422.50","756.88K","0.71%"
"10/05/2021","14,655.25","14,493.75","14,754.75","14,410.50","574.64K","1.33%"
"10/04/2021","14,462.25","14,785.00","14,835.00","14,367.75","802.85K","-2.03%"
"10/01/2021","14,761.75","14,702.25","14,818.00","14,537.00","663.41K","0.54%"
"09/30/2021","14,682.50","14,769.75","14,883.50","14,670.25","699.37K","-0.39%"
"09/29/2021","14,739.75","14,769.25","14,926.00","14,711.00","649.55K","-0.17%"
"09/28/2021","14,764.75","15,172.25","15,192.25","14,740.75","836.79K","-2.83%"
"09/27/2021","15,194.75","15,319.00","15,399.25","15,084.00","543.38K","-0.81%"
"09/24/2021","15,318.75","15,300.25","15,334.25","15,176.75","470.51K","0.10%"
"09/23/2021","15,303.50","15,178.25","15,347.00","15,175.25","514.54K","0.92%"
"09/22/2021","15,163.50","14,992.75","15,227.00","14,930.50","601.01K","0.93%"
"09/21/2021","15,024.00","14,992.00","15,163.25","14,963.25","659.78K","0.10%"
"09/20/2021","15,009.50","15,284.00","15,338.25","14,807.50","845.91K","-3.08%"
"09/17/2021","15,486.67","15,502.75","15,547.00","15,474.00","7.47K","-0.20%"
"09/16/2021","15,517.75","15,516.50","15,542.00","15,369.50","105.43K","0.09%"
"09/15/2021","15,504.00","15,395.50","15,521.75","15,315.25","156.77K","0.76%"
"09/14/2021","15,387.00","15,452.25","15,530.75","15,351.25","237.82K","-0.32%"
"09/13/2021","15,436.75","15,452.50","15,565.00","15,350.25","363.28K","-0.07%"
"09/11/2021","15,447.75","15,447.80","15,447.80","15,447.75","396.89K","0.04%"
"09/10/2021","15,441.50","15,561.00","15,668.00","15,433.50","402.82K","-0.75%"
"09/09/2021","15,558.75","15,610.00","15,675.75","15,545.75","531.29K","-0.39%"
"09/08/2021","15,620.00","15,671.00","15,691.00","15,523.75","559.40K","-0.35%"
"09/07/2021","15,674.75","15,656.00","15,708.75","15,606.75","542.06K","-0.10%"
"09/06/2021","15,691.00","15,652.75","15,707.75","15,642.75","59.75K","0.25%"
"09/05/2021","15,652.25","15,655.00","15,663.50","15,652.25","2.79K","-0.02%"
"09/04/2021","15,655.00","15,655.00","15,655.00","15,655.00","","0.02%"
"09/03/2021","15,651.50","15,601.00","15,677.50","15,552.25","462.87K","0.32%"
"09/02/2021","15,601.00","15,610.00","15,682.00","15,551.75","463.64K","-0.05%"
"09/01/2021","15,609.25","15,599.50","15,699.00","15,578.50","465.49K","0.17%"
"08/31/2021","15,582.50","15,605.50","15,677.25","15,517.75","521.13K","-0.10%"
"08/30/2021","15,597.50","15,432.75","15,617.75","15,420.00","417.56K","1.10%"
"08/28/2021","15,428.25","15,428.20","15,428.25","15,428.20","435.91K","0.01%"
"08/27/2021","15,426.50","15,286.00","15,443.75","15,265.50","441.05K","0.99%"
"08/26/2021","15,274.75","15,367.25","15,368.25","15,255.25","564.38K","-0.58%"
"08/25/2021","15,364.25","15,362.25","15,397.00","15,333.00","405.23K","0.06%"
"08/24/2021","15,355.50","15,327.00","15,384.00","15,309.50","365.58K","0.33%"
"08/23/2021","15,304.50","15,090.00","15,337.50","15,086.50","412.59K","1.39%"
"08/21/2021","15,095.00","15,095.00","15,095.00","15,095.00","","0.05%"
"08/20/2021","15,086.75","14,943.25","15,100.00","14,851.00","504.46K","1.06%"
"08/19/2021","14,928.00","14,840.00","14,999.00","14,710.50","734.18K","0.53%"
"08/18/2021","14,849.25","14,970.25","15,037.25","14,806.50","568.85K","-0.99%"
"08/17/2021","14,997.50","15,131.50","15,133.75","14,897.00","687.90K","-0.90%"
"08/16/2021","15,134.00","15,119.25","15,139.00","14,917.25","590.79K","0.08%"
"08/14/2021","15,122.00","15,122.00","15,122.00","15,122.00","","-0.02%"
"08/13/2021","15,125.75","15,079.75","15,141.75","15,055.25","364.52K","0.31%"
"08/12/2021","15,078.50","15,008.50","15,090.50","14,941.25","384.24K","0.39%"
"08/11/2021","15,019.50","15,045.00","15,119.00","14,963.00","479.70K","-0.17%"
"08/10/2021","15,044.50","15,128.75","15,157.25","14,994.50","475.30K","-0.53%"
"08/09/2021","15,125.25","15,090.25","15,145.50","15,003.25","361.39K","0.20%"
"08/06/2021","15,095.50","15,167.75","15,169.75","15,047.25","425.07K","-0.48%"
"08/05/2021","15,167.75","15,081.75","15,172.50","15,069.25","341.55K","0.63%"
"08/04/2021","15,073.50","15,038.00","15,108.00","14,997.00","445.70K","0.18%"
"08/03/2021","15,046.25","14,962.25","15,050.00","14,849.00","520.38K","0.63%"
"08/02/2021","14,952.75","14,972.75","15,056.25","14,932.25","446.14K","-0.09%"
"07/31/2021","14,966.50","14,966.50","14,966.50","14,966.50","","0.07%"
"07/30/2021","14,955.75","14,905.25","14,980.00","14,811.25","505.63K","-0.55%"
"07/29/2021","15,037.75","14,984.75","15,084.00","14,905.00","412.59K","0.17%"
"07/28/2021","15,011.50","14,875.75","15,074.50","14,866.00","577.19K","0.43%"
"07/27/2021","14,947.75","15,125.25","15,131.50","14,774.25","671.79K","-1.12%"
"07/26/2021","15,117.75","15,098.00","15,134.00","15,038.75","391.52K","0.13%"
"07/23/2021","15,098.00","14,979.50","15,117.25","14,934.25","449.26K","1.14%"
"07/22/2021","14,928.50","14,836.75","14,982.75","14,826.75","425.43K","0.68%"
"07/21/2021","14,827.75","14,729.75","14,839.50","14,668.25","404.35K","0.71%"
"07/20/2021","14,722.75","14,593.75","14,782.50","14,516.75","529.36K","1.25%"
"07/19/2021","14,540.75","14,675.00","14,682.50","14,445.00","720.29K","-0.88%"
"07/16/2021","14,670.50","14,778.50","14,869.50","14,656.00","539.01K","-0.79%"
"07/15/2021","14,787.50","14,895.00","14,962.75","14,708.25","634.79K","-0.70%"
"07/14/2021","14,891.75","14,869.75","14,996.00","14,841.25","499.19K","0.18%"
"07/13/2021","14,865.00","14,880.00","14,994.75","14,794.50","506.39K","-0.03%"
"07/12/2021","14,869.25","14,824.00","14,888.50","14,785.00","362.61K","0.40%"
"07/09/2021","14,810.50","14,710.25","14,832.00","14,640.75","424.77K","0.67%"
"07/08/2021","14,712.25","14,812.00","14,822.00","14,540.50","631.21K","-0.61%"
"07/07/2021","14,802.25","14,764.50","14,883.75","14,726.25","471.45K","0.18%"
"07/06/2021","14,775.50","14,704.25","14,790.00","14,625.25","557.68K","0.42%"
"07/05/2021","14,714.38","14,715.50","14,718.50","14,675.12","","-0.01%"
"07/04/2021","14,715.12","14,700.88","14,721.62","14,700.88","","0.01%"
"07/02/2021","14,713.75","14,543.75","14,729.00","14,513.25","392.17K","1.14%"
"07/01/2021","14,548.50","14,558.50","14,606.25","14,471.00","436.42K","0.00%"
"06/30/2021","14,549.00","14,584.75","14,598.50","14,518.25","384.46K","-0.10%"
"06/29/2021","14,563.00","14,504.50","14,584.75","14,468.75","360.17K","0.35%"
"06/28/2021","14,512.50","14,350.00","14,519.75","14,333.25","376.86K","1.21%"
"06/25/2021","14,339.00","14,365.75","14,394.25","14,313.25","379.76K","-0.11%"
"06/24/2021","14,354.25","14,275.25","14,422.00","14,270.00","409.86K","0.64%"
"06/23/2021","14,263.00","14,274.00","14,315.75","14,231.75","366.49K","0.03%"
"06/22/2021","14,258.25","14,136.75","14,279.25","14,066.50","420.97K","0.91%"
"06/21/2021","14,130.00","14,022.75","14,144.00","13,958.50","503.66K","0.16%"
"06/18/2021","14,107.43","14,183.75","14,214.25","14,063.50","8.58K","-0.41%"
"06/17/2021","14,165.50","13,948.50","14,217.75","13,850.25","113.88K","1.32%"
"06/16/2021","13,981.25","14,046.75","14,103.75","13,840.00","124.32K","-0.35%"
"06/15/2021","14,030.25","14,119.50","14,163.00","14,009.25","178.16K","-0.67%"
"06/14/2021","14,124.75","13,999.00","14,133.50","13,965.25","229.73K","0.93%"
"06/11/2021","13,994.25","13,975.50","13,997.75","13,932.25","257.73K","0.25%"
"06/10/2021","13,959.75","13,817.00","13,976.50","13,726.00","492.34K","1.05%"
"06/09/2021","13,814.25","13,813.00","13,904.25","13,803.50","376.89K","0.02%"
"06/08/2021","13,811.50","13,823.00","13,917.25","13,741.75","482.55K","0.05%"
"06/07/2021","13,804.25","13,773.25","13,824.00","13,691.50","397.55K","0.27%"
"06/04/2021","13,766.75","13,531.75","13,783.75","13,467.75","446.99K","1.76%"
"06/03/2021","13,529.25","13,679.50","13,707.75","13,462.25","552.99K","-1.06%"
"06/02/2021","13,673.75","13,653.25","13,712.75","13,603.25","371.45K","0.18%"
"06/01/2021","13,648.75","13,699.00","13,773.00","13,592.25","448.00K","-0.27%"
"05/31/2021","13,686.25","13,711.25","13,717.88","13,652.75","","-0.19%"
"05/30/2021","13,712.88","13,690.00","13,719.38","13,690.00","","0.19%"
"05/28/2021","13,686.50","13,694.75","13,763.50","13,662.75","366.22K","0.15%"
"05/27/2021","13,665.50","13,702.50","13,720.75","13,620.25","388.60K","-0.25%"
"05/26/2021","13,700.25","13,670.25","13,728.50","13,656.00","343.07K","0.32%"
"05/25/2021","13,656.25","13,656.50","13,738.75","13,606.75","436.16K","0.15%"
"05/24/2021","13,635.25","13,383.25","13,686.00","13,356.50","368.61K","1.72%"
"05/21/2021","13,405.00","13,492.50","13,570.00","13,395.75","457.74K","-0.60%"
"05/20/2021","13,486.50","13,220.50","13,522.75","13,150.75","465.78K","1.91%"
"05/19/2021","13,233.50","13,182.00","13,243.00","12,954.25","669.35K","0.16%"
"05/18/2021","13,212.00","13,308.50","13,432.25","13,178.50","442.09K","-0.69%"
"05/17/2021","13,303.50","13,380.25","13,448.50","13,182.75","488.30K","-0.62%"
"05/14/2021","13,387.00","13,095.00","13,426.25","13,071.00","468.76K","2.19%"
"05/13/2021","13,100.25","12,968.75","13,223.75","12,915.00","727.35K","0.78%"
"05/12/2021","12,998.50","13,321.25","13,351.75","12,959.75","760.92K","-2.60%"
"05/11/2021","13,346.00","13,316.50","13,375.75","13,065.25","787.64K","-0.08%"
"05/10/2021","13,356.75","13,718.00","13,752.00","13,305.50","603.73K","-2.57%"
"05/07/2021","13,709.75","13,614.50","13,818.00","13,588.25","550.63K","0.82%"
"05/06/2021","13,597.75","13,484.00","13,611.50","13,388.75","567.45K","0.79%"
"05/05/2021","13,491.00","13,525.75","13,665.50","13,462.75","520.69K","-0.33%"
"05/04/2021","13,536.00","13,785.00","13,792.50","13,380.75","667.32K","-1.84%"
"05/03/2021","13,790.00","13,880.25","13,947.50","13,772.00","473.91K","-0.43%"
"04/30/2021","13,850.00","13,948.25","13,956.75","13,819.75","555.24K","-0.74%"
"04/29/2021","13,953.50","13,973.50","14,064.00","13,818.50","595.56K","0.44%"
"04/28/2021","13,892.25","13,955.50","13,993.50","13,878.00","501.60K","-0.44%"
"04/27/2021","13,953.00","14,024.75","14,050.00","13,912.50","412.80K","-0.42%"
"04/26/2021","14,011.50","13,919.75","14,039.25","13,865.50","403.66K","0.61%"
"04/23/2021","13,927.00","13,757.00","13,981.00","13,737.00","450.89K","1.29%"
"04/22/2021","13,750.25","13,896.50","13,944.75","13,701.75","623.94K","-1.21%"
"04/21/2021","13,919.25","13,740.00","13,926.50","13,700.50","510.09K","0.91%"
"04/20/2021","13,794.25","13,900.00","13,933.75","13,719.25","606.02K","-0.74%"
"04/19/2021","13,897.25","13,989.00","14,052.25","13,821.00","613.72K","-0.94%"
"04/16/2021","14,029.50","14,002.00","14,059.50","13,952.75","500.61K","0.11%"
"04/15/2021","14,014.00","13,827.00","14,034.25","13,789.25","524.81K","1.56%"
"04/14/2021","13,798.75","13,977.75","14,029.00","13,772.75","662.20K","-1.27%"
"04/13/2021","13,975.75","13,825.00","13,994.00","13,772.75","485.94K","1.21%"
"04/12/2021","13,808.75","13,817.75","13,832.25","13,732.00","453.97K","-0.15%"
"04/09/2021","13,829.50","13,786.50","13,841.75","13,648.25","494.77K","0.59%"
"04/08/2021","13,747.75","13,620.75","13,789.75","13,615.50","435.06K","1.05%"
"04/07/2021","13,604.75","13,580.50","13,641.00","13,512.50","434.83K","0.26%"
"04/06/2021","13,570.00","13,603.75","13,655.00","13,524.25","457.22K","-0.11%"
"04/05/2021","13,585.50","13,339.00","13,615.00","13,304.25","356.73K","2.02%"
"04/02/2021","13,316.00","13,330.50","13,393.00","13,325.50","41.62K","0.00%"
"04/01/2021","13,316.00","13,094.50","13,332.50","13,090.25","436.49K","1.73%"
"03/31/2021","13,089.75","12,894.75","13,158.00","12,858.25","478.40K","1.64%"
"03/30/2021","12,878.25","12,975.00","12,984.00","12,776.50","516.41K","-0.51%"
"03/29/2021","12,944.50","12,975.75","13,003.00","12,807.50","574.19K","-0.17%"
"03/26/2021","12,966.75","12,799.75","12,988.50","12,676.25","622.21K","1.54%"
"03/25/2021","12,770.50","12,803.00","12,859.50","12,609.75","745.80K","-0.18%"
"03/24/2021","12,794.00","13,050.25","13,145.25","12,784.00","626.54K","-1.63%"
"03/23/2021","13,006.25","13,069.00","13,172.00","12,979.00","604.25K","-0.50%"
"03/22/2021","13,071.75","12,807.00","13,157.00","12,788.50","478.67K","2.05%"
"03/19/2021","12,808.76","12,818.25","12,919.00","12,732.75","9.02K","0.10%"
"03/18/2021","12,795.50","13,200.50","13,279.00","12,777.50","121.11K","-3.08%"
"03/17/2021","13,201.50","13,174.75","13,283.25","12,946.50","202.70K","0.38%"
"03/16/2021","13,151.50","13,084.75","13,298.00","13,056.50","240.94K","0.56%"
"03/15/2021","13,078.50","12,950.00","13,099.00","12,872.00","297.63K","1.12%"
"03/12/2021","12,933.50","13,055.00","13,095.00","12,768.25","476.35K","-0.88%"
"03/11/2021","13,048.25","12,795.25","13,119.25","12,724.25","526.14K","2.35%"
"03/10/2021","12,749.25","12,812.00","12,993.25","12,703.00","715.96K","-0.31%"
"03/09/2021","12,788.75","12,345.75","12,867.50","12,326.00","644.02K","4.00%"
"03/08/2021","12,297.25","12,715.00","12,761.25","12,281.75","749.03K","-2.89%"
"03/05/2021","12,663.75","12,435.00","12,697.75","12,207.25","1.02M","1.68%"
"03/04/2021","12,455.00","12,682.00","12,797.00","12,306.50","1.05M","-1.79%"
"03/03/2021","12,681.75","13,061.25","13,192.00","12,663.25","756.45K","-2.86%"
"03/02/2021","13,055.25","13,312.25","13,328.25","13,048.25","563.14K","-1.69%"
"03/01/2021","13,279.75","12,957.50","13,318.00","12,946.25","513.85K","2.86%"
"02/26/2021","12,911.00","12,802.50","13,089.50","12,662.25","841.91K","0.62%"
"02/25/2021","12,831.75","13,304.75","13,353.75","12,764.00","894.52K","-3.54%"
"02/24/2021","13,302.00","13,170.75","13,334.00","12,958.00","673.35K","0.83%"
"02/23/2021","13,192.00","13,227.00","13,335.75","12,757.25","873.27K","-0.24%"
"02/22/2021","13,224.25","13,585.00","13,629.00","13,215.00","648.53K","-2.59%"
"02/19/2021","13,576.00","13,638.25","13,729.00","13,534.75","535.19K","-0.42%"
"02/18/2021","13,633.00","13,699.50","13,723.25","13,468.00","574.58K","-0.49%"
"02/17/2021","13,699.75","13,758.25","13,785.00","13,543.00","583.57K","-0.49%"
"02/16/2021","13,767.75","13,829.50","13,900.50","13,716.00","604.66K","-0.65%"
"02/15/2021","13,858.38","13,825.25","13,878.25","13,823.25","","0.24%"
"02/14/2021","13,825.38","13,840.75","13,840.75","13,819.25","","0.15%"
"02/12/2021","13,804.75","13,711.25","13,820.75","13,646.00","392.93K","0.55%"
"02/11/2021","13,729.00","13,662.00","13,743.75","13,612.50","495.13K","0.63%"
"02/10/2021","13,643.50","13,698.00","13,769.25","13,516.75","552.64K","-0.27%"
"02/09/2021","13,680.25","13,683.50","13,735.25","13,634.00","367.12K","-0.02%"
"02/08/2021","13,683.00","13,623.75","13,693.00","13,596.00","393.93K","0.63%"
"02/05/2021","13,598.00","13,560.00","13,638.50","13,519.50","431.94K","0.37%"
"02/04/2021","13,547.50","13,429.50","13,568.75","13,345.25","408.02K","1.14%"
"02/03/2021","13,394.25","13,506.00","13,584.50","13,386.75","499.10K","-0.41%"
"02/02/2021","13,449.00","13,232.50","13,509.75","13,230.50","491.67K","1.61%"
"02/01/2021","13,236.50","12,849.00","13,271.50","12,727.25","549.55K","2.52%"
"01/29/2021","12,911.25","13,156.00","13,188.00","12,829.00","738.85K","-2.08%"
"01/28/2021","13,186.00","13,052.50","13,394.00","12,906.25","623.57K","0.61%"
"01/27/2021","13,105.50","13,551.00","13,586.50","12,884.75","786.47K","-2.82%"
"01/26/2021","13,485.50","13,459.75","13,599.75","13,380.25","502.39K","0.07%"
"01/25/2021","13,475.50","13,370.00","13,554.50","13,189.00","663.84K","0.85%"
"01/22/2021","13,361.50","13,394.00","13,402.25","13,300.25","407.71K","-0.25%"
"01/21/2021","13,395.50","13,288.50","13,423.50","13,283.25","421.92K","0.76%"
"01/20/2021","13,294.25","13,030.00","13,327.00","13,017.00","438.77K","2.38%"
"01/19/2021","12,985.50","12,774.25","13,032.75","12,727.00","481.60K","1.19%"
"01/18/2021","12,832.50","12,743.75","12,835.00","12,727.50","","0.67%"
"01/17/2021","12,747.38","12,764.50","12,795.62","12,735.25","","-0.43%"
"01/15/2021","12,802.25","12,909.00","12,931.25","12,743.50","539.77K","-0.77%"
"01/14/2021","12,901.00","12,975.50","13,028.75","12,881.00","417.58K","-0.55%"
"01/13/2021","12,972.25","12,882.50","13,003.00","12,820.75","416.30K","0.64%"
"01/12/2021","12,890.25","12,910.75","12,959.00","12,767.25","461.73K","-0.05%"
"01/11/2021","12,897.00","13,093.25","13,105.25","12,871.75","454.75K","-1.53%"
"01/08/2021","13,097.25","12,927.00","13,125.00","12,919.00","508.11K","1.31%"
"01/07/2021","12,928.00","12,658.50","12,959.00","12,646.50","435.94K","2.47%"
"01/06/2021","12,616.75","12,800.25","12,844.25","12,491.25","755.62K","-1.38%"
"01/05/2021","12,793.50","12,682.75","12,809.00","12,612.00","483.17K","0.85%"
"01/04/2021","12,685.50","12,889.00","12,959.75","12,522.50","650.47K","-1.53%"
"01/01/2021","12,883.00","12,883.00","12,883.00","12,883.00","","-0.02%"
"12/31/2020","12,885.50","12,840.00","12,896.00","12,796.50","280.57K","0.34%"
"12/30/2020","12,841.50","12,860.75","12,909.75","12,820.50","334.30K","0.00%"
"12/29/2020","12,841.00","12,845.25","12,918.25","12,808.25","394.00K","0.06%"
"12/28/2020","12,832.75","12,676.25","12,855.50","12,655.25","346.69K","1.01%"
"12/24/2020","12,704.50","12,660.75","12,724.00","12,631.50","173.46K","0.42%"
"12/23/2020","12,651.25","12,704.75","12,738.75","12,623.50","358.01K","-0.46%"
"12/22/2020","12,710.00","12,698.25","12,760.00","12,593.50","457.27K","0.21%"
"12/21/2020","12,683.50","12,760.00","12,782.50","12,461.00","606.58K","-0.91%"
"12/18/2020","12,800.06","12,744.25","12,823.00","12,708.00","5.94K","0.38%"
"12/17/2020","12,751.00","12,677.00","12,766.25","12,667.50","84.47K","0.68%"
"12/16/2020","12,665.25","12,599.50","12,699.75","12,567.75","153.92K","0.58%"
"12/15/2020","12,591.75","12,460.50","12,604.75","12,417.00","223.26K","1.09%"
"12/14/2020","12,456.50","12,405.50","12,545.00","12,386.50","296.14K","0.72%"
"12/11/2020","12,368.00","12,391.00","12,414.25","12,234.25","361.86K","-0.27%"
"12/10/2020","12,402.00","12,342.75","12,449.00","12,218.25","529.84K","0.28%"
"12/09/2020","12,367.00","12,657.25","12,675.00","12,306.75","635.77K","-2.14%"
"12/08/2020","12,637.50","12,574.00","12,652.50","12,502.00","365.42K","0.33%"
"12/07/2020","12,596.00","12,525.00","12,612.25","12,474.75","323.77K","0.56%"
"12/04/2020","12,526.00","12,487.00","12,535.75","12,448.50","321.80K","0.51%"
"12/03/2020","12,462.25","12,472.00","12,540.25","12,444.00","376.88K","0.06%"
"12/02/2020","12,454.25","12,456.25","12,473.50","12,312.50","400.41K","0.02%"
"12/01/2020","12,452.25","12,336.00","12,512.25","12,312.00","464.02K","1.43%"
"11/30/2020","12,277.00","12,286.50","12,337.25","12,086.00","493.06K","0.16%"
"11/27/2020","12,257.50","12,168.25","12,307.50","12,127.00","296.83K","0.82%"
"11/26/2020","12,157.75","12,179.00","12,221.00","12,127.50","","0.05%"
"11/25/2020","12,152.25","12,098.50","12,177.75","12,077.50","386.23K","0.63%"
"11/24/2020","12,076.00","11,909.75","12,104.50","11,872.75","401.64K","1.43%"
"11/23/2020","11,905.25","11,894.00","12,001.75","11,808.25","425.78K","0.00%"
"11/20/2020","11,905.75","11,960.00","12,021.00","11,873.50","358.18K","-0.68%"
"11/19/2020","11,987.25","11,876.00","12,000.00","11,804.50","421.69K","0.76%"
"11/18/2020","11,897.00","11,972.00","12,027.50","11,861.50","475.83K","-0.65%"
"11/17/2020","11,975.00","12,061.25","12,096.25","11,953.75","401.51K","-0.25%"
"11/16/2020","12,005.00","11,957.25","12,065.00","11,851.75","471.10K","0.60%"
"11/13/2020","11,933.50","11,857.00","11,952.75","11,801.75","445.51K","0.96%"
"11/12/2020","11,820.00","11,898.50","11,975.75","11,775.75","554.93K","-0.56%"
"11/11/2020","11,886.00","11,632.25","11,917.75","11,575.25","546.22K","2.30%"
"11/10/2020","11,618.25","11,863.50","11,901.50","11,503.25","834.53K","-1.71%"
"11/09/2020","11,820.50","12,139.25","12,408.75","11,812.25","731.88K","-2.11%"
"11/06/2020","12,075.00","12,088.50","12,109.00","11,868.25","552.48K","-0.01%"
"11/05/2020","12,076.50","11,830.00","12,119.50","11,771.25","578.44K","2.67%"
"11/04/2020","11,763.00","11,264.00","11,843.75","11,230.25","842.62K","4.41%"
"11/03/2020","11,265.75","11,074.75","11,347.00","11,064.50","509.50K","1.83%"
"11/02/2020","11,063.25","11,034.50","11,212.00","10,942.25","602.65K","0.15%"
"10/30/2020","11,046.25","11,213.25","11,281.25","10,944.50","801.98K","-2.61%"
"10/29/2020","11,342.75","11,180.50","11,457.75","11,145.00","606.33K","1.89%"
"10/28/2020","11,132.75","11,558.50","11,566.75","11,123.75","749.42K","-3.93%"
"10/27/2020","11,588.00","11,499.50","11,623.00","11,478.25","551.64K","0.83%"
"10/26/2020","11,492.25","11,634.00","11,695.50","11,343.25","674.14K","-1.47%"
"10/23/2020","11,663.50","11,669.25","11,691.75","11,551.00","501.24K","0.12%"
"10/22/2020","11,649.75","11,683.50","11,724.00","11,511.00","583.67K","-0.35%"
"10/21/2020","11,691.25","11,675.25","11,779.25","11,585.00","599.85K","0.26%"
"10/20/2020","11,660.75","11,697.50","11,792.00","11,598.50","622.70K","0.09%"
"10/19/2020","11,650.25","11,816.75","11,950.50","11,591.25","623.20K","-1.25%"
"10/16/2020","11,798.00","11,891.00","12,022.00","11,792.00","527.03K","-0.64%"
"10/15/2020","11,874.00","11,950.00","11,983.25","11,736.50","595.93K","-0.84%"
"10/14/2020","11,974.25","12,079.75","12,178.00","11,901.75","597.20K","-0.99%"
"10/13/2020","12,094.00","12,100.00","12,249.00","12,019.00","754.74K","-0.04%"
"10/12/2020","12,098.25","11,722.75","12,197.00","11,687.75","756.44K","3.19%"
"10/09/2020","11,724.75","11,562.00","11,739.00","11,552.50","408.45K","1.61%"
"10/08/2020","11,539.00","11,473.25","11,578.75","11,469.75","403.38K","0.60%"
"10/07/2020","11,470.00","11,220.50","11,506.50","11,208.00","443.05K","1.74%"
"10/06/2020","11,273.75","11,473.00","11,524.50","11,197.50","612.28K","-1.70%"
"10/05/2020","11,469.25","11,308.50","11,497.50","11,267.50","398.44K","2.10%"
"10/02/2020","11,233.25","11,566.75","11,604.75","11,204.50","806.63K","-2.95%"
"10/01/2020","11,574.75","11,375.00","11,599.25","11,375.00","580.59K","1.47%"
"09/30/2020","11,407.25","11,321.00","11,526.00","11,167.00","647.97K","0.61%"
"09/29/2020","11,337.75","11,388.00","11,448.75","11,289.50","444.17K","-0.50%"
"09/28/2020","11,394.75","11,145.00","11,404.00","11,140.25","568.22K","2.32%"
"09/25/2020","11,136.50","10,914.25","11,166.25","10,813.75","600.73K","2.25%"
"09/24/2020","10,891.75","10,803.50","11,011.75","10,660.25","791.93K","0.58%"
"09/23/2020","10,829.00","11,160.50","11,222.00","10,786.00","656.11K","-2.87%"
"09/22/2020","11,149.50","10,966.25","11,191.00","10,897.50","573.57K","1.46%"
"09/21/2020","10,989.00","10,920.00","11,009.75","10,656.50","727.98K","-1.40%"
"09/18/2020","11,144.81","11,082.00","11,179.25","11,037.25","","0.49%"
"09/17/2020","11,090.00","11,269.50","11,302.50","10,918.75","157.39K","-1.59%"
"09/16/2020","11,268.75","11,467.50","11,550.00","11,237.50","167.83K","-1.71%"
"09/15/2020","11,464.25","11,278.50","11,495.50","11,247.75","224.40K","1.63%"
"09/14/2020","11,280.50","11,104.00","11,362.75","11,104.00","322.36K","1.98%"
"09/11/2020","11,061.50","11,187.00","11,356.25","10,937.50","495.80K","-1.04%"
"09/10/2020","11,178.25","11,377.75","11,566.75","11,088.00","885.27K","-1.88%"
"09/09/2020","11,392.75","11,006.00","11,478.75","10,935.25","720.95K","3.00%"
"09/08/2020","11,060.50","11,531.00","11,585.00","11,040.50","1.01M","-4.32%"
"09/07/2020","11,560.00","11,419.62","11,584.62","11,372.38","","1.24%"
"09/06/2020","11,418.62","11,538.88","11,546.25","11,309.00","","-1.13%"
"09/04/2020","11,548.75","11,745.00","11,843.00","11,142.00","1.20M","-2.13%"
"09/03/2020","11,800.50","12,408.50","12,438.75","11,658.50","931.58K","-4.92%"
"09/02/2020","12,411.50","12,325.50","12,465.25","12,172.25","725.40K","0.80%"
"09/01/2020","12,312.50","12,109.75","12,328.75","12,093.00","519.00K","1.64%"
"08/31/2020","12,114.00","12,002.75","12,165.00","11,988.25","480.98K","1.02%"
"08/28/2020","11,991.75","11,953.25","12,018.25","11,920.50","489.07K","0.33%"
"08/27/2020","11,952.75","11,984.50","12,046.00","11,834.75","709.35K","-0.32%"
"08/26/2020","11,991.25","11,739.50","12,001.50","11,726.75","578.80K","2.26%"
"08/25/2020","11,726.25","11,636.00","11,742.25","11,574.75","495.89K","0.77%"
"08/24/2020","11,636.25","11,581.00","11,722.50","11,528.25","617.00K","0.64%"
"08/21/2020","11,562.00","11,480.00","11,573.50","11,407.00","414.23K","0.74%"
"08/20/2020","11,477.25","11,327.00","11,496.50","11,221.50","401.14K","1.28%"
"08/19/2020","11,332.00","11,414.25","11,438.00","11,299.00","410.89K","-0.68%"
"08/18/2020","11,409.25","11,285.50","11,415.25","11,268.00","326.82K","1.09%"
"08/17/2020","11,286.75","11,145.00","11,300.50","11,142.25","246.40K","1.37%"
"08/14/2020","11,133.75","11,180.50","11,237.75","11,096.00","398.62K","-0.37%"
"08/13/2020","11,175.25","11,115.50","11,266.00","11,094.25","413.66K","0.44%"
"08/12/2020","11,126.00","10,928.50","11,185.75","10,878.50","434.24K","2.28%"
"08/11/2020","10,878.50","11,072.25","11,157.75","10,845.50","561.75K","-1.75%"
"08/10/2020","11,072.00","11,140.25","11,156.50","10,928.25","485.73K","-0.46%"
"08/07/2020","11,122.75","11,260.50","11,283.25","11,035.25","532.55K","-1.23%"
"08/06/2020","11,261.25","11,094.00","11,271.75","11,051.25","420.44K","1.53%"
"08/05/2020","11,091.75","11,080.50","11,144.00","11,055.75","348.82K","0.05%"
"08/04/2020","11,086.00","11,054.00","11,094.75","10,983.00","395.70K","0.38%"
"08/03/2020","11,044.25","10,933.25","11,073.00","10,876.25","389.62K","1.41%"
"07/31/2020","10,890.50","10,906.50","10,939.00","10,691.00","631.55K","0.89%"
"07/30/2020","10,794.00","10,700.00","10,897.25","10,502.75","521.16K","1.12%"
"07/29/2020","10,674.25","10,558.00","10,699.75","10,512.25","368.01K","1.27%"
"07/28/2020","10,540.00","10,682.50","10,758.50","10,514.00","445.25K","-1.27%"
"07/27/2020","10,675.25","10,490.00","10,684.00","10,401.00","444.80K","2.07%"
"07/24/2020","10,459.00","10,565.50","10,597.00","10,301.00","652.48K","-0.85%"
"07/23/2020","10,548.25","10,850.00","10,938.50","10,514.50","644.19K","-2.37%"
"07/22/2020","10,804.25","10,850.75","10,916.25","10,761.25","483.85K","-0.43%"
"07/21/2020","10,851.00","10,952.25","11,058.00","10,784.75","587.99K","-0.91%"
"07/20/2020","10,951.00","10,621.25","10,964.50","10,546.25","496.40K","3.09%"
"07/17/2020","10,622.50","10,532.25","10,669.75","10,523.75","443.14K","1.05%"
"07/16/2020","10,511.75","10,693.00","10,698.25","10,475.50","628.90K","-1.61%"
"07/15/2020","10,683.25","10,706.00","10,766.50","10,551.25","719.95K","0.35%"
"07/14/2020","10,646.25","10,602.00","10,693.00","10,358.75","915.01K","0.44%"
"07/13/2020","10,600.00","10,848.25","11,058.50","10,561.50","736.18K","-2.19%"
"07/10/2020","10,837.25","10,727.00","10,847.50","10,625.50","527.57K","1.02%"
"07/09/2020","10,727.50","10,674.25","10,774.25","10,560.00","607.39K","0.61%"
"07/08/2020","10,662.25","10,526.00","10,673.00","10,505.25","481.02K","1.23%"
"07/07/2020","10,532.25","10,600.00","10,694.50","10,505.75","465.21K","-0.63%"
"07/06/2020","10,598.50","10,347.25","10,614.50","10,341.50","486.37K","2.61%"
"07/03/2020","10,328.88","10,348.00","10,389.25","10,310.25","","-0.26%"
"07/02/2020","10,355.75","10,258.50","10,422.25","10,246.50","404.76K","0.85%"
"07/01/2020","10,268.75","10,141.00","10,310.00","10,076.00","402.79K","1.20%"
"06/30/2020","10,147.25","9,983.00","10,171.50","9,940.25","422.35K","1.74%"
"06/29/2020","9,973.75","9,785.50","9,997.00","9,728.75","479.54K","1.10%"
"06/26/2020","9,865.50","10,087.00","10,120.50","9,824.25","576.15K","-2.21%"
"06/25/2020","10,088.25","10,005.25","10,107.00","9,885.50","514.25K","0.77%"
"06/24/2020","10,010.75","10,183.00","10,242.00","9,927.25","661.65K","-1.82%"
"06/23/2020","10,196.00","10,121.50","10,296.25","9,972.25","406.48K","0.70%"
"06/22/2020","10,124.75","9,868.00","10,134.50","9,843.50","354.77K","0.04%"
"06/19/2020","10,120.84","9,997.25","10,123.25","9,997.25","4.46K","1.25%"
"06/18/2020","9,995.75","9,995.25","10,040.75","9,879.50","67.46K","0.01%"
"06/17/2020","9,994.50","9,961.75","10,059.00","9,927.00","100.47K","0.22%"
"06/16/2020","9,972.50","9,812.50","10,013.75","9,797.75","216.31K","1.76%"
"06/15/2020","9,800.50","9,536.75","9,815.50","9,381.75","319.21K","1.61%"
"06/12/2020","9,645.00","9,616.00","9,849.25","9,494.75","508.84K","0.29%"
"06/11/2020","9,616.75","10,086.25","10,107.00","9,584.50","828.94K","-4.66%"
"06/10/2020","10,087.25","9,960.00","10,155.50","9,958.50","557.71K","1.37%"
"06/09/2020","9,951.00","9,887.25","10,005.25","9,811.50","437.44K","0.67%"
"06/08/2020","9,884.75","9,819.00","9,901.00","9,747.00","391.65K","0.78%"
"06/05/2020","9,808.50","9,643.50","9,846.25","9,601.75","513.66K","1.89%"
"06/04/2020","9,626.25","9,685.50","9,742.50","9,572.25","462.36K","-0.60%"
"06/03/2020","9,684.75","9,657.50","9,728.25","9,635.50","376.69K","0.38%"
"06/02/2020","9,647.75","9,590.00","9,670.00","9,504.75","389.91K","0.55%"
"06/01/2020","9,595.00","9,513.00","9,605.75","9,450.25","345.59K","0.36%"
"05/29/2020","9,560.25","9,453.50","9,590.50","9,372.00","529.70K","1.06%"
"05/28/2020","9,460.25","9,436.50","9,565.50","9,320.50","510.62K","0.29%"
"05/27/2020","9,432.50","9,409.00","9,508.00","9,172.50","560.52K","0.28%"
"05/26/2020","9,406.50","9,396.25","9,604.00","9,373.00","486.55K","-1.08%"
"05/25/2020","9,509.12","9,457.25","9,535.62","9,416.88","","0.56%"
"05/24/2020","9,456.12","9,419.25","9,462.62","9,393.00","","0.53%"
"05/22/2020","9,406.25","9,360.50","9,422.50","9,241.50","365.38K","0.54%"
"05/21/2020","9,355.75","9,494.75","9,510.75","9,352.00","429.22K","-1.37%"
"05/20/2020","9,485.50","9,289.75","9,498.00","9,273.00","369.92K","1.99%"
"05/19/2020","9,300.75","9,316.25","9,417.25","9,283.75","392.50K","-0.27%"
"05/18/2020","9,325.50","9,135.00","9,361.50","9,110.25","398.56K","2.52%"
"05/15/2020","9,096.50","9,085.50","9,148.50","8,925.50","537.25K","0.19%"
"05/14/2020","9,079.50","9,012.75","9,104.00","8,847.00","639.07K","0.97%"
"05/13/2020","8,992.25","9,045.75","9,202.75","8,878.25","703.29K","-0.95%"
"05/12/2020","9,078.25","9,282.00","9,345.50","9,040.50","500.54K","-2.16%"
"05/11/2020","9,279.00","9,194.75","9,339.00","9,118.50","398.14K","0.66%"
"05/08/2020","9,218.25","9,115.00","9,238.00","9,103.25","362.32K","1.21%"
"05/07/2020","9,107.75","8,947.50","9,126.00","8,930.25","383.88K","1.74%"
"05/06/2020","8,952.00","8,928.50","9,056.50","8,877.75","414.05K","0.31%"
"05/05/2020","8,924.25","8,806.25","9,020.00","8,798.50","367.23K","1.46%"
"05/04/2020","8,795.50","8,624.00","8,828.00","8,556.25","381.91K","0.89%"
"05/01/2020","8,718.00","8,847.00","8,879.00","8,672.00","414.56K","-3.01%"
"04/30/2020","8,988.50","9,109.50","9,144.75","8,856.50","462.96K","-0.53%"
"04/29/2020","9,036.50","8,759.25","9,118.75","8,733.75","432.41K","3.63%"
"04/28/2020","8,719.75","8,819.00","8,945.75","8,654.50","440.94K","-1.18%"
"04/27/2020","8,824.25","8,766.00","8,898.00","8,730.00","355.55K","0.63%"
"04/24/2020","8,769.00","8,588.25","8,780.25","8,498.25","380.23K","1.98%"
"04/23/2020","8,598.75","8,636.25","8,786.50","8,580.50","435.11K","-0.45%"
"04/22/2020","8,638.00","8,447.00","8,700.00","8,400.00","373.07K","2.45%"
"04/21/2020","8,431.75","8,695.00","8,763.00","8,342.00","582.45K","-2.99%"
"04/20/2020","8,692.00","8,799.50","8,846.00","8,687.00","427.98K","-1.33%"
"04/17/2020","8,809.00","8,909.75","8,966.75","8,689.50","509.56K","0.86%"
"04/16/2020","8,734.25","8,576.00","8,842.50","8,500.50","539.16K","1.63%"
"04/15/2020","8,594.00","8,706.25","8,707.50","8,486.50","407.75K","-1.13%"
"04/14/2020","8,692.50","8,337.00","8,710.00","8,319.00","431.92K","4.39%"
"04/13/2020","8,327.25","8,296.00","8,338.75","8,073.25","385.07K","1.07%"
"04/10/2020","8,238.75","8,238.75","8,238.75","8,238.75","","0.14%"
"04/09/2020","8,227.50","8,195.25","8,326.25","8,101.75","522.65K","0.46%"
"04/08/2020","8,189.75","8,015.00","8,242.00","7,953.25","424.38K","2.22%"
"04/07/2020","8,012.00","8,034.25","8,303.25","7,948.00","531.04K","-0.22%"
"04/06/2020","8,029.75","7,535.75","8,099.00","7,535.50","396.87K","6.74%"
"04/03/2020","7,522.75","7,623.00","7,660.25","7,423.50","351.87K","-1.37%"
"04/02/2020","7,627.25","7,473.50","7,656.25","7,376.00","436.83K","2.53%"
"04/01/2020","7,438.75","7,772.50","7,773.50","7,404.25","411.36K","-4.46%"
"03/31/2020","7,786.25","7,856.75","7,995.00","7,747.50","424.39K","-0.87%"
"03/30/2020","7,854.75","7,395.75","7,884.00","7,365.00","419.58K","3.78%"
"03/27/2020","7,568.50","7,882.75","7,893.25","7,551.25","443.32K","-3.51%"
"03/26/2020","7,844.00","7,483.50","7,893.50","7,310.25","567.71K","5.04%"
"03/25/2020","7,467.75","7,544.75","7,761.00","7,371.50","656.70K","-1.15%"
"03/24/2020","7,554.75","7,005.75","7,572.25","7,005.75","556.55K","8.16%"
"03/23/2020","6,984.50","6,798.00","7,316.25","6,628.75","633.24K","-5.84%"
"03/20/2020","7,417.98","7,195.00","7,649.00","7,153.50","11.67K","1.71%"
"03/19/2020","7,293.50","7,251.75","7,521.50","6,894.25","115.52K","0.94%"
"03/18/2020","7,225.25","7,386.00","7,392.25","6,830.00","156.28K","-2.43%"
"03/17/2020","7,405.25","7,053.00","7,552.25","6,948.75","317.50K","4.93%"
"03/16/2020","7,057.50","7,903.00","7,905.25","6,927.00","307.37K","-10.84%"
"03/13/2020","7,915.75","7,100.00","7,978.00","6,942.50","584.27K","9.71%"
"03/12/2020","7,215.25","7,998.75","8,108.00","7,128.50","876.29K","-9.85%"
"03/11/2020","8,003.50","8,317.00","8,334.25","7,892.75","990.24K","-3.94%"
"03/10/2020","8,331.50","7,893.75","8,378.75","7,814.25","982.07K","4.78%"
"03/09/2020","7,951.50","8,369.00","8,375.00","7,820.00","560.91K","-6.49%"
"03/06/2020","8,503.25","8,677.00","8,726.50","8,310.50","1.10M","-1.68%"
"03/05/2020","8,648.75","8,889.00","8,899.75","8,610.75","954.10K","-2.78%"
"03/04/2020","8,896.50","8,557.50","8,950.00","8,508.25","939.03K","3.66%"
"03/03/2020","8,582.50","8,830.50","9,002.50","8,511.00","1.30M","-2.37%"
"03/02/2020","8,791.25","8,349.25","8,883.25","8,224.25","1.37M","3.99%"
"02/28/2020","8,454.00","8,347.00","8,574.75","8,126.25","1.53M","0.85%"
"02/27/2020","8,382.75","8,811.50","8,878.50","8,334.25","1.58M","-5.28%"
"02/26/2020","8,850.25","8,868.25","9,037.50","8,709.50","1.25M","-0.05%"
"02/25/2020","8,854.25","9,091.00","9,224.25","8,810.00","1.34M","-2.60%"
"02/24/2020","9,091.00","9,355.25","9,365.00","9,041.25","1.17M","-3.88%"
"02/21/2020","9,458.00","9,617.25","9,623.75","9,411.50","911.84K","-1.73%"
"02/20/2020","9,624.25","9,744.75","9,763.00","9,517.00","802.42K","-1.12%"
"02/19/2020","9,733.50","9,643.25","9,748.75","9,641.25","419.13K","1.01%"
"02/18/2020","9,636.00","9,635.00","9,687.50","9,534.25","668.51K","0.34%"
"02/17/2020","9,603.00","9,663.00","9,687.00","9,580.12","","-0.63%"
"02/16/2020","9,663.62","9,630.25","9,668.50","9,630.25","","0.33%"
"02/14/2020","9,632.25","9,626.25","9,659.25","9,588.00","489.39K","0.20%"
"02/13/2020","9,613.00","9,621.50","9,644.75","9,511.25","613.58K","-0.13%"
"02/12/2020","9,625.75","9,536.25","9,628.25","9,523.75","454.47K","1.03%"
"02/11/2020","9,527.25","9,525.00","9,609.50","9,501.25","589.57K","0.00%"
"02/10/2020","9,527.50","9,401.50","9,531.50","9,330.75","500.15K","1.25%"
"02/07/2020","9,409.50","9,467.00","9,471.00","9,385.00","592.70K","-0.49%"
"02/06/2020","9,455.50","9,390.00","9,464.00","9,362.50","545.05K","0.79%"
"02/05/2020","9,381.50","9,357.00","9,462.75","9,317.75","729.55K","0.28%"
"02/04/2020","9,355.00","9,099.00","9,369.25","9,073.00","563.91K","2.64%"
"02/03/2020","9,114.25","8,982.75","9,155.75","8,975.00","680.73K","1.29%"
"01/31/2020","8,997.75","9,226.50","9,248.75","8,966.00","898.38K","-2.37%"
"01/30/2020","9,216.25","9,111.25","9,240.00","9,003.50","846.59K","1.29%"
"01/29/2020","9,098.50","9,119.50","9,158.75","9,072.25","578.41K","-0.07%"
"01/28/2020","9,105.25","8,952.50","9,136.25","8,952.50","632.55K","1.68%"
"01/27/2020","8,954.50","9,077.00","9,077.00","8,925.50","792.71K","-2.08%"
"01/24/2020","9,144.50","9,252.00","9,287.25","9,109.50","758.80K","-1.12%"
"01/23/2020","9,248.25","9,190.00","9,253.50","9,151.75","616.95K","0.57%"
"01/22/2020","9,195.75","9,179.50","9,254.00","9,174.25","519.02K","0.28%"
"01/21/2020","9,169.75","9,174.00","9,199.75","9,114.75","532.16K","0.00%"
"01/20/2020","9,169.88","9,184.88","9,187.00","9,160.62","","-0.05%"
"01/17/2020","9,174.50","9,137.00","9,189.25","9,130.00","438.67K","0.45%"
"01/16/2020","9,133.50","9,061.75","9,140.25","9,061.50","397.88K","0.81%"
"01/15/2020","9,060.00","9,062.00","9,096.00","9,023.00","497.10K","-0.03%"
"01/14/2020","9,062.50","9,087.75","9,114.75","9,035.00","553.34K","-0.28%"
"01/13/2020","9,088.25","8,979.00","9,095.50","8,979.00","380.44K","1.23%"
"01/10/2020","8,978.25","9,010.00","9,055.50","8,966.25","472.17K","-0.34%"
"01/09/2020","9,009.00","8,948.75","9,022.25","8,932.50","457.26K","0.72%"
"01/08/2020","8,944.50","8,841.50","8,972.25","8,678.00","723.09K","1.03%"
"01/07/2020","8,853.00","8,853.25","8,894.75","8,825.75","510.00K","0.06%"
"01/06/2020","8,847.50","8,772.25","8,873.00","8,723.00","469.51K","0.43%"
"01/03/2020","8,810.00","8,895.50","8,907.25","8,735.25","599.89K","-0.92%"
"01/02/2020","8,891.75","8,776.75","8,901.50","8,769.50","416.64K","1.31%"
"01/01/2020","8,776.38","8,772.00","8,783.62","8,769.75","","0.28%"
"12/31/2019","8,752.25","8,731.75","8,772.25","8,692.25","284.52K","0.21%"
"12/30/2019","8,733.75","8,783.50","8,809.75","8,691.25","404.05K","-0.56%"
"12/27/2019","8,783.25","8,801.00","8,843.50","8,769.00","322.89K","-0.24%"
"12/26/2019","8,804.25","8,730.25","8,805.00","8,729.00","170.68K","0.85%"
"12/25/2019","8,730.38","8,729.75","8,732.62","8,729.12","","0.01%"
"12/24/2019","8,729.50","8,728.25","8,736.00","8,707.00","106.03K","0.03%"
"12/23/2019","8,726.50","8,710.75","8,743.25","8,707.50","194.92K","0.22%"
"12/20/2019","8,707.46","8,651.00","8,700.00","8,638.25","5.70K","0.75%"
"12/19/2019","8,642.50","8,598.00","8,655.50","8,580.25","65.78K","0.61%"
"12/18/2019","8,590.25","8,569.75","8,612.00","8,567.75","98.30K","0.16%"
"12/17/2019","8,576.25","8,576.00","8,596.75","8,563.25","145.05K","0.00%"
"12/16/2019","8,576.00","8,507.00","8,587.75","8,503.25","192.05K","0.97%"
"12/13/2019","8,494.00","8,485.00","8,523.75","8,435.50","335.04K","0.34%"
"12/12/2019","8,465.25","8,407.50","8,497.00","8,381.00","554.34K","0.71%"
"12/11/2019","8,405.50","8,366.25","8,411.00","8,345.00","304.18K","0.50%"
"12/10/2019","8,363.75","8,354.50","8,398.00","8,297.00","403.36K","0.09%"
"12/09/2019","8,356.00","8,401.50","8,427.25","8,347.00","292.42K","-0.53%"
"12/06/2019","8,400.25","8,311.00","8,409.50","8,307.75","302.78K","1.10%"
"12/05/2019","8,309.25","8,296.25","8,340.00","8,273.25","370.99K","0.17%"
"12/04/2019","8,295.25","8,258.75","8,319.25","8,220.50","413.65K","0.53%"
"12/03/2019","8,251.25","8,313.75","8,337.50","8,168.25","614.32K","-0.78%"
"12/02/2019","8,316.00","8,424.50","8,457.25","8,276.50","559.47K","-1.21%"
"11/29/2019","8,417.50","8,456.75","8,458.25","8,406.50","242.60K","-0.38%"
"11/28/2019","8,449.38","8,425.62","8,449.62","8,416.00","","-0.06%"
"11/27/2019","8,454.75","8,402.75","8,458.75","8,397.00","240.87K","0.64%"
"11/26/2019","8,400.75","8,374.25","8,422.00","8,366.25","285.73K","0.29%"
"11/25/2019","8,376.50","8,303.25","8,379.25","8,296.50","259.49K","1.16%"
"11/22/2019","8,280.50","8,280.25","8,313.50","8,233.25","344.50K","0.07%"
"11/21/2019","8,274.50","8,261.50","8,308.00","8,240.00","411.83K","-0.21%"
"11/20/2019","8,291.75","8,333.00","8,348.00","8,231.00","526.98K","-0.60%"
"11/19/2019","8,341.50","8,335.00","8,379.00","8,312.50","373.94K","0.10%"
"11/18/2019","8,333.50","8,318.75","8,367.00","8,279.25","370.61K","0.18%"
"11/15/2019","8,318.75","8,267.50","8,324.00","8,261.25","367.15K","0.64%"
"11/14/2019","8,265.50","8,269.00","8,285.50","8,216.25","381.59K","0.00%"
"11/13/2019","8,265.75","8,273.00","8,281.50","8,220.00","382.04K","-0.11%"
"11/12/2019","8,275.00","8,253.25","8,300.25","8,228.50","316.73K","0.31%"
"11/11/2019","8,249.75","8,257.25","8,261.75","8,206.50","229.84K","-0.09%"
"11/08/2019","8,257.25","8,230.00","8,264.25","8,190.00","326.87K","0.33%"
"11/07/2019","8,230.50","8,213.75","8,282.25","8,190.00","366.40K","0.28%"
"11/06/2019","8,207.25","8,208.00","8,228.25","8,161.00","314.41K","-0.04%"
"11/05/2019","8,210.75","8,221.50","8,248.00","8,193.25","305.80K","-0.06%"
"11/04/2019","8,215.75","8,165.00","8,233.75","8,164.00","325.48K","0.68%"
"11/01/2019","8,160.25","8,094.25","8,168.00","8,084.50","348.33K","0.87%"
"10/31/2019","8,090.25","8,128.50","8,139.00","8,046.00","448.46K","-0.26%"
"10/30/2019","8,111.25","8,057.25","8,141.00","8,020.50","381.31K","0.70%"
"10/29/2019","8,055.25","8,109.25","8,118.75","8,050.75","351.25K","-0.49%"
"10/28/2019","8,094.75","8,048.00","8,127.50","8,048.00","309.11K","0.73%"
"10/25/2019","8,035.75","7,928.50","8,041.50","7,918.50","348.32K","1.36%"
"10/24/2019","7,928.25","7,922.75","7,984.00","7,913.25","380.97K","0.34%"
"10/23/2019","7,901.50","7,846.25","7,918.25","7,810.25","348.67K","0.54%"
"10/22/2019","7,858.75","7,949.25","7,988.75","7,837.25","377.55K","-1.13%"
"10/21/2019","7,948.25","7,874.25","7,951.75","7,865.75","275.03K","0.86%"
"10/18/2019","7,880.75","7,953.75","7,958.50","7,835.75","437.75K","-0.91%"
"10/17/2019","7,952.75","7,954.25","7,994.75","7,922.00","368.62K","0.05%"
"10/16/2019","7,948.50","7,960.00","7,960.25","7,907.50","347.55K","-0.14%"
"10/15/2019","7,959.75","7,862.25","7,971.75","7,859.75","347.66K","1.30%"
"10/14/2019","7,857.50","7,850.25","7,894.75","7,807.00","311.10K","-0.02%"
"10/11/2019","7,859.00","7,783.25","7,918.50","7,767.00","490.52K","1.27%"
"10/10/2019","7,760.25","7,702.25","7,798.75","7,583.25","535.04K","0.79%"
"10/09/2019","7,699.75","7,621.00","7,732.00","7,604.50","404.17K","1.02%"
"10/08/2019","7,622.00","7,736.00","7,784.50","7,613.50","552.15K","-1.52%"
"10/07/2019","7,740.00","7,712.50","7,799.75","7,682.50","381.26K","-0.35%"
"10/04/2019","7,767.25","7,656.75","7,773.75","7,624.00","420.54K","1.42%"
"10/03/2019","7,658.50","7,551.50","7,661.50","7,474.25","582.82K","1.49%"
"10/02/2019","7,546.25","7,711.00","7,730.50","7,525.50","586.57K","-1.94%"
"10/01/2019","7,695.50","7,784.00","7,841.50","7,691.00","478.76K","-0.97%"
"09/30/2019","7,770.50","7,735.50","7,788.75","7,705.75","337.87K","0.90%"
"09/27/2019","7,701.25","7,787.00","7,822.00","7,641.00","598.17K","-1.10%"
"09/26/2019","7,787.25","7,822.50","7,842.75","7,734.75","489.32K","-0.42%"
"09/25/2019","7,820.25","7,738.25","7,844.25","7,663.00","540.08K","1.10%"
"09/24/2019","7,735.25","7,869.00","7,904.75","7,701.75","609.26K","-1.47%"
"09/23/2019","7,850.50","7,839.25","7,897.50","7,807.75","348.18K","-0.62%"
"09/20/2019","7,899.48","7,899.50","7,932.75","7,890.75","3.93K","0.04%"
"09/19/2019","7,896.25","7,898.75","7,951.00","7,830.50","69.14K","0.03%"
"09/18/2019","7,894.25","7,890.75","7,906.75","7,790.00","122.28K","0.05%"
"09/17/2019","7,890.25","7,864.00","7,897.50","7,828.00","147.54K","0.43%"
"09/16/2019","7,856.50","7,856.75","7,873.25","7,776.25","199.32K","-0.37%"
"09/13/2019","7,886.00","7,916.25","7,958.50","7,881.75","243.85K","-0.45%"
"09/12/2019","7,921.50","7,893.25","7,982.75","7,886.75","448.98K","0.40%"
"09/11/2019","7,889.75","7,818.50","7,905.00","7,786.50","383.87K","0.96%"
"09/10/2019","7,815.00","7,834.00","7,857.75","7,744.25","446.53K","-0.20%"
"09/09/2019","7,830.75","7,857.00","7,887.00","7,798.50","372.95K","-0.34%"
"09/06/2019","7,857.75","7,853.50","7,895.00","7,838.25","356.48K","0.03%"
"09/05/2019","7,855.50","7,722.00","7,886.75","7,717.25","478.41K","1.72%"
"09/04/2019","7,722.75","7,614.25","7,730.00","7,608.50","399.67K","1.38%"
"09/03/2019","7,617.50","7,628.25","7,695.50","7,580.75","643.04K","-0.10%"
"09/02/2019","7,625.00","7,630.62","7,695.25","7,587.88","","-0.07%"
"09/01/2019","7,630.25","7,676.38","7,676.38","7,593.00","","-0.79%"
"08/30/2019","7,690.75","7,704.25","7,770.50","7,646.00","450.75K","-0.28%"
"08/29/2019","7,712.00","7,582.25","7,730.25","7,548.50","447.67K","1.48%"
"08/28/2019","7,599.25","7,564.00","7,605.75","7,504.25","480.98K","0.48%"
"08/27/2019","7,562.75","7,591.50","7,648.50","7,537.00","520.97K","-0.37%"
"08/26/2019","7,590.50","7,435.00","7,626.00","7,353.25","617.91K","1.15%"
"08/23/2019","7,504.50","7,705.75","7,762.00","7,447.75","763.86K","-2.68%"
"08/22/2019","7,711.25","7,756.00","7,782.25","7,654.00","487.62K","-0.50%"
"08/21/2019","7,750.25","7,655.00","7,765.75","7,652.25","344.35K","1.07%"
"08/20/2019","7,668.00","7,717.25","7,752.00","7,655.50","414.18K","-0.77%"
"08/19/2019","7,727.50","7,617.25","7,750.00","7,616.00","401.48K","1.52%"
"08/16/2019","7,611.75","7,509.25","7,632.50","7,502.50","449.47K","1.54%"
"08/15/2019","7,496.25","7,469.00","7,572.75","7,388.25","705.04K","0.10%"
"08/14/2019","7,488.75","7,746.50","7,767.50","7,477.00","825.23K","-3.35%"
"08/13/2019","7,748.00","7,570.25","7,789.50","7,514.00","674.98K","2.40%"
"08/12/2019","7,566.75","7,654.50","7,710.00","7,534.75","552.72K","-1.22%"
"08/09/2019","7,660.25","7,699.50","7,724.00","7,596.75","619.04K","-0.98%"
"08/08/2019","7,735.75","7,553.50","7,738.50","7,526.00","553.67K","2.42%"
"08/07/2019","7,553.25","7,512.75","7,577.50","7,387.50","851.28K","0.50%"
"08/06/2019","7,515.50","7,349.00","7,549.00","7,224.50","845.24K","1.76%"
"08/05/2019","7,385.25","7,701.75","7,705.50","7,359.75","848.40K","-4.12%"
"08/02/2019","7,702.25","7,797.00","7,806.00","7,650.25","736.45K","-1.36%"
"08/01/2019","7,808.25","7,834.00","8,014.50","7,776.75","772.96K","-0.74%"
"07/31/2019","7,866.75","7,992.50","8,001.25","7,782.25","556.44K","-1.21%"
"07/30/2019","7,963.25","8,004.25","8,020.00","7,928.25","394.70K","-0.47%"
"07/29/2019","8,001.25","8,017.50","8,031.75","7,951.75","301.21K","-0.23%"
"07/26/2019","8,019.75","7,992.00","8,040.75","7,987.50","322.31K","0.48%"
"07/25/2019","7,981.75","8,004.50","8,034.50","7,917.25","433.95K","-0.70%"
"07/24/2019","8,038.00","7,944.00","8,051.75","7,925.25","356.16K","0.68%"
"07/23/2019","7,983.75","7,926.50","7,985.75","7,908.00","357.77K","0.74%"
"07/22/2019","7,924.75","7,830.00","7,936.50","7,826.25","355.21K","1.05%"
"07/19/2019","7,842.75","7,950.50","7,980.75","7,815.25","438.47K","-1.14%"
"07/18/2019","7,933.50","7,868.00","7,954.75","7,833.00","413.72K","0.61%"
"07/17/2019","7,885.50","7,939.75","7,966.25","7,868.00","303.89K","-0.72%"
"07/16/2019","7,942.75","7,982.75","8,001.50","7,924.00","303.70K","-0.55%"
"07/15/2019","7,986.75","7,958.25","7,992.00","7,941.25","247.18K","0.34%"
"07/12/2019","7,960.00","7,917.25","7,967.50","7,911.75","299.82K","0.52%"
"07/11/2019","7,918.75","7,924.25","7,963.25","7,894.25","407.89K","-0.13%"
"07/10/2019","7,928.75","7,848.00","7,949.50","7,811.25","442.84K","1.06%"
"07/09/2019","7,845.25","7,802.25","7,858.75","7,743.00","346.31K","0.57%"
"07/08/2019","7,801.00","7,855.00","7,863.50","7,777.50","342.23K","-0.64%"
"07/05/2019","7,851.50","7,887.75","7,909.75","7,797.25","375.29K","-0.66%"
"07/04/2019","7,904.00","7,890.25","7,908.12","7,881.25","","0.21%"
"07/03/2019","7,887.50","7,840.25","7,892.75","7,824.50","209.60K","0.63%"
"07/02/2019","7,838.25","7,792.50","7,843.25","7,763.00","297.57K","0.62%"
"07/01/2019","7,790.00","7,781.50","7,849.75","7,759.00","406.59K","1.25%"
"06/28/2019","7,693.75","7,685.25","7,726.00","7,664.00","310.13K","0.04%"
"06/27/2019","7,690.50","7,641.00","7,716.50","7,640.75","300.15K","0.53%"
"06/26/2019","7,650.00","7,633.00","7,719.00","7,616.25","376.98K","0.28%"
"06/25/2019","7,628.75","7,753.00","7,779.50","7,609.50","424.81K","-1.68%"
"06/24/2019","7,758.75","7,744.50","7,794.25","7,731.75","260.98K","0.45%"
"06/21/2019","7,723.61","7,737.00","7,743.25","7,701.50","5.56K","-0.28%"
"06/20/2019","7,745.25","7,668.00","7,793.00","7,660.00","101.51K","0.93%"
"06/19/2019","7,674.25","7,641.00","7,685.75","7,601.75","112.59K","0.38%"
"06/18/2019","7,645.25","7,542.25","7,693.50","7,514.75","209.97K","1.47%"
"06/17/2019","7,534.25","7,481.00","7,550.75","7,476.00","184.04K","0.75%"
"06/14/2019","7,478.25","7,503.25","7,520.75","7,451.50","254.82K","-0.59%"
"06/13/2019","7,522.75","7,476.00","7,536.00","7,421.00","396.17K","0.66%"
"06/12/2019","7,473.25","7,517.75","7,531.00","7,461.00","388.86K","-0.60%"
"06/11/2019","7,518.25","7,519.50","7,600.75","7,492.75","461.73K","0.04%"
"06/10/2019","7,515.50","7,469.00","7,578.50","7,431.25","463.88K","1.29%"
"06/07/2019","7,419.50","7,266.50","7,453.00","7,257.75","484.84K","1.88%"
"06/06/2019","7,282.25","7,213.75","7,299.25","7,181.00","433.92K","0.74%"
"06/05/2019","7,228.50","7,189.00","7,245.25","7,150.25","534.80K","0.69%"
"06/04/2019","7,179.25","7,008.75","7,186.50","6,981.75","565.40K","2.65%"
"06/03/2019","6,993.75","7,110.00","7,132.50","6,941.25","771.72K","-1.96%"
"05/31/2019","7,133.50","7,251.75","7,256.00","7,129.25","540.43K","-1.68%"
"05/30/2019","7,255.25","7,214.75","7,271.25","7,208.50","403.48K","0.54%"
"05/29/2019","7,216.00","7,291.50","7,296.00","7,183.25","568.05K","-1.09%"
"05/28/2019","7,295.25","7,315.50","7,371.75","7,280.25","528.98K","-0.39%"
"05/27/2019","7,323.50","7,307.50","7,337.50","7,294.38","","0.19%"
"05/26/2019","7,309.62","7,313.25","7,321.50","7,308.25","","-0.08%"
"05/24/2019","7,315.50","7,316.75","7,379.75","7,300.50","407.81K","0.06%"
"05/23/2019","7,311.00","7,430.75","7,434.75","7,268.00","640.17K","-1.60%"
"05/22/2019","7,430.00","7,462.75","7,475.00","7,391.25","455.68K","-0.46%"
"05/21/2019","7,464.00","7,408.25","7,485.25","7,400.75","436.74K","0.98%"
"05/20/2019","7,391.75","7,514.75","7,559.25","7,361.50","634.29K","-1.59%"
"05/17/2019","7,511.50","7,600.75","7,620.00","7,506.50","626.78K","-1.17%"
"05/16/2019","7,600.25","7,524.25","7,641.00","7,473.50","525.59K","0.94%"
"05/15/2019","7,529.25","7,429.25","7,538.50","7,353.75","535.92K","1.46%"
"05/14/2019","7,421.00","7,315.25","7,459.50","7,290.00","547.77K","1.45%"
"05/13/2019","7,314.75","7,534.25","7,551.50","7,305.00","773.47K","-3.88%"
"05/10/2019","7,610.25","7,591.00","7,654.50","7,435.75","802.65K","0.20%"
"05/09/2019","7,595.25","7,639.75","7,644.50","7,481.00","741.22K","-0.68%"
"05/08/2019","7,647.50","7,663.75","7,698.00","7,600.00","621.51K","-0.35%"
"05/07/2019","7,674.00","7,744.75","7,804.00","7,581.25","838.95K","-1.66%"
"05/06/2019","7,803.50","7,810.00","7,817.50","7,667.50","630.20K","-0.78%"
"05/03/2019","7,865.00","7,739.00","7,872.50","7,734.75","454.09K","1.69%"
"05/02/2019","7,734.25","7,737.75","7,805.00","7,682.25","592.82K","-0.29%"
"05/01/2019","7,756.50","7,848.75","7,867.25","7,736.00","484.41K","-0.56%"
"04/30/2019","7,800.00","7,805.25","7,857.00","7,740.00","463.83K","-0.18%"
"04/29/2019","7,813.75","7,837.25","7,867.75","7,805.50","320.32K","-0.34%"
"04/26/2019","7,840.25","7,799.25","7,845.50","7,755.50","467.05K","0.54%"
"04/25/2019","7,798.50","7,855.25","7,879.50","7,792.00","488.33K","-0.63%"
"04/24/2019","7,847.75","7,833.50","7,852.75","7,802.25","387.63K","0.12%"
"04/23/2019","7,838.00","7,738.00","7,843.75","7,724.50","427.15K","1.33%"
"04/22/2019","7,734.75","7,715.25","7,746.75","7,669.75","253.67K","0.25%"
"04/19/2019","7,715.50","7,715.50","7,715.50","7,715.50","","0.04%"
"04/18/2019","7,712.50","7,691.50","7,723.00","7,660.25","393.59K","0.30%"
"04/17/2019","7,689.75","7,676.50","7,733.50","7,668.50","463.94K","0.13%"
"04/16/2019","7,679.50","7,650.75","7,695.00","7,648.75","373.20K","0.42%"
"04/15/2019","7,647.75","7,654.00","7,659.00","7,598.75","322.48K","-0.06%"
"04/12/2019","7,652.25","7,617.00","7,665.00","7,611.00","346.21K","0.46%"
"04/11/2019","7,617.25","7,644.00","7,661.00","7,601.50","340.95K","-0.31%"
"04/10/2019","7,641.25","7,590.50","7,646.00","7,575.75","332.70K","0.63%"
"04/09/2019","7,593.25","7,625.75","7,633.75","7,578.75","389.52K","-0.40%"
"04/08/2019","7,623.50","7,607.75","7,629.25","7,561.25","333.33K","0.25%"
"04/05/2019","7,604.25","7,565.00","7,612.75","7,556.00","358.71K","0.57%"
"04/04/2019","7,561.50","7,581.25","7,598.00","7,522.00","432.44K","-0.27%"
"04/03/2019","7,582.25","7,517.00","7,616.25","7,513.25","483.55K","0.84%"
"04/02/2019","7,519.25","7,495.25","7,532.50","7,483.75","359.19K","0.28%"
"04/01/2019","7,498.50","7,430.00","7,506.50","7,428.50","412.91K","1.32%"
"03/29/2019","7,400.50","7,350.25","7,414.50","7,350.25","395.58K","0.66%"
"03/28/2019","7,352.00","7,323.50","7,372.50","7,289.50","446.38K","0.24%"
"03/27/2019","7,334.50","7,383.50","7,404.75","7,276.00","592.98K","-0.57%"
"03/26/2019","7,376.75","7,363.00","7,447.50","7,340.50","557.41K","0.29%"
"03/25/2019","7,355.25","7,372.25","7,390.50","7,290.00","596.90K","-0.18%"
"03/22/2019","7,368.75","7,526.75","7,544.75","7,353.00","694.56K","-2.20%"
"03/21/2019","7,534.50","7,400.50","7,541.00","7,367.75","523.25K","1.69%"
"03/20/2019","7,409.50","7,378.00","7,458.00","7,349.50","550.62K","0.45%"
"03/19/2019","7,376.50","7,362.25","7,421.25","7,351.25","427.13K","0.21%"
"03/18/2019","7,360.75","7,338.00","7,379.50","7,321.75","366.87K","1.24%"
"03/15/2019","7,270.35","7,245.75","7,288.00","7,243.00","4.54K","0.42%"
"03/14/2019","7,239.75","7,273.25","7,293.50","7,237.75","82.28K","-0.39%"
"03/13/2019","7,267.75","7,209.25","7,295.50","7,183.75","127.11K","0.85%"
"03/12/2019","7,206.50","7,176.00","7,223.00","7,163.25","167.99K","0.58%"
"03/11/2019","7,164.75","7,022.25","7,176.75","6,997.50","203.73K","1.96%"
"03/08/2019","7,026.75","7,025.50","7,034.00","6,939.00","312.13K","-0.01%"
"03/07/2019","7,027.50","7,109.00","7,123.25","7,003.25","556.54K","-1.18%"
"03/06/2019","7,111.25","7,156.00","7,171.25","7,107.00","444.30K","-0.76%"
"03/05/2019","7,165.50","7,144.50","7,182.00","7,124.25","364.93K","0.28%"
"03/04/2019","7,145.75","7,177.00","7,211.50","7,074.50","556.66K","-0.14%"
"03/01/2019","7,156.00","7,106.50","7,164.50","7,098.25","383.20K","0.75%"
"02/28/2019","7,102.50","7,121.25","7,130.75","7,072.50","360.88K","-0.27%"
"02/27/2019","7,121.75","7,109.25","7,131.75","7,048.00","367.94K","0.06%"
"02/26/2019","7,117.75","7,122.00","7,151.00","7,073.25","362.74K","-0.11%"
"02/25/2019","7,125.75","7,108.50","7,168.50","7,102.00","346.62K","0.53%"
"02/22/2019","7,088.25","7,031.25","7,101.25","7,019.25","367.50K","0.76%"
"02/21/2019","7,034.50","7,070.75","7,113.75","7,005.00","432.87K","-0.55%"
"02/20/2019","7,073.25","7,068.75","7,105.00","7,032.25","418.27K","0.07%"
"02/19/2019","7,068.25","7,063.75","7,094.75","7,035.25","386.61K","-0.09%"
"02/18/2019","7,074.38","7,063.25","7,082.50","7,056.00","","0.11%"
"02/17/2019","7,066.50","7,066.25","7,078.25","7,058.50","","0.04%"
"02/15/2019","7,063.75","7,017.50","7,095.25","6,975.25","430.94K","0.63%"
"02/14/2019","7,019.75","7,017.25","7,057.50","6,972.00","490.16K","0.05%"
"02/13/2019","7,016.25","7,017.25","7,069.75","7,012.00","359.97K","-0.03%"
"02/12/2019","7,018.50","6,908.50","7,028.50","6,903.00","363.95K","1.51%"
"02/11/2019","6,914.25","6,921.75","6,969.50","6,896.25","384.59K","-0.04%"
"02/08/2019","6,916.75","6,902.00","6,926.25","6,841.00","464.34K","0.16%"
"02/07/2019","6,905.50","6,988.00","6,994.75","6,856.25","595.40K","-1.29%"
"02/06/2019","6,995.75","7,009.25","7,038.75","6,972.25","376.56K","-0.17%"
"02/05/2019","7,008.00","6,937.50","7,033.75","6,928.25","369.76K","1.02%"
"02/04/2019","6,937.50","6,863.75","6,983.00","6,858.25","353.66K","0.87%"
"02/01/2019","6,877.75","6,911.00","6,927.50","6,860.50","461.40K","-0.54%"
"01/31/2019","6,914.75","6,844.25","6,943.00","6,839.25","557.02K","1.13%"
"01/30/2019","6,837.25","6,690.25","6,845.25","6,657.75","526.13K","2.99%"
"01/29/2019","6,638.75","6,695.25","6,721.00","6,616.75","441.62K","-0.94%"
"01/28/2019","6,701.75","6,784.25","6,791.00","6,648.25","490.05K","-1.32%"
"01/25/2019","6,791.25","6,684.50","6,810.50","6,676.75","446.82K","1.74%"
"01/24/2019","6,675.00","6,663.00","6,718.50","6,653.00","449.02K","0.15%"
"01/23/2019","6,665.25","6,652.00","6,724.25","6,592.25","515.04K","0.18%"
"01/22/2019","6,653.00","6,794.50","6,794.50","6,611.50","651.26K","-1.73%"
"01/21/2019","6,770.25","6,779.75","6,785.00","6,741.38","","-0.15%"
"01/20/2019","6,780.75","6,804.88","6,808.50","6,777.88","","-0.18%"
"01/18/2019","6,792.75","6,722.75","6,828.25","6,712.00","499.88K","1.08%"
"01/17/2019","6,720.00","6,670.00","6,760.00","6,612.25","472.76K","0.81%"
"01/16/2019","6,666.25","6,674.50","6,737.25","6,664.00","443.74K","-0.16%"
"01/15/2019","6,676.75","6,543.00","6,689.00","6,542.25","492.32K","2.01%"
"01/14/2019","6,545.00","6,599.00","6,602.50","6,521.50","364.99K","-1.02%"
"01/11/2019","6,612.75","6,622.50","6,632.50","6,572.00","364.79K","-0.19%"
"01/10/2019","6,625.25","6,597.25","6,641.75","6,527.50","496.36K","0.31%"
"01/09/2019","6,604.75","6,546.75","6,645.00","6,546.75","496.79K","0.72%"
"01/08/2019","6,557.25","6,506.00","6,586.25","6,467.25","539.05K","0.94%"
"01/07/2019","6,496.50","6,451.25","6,535.75","6,402.50","516.60K","0.97%"
"01/04/2019","6,434.00","6,168.75","6,462.00","6,136.50","696.54K","4.41%"
"01/03/2019","6,162.00","6,242.75","6,304.25","6,148.50","714.54K","-3.28%"
"01/02/2019","6,371.00","6,349.50","6,409.25","6,154.00","659.32K","-0.02%"
"01/01/2019","6,372.50","6,350.00","6,379.38","6,344.50","","0.62%"
"12/31/2018","6,333.25","6,312.25","6,376.75","6,283.00","386.06K","0.64%"
"12/28/2018","6,293.25","6,309.00","6,402.50","6,243.75","644.74K","-0.48%"
"12/27/2018","6,323.50","6,283.00","6,333.00","6,053.25","740.13K","0.60%"
"12/26/2018","6,285.50","5,902.00","6,310.00","5,820.50","642.44K","6.48%"
"12/25/2018","5,903.00","5,888.00","5,915.25","5,823.50","","0.19%"
"12/24/2018","5,892.00","6,049.75","6,123.00","5,888.75","449.59K","-5.64%"
"12/21/2018","6,244.47","6,307.50","6,317.75","6,242.00","8.19K","-1.01%"
"12/20/2018","6,308.50","6,331.75","6,385.25","6,161.75","95.45K","-0.41%"
"12/19/2018","6,334.75","6,441.75","6,594.00","6,282.25","174.40K","-1.98%"
"12/18/2018","6,462.75","6,471.25","6,555.75","6,435.75","229.06K","-0.05%"
"12/17/2018","6,466.25","6,580.00","6,635.25","6,401.25","323.40K","-2.02%"
"12/14/2018","6,599.50","6,752.00","6,760.75","6,583.25","351.78K","-2.26%"
"12/13/2018","6,752.00","6,769.00","6,838.50","6,723.00","626.81K","-0.25%"
"12/12/2018","6,769.00","6,686.50","6,872.00","6,683.50","663.38K","0.77%"
"12/11/2018","6,717.00","6,695.00","6,808.75","6,651.25","734.37K","0.26%"
"12/10/2018","6,699.25","6,596.25","6,714.50","6,535.25","778.33K","1.14%"
"12/07/2018","6,623.50","6,835.50","6,856.50","6,594.75","854.20K","-2.95%"
"12/06/2018","6,824.50","6,834.50","6,854.25","6,630.25","986.10K","0.31%"
"12/05/2018","6,803.25","6,796.00","6,861.75","6,792.50","70.70K","0.00%"
"12/04/2018","6,803.25","7,055.25","7,055.25","6,783.00","811.93K","-3.61%"
"12/03/2018","7,058.25","7,041.00","7,139.00","7,015.25","575.96K","1.56%"
"11/30/2018","6,949.50","6,902.25","6,967.25","6,871.50","485.58K","0.52%"
"11/29/2018","6,913.25","6,907.00","6,943.75","6,843.00","530.61K","-0.07%"
"11/28/2018","6,918.25","6,722.25","6,923.50","6,709.25","639.40K","3.07%"
"11/27/2018","6,712.50","6,639.50","6,723.00","6,613.25","577.17K","0.59%"
"11/26/2018","6,673.25","6,537.50","6,696.50","6,530.50","503.37K","2.18%"
"11/23/2018","6,531.00","6,584.25","6,601.50","6,495.00","362.54K","-0.21%"
"11/22/2018","6,544.50","6,583.50","6,597.75","6,508.25","","-0.48%"
"11/21/2018","6,576.25","6,527.75","6,647.75","6,509.00","569.30K","0.67%"
"11/20/2018","6,532.50","6,668.50","6,670.00","6,449.50","910.47K","-2.09%"
"11/19/2018","6,672.00","6,875.00","6,934.50","6,632.25","743.94K","-3.24%"
"11/16/2018","6,895.25","6,874.50","6,915.00","6,806.25","691.50K","-0.29%"
"11/15/2018","6,915.50","6,780.00","6,920.50","6,712.25","793.46K","2.18%"
"11/14/2018","6,768.25","6,861.75","6,929.50","6,746.00","731.31K","-1.24%"
"11/13/2018","6,853.00","6,847.00","6,962.00","6,801.25","711.52K","0.26%"
"11/12/2018","6,835.00","7,026.25","7,103.75","6,825.75","702.95K","-2.79%"
"11/09/2018","7,031.25","7,145.75","7,166.25","6,989.00","596.70K","-1.88%"
"11/08/2018","7,166.00","7,212.75","7,231.00","7,132.00","477.83K","-0.73%"
"11/07/2018","7,218.50","7,011.50","7,225.00","6,971.50","621.60K","2.88%"
"11/06/2018","7,016.50","6,947.25","7,034.75","6,906.75","514.30K","0.96%"
"11/05/2018","6,949.50","6,972.75","6,998.50","6,865.00","506.05K","-0.44%"
"11/02/2018","6,980.25","6,987.25","7,143.25","6,911.25","793.34K","-1.38%"
"11/01/2018","7,077.75","6,960.00","7,079.75","6,936.75","589.07K","1.47%"
"10/31/2018","6,975.50","6,857.00","7,039.25","6,816.75","755.20K","2.35%"
"10/30/2018","6,815.25","6,719.25","6,849.25","6,661.00","832.55K","1.17%"
"10/29/2018","6,736.25","6,898.00","6,991.50","6,580.50","905.33K","-2.28%"
"10/26/2018","6,893.25","6,882.00","6,986.50","6,734.25","1.07M","-0.48%"
"10/25/2018","6,926.50","6,878.50","7,075.75","6,816.75","793.50K","1.32%"
"10/24/2018","6,836.25","7,136.25","7,175.00","6,785.75","895.42K","-4.26%"
"10/23/2018","7,140.25","7,155.00","7,164.00","6,944.00","825.81K","-0.21%"
"10/22/2018","7,155.25","7,085.75","7,210.50","7,057.00","650.33K","0.69%"
"10/19/2018","7,106.50","7,154.00","7,244.25","7,092.75","661.05K","-0.44%"
"10/18/2018","7,137.75","7,307.75","7,309.50","7,094.50","705.91K","-2.40%"
"10/17/2018","7,313.25","7,339.75","7,368.50","7,221.50","663.30K","-0.55%"
"10/16/2018","7,353.75","7,068.25","7,357.50","7,063.50","614.36K","3.92%"
"10/15/2018","7,076.50","7,176.75","7,179.00","7,060.75","641.77K","-1.34%"
"10/12/2018","7,172.25","7,040.75","7,197.75","7,034.25","772.62K","2.01%"
"10/11/2018","7,031.00","7,010.25","7,138.00","6,907.75","1.15M","-0.01%"
"10/10/2018","7,032.00","7,394.75","7,412.00","7,000.00","924.20K","-4.96%"
"10/09/2018","7,399.00","7,391.00","7,455.75","7,337.00","583.40K","0.10%"
"10/08/2018","7,391.75","7,443.25","7,453.25","7,286.50","615.69K","-0.60%"
"10/05/2018","7,436.00","7,521.00","7,540.00","7,347.00","735.02K","-1.04%"
"10/04/2018","7,514.25","7,651.00","7,651.00","7,456.50","704.91K","-1.96%"
"10/03/2018","7,664.75","7,656.25","7,703.75","7,641.50","394.54K","0.16%"
"10/02/2018","7,652.75","7,675.00","7,712.75","7,630.25","392.58K","-0.30%"
"10/01/2018","7,675.50","7,672.00","7,728.75","7,652.00","358.16K","0.26%"
"09/28/2018","7,655.25","7,663.50","7,677.00","7,617.00","381.50K","-0.03%"
"09/27/2018","7,657.25","7,590.25","7,686.25","7,586.00","377.69K","0.88%"
"09/26/2018","7,590.25","7,598.00","7,668.00","7,577.50","405.83K","-0.07%"
"09/25/2018","7,595.25","7,591.00","7,603.25","7,550.50","318.33K","0.12%"
"09/24/2018","7,586.00","7,539.75","7,594.00","7,473.75","390.76K","-0.18%"
"09/21/2018","7,599.98","7,581.50","7,619.25","7,571.00","5.32K","0.27%"
"09/20/2018","7,579.75","7,500.50","7,587.50","7,485.25","74.39K","1.10%"
"09/19/2018","7,497.50","7,499.25","7,517.25","7,442.50","95.71K","0.03%"
"09/18/2018","7,495.25","7,434.25","7,535.25","7,393.50","171.31K","0.79%"
"09/17/2018","7,436.25","7,534.00","7,547.25","7,429.50","197.77K","-1.44%"
"09/14/2018","7,544.75","7,563.50","7,598.75","7,515.25","237.77K","-0.26%"
"09/13/2018","7,564.50","7,483.25","7,583.25","7,470.00","459.82K","1.05%"
"09/12/2018","7,485.75","7,515.25","7,541.00","7,425.00","586.14K","-0.35%"
"09/11/2018","7,512.00","7,460.50","7,524.75","7,404.50","467.70K","0.69%"
"09/10/2018","7,460.25","7,433.00","7,483.50","7,414.00","418.80K","0.29%"
"09/07/2018","7,438.50","7,454.75","7,494.75","7,393.00","606.52K","-0.25%"
"09/06/2018","7,457.50","7,530.00","7,544.50","7,407.75","650.89K","-0.99%"
"09/05/2018","7,531.75","7,642.25","7,643.25","7,503.25","522.31K","-1.40%"
"09/04/2018","7,638.75","7,670.00","7,693.75","7,586.75","470.67K","-0.45%"
"09/03/2018","7,673.50","7,673.25","7,686.25","7,658.50","","0.00%"
"09/02/2018","7,673.25","7,674.00","7,675.50","7,664.50","","0.16%"
"08/31/2018","7,661.25","7,641.75","7,682.25","7,633.25","346.90K","0.16%"
"08/30/2018","7,649.00","7,672.75","7,697.00","7,626.25","390.93K","-0.26%"
"08/29/2018","7,668.75","7,581.00","7,674.50","7,581.00","311.62K","1.20%"
"08/28/2018","7,578.00","7,568.25","7,597.25","7,564.25","273.33K","0.13%"
"08/27/2018","7,568.00","7,499.00","7,569.00","7,498.75","280.53K","0.96%"
"08/24/2018","7,495.75","7,427.00","7,499.50","7,422.75","278.68K","0.96%"
"08/23/2018","7,424.50","7,433.50","7,475.00","7,411.25","356.37K","-0.12%"
"08/22/2018","7,433.25","7,374.25","7,444.75","7,352.00","309.49K","0.48%"
"08/21/2018","7,397.50","7,381.25","7,452.25","7,369.00","320.66K","0.14%"
"08/20/2018","7,387.00","7,390.50","7,420.75","7,351.50","286.07K","-0.01%"
"08/17/2018","7,387.75","7,382.50","7,407.00","7,321.75","366.86K","-0.02%"
"08/16/2018","7,389.00","7,380.00","7,434.50","7,363.25","348.40K","0.20%"
"08/15/2018","7,374.00","7,460.50","7,464.75","7,316.50","521.16K","-1.12%"
"08/14/2018","7,457.75","7,420.50","7,465.00","7,397.00","305.39K","0.55%"
"08/13/2018","7,417.00","7,425.50","7,479.00","7,378.25","377.94K","-0.13%"
"08/10/2018","7,427.00","7,472.25","7,472.75","7,390.75","389.78K","-0.65%"
"08/09/2018","7,475.50","7,463.50","7,505.50","7,458.75","236.83K","0.05%"
"08/08/2018","7,471.50","7,478.25","7,496.00","7,442.50","250.48K","-0.08%"
"08/07/2018","7,477.25","7,442.50","7,486.75","7,440.25","260.63K","0.45%"
"08/06/2018","7,444.00","7,404.25","7,449.75","7,387.50","250.17K","0.57%"
"08/03/2018","7,402.00","7,392.00","7,415.00","7,362.25","298.36K","0.22%"
"08/02/2018","7,385.75","7,284.25","7,395.25","7,214.25","441.07K","1.49%"
"08/01/2018","7,277.00","7,293.00","7,303.75","7,241.00","370.60K","0.45%"
"07/31/2018","7,244.75","7,210.00","7,298.00","7,189.25","430.19K","0.61%"
"07/30/2018","7,200.50","7,293.00","7,309.25","7,166.75","497.54K","-1.38%"
"07/27/2018","7,301.25","7,429.50","7,467.00","7,263.50","534.68K","-1.74%"
"07/26/2018","7,430.75","7,412.25","7,450.00","7,362.00","392.49K","-0.52%"
"07/25/2018","7,469.50","7,410.50","7,530.00","7,397.00","351.37K","0.72%"
"07/24/2018","7,416.25","7,420.25","7,489.75","7,386.75","406.77K","-0.19%"
"07/23/2018","7,430.50","7,368.00","7,432.75","7,311.50","287.21K","0.96%"
"07/20/2018","7,360.00","7,380.25","7,413.75","7,350.75","302.84K","-0.11%"
"07/19/2018","7,367.75","7,400.00","7,416.00","7,354.75","321.51K","-0.50%"
"07/18/2018","7,404.50","7,424.25","7,437.75","7,381.50","267.80K","-0.23%"
"07/17/2018","7,421.75","7,320.00","7,436.00","7,292.50","343.27K","1.32%"
"07/16/2018","7,325.00","7,399.50","7,413.75","7,316.00","246.00K","-0.92%"
"07/13/2018","7,393.00","7,382.00","7,414.25","7,367.00","279.82K","0.14%"
"07/12/2018","7,382.75","7,259.75","7,387.00","7,249.50","304.34K","1.78%"
"07/11/2018","7,253.75","7,263.50","7,290.00","7,204.50","373.37K","-0.65%"
"07/10/2018","7,301.50","7,300.75","7,335.50","7,259.50","286.75K","0.02%"
"07/09/2018","7,300.25","7,232.50","7,303.50","7,232.25","269.93K","0.92%"
"07/06/2018","7,233.50","7,118.75","7,237.75","7,101.25","320.30K","1.51%"
"07/05/2018","7,125.75","7,023.00","7,128.00","7,015.00","378.28K","1.24%"
"07/04/2018","7,038.75","7,026.25","7,052.75","7,024.50","","0.21%"
"07/03/2018","7,023.75","7,113.75","7,165.00","7,022.25","300.23K","-1.30%"
"07/02/2018","7,116.50","7,068.25","7,119.75","6,987.50","379.57K","0.70%"
"06/29/2018","7,066.75","7,055.25","7,123.75","7,045.00","396.08K","0.09%"
"06/28/2018","7,060.50","6,998.75","7,076.50","6,956.00","483.22K","0.89%"
"06/27/2018","6,998.25","7,098.25","7,151.50","6,988.00","546.25K","-1.49%"
"06/26/2018","7,104.00","7,064.25","7,130.00","7,040.50","399.01K","0.43%"
"06/25/2018","7,073.50","7,222.75","7,222.75","6,995.50","598.96K","-2.07%"
"06/22/2018","7,222.75","7,228.00","7,274.00","7,198.25","322.92K","-0.21%"
"06/21/2018","7,237.75","7,315.25","7,358.50","7,226.25","424.01K","-1.03%"
"06/20/2018","7,313.25","7,253.75","7,336.50","7,226.75","320.65K","0.84%"
"06/19/2018","7,252.25","7,275.00","7,279.00","7,157.50","450.28K","-0.33%"
"06/18/2018","7,276.00","7,276.00","7,289.25","7,208.75","291.95K","0.15%"
"06/15/2018","7,265.40","7,283.50","7,291.75","7,229.25","6.52K","-0.25%"
"06/14/2018","7,283.75","7,203.25","7,292.25","7,178.25","68.90K","1.10%"
"06/13/2018","7,204.25","7,213.75","7,262.75","7,192.00","94.30K","0.07%"
"06/12/2018","7,199.50","7,165.00","7,219.25","7,155.50","113.00K","0.41%"
"06/11/2018","7,170.25","7,135.00","7,189.00","7,125.00","173.77K","0.26%"
"06/08/2018","7,151.50","7,160.00","7,163.00","7,077.75","215.66K","-0.13%"
"06/07/2018","7,161.00","7,217.50","7,234.25","7,116.75","410.24K","-0.75%"
"06/06/2018","7,215.00","7,181.75","7,222.25","7,142.25","300.30K","0.50%"
"06/05/2018","7,179.25","7,147.50","7,187.50","7,137.50","256.21K","0.43%"
"06/04/2018","7,148.25","7,079.75","7,151.50","7,071.75","247.83K","0.92%"
"06/01/2018","7,083.00","6,982.50","7,090.50","6,977.25","335.02K","1.52%"
"05/31/2018","6,977.00","6,978.50","7,023.50","6,958.25","389.14K","-0.15%"
"05/30/2018","6,987.25","6,948.00","6,994.75","6,918.50","303.80K","0.62%"
"05/29/2018","6,944.50","6,989.00","7,007.00","6,890.50","487.64K","-0.62%"
"05/28/2018","6,988.00","6,991.00","7,007.00","6,970.25","","-0.04%"
"05/27/2018","6,991.00","6,993.00","6,993.25","6,979.25","","0.44%"
"05/25/2018","6,960.25","6,955.00","7,003.75","6,942.50","317.34K","0.04%"
"05/24/2018","6,957.25","6,956.75","6,975.00","6,885.25","379.49K","0.00%"
"05/23/2018","6,957.00","6,905.50","6,961.50","6,829.75","390.90K","0.69%"
"05/22/2018","6,909.25","6,914.00","6,954.75","6,890.00","269.99K","-0.09%"
"05/21/2018","6,915.75","6,919.00","6,957.00","6,881.50","293.37K","0.61%"
"05/18/2018","6,874.00","6,908.50","6,936.25","6,862.25","314.57K","-0.46%"
"05/17/2018","6,905.75","6,935.25","6,962.00","6,875.00","325.16K","-0.45%"
"05/16/2018","6,937.25","6,895.50","6,953.50","6,875.50","274.26K","0.68%"
"05/15/2018","6,890.50","6,969.00","6,976.75","6,854.25","432.92K","-1.20%"
"05/14/2018","6,974.00","6,958.25","7,013.50","6,955.50","255.90K","0.20%"
"05/11/2018","6,960.00","6,949.50","6,979.50","6,928.25","263.02K","-0.07%"
"05/10/2018","6,965.00","6,896.00","6,971.25","6,888.75","292.97K","1.00%"
"05/09/2018","6,896.00","6,822.00","6,901.25","6,808.25","316.61K","1.11%"
"05/08/2018","6,820.50","6,817.00","6,837.50","6,771.00","370.36K","-0.08%"
"05/07/2018","6,826.00","6,779.00","6,851.25","6,772.25","323.77K","0.76%"
"05/04/2018","6,774.75","6,666.50","6,788.50","6,610.50","408.71K","1.65%"
"05/03/2018","6,664.50","6,630.75","6,671.50","6,538.00","518.81K","0.47%"
"05/02/2018","6,633.50","6,715.50","6,729.50","6,625.25","382.53K","-0.87%"
"05/01/2018","6,692.00","6,606.00","6,740.00","6,578.75","360.81K","1.19%"
"04/30/2018","6,613.00","6,668.00","6,718.00","6,595.50","389.47K","-0.85%"
"04/27/2018","6,669.75","6,744.75","6,772.00","6,623.00","481.73K","-0.97%"
"04/26/2018","6,734.75","6,583.25","6,749.00","6,559.25","424.98K","2.73%"
"04/25/2018","6,555.75","6,525.75","6,576.25","6,429.25","544.88K","0.44%"
"04/24/2018","6,526.75","6,660.75","6,717.75","6,467.25","626.79K","-2.10%"
"04/23/2018","6,667.00","6,705.50","6,728.00","6,616.75","384.31K","-0.14%"
"04/20/2018","6,676.25","6,777.75","6,790.25","6,646.00","422.34K","-1.53%"
"04/19/2018","6,780.00","6,855.25","6,866.25","6,755.25","376.43K","-0.93%"
"04/18/2018","6,843.50","6,819.50","6,867.00","6,796.75","298.18K","0.22%"
"04/17/2018","6,828.75","6,704.25","6,844.75","6,698.50","325.72K","1.74%"
"04/16/2018","6,712.00","6,674.25","6,722.00","6,639.25","324.49K","1.07%"
"04/13/2018","6,640.75","6,668.75","6,713.00","6,606.25","465.37K","-0.45%"
"04/12/2018","6,670.75","6,596.25","6,693.75","6,589.75","357.18K","1.18%"
"04/11/2018","6,592.75","6,625.25","6,663.25","6,550.75","443.62K","-0.48%"
"04/10/2018","6,624.25","6,490.50","6,651.75","6,471.75","542.22K","1.96%"
"04/09/2018","6,497.00","6,463.00","6,618.00","6,460.00","482.07K","0.65%"
"04/06/2018","6,454.75","6,608.00","6,611.25","6,408.50","631.81K","-2.20%"
"04/05/2018","6,600.25","6,582.00","6,654.50","6,559.00","495.02K","0.27%"
"04/04/2018","6,582.50","6,466.00","6,591.75","6,306.75","635.56K","1.75%"
"04/03/2018","6,469.25","6,405.75","6,496.75","6,351.25","681.28K","1.19%"
"04/02/2018","6,393.25","6,557.00","6,588.50","6,326.50","670.69K","-3.04%"
"03/29/2018","6,594.00","6,490.75","6,653.75","6,443.75","647.98K","1.80%"
"03/28/2018","6,477.25","6,550.25","6,582.25","6,421.00","948.12K","-1.28%"
"03/27/2018","6,561.25","6,775.75","6,849.25","6,490.00","731.55K","-3.13%"
"03/26/2018","6,773.50","6,549.75","6,779.00","6,525.00","637.18K","3.35%"
"03/23/2018","6,554.25","6,692.25","6,721.25","6,519.00","748.10K","-2.06%"
"03/22/2018","6,692.00","6,883.25","6,915.00","6,686.00","685.49K","-2.79%"
"03/21/2018","6,884.00","6,912.50","6,951.00","6,842.25","454.57K","-0.48%"
"03/20/2018","6,917.50","6,911.75","6,927.75","6,863.00","401.04K","0.05%"
"03/19/2018","6,914.25","7,043.00","7,043.00","6,821.25","571.98K","-1.96%"
"03/16/2018","7,052.61","7,050.50","7,059.25","7,031.00","3.38K","0.09%"
"03/15/2018","7,046.50","7,036.75","7,076.75","7,003.25","56.18K","0.18%"
"03/14/2018","7,033.50","7,039.50","7,098.00","7,012.25","117.33K","-0.35%"
"03/13/2018","7,058.25","7,136.75","7,188.50","7,025.75","208.52K","-1.14%"
"03/12/2018","7,139.50","7,099.25","7,158.75","7,090.00","185.87K","0.58%"
"03/09/2018","7,098.25","6,972.00","7,103.75","6,963.00","225.67K","1.78%"
"03/08/2018","6,974.25","6,922.75","6,977.25","6,913.50","388.69K","0.72%"
"03/07/2018","6,924.50","6,858.00","6,937.00","6,798.25","498.16K","0.24%"
"03/06/2018","6,907.75","6,880.50","6,939.25","6,871.75","415.23K","0.44%"
"03/05/2018","6,877.50","6,795.75","6,904.50","6,742.50","467.87K","1.07%"
"03/02/2018","6,804.75","6,763.75","6,823.25","6,646.00","636.24K","0.65%"
"03/01/2018","6,760.75","6,879.50","6,898.75","6,689.00","793.74K","-1.52%"
"02/28/2018","6,865.00","6,913.75","6,970.50","6,857.75","461.82K","-0.73%"
"02/27/2018","6,915.75","7,003.50","7,009.00","6,904.00","498.39K","-1.20%"
"02/26/2018","7,000.00","6,918.25","7,007.50","6,890.00","297.83K","1.31%"
"02/23/2018","6,909.75","6,792.50","6,913.75","6,782.75","383.73K","1.78%"
"02/22/2018","6,788.75","6,756.50","6,831.50","6,694.75","439.68K","0.42%"
"02/21/2018","6,760.50","6,788.25","6,885.50","6,741.25","440.21K","-0.44%"
"02/20/2018","6,790.50","6,783.25","6,843.75","6,723.25","461.89K","0.06%"
"02/19/2018","6,786.25","6,802.00","6,819.25","6,759.25","","-0.24%"
"02/18/2018","6,802.50","6,781.50","6,806.00","6,781.50","","0.23%"
"02/16/2018","6,786.75","6,816.25","6,859.75","6,762.00","445.96K","-0.43%"
"02/15/2018","6,816.00","6,681.00","6,827.50","6,669.75","458.42K","1.93%"
"02/14/2018","6,687.00","6,559.50","6,692.75","6,456.25","482.30K","1.93%"
"02/13/2018","6,560.50","6,529.75","6,571.00","6,470.75","382.33K","0.44%"
"02/12/2018","6,531.75","6,434.50","6,567.50","6,414.25","406.08K","1.78%"
"02/09/2018","6,417.75","6,328.00","6,455.50","6,164.00","787.50K","1.59%"
"02/08/2018","6,317.25","6,542.00","6,618.50","6,301.00","640.59K","-3.64%"
"02/07/2018","6,555.75","6,638.00","6,717.75","6,532.00","593.45K","-1.47%"
"02/06/2018","6,653.75","6,473.00","6,677.50","6,260.25","813.42K","3.49%"
"02/05/2018","6,429.25","6,752.25","6,813.50","6,387.75","931.68K","-4.83%"
"02/02/2018","6,755.75","6,954.00","6,963.50","6,752.25","642.48K","-2.07%"
"02/01/2018","6,898.50","6,973.00","6,987.75","6,884.75","492.86K","-0.92%"
"01/31/2018","6,962.50","6,938.25","6,991.00","6,921.50","413.80K","0.30%"
"01/30/2018","6,941.50","6,991.50","7,006.50","6,902.75","524.08K","-0.73%"
"01/29/2018","6,992.50","7,030.00","7,047.25","6,980.00","407.16K","-0.54%"
"01/26/2018","7,030.25","6,938.00","7,034.50","6,934.25","326.27K","1.42%"
"01/25/2018","6,931.50","6,933.50","6,987.25","6,902.00","415.46K","0.00%"
"01/24/2018","6,931.25","6,956.50","7,004.25","6,888.25","526.39K","-0.50%"
"01/23/2018","6,965.75","6,929.75","6,981.25","6,919.75","336.20K","0.50%"
"01/22/2018","6,931.00","6,830.75","6,941.25","6,824.25","262.76K","1.25%"
"01/19/2018","6,845.75","6,816.50","6,857.00","6,801.50","324.20K","0.48%"
"01/18/2018","6,813.00","6,818.00","6,838.00","6,796.00","314.51K","-0.16%"
"01/17/2018","6,823.75","6,762.75","6,834.25","6,744.75","357.65K","0.91%"
"01/16/2018","6,762.25","6,781.50","6,845.75","6,729.25","516.27K","-0.24%"
"01/15/2018","6,778.75","6,787.50","6,798.50","6,773.00","","-0.12%"
"01/14/2018","6,787.00","6,781.50","6,789.00","6,780.50","","0.17%"
"01/12/2018","6,775.25","6,725.50","6,777.75","6,703.25","288.87K","0.72%"
"01/11/2018","6,726.50","6,676.50","6,728.75","6,664.25","228.87K","0.74%"
"01/10/2018","6,677.25","6,679.75","6,686.75","6,628.25","320.26K","-0.15%"
"01/09/2018","6,687.00","6,687.25","6,707.25","6,667.25","272.45K","-0.01%"
"01/08/2018","6,688.00","6,667.75","6,690.75","6,653.25","198.49K","0.30%"
"01/05/2018","6,667.75","6,608.00","6,671.00","6,599.75","214.94K","0.97%"
"01/04/2018","6,603.50","6,583.75","6,617.50","6,580.00","254.58K","0.29%"
"01/03/2018","6,584.50","6,513.25","6,591.25","6,511.25","223.24K","1.07%"
"01/02/2018","6,514.75","6,405.00","6,523.25","6,397.75","259.59K","1.52%"
"01/01/2018","6,417.00","6,406.00","6,417.25","6,401.75","","0.13%"
"12/29/2017","6,408.75","6,444.50","6,467.75","6,383.25","210.11K","-0.58%"
"12/28/2017","6,446.25","6,452.25","6,477.50","6,442.25","138.25K","-0.12%"
"12/27/2017","6,454.00","6,461.25","6,475.50","6,442.00","158.48K","-0.09%"
"12/26/2017","6,460.00","6,482.50","6,492.00","6,432.25","135.13K","-0.47%"
"12/25/2017","6,490.75","6,485.75","6,491.50","6,485.25","","0.11%"
"12/22/2017","6,483.75","6,489.75","6,501.75","6,467.50","154.62K","-0.13%"
"12/21/2017","6,492.25","6,486.75","6,520.75","6,476.00","211.56K","0.05%"
"12/20/2017","6,489.00","6,504.00","6,529.00","6,463.25","276.12K","-0.18%"
"12/19/2017","6,500.75","6,535.00","6,545.75","6,479.75","272.97K","-0.53%"
"12/18/2017","6,535.25","6,498.00","6,542.00","6,497.50","220.35K","1.53%"
"12/15/2017","6,436.94","6,389.50","6,500.00","6,384.00","3.86K","0.71%"
"12/14/2017","6,391.75","6,396.75","6,425.00","6,385.50","79.40K","-0.11%"
"12/13/2017","6,398.50","6,385.00","6,418.75","6,365.50","109.05K","0.22%"
"12/12/2017","6,384.25","6,404.25","6,407.75","6,371.75","134.50K","-0.21%"
"12/11/2017","6,397.50","6,343.00","6,409.75","6,339.75","148.29K","0.91%"
"12/08/2017","6,340.00","6,322.25","6,379.00","6,320.50","180.08K","0.27%"
"12/07/2017","6,323.00","6,298.00","6,335.50","6,288.75","325.35K","0.48%"
"12/06/2017","6,293.00","6,269.00","6,307.00","6,232.50","363.68K","0.34%"
"12/05/2017","6,271.75","6,255.50","6,339.75","6,231.75","443.79K","0.10%"
"12/04/2017","6,265.25","6,371.00","6,391.75","6,250.75","520.74K","-1.28%"
"12/01/2017","6,346.25","6,353.75","6,369.00","6,246.00","608.01K","-0.36%"
"11/30/2017","6,369.00","6,306.50","6,377.50","6,289.00","457.77K","1.01%"
"11/29/2017","6,305.50","6,423.50","6,428.50","6,283.00","625.76K","-1.79%"
"11/28/2017","6,420.25","6,413.25","6,429.50","6,388.75","307.33K","0.11%"
"11/27/2017","6,413.25","6,414.25","6,424.50","6,394.75","204.12K","0.00%"
"11/24/2017","6,413.50","6,388.25","6,416.00","6,375.75","118.44K","0.48%"
"11/23/2017","6,382.75","6,390.62","6,397.76","6,375.88","","-0.11%"
"11/22/2017","6,389.50","6,381.25","6,395.25","6,375.25","191.14K","0.16%"
"11/21/2017","6,379.50","6,315.75","6,385.25","6,311.25","216.03K","1.01%"
"11/20/2017","6,316.00","6,312.00","6,329.25","6,291.25","203.72K","0.04%"
"11/17/2017","6,313.25","6,342.75","6,351.75","6,308.50","275.85K","-0.44%"
"11/16/2017","6,341.00","6,264.50","6,358.50","6,260.75","339.69K","1.19%"
"11/15/2017","6,266.25","6,293.50","6,294.75","6,230.75","399.62K","-0.43%"
"11/14/2017","6,293.50","6,310.75","6,318.25","6,262.75","342.80K","-0.29%"
"11/13/2017","6,312.00","6,312.50","6,325.00","6,281.00","229.37K","0.04%"
"11/10/2017","6,309.25","6,312.75","6,321.00","6,281.00","266.73K","-0.08%"
"11/09/2017","6,314.50","6,342.25","6,351.50","6,244.75","550.27K","-0.43%"
"11/08/2017","6,341.50","6,310.50","6,345.50","6,301.50","218.25K","0.40%"
"11/07/2017","6,316.00","6,311.50","6,331.50","6,296.25","284.16K","0.04%"
"11/06/2017","6,313.50","6,285.25","6,317.50","6,268.00","218.39K","0.37%"
"11/03/2017","6,290.50","6,252.50","6,296.75","6,236.00","301.69K","0.88%"
"11/02/2017","6,235.75","6,230.00","6,263.00","6,192.50","356.53K","-0.08%"
"11/01/2017","6,240.75","6,249.75","6,284.50","6,223.50","346.06K","-0.14%"
"10/31/2017","6,249.75","6,221.75","6,258.75","6,219.25","239.13K","0.41%"
"10/30/2017","6,224.25","6,209.50","6,251.50","6,202.25","360.34K","0.14%"
"10/27/2017","6,215.25","6,092.00","6,225.75","6,078.75","435.84K","2.14%"
"10/26/2017","6,084.75","6,065.00","6,096.25","6,035.00","320.28K","0.33%"
"10/25/2017","6,064.50","6,073.50","6,087.50","6,011.00","436.67K","-0.25%"
"10/24/2017","6,079.50","6,064.75","6,092.50","6,057.00","235.53K","0.24%"
"10/23/2017","6,064.75","6,109.50","6,128.00","6,060.50","247.88K","-0.76%"
"10/20/2017","6,111.00","6,097.75","6,129.50","6,090.50","222.22K","0.22%"
"10/19/2017","6,097.75","6,121.25","6,121.75","6,051.25","332.21K","-0.35%"
"10/18/2017","6,119.25","6,122.25","6,132.75","6,108.00","180.41K","-0.07%"
"10/17/2017","6,123.75","6,119.75","6,125.50","6,105.00","154.43K","0.06%"
"10/16/2017","6,120.25","6,101.50","6,121.50","6,098.00","167.59K","0.34%"
"10/13/2017","6,099.75","6,073.00","6,104.00","6,068.50","178.53K","0.41%"
"10/12/2017","6,074.75","6,083.50","6,097.00","6,066.50","200.08K","-0.13%"
"10/11/2017","6,082.50","6,064.50","6,086.00","6,053.25","180.90K","0.28%"
"10/10/2017","6,065.25","6,062.25","6,088.50","6,039.00","238.96K","0.01%"
"10/09/2017","6,064.50","6,062.50","6,084.00","6,054.75","155.75K","0.00%"
"10/06/2017","6,064.25","6,062.25","6,071.50","6,037.50","232.61K","-0.02%"
"10/05/2017","6,065.75","6,005.00","6,068.00","6,001.00","254.72K","1.03%"
"10/04/2017","6,004.00","5,999.00","6,015.50","5,979.50","236.71K","0.10%"
"10/03/2017","5,998.00","5,985.50","6,004.75","5,978.75","207.90K","0.29%"
"10/02/2017","5,980.50","5,984.00","6,009.75","5,958.50","269.52K","-0.03%"
"09/29/2017","5,982.50","5,939.25","5,985.50","5,933.00","275.66K","0.74%"
"09/28/2017","5,938.50","5,936.00","5,948.25","5,911.25","268.10K","-0.04%"
"09/27/2017","5,941.00","5,889.75","5,963.00","5,886.50","349.28K","0.82%"
"09/26/2017","5,892.50","5,878.75","5,912.50","5,862.75","343.47K","0.27%"
"09/25/2017","5,876.50","5,930.75","5,954.25","5,842.00","447.83K","-1.00%"
"09/22/2017","5,935.75","5,944.25","5,945.50","5,911.00","272.65K","-0.16%"
"09/21/2017","5,945.25","5,976.00","5,980.25","5,919.25","343.40K","-0.56%"
"09/20/2017","5,978.50","5,997.00","6,000.50","5,930.50","347.50K","-0.31%"
"09/19/2017","5,997.00","5,989.75","6,004.75","5,975.00","212.48K","0.17%"
"09/18/2017","5,986.75","5,999.25","6,018.25","5,967.25","235.72K","0.22%"
"09/15/2017","5,973.85","5,965.25","5,978.25","5,945.25","7.73K","0.13%"
"09/14/2017","5,966.25","6,001.75","6,002.50","5,963.50","72.48K","-0.60%"
"09/13/2017","6,002.00","5,999.00","6,005.25","5,975.50","76.18K","0.09%"
"09/12/2017","5,996.50","5,981.25","6,004.00","5,967.50","125.61K","0.23%"
"09/11/2017","5,982.50","5,928.75","5,991.75","5,928.75","160.00K","1.12%"
"09/08/2017","5,916.25","5,969.25","5,972.00","5,907.50","190.96K","-0.90%"
"09/07/2017","5,970.00","5,952.00","5,981.50","5,932.25","301.53K","0.25%"
"09/06/2017","5,955.00","5,943.50","5,965.75","5,909.25","335.78K","0.27%"
"09/05/2017","5,939.25","5,956.50","5,984.75","5,889.50","485.65K","-0.69%"
"09/04/2017","5,980.50","5,959.62","5,982.00","5,946.88","","0.33%"
"09/03/2017","5,960.75","5,956.50","5,967.38","5,955.62","","-0.46%"
"09/01/2017","5,988.25","5,994.00","6,019.75","5,973.25","229.86K","-0.04%"
"08/31/2017","5,990.75","5,936.25","5,998.00","5,932.50","273.83K","0.94%"
"08/30/2017","5,935.00","5,869.75","5,944.00","5,862.50","273.97K","1.11%"
"08/29/2017","5,869.75","5,820.00","5,875.50","5,777.25","334.34K","0.43%"
"08/28/2017","5,844.75","5,819.75","5,856.00","5,801.25","216.42K","0.34%"
"08/25/2017","5,825.00","5,845.25","5,874.00","5,816.50","300.17K","-0.27%"
"08/24/2017","5,840.50","5,845.75","5,874.25","5,803.25","372.77K","-0.13%"
"08/23/2017","5,848.00","5,878.25","5,884.00","5,841.50","301.68K","-0.52%"
"08/22/2017","5,878.50","5,795.25","5,882.25","5,794.25","307.90K","1.46%"
"08/21/2017","5,794.00","5,805.00","5,816.75","5,752.25","360.38K","-0.12%"
"08/18/2017","5,801.25","5,792.25","5,835.00","5,772.50","443.31K","0.02%"
"08/17/2017","5,800.25","5,920.00","5,923.75","5,786.50","511.90K","-2.08%"
"08/16/2017","5,923.50","5,915.25","5,949.50","5,902.00","293.91K","0.19%"
"08/15/2017","5,912.00","5,913.50","5,945.00","5,895.50","249.83K","0.03%"
"08/14/2017","5,910.00","5,837.25","5,916.75","5,837.25","261.54K","1.23%"
"08/11/2017","5,838.25","5,769.00","5,845.75","5,761.00","394.75K","0.84%"
"08/10/2017","5,789.75","5,922.50","5,923.00","5,767.25","548.17K","-2.24%"
"08/09/2017","5,922.50","5,913.25","5,924.50","5,861.75","377.65K","0.08%"
"08/08/2017","5,918.00","5,935.00","5,972.75","5,907.50","305.08K","-0.27%"
"08/07/2017","5,934.00","5,900.00","5,937.75","5,898.00","165.20K","0.61%"
"08/04/2017","5,898.00","5,889.00","5,912.00","5,874.25","256.73K","0.14%"
"08/03/2017","5,890.00","5,911.25","5,924.50","5,877.25","289.42K","-0.35%"
"08/02/2017","5,910.75","5,933.00","5,947.50","5,856.25","389.62K","0.37%"
"08/01/2017","5,889.25","5,884.50","5,931.25","5,875.50","229.01K","0.11%"
"07/31/2017","5,882.50","5,910.00","5,933.50","5,870.25","280.48K","-0.47%"
"07/28/2017","5,910.25","5,909.00","5,918.25","5,850.00","338.48K","0.01%"
"07/27/2017","5,909.50","5,961.00","5,995.75","5,844.75","539.45K","-0.65%"
"07/26/2017","5,948.00","5,933.75","5,958.00","5,927.00","190.19K","0.24%"
"07/25/2017","5,933.75","5,925.25","5,946.25","5,915.75","237.10K","0.00%"
"07/24/2017","5,934.00","5,919.25","5,954.75","5,905.00","195.02K","0.26%"
"07/21/2017","5,918.75","5,930.75","5,931.25","5,890.50","254.48K","-0.11%"
"07/20/2017","5,925.25","5,919.50","5,938.50","5,897.00","265.35K","0.12%"
"07/19/2017","5,918.25","5,895.50","5,925.00","5,889.00","233.29K","0.60%"
"07/18/2017","5,882.75","5,858.25","5,898.50","5,820.25","246.04K","0.47%"
"07/17/2017","5,855.00","5,843.50","5,863.75","5,831.25","217.89K","0.20%"
"07/14/2017","5,843.25","5,799.50","5,847.75","5,787.75","230.87K","0.79%"
"07/13/2017","5,797.50","5,786.75","5,812.00","5,777.25","240.96K","0.20%"
"07/12/2017","5,785.75","5,719.50","5,790.00","5,712.75","262.33K","1.15%"
"07/11/2017","5,720.00","5,692.00","5,722.50","5,667.50","283.45K","0.46%"
"07/10/2017","5,694.00","5,663.00","5,711.50","5,650.00","241.36K","0.68%"
"07/07/2017","5,655.75","5,598.50","5,676.50","5,591.50","266.77K","1.05%"
"07/06/2017","5,596.75","5,650.50","5,652.75","5,580.00","370.74K","-0.97%"
"07/05/2017","5,651.50","5,591.25","5,667.75","5,560.25","392.30K","1.33%"
"07/04/2017","5,577.25","5,589.12","5,618.25","5,560.75","","-0.21%"
"07/03/2017","5,589.25","5,658.00","5,690.75","5,581.25","232.66K","-1.12%"
"06/30/2017","5,652.75","5,648.25","5,686.50","5,623.50","336.51K","0.00%"
"06/29/2017","5,653.00","5,766.25","5,776.00","5,601.00","604.72K","-1.92%"
"06/28/2017","5,763.50","5,673.75","5,768.75","5,632.00","396.60K","1.53%"
"06/27/2017","5,676.50","5,780.75","5,784.00","5,669.00","418.00K","-1.76%"
"06/26/2017","5,778.25","5,803.00","5,852.00","5,768.00","311.74K","-0.58%"
"06/23/2017","5,812.25","5,785.50","5,815.50","5,763.00","213.55K","0.46%"
"06/22/2017","5,785.75","5,793.25","5,814.50","5,770.75","233.02K","-0.18%"
"06/21/2017","5,796.00","5,728.25","5,796.50","5,699.00","319.20K","1.10%"
"06/20/2017","5,732.75","5,766.75","5,784.00","5,729.00","301.24K","-0.58%"
"06/19/2017","5,766.00","5,694.25","5,782.50","5,683.25","271.97K","1.12%"
"06/16/2017","5,702.27","5,701.50","5,720.00","5,685.00","4.94K","0.00%"
"06/15/2017","5,702.50","5,722.75","5,724.50","5,633.75","64.52K","-0.40%"
"06/14/2017","5,725.25","5,752.25","5,780.00","5,680.00","120.81K","-0.45%"
"06/13/2017","5,751.25","5,713.25","5,760.25","5,706.75","144.81K","0.70%"
"06/12/2017","5,711.00","5,740.50","5,746.50","5,634.50","260.18K","-0.51%"
"06/09/2017","5,740.50","5,872.50","5,898.75","5,660.25","425.29K","-2.46%"
"06/08/2017","5,885.00","5,877.75","5,897.75","5,853.50","266.47K","0.09%"
"06/07/2017","5,879.75","5,862.25","5,884.75","5,845.75","274.94K","0.28%"
"06/06/2017","5,863.25","5,880.25","5,893.25","5,848.50","257.09K","-0.30%"
"06/05/2017","5,880.75","5,878.25","5,891.25","5,872.75","177.41K","-0.09%"
"06/02/2017","5,886.00","5,823.75","5,886.75","5,822.00","298.21K","1.10%"
"06/01/2017","5,822.00","5,804.75","5,824.00","5,780.50","266.07K","0.50%"
"05/31/2017","5,793.25","5,792.50","5,819.25","5,763.75","332.65K","0.02%"
"05/30/2017","5,792.00","5,793.00","5,803.50","5,778.25","197.72K","-0.03%"
"05/29/2017","5,793.62","5,798.50","5,801.88","5,792.50","","-0.08%"
"05/28/2017","5,798.38","5,794.38","5,803.00","5,792.88","","0.11%"
"05/26/2017","5,792.25","5,781.25","5,796.50","5,772.75","163.40K","0.18%"
"05/25/2017","5,782.00","5,731.50","5,795.50","5,731.25","239.94K","0.89%"
"05/24/2017","5,731.25","5,709.50","5,734.50","5,705.25","191.51K","0.35%"
"05/23/2017","5,711.50","5,701.50","5,718.50","5,688.50","219.01K","0.17%"
"05/22/2017","5,702.00","5,652.75","5,704.25","5,648.75","198.20K","0.86%"
"05/19/2017","5,653.25","5,631.50","5,676.50","5,622.00","292.20K","0.40%"
"05/18/2017","5,630.50","5,575.50","5,648.50","5,550.50","522.26K","0.93%"
"05/17/2017","5,578.75","5,723.50","5,724.00","5,574.75","506.88K","-2.54%"
"05/16/2017","5,724.25","5,705.00","5,727.25","5,696.25","183.42K","0.40%"
"05/15/2017","5,701.25","5,689.50","5,706.50","5,682.50","180.92K","0.22%"
"05/12/2017","5,689.00","5,670.00","5,689.75","5,656.50","186.83K","0.32%"
"05/11/2017","5,670.75","5,674.75","5,676.25","5,636.25","238.81K","-0.08%"
"05/10/2017","5,675.50","5,678.50","5,679.75","5,658.25","174.08K","-0.01%"
"05/09/2017","5,676.25","5,654.25","5,687.75","5,650.75","194.00K","0.37%"
"05/08/2017","5,655.50","5,658.25","5,660.50","5,634.50","164.35K","0.13%"
"05/05/2017","5,648.25","5,627.00","5,649.50","5,612.50","166.26K","0.40%"
"05/04/2017","5,625.75","5,609.00","5,634.00","5,603.75","223.46K","0.22%"
"05/03/2017","5,613.25","5,621.00","5,631.00","5,606.00","206.43K","-0.47%"
"05/02/2017","5,639.75","5,629.00","5,641.75","5,622.50","169.05K","0.16%"
"05/01/2017","5,630.75","5,581.00","5,637.25","5,573.50","166.03K","0.90%"
"04/28/2017","5,580.50","5,584.50","5,597.75","5,571.75","185.94K","-0.19%"
"04/27/2017","5,591.00","5,535.25","5,599.00","5,534.25","194.73K","0.99%"
"04/26/2017","5,536.25","5,546.75","5,562.50","5,535.00","221.75K","-0.22%"
"04/25/2017","5,548.25","5,502.00","5,557.25","5,499.00","172.85K","0.80%"
"04/24/2017","5,504.00","5,471.00","5,512.75","5,471.00","212.52K","1.14%"
"04/21/2017","5,442.00","5,445.00","5,454.75","5,427.50","193.76K","-0.01%"
"04/20/2017","5,442.75","5,398.00","5,454.75","5,394.50","231.39K","0.83%"
"04/19/2017","5,397.75","5,389.75","5,430.75","5,388.75","213.58K","0.16%"
"04/18/2017","5,389.25","5,397.50","5,405.25","5,375.50","246.22K","-0.11%"
"04/17/2017","5,395.25","5,352.75","5,399.50","5,347.75","148.63K","0.68%"
"04/13/2017","5,359.00","5,369.00","5,399.50","5,347.50","278.78K","-0.26%"
"04/12/2017","5,372.75","5,402.75","5,412.75","5,369.00","251.11K","-0.54%"
"04/11/2017","5,401.75","5,426.75","5,429.25","5,358.00","332.14K","-0.38%"
"04/10/2017","5,422.25","5,420.75","5,443.75","5,405.75","197.53K","0.02%"
"04/07/2017","5,421.25","5,426.75","5,436.00","5,382.75","243.81K","-0.03%"
"04/06/2017","5,422.75","5,414.00","5,437.25","5,390.00","287.87K","0.12%"
"04/05/2017","5,416.25","5,447.00","5,481.25","5,409.00","301.13K","-0.51%"
"04/04/2017","5,444.00","5,432.75","5,448.00","5,406.75","195.12K","0.17%"
"04/03/2017","5,434.50","5,436.75","5,455.00","5,403.25","264.74K","-0.07%"
"03/31/2017","5,438.50","5,440.75","5,452.75","5,421.00","166.66K","0.02%"
"03/30/2017","5,437.50","5,436.00","5,451.00","5,426.50","163.12K","0.03%"
"03/29/2017","5,436.00","5,409.00","5,437.50","5,404.75","173.94K","0.57%"
"03/28/2017","5,405.00","5,382.50","5,424.75","5,363.50","245.03K","0.48%"
"03/27/2017","5,379.00","5,360.00","5,385.75","5,317.25","276.50K","0.00%"
"03/24/2017","5,378.75","5,357.00","5,395.00","5,347.50","294.98K","0.45%"
"03/23/2017","5,354.50","5,365.50","5,378.50","5,347.25","269.77K","-0.21%"
"03/22/2017","5,365.75","5,334.25","5,376.25","5,315.00","335.87K","0.52%"
"03/21/2017","5,338.25","5,415.75","5,441.00","5,330.00","414.74K","-1.48%"
"03/20/2017","5,418.50","5,407.25","5,428.00","5,396.00","144.69K","-0.13%"
"03/17/2017","5,425.34","5,411.75","5,423.00","5,405.75","3.80K","0.23%"
"03/16/2017","5,413.00","5,412.25","5,440.00","5,398.75","35.58K","-0.04%"
"03/15/2017","5,415.25","5,380.50","5,427.25","5,376.00","63.83K","0.63%"
"03/14/2017","5,381.50","5,394.50","5,396.75","5,360.00","92.07K","-0.26%"
"03/13/2017","5,395.50","5,381.00","5,396.50","5,371.75","85.36K","0.25%"
"03/10/2017","5,382.00","5,370.00","5,395.25","5,363.00","159.75K","0.28%"
"03/09/2017","5,366.75","5,362.25","5,372.00","5,335.50","249.23K","0.07%"
"03/08/2017","5,363.00","5,350.00","5,377.25","5,333.75","221.62K","0.25%"
"03/07/2017","5,349.75","5,354.75","5,374.25","5,341.50","180.79K","-0.21%"
"03/06/2017","5,361.00","5,369.00","5,374.50","5,339.00","166.73K","-0.20%"
"03/03/2017","5,372.00","5,358.75","5,373.50","5,344.25","176.73K","0.14%"
"03/02/2017","5,364.75","5,382.75","5,393.75","5,356.25","206.02K","-0.39%"
"03/01/2017","5,386.00","5,334.50","5,400.00","5,332.00","241.77K","1.01%"
"02/28/2017","5,332.25","5,345.00","5,350.00","5,317.00","168.04K","-0.29%"
"02/27/2017","5,347.50","5,340.00","5,352.50","5,323.25","153.78K","0.08%"
"02/24/2017","5,343.25","5,329.25","5,344.50","5,299.00","211.94K","0.21%"
"02/23/2017","5,332.00","5,352.50","5,361.25","5,310.75","240.39K","-0.36%"
"02/22/2017","5,351.00","5,345.50","5,355.50","5,336.25","156.58K","0.14%"
"02/21/2017","5,343.75","5,323.50","5,353.75","5,320.50","192.76K","0.10%"
"02/20/2017","5,338.38","5,322.13","5,345.63","5,320.62","","0.30%"
"02/19/2017","5,322.38","5,323.88","5,325.13","5,321.25","","-0.06%"
"02/17/2017","5,325.75","5,300.25","5,328.75","5,286.75","170.81K","0.48%"
"02/16/2017","5,300.50","5,313.00","5,317.00","5,288.50","209.93K","-0.18%"
"02/15/2017","5,310.00","5,274.50","5,313.50","5,265.25","168.26K","0.64%"
"02/14/2017","5,276.00","5,259.25","5,278.00","5,239.75","166.90K","0.32%"
"02/13/2017","5,259.25","5,229.25","5,261.50","5,226.75","144.52K","0.62%"
"02/10/2017","5,226.75","5,211.25","5,232.50","5,209.75","147.03K","0.28%"
"02/09/2017","5,212.25","5,189.75","5,219.25","5,186.25","157.90K","0.40%"
"02/08/2017","5,191.25","5,175.00","5,197.00","5,163.50","166.26K","0.28%"
"02/07/2017","5,176.75","5,157.00","5,192.00","5,154.25","164.42K","0.37%"
"02/06/2017","5,157.75","5,157.25","5,163.50","5,140.25","145.40K","0.05%"
"02/03/2017","5,155.00","5,129.50","5,162.25","5,119.75","181.44K","0.47%"
"02/02/2017","5,131.00","5,147.75","5,157.50","5,119.50","209.88K","-0.34%"
"02/01/2017","5,148.50","5,132.00","5,158.25","5,123.00","237.36K","0.70%"
"01/31/2017","5,112.75","5,123.50","5,135.00","5,083.25","214.70K","-0.23%"
"01/30/2017","5,124.50","5,146.25","5,154.50","5,094.50","249.34K","-0.74%"
"01/27/2017","5,162.50","5,144.25","5,167.50","5,139.25","138.34K","0.29%"
"01/26/2017","5,147.75","5,148.25","5,168.50","5,141.75","173.38K","0.02%"
"01/25/2017","5,146.50","5,100.00","5,150.00","5,099.75","153.21K","0.99%"
"01/24/2017","5,096.25","5,063.75","5,104.00","5,060.00","141.58K","0.65%"
"01/23/2017","5,063.50","5,059.00","5,069.75","5,030.25","181.15K","0.10%"
"01/20/2017","5,058.25","5,055.50","5,083.00","5,044.75","216.18K","0.09%"
"01/19/2017","5,053.50","5,053.25","5,074.75","5,036.50","185.60K","-0.02%"
"01/18/2017","5,054.50","5,040.50","5,057.25","5,034.00","159.69K","0.28%"
"01/17/2017","5,040.25","5,056.25","5,059.00","5,025.00","198.10K","-0.23%"
"01/16/2017","5,051.63","5,050.75","5,055.63","5,044.12","","0.01%"
"01/15/2017","5,050.88","5,057.75","5,057.75","5,049.12","","-0.20%"
"01/13/2017","5,061.25","5,035.25","5,063.25","5,035.25","136.61K","0.53%"
"01/12/2017","5,034.75","5,044.50","5,044.75","4,990.25","212.32K","-0.23%"
"01/11/2017","5,046.50","5,032.75","5,048.25","5,007.50","218.75K","0.30%"
"01/10/2017","5,031.25","5,022.00","5,047.00","5,007.25","153.77K","0.18%"
"01/09/2017","5,022.00","5,004.50","5,029.50","5,002.50","148.11K","0.36%"
"01/06/2017","5,004.00","4,962.50","5,017.50","4,952.50","183.32K","0.85%"
"01/05/2017","4,962.00","4,934.75","4,964.25","4,920.50","169.57K","0.58%"
"01/04/2017","4,933.50","4,906.50","4,942.50","4,903.00","171.95K","0.56%"
"01/03/2017","4,906.25","4,876.75","4,927.50","4,876.75","215.98K","0.37%"
"01/02/2017","4,888.12","4,885.62","4,892.00","4,885.62","","0.50%"
"12/30/2016","4,864.00","4,920.50","4,940.00","4,850.00","197.66K","-1.11%"
"12/29/2016","4,918.50","4,923.75","4,933.50","4,901.25","121.56K","-0.11%"
"12/28/2016","4,923.75","4,961.25","4,979.25","4,920.25","136.66K","-0.76%"
"12/27/2016","4,961.25","4,942.00","4,994.50","4,940.00","100.37K","0.37%"
"12/26/2016","4,942.88","4,942.12","4,944.38","4,940.75","","0.01%"
"12/23/2016","4,942.25","4,933.75","4,943.75","4,922.75","69.06K","0.12%"
"12/22/2016","4,936.50","4,948.00","4,953.00","4,917.00","110.52K","-0.26%"
"12/21/2016","4,949.50","4,956.00","4,960.00","4,939.25","90.65K","-0.13%"
"12/20/2016","4,956.00","4,939.50","4,963.25","4,938.50","109.98K","0.35%"
"12/19/2016","4,938.75","4,915.75","4,966.25","4,912.50","146.14K","-0.31%"
"12/16/2016","4,954.19","4,938.00","4,948.25","4,930.25","3.75K","0.40%"
"12/15/2016","4,934.50","4,928.50","4,960.75","4,917.50","48.31K","0.06%"
"12/14/2016","4,931.75","4,939.50","4,956.50","4,910.25","74.02K","-0.12%"
"12/13/2016","4,937.75","4,867.00","4,962.00","4,861.50","131.86K","1.44%"
"12/12/2016","4,867.75","4,899.00","4,917.00","4,852.50","124.20K","-0.53%"
"12/09/2016","4,893.75","4,861.25","4,897.50","4,852.50","133.17K","0.63%"
"12/08/2016","4,863.00","4,844.50","4,869.50","4,836.00","225.78K","0.44%"
"12/07/2016","4,841.75","4,788.75","4,854.75","4,763.50","232.69K","1.15%"
"12/06/2016","4,786.75","4,780.75","4,796.50","4,767.75","185.12K","0.13%"
"12/05/2016","4,780.50","4,719.00","4,795.75","4,701.50","207.43K","0.89%"
"12/02/2016","4,738.50","4,735.50","4,759.00","4,707.25","235.33K","0.04%"
"12/01/2016","4,736.50","4,819.00","4,827.50","4,722.75","291.38K","-1.65%"
"11/30/2016","4,816.00","4,872.50","4,885.50","4,812.50","231.49K","-1.21%"
"11/29/2016","4,875.00","4,861.00","4,897.75","4,847.50","175.92K","0.29%"
"11/28/2016","4,861.00","4,864.25","4,879.75","4,842.75","143.19K","-0.15%"
"11/25/2016","4,868.50","4,850.50","4,870.00","4,839.50","75.49K","0.21%"
"11/24/2016","4,858.50","4,848.25","4,862.62","4,839.38","","0.19%"
"11/23/2016","4,849.50","4,877.25","4,882.50","4,830.25","159.65K","-0.52%"
"11/22/2016","4,874.75","4,858.00","4,884.75","4,857.00","157.47K","0.43%"
"11/21/2016","4,854.00","4,813.50","4,862.00","4,803.25","167.54K","0.95%"
"11/18/2016","4,808.50","4,828.75","4,840.50","4,803.00","168.80K","-0.41%"
"11/17/2016","4,828.50","4,781.50","4,831.50","4,778.00","190.17K","0.95%"
"11/16/2016","4,783.25","4,765.00","4,794.75","4,736.25","195.71K","0.36%"
"11/15/2016","4,766.00","4,692.75","4,779.25","4,688.00","238.49K","1.52%"
"11/14/2016","4,694.50","4,753.00","4,784.50","4,672.75","285.04K","-1.13%"
"11/11/2016","4,748.00","4,741.75","4,758.00","4,681.75","324.94K","0.09%"
"11/10/2016","4,743.75","4,817.50","4,879.75","4,679.25","555.10K","-1.59%"
"11/09/2016","4,820.50","4,807.25","4,837.50","4,558.50","719.50K","0.38%"
"11/08/2016","4,802.25","4,777.50","4,822.50","4,752.75","219.99K","0.55%"
"11/07/2016","4,775.75","4,709.75","4,781.75","4,709.75","223.77K","2.53%"
"11/04/2016","4,657.75","4,671.25","4,695.50","4,651.25","264.05K","-0.36%"
"11/03/2016","4,674.50","4,700.00","4,729.50","4,668.25","280.60K","-0.90%"
"11/02/2016","4,716.75","4,754.50","4,768.50","4,708.25","300.31K","-0.85%"
"11/01/2016","4,757.25","4,802.75","4,817.00","4,718.75","307.81K","-0.82%"
"10/31/2016","4,796.75","4,795.25","4,830.00","4,788.25","199.17K","-0.19%"
"10/28/2016","4,806.00","4,818.25","4,843.25","4,786.50","325.15K","-0.02%"
"10/27/2016","4,807.00","4,852.00","4,880.25","4,804.25","261.34K","-0.96%"
"10/26/2016","4,853.75","4,874.00","4,881.75","4,839.50","234.12K","-0.66%"
"10/25/2016","4,886.00","4,906.25","4,919.50","4,873.50","184.98K","-0.34%"
"10/24/2016","4,902.75","4,847.25","4,908.75","4,842.75","182.26K","1.23%"
"10/21/2016","4,843.25","4,844.25","4,849.00","4,814.75","188.66K","-0.01%"
"10/20/2016","4,843.75","4,828.25","4,847.25","4,798.75","248.12K","0.28%"
"10/19/2016","4,830.25","4,823.75","4,840.25","4,811.00","148.34K","0.07%"
"10/18/2016","4,827.00","4,802.25","4,856.75","4,799.75","205.55K","0.49%"
"10/17/2016","4,803.25","4,803.50","4,810.50","4,781.00","179.67K","-0.02%"
"10/14/2016","4,804.25","4,796.00","4,841.00","4,786.25","237.88K","0.17%"
"10/13/2016","4,796.00","4,804.75","4,813.00","4,754.50","297.94K","-0.36%"
"10/12/2016","4,813.50","4,822.25","4,842.00","4,800.25","234.22K","-0.28%"
"10/11/2016","4,827.00","4,892.00","4,897.25","4,798.00","316.60K","-1.35%"
"10/10/2016","4,893.25","4,868.00","4,901.50","4,862.25","159.24K","0.70%"
"10/07/2016","4,859.00","4,870.25","4,883.75","4,834.75","281.21K","-0.27%"
"10/06/2016","4,872.00","4,874.00","4,881.00","4,845.50","187.20K","-0.03%"
"10/05/2016","4,873.50","4,856.50","4,888.50","4,849.25","182.96K","0.33%"
"10/04/2016","4,857.50","4,866.75","4,888.00","4,836.25","276.98K","-0.17%"
"10/03/2016","4,865.75","4,867.25","4,879.50","4,842.75","177.13K","-0.09%"
"09/30/2016","4,870.25","4,839.25","4,885.50","4,811.75","248.15K","0.54%"
"09/29/2016","4,844.25","4,866.75","4,876.50","4,812.50","306.34K","-0.49%"
"09/28/2016","4,868.25","4,857.50","4,873.25","4,844.75","208.68K","0.15%"
"09/27/2016","4,860.75","4,813.75","4,864.50","4,800.75","227.16K","0.95%"
"09/26/2016","4,815.00","4,852.00","4,859.50","4,807.50","209.59K","-0.85%"
"09/23/2016","4,856.50","4,887.25","4,889.75","4,848.25","197.32K","-0.61%"
"09/22/2016","4,886.25","4,849.00","4,892.25","4,842.75","196.51K","0.75%"
"09/21/2016","4,850.00","4,800.00","4,854.50","4,788.50","291.23K","1.07%"
"09/20/2016","4,798.50","4,796.75","4,820.50","4,790.00","195.03K","0.09%"
"09/19/2016","4,794.25","4,814.75","4,841.75","4,782.50","235.03K","-0.53%"
"09/16/2016","4,820.03","4,813.25","4,828.75","4,799.00","5.82K","0.05%"
"09/15/2016","4,817.75","4,734.00","4,826.75","4,720.50","61.73K","1.80%"
"09/14/2016","4,732.50","4,732.75","4,771.00","4,724.00","77.62K","0.10%"
"09/13/2016","4,727.75","4,763.25","4,764.75","4,699.25","142.82K","-0.82%"
"09/12/2016","4,766.75","4,671.00","4,772.00","4,629.00","178.34K","2.05%"
"09/09/2016","4,671.00","4,796.00","4,798.00","4,665.00","265.15K","-2.61%"
"09/08/2016","4,796.00","4,827.75","4,837.00","4,789.50","251.33K","-0.68%"
"09/07/2016","4,828.75","4,830.25","4,839.50","4,812.50","193.46K","0.03%"
"09/06/2016","4,827.50","4,801.25","4,831.50","4,782.25","208.19K","0.75%"
"09/05/2016","4,791.50","4,801.12","4,805.75","4,782.25","","-0.20%"
"09/04/2016","4,801.25","4,800.88","4,802.88","4,797.00","","0.13%"
"09/02/2016","4,795.25","4,777.50","4,817.75","4,774.25","227.92K","0.37%"
"09/01/2016","4,777.50","4,774.00","4,795.25","4,749.50","248.35K","0.08%"
"08/31/2016","4,773.75","4,778.25","4,779.25","4,751.50","198.48K","-0.05%"
"08/30/2016","4,776.00","4,795.00","4,798.50","4,759.75","186.26K","-0.36%"
"08/29/2016","4,793.25","4,786.00","4,805.75","4,774.00","146.93K","0.16%"
"08/26/2016","4,785.75","4,783.50","4,817.50","4,757.25","281.26K","0.07%"
"08/25/2016","4,782.25","4,786.50","4,794.00","4,768.25","194.39K","-0.08%"
"08/24/2016","4,786.25","4,818.50","4,823.50","4,770.75","190.47K","-0.64%"
"08/23/2016","4,817.00","4,809.25","4,836.75","4,807.75","160.45K","0.11%"
"08/22/2016","4,811.75","4,809.25","4,818.00","4,789.50","196.40K","0.10%"
"08/19/2016","4,807.00","4,808.00","4,816.75","4,785.00","194.62K","-0.03%"
"08/18/2016","4,808.50","4,808.25","4,814.00","4,792.75","149.00K","0.09%"
"08/17/2016","4,804.00","4,800.75","4,809.75","4,772.00","197.78K","0.11%"
"08/16/2016","4,798.50","4,822.75","4,824.50","4,796.50","156.06K","-0.50%"
"08/15/2016","4,822.75","4,806.75","4,835.25","4,805.00","130.17K","0.39%"
"08/12/2016","4,804.25","4,800.00","4,806.75","4,787.00","131.96K","0.09%"
"08/11/2016","4,800.00","4,782.25","4,811.00","4,775.75","147.60K","0.39%"
"08/10/2016","4,781.50","4,793.50","4,800.25","4,767.25","141.48K","-0.21%"
"08/09/2016","4,791.75","4,780.50","4,807.75","4,777.50","134.34K","0.26%"
"08/08/2016","4,779.25","4,784.75","4,800.75","4,766.25","131.56K","-0.08%"
"08/05/2016","4,783.00","4,745.00","4,797.75","4,742.50","178.01K","0.83%"
"08/04/2016","4,743.75","4,726.50","4,747.00","4,715.00","167.88K","0.33%"
"08/03/2016","4,728.25","4,713.25","4,729.25","4,698.00","168.46K","0.30%"
"08/02/2016","4,714.25","4,749.25","4,759.50","4,681.75","260.93K","-0.64%"
"08/01/2016","4,744.50","4,737.50","4,760.25","4,721.00","199.52K","0.38%"
"07/29/2016","4,726.75","4,731.75","4,736.50","4,709.00","205.93K","0.15%"
"07/28/2016","4,719.75","4,710.25","4,732.00","4,689.50","220.00K","0.25%"
"07/27/2016","4,707.75","4,691.25","4,714.00","4,676.75","228.53K","0.94%"
"07/26/2016","4,663.75","4,658.50","4,688.25","4,641.00","205.85K","0.21%"
"07/25/2016","4,653.75","4,659.25","4,669.50","4,643.50","144.76K","-0.08%"
"07/22/2016","4,657.25","4,638.50","4,664.50","4,628.50","147.97K","0.41%"
"07/21/2016","4,638.25","4,654.00","4,662.25","4,626.75","181.96K","-0.26%"
"07/20/2016","4,650.50","4,609.00","4,659.00","4,597.75","179.22K","0.96%"
"07/19/2016","4,606.50","4,609.50","4,611.25","4,588.25","162.37K","-0.04%"
"07/18/2016","4,608.25","4,580.00","4,621.75","4,577.00","174.58K","0.63%"
"07/15/2016","4,579.25","4,585.00","4,603.50","4,550.25","169.37K","-0.23%"
"07/14/2016","4,590.00","4,561.00","4,608.25","4,553.50","191.87K","0.63%"
"07/13/2016","4,561.25","4,571.75","4,584.50","4,558.50","183.87K","-0.19%"
"07/12/2016","4,569.75","4,552.75","4,582.00","4,546.75","186.98K","0.45%"
"07/11/2016","4,549.50","4,519.50","4,563.50","4,515.75","181.19K","0.71%"
"07/08/2016","4,517.25","4,451.75","4,523.25","4,439.75","230.85K","1.46%"
"07/07/2016","4,452.25","4,434.75","4,461.25","4,427.50","184.87K","0.29%"
"07/06/2016","4,439.50","4,406.00","4,440.50","4,365.75","252.77K","0.81%"
"07/05/2016","4,404.00","4,438.75","4,451.50","4,377.50","200.64K","-0.71%"
"07/04/2016","4,435.38","4,427.38","4,451.50","4,426.25","","0.20%"
"07/03/2016","4,426.62","4,438.12","4,439.00","4,426.62","","-0.15%"
"07/01/2016","4,433.25","4,397.00","4,446.25","4,386.25","176.59K","0.60%"
"06/30/2016","4,407.00","4,375.00","4,410.50","4,338.50","242.97K","1.01%"
"06/29/2016","4,362.75","4,281.25","4,380.00","4,268.25","258.78K","1.91%"
"06/28/2016","4,281.00","4,176.25","4,284.50","4,176.00","257.13K","2.47%"
"06/27/2016","4,178.00","4,250.00","4,267.75","4,167.75","409.41K","-1.98%"
"06/24/2016","4,262.25","4,482.75","4,494.00","4,234.50","487.74K","-4.49%"
"06/23/2016","4,462.50","4,409.75","4,479.25","4,408.00","194.79K","1.55%"
"06/22/2016","4,394.50","4,397.25","4,434.00","4,391.00","188.82K","-0.13%"
"06/21/2016","4,400.25","4,398.50","4,415.75","4,388.25","193.00K","0.23%"
"06/20/2016","4,390.00","4,383.00","4,436.75","4,383.00","193.78K","-0.62%"
"06/17/2016","4,417.25","4,423.25","4,439.50","4,410.00","","-0.17%"
"06/16/2016","4,424.75","4,409.75","4,429.00","4,361.00","49.75K","0.27%"
"06/15/2016","4,412.75","4,424.00","4,444.00","4,404.25","61.84K","-0.28%"
"06/14/2016","4,425.25","4,419.25","4,440.50","4,391.75","93.61K","-0.02%"
"06/13/2016","4,426.25","4,458.75","4,461.75","4,419.25","112.20K","-0.88%"
"06/10/2016","4,465.75","4,513.00","4,514.25","4,446.25","139.17K","-1.03%"
"06/09/2016","4,512.00","4,518.25","4,522.50","4,493.50","236.71K","-0.15%"
"06/08/2016","4,519.00","4,512.50","4,530.25","4,504.00","171.37K","0.11%"
"06/07/2016","4,514.25","4,524.50","4,545.50","4,511.25","155.45K","-0.25%"
"06/06/2016","4,525.50","4,511.00","4,536.50","4,504.00","164.53K","0.37%"
"06/03/2016","4,509.00","4,530.25","4,538.75","4,478.75","225.16K","-0.51%"
"06/02/2016","4,532.25","4,520.50","4,533.00","4,486.25","179.29K","0.24%"
"06/01/2016","4,521.50","4,522.00","4,537.50","4,502.75","190.61K","-0.06%"
"05/31/2016","4,524.25","4,518.25","4,528.25","4,497.50","201.16K","0.07%"
"05/30/2016","4,521.12","4,519.12","4,524.62","4,513.38","","0.03%"
"05/29/2016","4,519.62","4,517.50","4,522.38","4,515.50","","0.21%"
"05/27/2016","4,510.00","4,494.00","4,513.50","4,490.25","148.79K","0.40%"
"05/26/2016","4,492.25","4,473.50","4,495.50","4,463.50","163.69K","0.39%"
"05/25/2016","4,474.75","4,445.50","4,489.50","4,443.00","235.31K","0.66%"
"05/24/2016","4,445.25","4,351.50","4,448.75","4,341.75","232.14K","2.13%"
"05/23/2016","4,352.50","4,367.75","4,381.50","4,348.25","166.07K","-0.22%"
"05/20/2016","4,362.25","4,317.00","4,379.00","4,314.50","239.29K","1.04%"
"05/19/2016","4,317.25","4,337.75","4,340.75","4,280.75","272.69K","-0.35%"
"05/18/2016","4,332.25","4,321.00","4,359.00","4,301.00","304.68K","0.30%"
"05/17/2016","4,319.50","4,372.75","4,393.75","4,308.00","250.35K","-1.27%"
"05/16/2016","4,375.25","4,316.00","4,392.00","4,305.50","197.28K","1.19%"
"05/13/2016","4,324.00","4,337.25","4,360.50","4,303.75","248.78K","-0.25%"
"05/12/2016","4,334.75","4,352.50","4,381.75","4,305.75","262.05K","-0.38%"
"05/11/2016","4,351.50","4,394.25","4,403.00","4,350.75","207.22K","-0.92%"
"05/10/2016","4,392.00","4,334.75","4,398.75","4,323.75","202.30K","1.30%"
"05/09/2016","4,335.75","4,329.75","4,356.50","4,318.00","204.96K","0.17%"
"05/06/2016","4,328.25","4,299.25","4,333.75","4,271.00","257.89K","0.65%"
"05/05/2016","4,300.25","4,308.25","4,342.50","4,292.50","221.67K","-0.22%"
"05/04/2016","4,309.75","4,335.50","4,342.00","4,292.25","230.35K","-0.57%"
"05/03/2016","4,334.50","4,372.00","4,374.50","4,319.50","264.17K","-0.79%"
"05/02/2016","4,369.00","4,337.00","4,378.50","4,318.00","218.45K","0.87%"
"04/29/2016","4,331.50","4,383.50","4,391.25","4,296.75","383.21K","-1.15%"
"04/28/2016","4,382.00","4,432.00","4,442.25","4,346.25","306.77K","-0.94%"
"04/27/2016","4,423.75","4,405.00","4,433.75","4,372.25","303.55K","-0.65%"
"04/26/2016","4,452.50","4,472.25","4,489.75","4,407.00","210.95K","-0.44%"
"04/25/2016","4,472.25","4,477.00","4,479.75","4,436.00","172.47K","0.15%"
"04/22/2016","4,465.75","4,488.25","4,501.75","4,431.00","276.83K","-0.71%"
"04/21/2016","4,497.75","4,533.25","4,551.75","4,488.00","239.65K","-0.84%"
"04/20/2016","4,535.75","4,528.25","4,556.00","4,509.00","192.77K","0.20%"
"04/19/2016","4,526.75","4,545.50","4,584.50","4,506.75","247.34K","-0.43%"
"04/18/2016","4,546.50","4,518.75","4,561.25","4,501.00","179.87K","0.18%"
"04/15/2016","4,538.50","4,548.75","4,554.50","4,523.00","171.81K","-0.17%"
"04/14/2016","4,546.25","4,546.50","4,563.25","4,530.50","163.85K","-0.03%"
"04/13/2016","4,547.75","4,489.00","4,553.75","4,486.75","226.05K","1.29%"
"04/12/2016","4,490.00","4,447.00","4,497.50","4,426.50","249.25K","0.86%"
"04/11/2016","4,451.50","4,470.00","4,509.75","4,446.00","242.69K","-0.35%"
"04/08/2016","4,467.25","4,467.50","4,509.75","4,451.50","232.57K","-0.07%"
"04/07/2016","4,470.25","4,533.50","4,539.50","4,450.75","260.82K","-1.43%"
"04/06/2016","4,535.00","4,476.00","4,537.75","4,467.25","239.59K","1.47%"
"04/05/2016","4,469.50","4,499.75","4,501.50","4,456.50","218.34K","-0.68%"
"04/04/2016","4,500.25","4,526.75","4,543.75","4,495.25","186.75K","-0.62%"
"04/01/2016","4,528.50","4,477.75","4,529.50","4,441.50","245.30K","1.17%"
"03/31/2016","4,476.25","4,480.25","4,495.50","4,462.25","190.53K","-0.13%"
"03/30/2016","4,482.00","4,460.75","4,510.25","4,456.50","222.49K","0.53%"
"03/29/2016","4,458.25","4,389.75","4,463.50","4,374.00","224.46K","1.57%"
"03/28/2016","4,389.50","4,401.50","4,425.75","4,381.50","133.72K","-0.18%"
"03/24/2016","4,397.25","4,395.00","4,401.00","4,365.00","192.09K","0.04%"
"03/23/2016","4,395.50","4,434.75","4,441.25","4,383.25","211.43K","-0.88%"
"03/22/2016","4,434.50","4,416.00","4,440.50","4,383.75","189.22K","0.41%"
"03/21/2016","4,416.25","4,394.75","4,421.25","4,376.75","169.66K","-0.22%"
"03/18/2016","4,425.81","4,404.75","4,418.25","4,394.00","5.16K","0.54%"
"03/17/2016","4,402.25","4,396.75","4,422.00","4,369.00","51.82K","0.11%"
"03/16/2016","4,397.50","4,366.25","4,416.50","4,349.00","65.62K","0.76%"
"03/15/2016","4,364.50","4,364.75","4,372.00","4,338.00","71.63K","-0.03%"
"03/14/2016","4,366.00","4,352.75","4,378.25","4,340.50","106.67K","0.30%"
"03/11/2016","4,352.75","4,287.25","4,361.25","4,282.50","156.65K","1.58%"
"03/10/2016","4,285.00","4,295.25","4,347.50","4,229.75","392.23K","-0.22%"
"03/09/2016","4,294.50","4,271.00","4,299.00","4,256.75","238.22K","0.56%"
"03/08/2016","4,270.50","4,301.00","4,308.75","4,251.50","293.55K","-0.69%"
"03/07/2016","4,300.00","4,321.00","4,330.00","4,268.75","246.82K","-0.52%"
"03/04/2016","4,322.50","4,323.00","4,355.00","4,298.00","289.08K","0.05%"
"03/03/2016","4,320.25","4,326.75","4,344.50","4,293.50","202.26K","-0.21%"
"03/02/2016","4,329.25","4,334.50","4,357.75","4,299.25","265.75K","-0.20%"
"03/01/2016","4,337.75","4,199.25","4,338.75","4,180.25","295.76K","3.25%"
"02/29/2016","4,201.25","4,225.25","4,263.25","4,184.50","250.32K","-0.68%"
"02/26/2016","4,230.00","4,243.00","4,293.25","4,225.00","272.80K","-0.34%"
"02/25/2016","4,244.25","4,214.50","4,247.75","4,170.25","265.55K","0.85%"
"02/24/2016","4,208.50","4,156.50","4,218.50","4,084.75","336.25K","1.18%"
"02/23/2016","4,159.25","4,207.25","4,216.50","4,154.50","227.81K","-1.32%"
"02/22/2016","4,214.75","4,155.25","4,234.00","4,146.50","189.98K","1.29%"
"02/19/2016","4,161.00","4,156.25","4,175.00","4,120.25","229.02K","0.14%"
"02/18/2016","4,155.00","4,208.25","4,227.50","4,144.00","254.58K","-0.99%"
"02/17/2016","4,196.75","4,089.75","4,211.50","4,068.25","291.65K","2.54%"
"02/16/2016","4,092.75","4,021.50","4,104.75","4,021.50","320.59K","0.51%"
"02/15/2016","4,071.88","4,036.13","4,091.13","4,031.63","","0.89%"
"02/14/2016","4,035.88","4,025.75","4,038.63","4,024.75","","0.74%"
"02/12/2016","4,006.25","3,963.25","4,017.50","3,953.00","307.35K","1.14%"
"02/11/2016","3,961.25","3,963.00","3,985.50","3,862.25","504.87K","-0.15%"
"02/10/2016","3,967.25","3,954.50","4,041.00","3,922.25","426.91K","0.58%"
"02/09/2016","3,944.25","3,958.50","4,004.00","3,897.50","499.99K","-0.50%"
"02/08/2016","3,964.25","4,027.25","4,046.00","3,883.00","542.37K","-1.44%"
"02/05/2016","4,022.00","4,146.50","4,173.50","4,001.00","443.08K","-3.22%"
"02/04/2016","4,155.75","4,169.75","4,206.50","4,113.50","383.18K","-0.38%"
"02/03/2016","4,171.50","4,186.00","4,215.00","4,090.50","484.50K","-0.49%"
"02/02/2016","4,192.00","4,286.50","4,287.00","4,170.75","314.73K","-2.32%"
"02/01/2016","4,291.50","4,263.25","4,309.25","4,228.50","263.36K","0.67%"
"01/29/2016","4,263.00","4,135.00","4,271.25","4,129.00","328.86K","2.63%"
"01/28/2016","4,153.75","4,150.25","4,199.00","4,106.75","414.08K","0.65%"
"01/27/2016","4,127.00","4,195.25","4,218.75","4,102.00","408.52K","-2.36%"
"01/26/2016","4,226.75","4,190.00","4,243.75","4,133.00","327.22K","0.96%"
"01/25/2016","4,186.75","4,247.50","4,260.00","4,179.25","287.60K","-1.43%"
"01/22/2016","4,247.50","4,126.25","4,253.00","4,119.00","328.59K","2.84%"
"01/21/2016","4,130.25","4,130.75","4,192.25","4,085.75","554.10K","-0.07%"
"01/20/2016","4,133.00","4,141.00","4,171.50","3,983.50","628.24K","-0.28%"
"01/19/2016","4,144.50","4,126.75","4,215.75","4,091.25","475.76K","0.15%"
"01/18/2016","4,138.13","4,129.50","4,177.25","4,119.50","","0.21%"
"01/17/2016","4,129.63","4,127.88","4,138.38","4,107.50","","-0.27%"
"01/15/2016","4,140.75","4,255.00","4,268.75","4,075.75","567.53K","-2.74%"
"01/14/2016","4,257.50","4,181.50","4,300.50","4,124.00","526.51K","1.96%"
"01/13/2016","4,175.75","4,308.75","4,365.00","4,167.25","521.07K","-3.18%"
"01/12/2016","4,312.75","4,272.25","4,345.75","4,236.50","417.58K","0.93%"
"01/11/2016","4,273.00","4,264.25","4,304.50","4,208.75","435.58K","0.27%"
"01/08/2016","4,261.50","4,298.00","4,370.00","4,255.75","480.51K","-0.65%"
"01/07/2016","4,289.25","4,450.25","4,458.50","4,283.00","501.32K","-3.54%"
"01/06/2016","4,446.75","4,482.00","4,487.50","4,386.00","346.78K","-0.83%"
"01/05/2016","4,483.75","4,505.50","4,523.00","4,457.25","301.18K","-0.46%"
"01/04/2016","4,504.50","4,592.50","4,606.75","4,429.75","368.67K","-1.81%"
"12/31/2015","4,587.75","4,648.00","4,655.00","4,579.50","160.71K","-1.25%"
"12/30/2015","4,646.00","4,687.25","4,695.00","4,643.50","117.43K","-0.95%"
"12/29/2015","4,690.50","4,617.75","4,697.75","4,610.50","158.10K","1.66%"
"12/28/2015","4,613.75","4,611.00","4,619.50","4,571.50","113.57K","0.06%"
"12/24/2015","4,611.00","4,607.75","4,630.00","4,600.75","62.05K","0.09%"
"12/23/2015","4,606.75","4,590.50","4,620.25","4,583.00","147.74K","0.34%"
"12/22/2015","4,591.00","4,569.00","4,594.50","4,541.25","166.65K","0.61%"
"12/21/2015","4,563.00","4,513.75","4,571.75","4,511.75","176.61K","-0.29%"
"12/18/2015","4,576.08","4,577.00","4,597.00","4,552.50","2.27K","-0.04%"
"12/17/2015","4,577.75","4,656.75","4,689.50","4,574.00","49.75K","-1.83%"
"12/16/2015","4,663.00","4,607.50","4,674.50","4,580.00","71.66K","1.24%"
"12/15/2015","4,606.00","4,571.50","4,639.00","4,566.75","151.20K","0.86%"
"12/14/2015","4,566.50","4,534.50","4,579.50","4,477.25","156.22K","0.60%"
"12/11/2015","4,539.25","4,646.25","4,659.00","4,527.50","226.52K","-2.26%"
"12/10/2015","4,644.00","4,624.00","4,674.50","4,618.25","302.77K","0.61%"
"12/09/2015","4,616.00","4,690.50","4,707.50","4,593.25","388.71K","-1.52%"
"12/08/2015","4,687.25","4,699.75","4,709.00","4,641.25","299.29K","-0.29%"
"12/07/2015","4,701.00","4,721.25","4,730.00","4,670.50","224.66K","-0.26%"
"12/04/2015","4,713.25","4,616.00","4,723.25","4,603.00","305.07K","2.22%"
"12/03/2015","4,611.00","4,698.75","4,730.25","4,579.00","379.53K","-1.78%"
"12/02/2015","4,694.50","4,715.00","4,739.50","4,678.50","231.81K","-0.46%"
"12/01/2015","4,716.25","4,678.75","4,716.75","4,676.50","228.43K","1.02%"
"11/30/2015","4,668.75","4,685.50","4,700.50","4,653.50","179.77K","-0.29%"
"11/27/2015","4,682.50","4,679.75","4,703.25","4,664.75","105.38K","-0.31%"
"11/26/2015","4,696.88","4,679.50","4,702.88","4,678.50","","0.42%"
"11/25/2015","4,677.25","4,665.00","4,684.50","4,659.50","119.71K","0.24%"
"11/24/2015","4,666.00","4,673.75","4,684.50","4,620.00","230.13K","-0.21%"
"11/23/2015","4,675.75","4,689.50","4,706.75","4,653.75","163.32K","-0.29%"
"11/20/2015","4,689.50","4,656.75","4,691.50","4,652.25","177.13K","0.63%"
"11/19/2015","4,660.00","4,649.75","4,677.00","4,646.75","217.27K","0.16%"
"11/18/2015","4,652.50","4,570.25","4,656.75","4,556.25","242.82K","1.82%"
"11/17/2015","4,569.50","4,560.75","4,597.75","4,552.00","269.68K","0.21%"
"11/16/2015","4,559.75","4,478.25","4,565.50","4,455.00","282.19K","1.28%"
"11/13/2015","4,502.00","4,583.75","4,590.50","4,485.75","344.23K","-1.82%"
"11/12/2015","4,585.25","4,631.25","4,653.25","4,581.25","268.16K","-1.00%"
"11/11/2015","4,631.75","4,640.25","4,674.75","4,625.25","221.70K","-0.24%"
"11/10/2015","4,643.00","4,650.00","4,662.25","4,612.50","241.86K","-0.21%"
"11/09/2015","4,652.75","4,701.25","4,712.75","4,622.00","256.94K","-1.07%"
"11/06/2015","4,703.00","4,700.75","4,708.75","4,658.75","276.68K","0.17%"
"11/05/2015","4,695.25","4,708.25","4,727.50","4,673.75","246.17K","-0.30%"
"11/04/2015","4,709.50","4,711.75","4,729.75","4,691.25","231.00K","-0.05%"
"11/03/2015","4,712.00","4,688.25","4,727.50","4,677.00","186.76K","0.38%"
"11/02/2015","4,694.00","4,644.50","4,699.50","4,625.00","162.66K","1.09%"
"10/30/2015","4,643.25","4,666.00","4,690.25","4,636.00","211.24K","-0.40%"
"10/29/2015","4,661.75","4,664.25","4,670.25","4,642.75","184.53K","-0.26%"
"10/28/2015","4,673.75","4,635.25","4,678.25","4,600.50","306.88K","0.90%"
"10/27/2015","4,632.25","4,619.75","4,651.75","4,601.25","217.94K","0.35%"
"10/26/2015","4,616.25","4,614.00","4,630.00","4,592.75","184.13K","0.10%"
"10/23/2015","4,611.50","4,562.25","4,637.50","4,562.00","361.59K","1.29%"
"10/22/2015","4,552.75","4,406.75","4,565.50","4,402.00","348.49K","3.49%"
"10/21/2015","4,399.25","4,422.75","4,456.25","4,394.75","289.77K","-0.58%"
"10/20/2015","4,424.75","4,451.50","4,456.00","4,414.00","200.21K","-0.67%"
"10/19/2015","4,454.50","4,434.50","4,455.50","4,411.00","202.41K","0.45%"
"10/16/2015","4,434.75","4,409.75","4,439.00","4,396.00","207.25K","0.52%"
"10/15/2015","4,411.75","4,335.25","4,412.00","4,332.50","275.99K","1.97%"
"10/14/2015","4,326.50","4,334.25","4,365.25","4,317.50","284.81K","-0.34%"
"10/13/2015","4,341.25","4,377.00","4,390.75","4,338.50","232.73K","-0.77%"
"10/12/2015","4,375.00","4,355.00","4,381.50","4,346.25","132.68K","0.36%"
"10/09/2015","4,359.50","4,338.00","4,369.25","4,324.50","208.83K","0.34%"
"10/08/2015","4,344.75","4,324.00","4,348.25","4,265.00","317.02K","0.49%"
"10/07/2015","4,323.75","4,275.00","4,333.75","4,268.00","329.99K","0.78%"
"10/06/2015","4,290.25","4,307.75","4,322.00","4,263.50","264.37K","-0.49%"
"10/05/2015","4,311.25","4,257.75","4,329.75","4,250.50","242.31K","1.17%"
"10/02/2015","4,261.25","4,188.25","4,263.75","4,111.50","404.89K","1.76%"
"10/01/2015","4,187.50","4,154.00","4,225.75","4,116.25","367.79K","0.59%"
"09/30/2015","4,163.00","4,078.75","4,169.00","4,066.00","347.07K","2.17%"
"09/29/2015","4,074.75","4,106.25","4,144.25","4,040.75","427.26K","-0.49%"
"09/28/2015","4,094.75","4,202.50","4,239.00","4,079.50","360.68K","-2.82%"
"09/25/2015","4,213.50","4,232.00","4,315.75","4,185.50","344.91K","-0.77%"
"09/24/2015","4,246.00","4,268.50","4,278.75","4,185.25","355.07K","-0.39%"
"09/23/2015","4,262.75","4,264.25","4,292.75","4,221.50","238.55K","-0.11%"
"09/22/2015","4,267.25","4,342.00","4,345.00","4,220.50","320.03K","-1.70%"
"09/21/2015","4,341.25","4,324.75","4,361.50","4,286.50","254.50K","0.23%"
"09/18/2015","4,331.15","4,381.50","4,392.75","4,313.00","3.67K","-1.12%"
"09/17/2015","4,380.25","4,385.75","4,451.50","4,368.00","46.68K","-0.26%"
"09/16/2015","4,391.50","4,362.50","4,393.00","4,345.50","62.01K","0.70%"
"09/15/2015","4,361.00","4,311.50","4,373.50","4,290.75","83.37K","1.18%"
"09/14/2015","4,310.00","4,325.25","4,357.00","4,292.25","87.55K","-0.35%"
"09/11/2015","4,325.25","4,294.75","4,330.00","4,259.50","127.47K","0.70%"
"09/10/2015","4,295.00","4,259.00","4,327.25","4,226.50","410.49K","0.94%"
"09/09/2015","4,255.00","4,300.50","4,369.50","4,240.25","354.13K","-1.01%"
"09/08/2015","4,298.50","4,181.75","4,305.50","4,180.00","293.91K","1.67%"
"09/07/2015","4,227.70","4,209.00","4,243.00","4,196.38","","0.45%"
"09/06/2015","4,208.90","4,181.25","4,213.70","4,181.20","","0.36%"
"09/04/2015","4,194.00","4,231.75","4,237.50","4,155.00","354.12K","-0.84%"
"09/03/2015","4,229.50","4,260.25","4,304.25","4,219.75","332.57K","-0.72%"
"09/02/2015","4,260.00","4,150.75","4,263.75","4,136.00","340.63K","2.45%"
"09/01/2015","4,158.25","4,266.00","4,268.00","4,118.25","481.01K","-2.66%"
"08/31/2015","4,271.75","4,324.00","4,330.25","4,258.50","303.20K","-1.41%"
"08/28/2015","4,333.00","4,327.00","4,340.75","4,281.75","322.07K","0.12%"
"08/27/2015","4,328.00","4,222.75","4,332.75","4,205.25","475.38K","2.69%"
"08/26/2015","4,214.50","4,036.75","4,229.50","3,958.75","637.93K","4.62%"
"08/25/2015","4,028.50","3,998.00","4,204.25","3,997.75","630.06K","0.63%"
"08/24/2015","4,003.25","4,183.75","4,196.25","3,908.25","746.53K","-4.70%"
"08/21/2015","4,200.75","4,367.75","4,368.25","4,189.00","614.57K","-3.79%"
"08/20/2015","4,366.25","4,502.25","4,513.00","4,360.00","449.73K","-3.05%"
"08/19/2015","4,503.75","4,543.00","4,552.25","4,483.25","331.47K","-0.89%"
"08/18/2015","4,544.00","4,562.50","4,573.50","4,533.75","164.76K","-0.45%"
"08/17/2015","4,564.75","4,532.50","4,567.75","4,503.25","191.98K","0.73%"
"08/14/2015","4,531.75","4,514.50","4,534.00","4,499.00","167.71K","0.32%"
"08/13/2015","4,517.25","4,529.75","4,557.00","4,508.75","234.83K","-0.36%"
"08/12/2015","4,533.50","4,512.75","4,535.50","4,431.25","358.45K","0.50%"
"08/11/2015","4,510.75","4,582.50","4,584.75","4,485.50","301.82K","-1.21%"
"08/10/2015","4,566.00","4,514.00","4,580.00","4,512.75","199.35K","1.04%"
"08/07/2015","4,519.00","4,527.25","4,533.75","4,480.50","249.23K","-0.13%"
"08/06/2015","4,524.75","4,591.75","4,608.75","4,502.75","272.06K","-1.50%"
"08/05/2015","4,593.50","4,551.50","4,629.00","4,551.00","247.80K","0.92%"
"08/04/2015","4,551.75","4,570.50","4,581.25","4,543.50","253.01K","-0.46%"
"08/03/2015","4,573.00","4,583.25","4,599.25","4,540.50","251.56K","-0.26%"
"07/31/2015","4,585.00","4,589.25","4,608.75","4,576.25","214.68K","-0.22%"
"07/30/2015","4,595.25","4,562.75","4,598.75","4,530.75","226.29K","0.66%"
"07/29/2015","4,565.00","4,558.00","4,579.50","4,544.00","222.56K","0.20%"
"07/28/2015","4,556.00","4,521.25","4,561.25","4,497.00","280.67K","0.74%"
"07/27/2015","4,522.50","4,562.25","4,568.25","4,503.50","293.74K","-0.86%"
"07/24/2015","4,561.75","4,633.50","4,638.75","4,544.50","236.18K","-1.26%"
"07/23/2015","4,620.00","4,621.75","4,634.75","4,584.25","211.22K","0.06%"
"07/22/2015","4,617.00","4,618.00","4,636.50","4,588.75","235.34K","-1.06%"
"07/21/2015","4,666.50","4,671.25","4,683.00","4,611.50","226.22K","-0.10%"
"07/20/2015","4,671.25","4,649.00","4,686.00","4,646.50","169.78K","0.46%"
"07/17/2015","4,650.00","4,609.75","4,654.00","4,607.25","187.93K","1.14%"
"07/16/2015","4,597.75","4,534.50","4,612.50","4,531.00","192.22K","1.35%"
"07/15/2015","4,536.50","4,519.25","4,539.50","4,509.25","187.31K","0.42%"
"07/14/2015","4,517.50","4,487.25","4,529.75","4,484.50","156.25K","0.66%"
"07/13/2015","4,488.00","4,384.00","4,491.75","4,372.50","209.77K","1.81%"
"07/10/2015","4,408.25","4,345.75","4,426.50","4,345.75","236.77K","1.58%"
"07/09/2015","4,339.50","4,347.75","4,408.00","4,331.75","260.17K","-0.16%"
"07/08/2015","4,346.50","4,422.50","4,422.50","4,336.50","335.13K","-1.71%"
"07/07/2015","4,422.25","4,429.50","4,448.00","4,334.50","384.24K","-0.01%"
"07/06/2015","4,422.75","4,366.00","4,437.25","4,344.00","285.74K","0.13%"
"07/03/2015","4,416.90","4,427.00","4,435.80","4,412.10","","-0.27%"
"07/02/2015","4,428.75","4,423.75","4,441.50","4,408.25","155.24K","0.15%"
"07/01/2015","4,422.00","4,392.75","4,441.75","4,392.00","191.16K","0.72%"
"06/30/2015","4,390.25","4,386.25","4,412.25","4,372.00","304.51K","0.28%"
"06/29/2015","4,378.00","4,429.75","4,451.50","4,368.25","334.97K","-2.29%"
"06/26/2015","4,480.50","4,506.50","4,517.00","4,459.75","226.37K","-0.64%"
"06/25/2015","4,509.25","4,520.25","4,547.50","4,500.00","175.33K","-0.14%"
"06/24/2015","4,515.75","4,543.50","4,555.25","4,514.50","165.45K","-0.56%"
"06/23/2015","4,541.25","4,538.75","4,548.75","4,522.75","116.97K","0.19%"
"06/22/2015","4,532.75","4,512.50","4,552.25","4,512.25","157.04K","-0.02%"
"06/19/2015","4,533.84","4,536.50","4,546.75","4,526.75","","-0.09%"
"06/18/2015","4,538.00","4,459.75","4,541.75","4,447.50","66.53K","1.72%"
"06/17/2015","4,461.25","4,459.25","4,482.75","4,440.00","67.48K","0.05%"
"06/16/2015","4,459.00","4,432.50","4,463.50","4,403.00","108.59K","0.53%"
"06/15/2015","4,435.50","4,443.50","4,444.75","4,394.25","145.11K","-0.43%"
"06/12/2015","4,454.75","4,489.25","4,491.25","4,447.75","153.83K","-0.80%"
"06/11/2015","4,490.50","4,486.25","4,512.25","4,479.25","186.85K","0.04%"
"06/10/2015","4,488.75","4,431.50","4,498.25","4,430.50","238.89K","1.29%"
"06/09/2015","4,431.50","4,435.75","4,441.25","4,390.25","226.09K","-0.02%"
"06/08/2015","4,432.25","4,479.50","4,483.25","4,422.00","237.40K","-1.10%"
"06/05/2015","4,481.50","4,494.75","4,506.50","4,449.25","232.92K","-0.33%"
"06/04/2015","4,496.50","4,526.75","4,527.25","4,473.25","285.06K","-0.68%"
"06/03/2015","4,527.50","4,503.25","4,540.75","4,501.25","190.32K","0.54%"
"06/02/2015","4,503.00","4,525.75","4,531.75","4,480.75","222.45K","-0.41%"
"06/01/2015","4,521.50","4,514.00","4,538.25","4,486.00","216.32K","0.23%"
"05/29/2015","4,511.00","4,542.00","4,545.25","4,497.25","197.74K","-0.70%"
"05/28/2015","4,542.75","4,540.50","4,547.50","4,521.75","152.02K","0.01%"
"05/27/2015","4,542.25","4,481.50","4,551.00","4,473.00","198.54K","1.40%"
"05/26/2015","4,479.75","4,527.50","4,538.50","4,455.00","228.08K","-1.02%"
"05/25/2015","4,525.80","4,528.30","4,536.60","4,517.80","","-0.05%"
"05/24/2015","4,528.20","4,528.70","4,532.10","4,526.60","","-0.01%"
"05/22/2015","4,528.75","4,530.50","4,542.00","4,522.00","100.98K","0.00%"
"05/21/2015","4,528.75","4,500.00","4,536.50","4,486.50","123.53K","0.52%"
"05/20/2015","4,505.50","4,501.75","4,534.00","4,482.25","170.96K","0.09%"
"05/19/2015","4,501.25","4,509.75","4,526.50","4,496.50","127.69K","-0.13%"
"05/18/2015","4,507.25","4,491.25","4,517.75","4,470.50","128.60K","0.41%"
"05/15/2015","4,488.75","4,489.00","4,507.50","4,477.75","140.75K","-0.03%"
"05/14/2015","4,490.25","4,425.75","4,493.00","4,412.75","184.40K","1.50%"
"05/13/2015","4,423.75","4,423.00","4,457.75","4,417.50","200.87K","0.07%"
"05/12/2015","4,420.75","4,431.50","4,438.00","4,374.50","257.30K","-0.24%"
"05/11/2015","4,431.25","4,452.50","4,464.50","4,426.75","170.51K","-0.39%"
"05/08/2015","4,448.75","4,404.00","4,462.75","4,401.00","216.45K","1.05%"
"05/07/2015","4,402.50","4,371.50","4,409.25","4,332.50","249.25K","0.67%"
"05/06/2015","4,373.00","4,409.00","4,423.50","4,341.50","335.13K","-0.78%"
"05/05/2015","4,407.50","4,474.00","4,480.25","4,399.50","306.24K","-1.54%"
"05/04/2015","4,476.50","4,471.75","4,503.50","4,457.00","191.86K","0.20%"
"05/01/2015","4,467.75","4,414.00","4,470.75","4,409.75","197.16K","1.35%"
"04/30/2015","4,408.25","4,474.00","4,478.25","4,386.50","353.28K","-1.60%"
"04/29/2015","4,479.75","4,512.25","4,514.00","4,456.25","290.97K","-0.80%"
"04/28/2015","4,516.00","4,524.25","4,531.25","4,471.75","283.97K","-0.19%"
"04/27/2015","4,524.75","4,533.00","4,555.50","4,509.25","224.60K","-0.10%"
"04/24/2015","4,529.25","4,492.50","4,536.25","4,489.50","204.74K","1.07%"
"04/23/2015","4,481.50","4,438.50","4,497.25","4,418.00","252.58K","0.82%"
"04/22/2015","4,445.25","4,433.00","4,459.50","4,398.50","196.85K","0.38%"
"04/21/2015","4,428.50","4,402.75","4,442.75","4,402.75","190.75K","0.48%"
"04/20/2015","4,407.50","4,356.75","4,417.00","4,352.25","218.24K","1.35%"
"04/17/2015","4,349.00","4,416.25","4,417.50","4,324.00","302.07K","-1.50%"
"04/16/2015","4,415.25","4,426.25","4,429.50","4,398.00","162.97K","-0.15%"
"04/15/2015","4,421.75","4,400.25","4,429.00","4,388.75","170.50K","0.55%"
"04/14/2015","4,397.75","4,405.50","4,414.50","4,366.75","220.75K","-0.12%"
"04/13/2015","4,403.25","4,415.00","4,441.50","4,399.50","171.93K","-0.26%"
"04/10/2015","4,414.75","4,399.00","4,416.00","4,385.75","126.57K","0.35%"
"04/09/2015","4,399.25","4,378.00","4,401.25","4,352.75","201.44K","0.56%"
"04/08/2015","4,374.75","4,335.25","4,379.25","4,327.50","225.55K","0.94%"
"04/07/2015","4,334.00","4,339.75","4,372.25","4,330.25","171.69K","-0.19%"
"04/06/2015","4,342.25","4,265.00","4,354.75","4,264.50","154.03K","0.81%"
"04/03/2015","4,307.25","4,306.75","4,313.75","4,262.00","11.75K","0.00%"
"04/02/2015","4,307.25","4,316.75","4,321.00","4,288.50","168.85K","-0.13%"
"04/01/2015","4,313.00","4,321.75","4,334.25","4,259.00","311.51K","-0.38%"
"03/31/2015","4,329.50","4,370.00","4,375.75","4,320.75","224.93K","-0.98%"
"03/30/2015","4,372.50","4,327.50","4,381.75","4,315.75","202.01K","1.08%"
"03/27/2015","4,325.75","4,313.00","4,333.50","4,297.25","209.53K","0.35%"
"03/26/2015","4,310.75","4,327.00","4,331.00","4,270.00","356.23K","-0.29%"
"03/25/2015","4,323.50","4,429.25","4,438.50","4,320.00","320.36K","-2.38%"
"03/24/2015","4,429.00","4,436.50","4,461.00","4,424.25","184.23K","-0.17%"
"03/23/2015","4,436.75","4,448.50","4,461.25","4,436.00","149.74K","-0.68%"
"03/20/2015","4,467.13","4,426.25","4,467.25","4,424.00","","0.85%"
"03/19/2015","4,429.50","4,427.50","4,441.75","4,419.50","39.16K","0.05%"
"03/18/2015","4,427.25","4,377.25","4,441.50","4,343.25","75.86K","1.13%"
"03/17/2015","4,377.75","4,355.50","4,384.75","4,348.75","118.90K","0.42%"
"03/16/2015","4,359.50","4,313.50","4,372.75","4,299.50","119.76K","1.18%"
"03/13/2015","4,308.75","4,331.75","4,347.50","4,288.25","218.26K","-0.51%"
"03/12/2015","4,330.75","4,312.50","4,339.50","4,298.75","269.24K","0.54%"
"03/11/2015","4,307.50","4,334.25","4,347.50","4,304.25","260.96K","-0.55%"
"03/10/2015","4,331.25","4,415.25","4,415.75","4,328.50","313.25K","-1.86%"
"03/09/2015","4,413.50","4,411.75","4,424.75","4,391.75","217.76K","0.19%"
"03/06/2015","4,405.00","4,451.50","4,460.50","4,389.25","296.61K","-1.00%"
"03/05/2015","4,449.50","4,444.25","4,464.75","4,432.75","185.18K","0.12%"
"03/04/2015","4,444.25","4,458.25","4,458.25","4,419.25","211.00K","-0.27%"
"03/03/2015","4,456.50","4,479.00","4,479.00","4,432.50","198.59K","-0.46%"
"03/02/2015","4,477.00","4,447.00","4,483.25","4,446.25","185.33K","0.78%"
"02/27/2015","4,442.50","4,460.50","4,462.75","4,435.00","173.30K","-0.43%"
"02/26/2015","4,461.75","4,438.50","4,464.75","4,431.00","193.61K","0.56%"
"02/25/2015","4,436.75","4,449.25","4,461.00","4,429.25","173.94K","-0.30%"
"02/24/2015","4,450.25","4,445.25","4,455.75","4,427.00","163.05K","0.13%"
"02/23/2015","4,444.50","4,439.75","4,449.25","4,429.75","133.13K","0.15%"
"02/20/2015","4,438.00","4,416.25","4,445.00","4,396.00","235.15K","0.56%"
"02/19/2015","4,413.25","4,390.25","4,417.25","4,376.00","168.24K","0.62%"
"02/18/2015","4,386.00","4,384.50","4,393.50","4,373.75","146.47K","0.10%"
"02/17/2015","4,381.75","4,373.50","4,388.50","4,364.50","194.62K","0.23%"
"02/16/2015","4,371.60","4,371.40","4,387.90","4,364.90","","0.00%"
"02/15/2015","4,371.60","4,374.60","4,377.90","4,371.40","","-0.12%"
"02/13/2015","4,377.00","4,342.75","4,382.00","4,340.75","190.39K","0.74%"
"02/12/2015","4,344.75","4,308.50","4,346.50","4,285.75","219.35K","1.12%"
"02/11/2015","4,296.50","4,278.25","4,322.00","4,271.00","207.03K","0.48%"
"02/10/2015","4,276.00","4,219.00","4,284.00","4,211.00","225.79K","1.47%"
"02/09/2015","4,214.25","4,226.50","4,232.00","4,201.50","147.08K","-0.31%"
"02/06/2015","4,227.50","4,251.00","4,268.25","4,209.75","127.70K","-0.47%"
"02/05/2015","4,247.50","4,191.00","4,254.75","4,181.50","200.57K","1.03%"
"02/04/2015","4,204.00","4,207.75","4,243.00","4,187.50","269.50K","-0.29%"
"02/03/2015","4,216.25","4,180.75","4,222.75","4,165.75","283.37K","0.73%"
"02/02/2015","4,185.50","4,143.50","4,188.00","4,085.50","353.85K","1.07%"
"01/30/2015","4,141.25","4,203.50","4,208.00","4,136.00","345.60K","-1.06%"
"01/29/2015","4,185.75","4,125.00","4,199.75","4,095.75","358.57K","1.49%"
"01/28/2015","4,124.25","4,206.00","4,234.50","4,119.50","363.12K","-1.27%"
"01/27/2015","4,177.50","4,266.75","4,271.00","4,142.75","363.82K","-2.15%"
"01/26/2015","4,269.25","4,249.50","4,278.25","4,231.50","187.61K","0.05%"
"01/23/2015","4,267.00","4,265.50","4,286.25","4,250.25","227.20K","0.05%"
"01/22/2015","4,264.75","4,183.75","4,269.00","4,164.50","338.35K","1.96%"
"01/21/2015","4,182.75","4,166.00","4,205.25","4,137.00","327.20K","0.38%"
"01/20/2015","4,167.00","4,138.75","4,175.25","4,109.00","347.45K","0.93%"
"01/19/2015","4,128.60","4,127.60","4,154.90","4,113.20","","0.01%"
"01/18/2015","4,128.00","4,136.20","4,136.20","4,124.30","","-0.15%"
"01/16/2015","4,134.00","4,072.50","4,138.50","4,041.50","359.02K","1.10%"
"01/15/2015","4,089.00","4,147.50","4,190.00","4,066.00","456.04K","-1.36%"
"01/14/2015","4,145.50","4,158.00","4,169.25","4,100.50","450.81K","-0.31%"
"01/13/2015","4,158.50","4,169.50","4,247.75","4,126.75","476.65K","-0.19%"
"01/12/2015","4,166.50","4,201.25","4,227.50","4,151.00","319.44K","-0.82%"
"01/09/2015","4,200.75","4,232.25","4,252.50","4,181.00","341.97K","-0.74%"
"01/08/2015","4,232.25","4,152.25","4,242.75","4,152.25","272.06K","1.95%"
"01/07/2015","4,151.50","4,105.50","4,163.25","4,102.75","328.18K","1.20%"
"01/06/2015","4,102.25","4,166.50","4,172.50","4,082.00","426.15K","-1.43%"
"01/05/2015","4,161.75","4,216.00","4,220.75","4,145.00","313.77K","-1.25%"
"01/02/2015","4,214.25","4,240.25","4,272.75","4,201.00","229.56K","-0.80%"
"01/01/2015","4,248.30","4,233.80","4,249.30","4,233.80","","0.37%"
"12/31/2014","4,232.75","4,283.00","4,305.00","4,228.00","146.91K","-1.17%"
"12/30/2014","4,282.75","4,316.25","4,318.00","4,273.75","110.09K","-0.66%"
"12/29/2014","4,311.00","4,315.00","4,320.75","4,298.25","102.43K","0.02%"
"12/26/2014","4,310.25","4,282.00","4,322.00","4,282.00","61.11K","0.46%"
"12/25/2014","4,290.40","4,283.00","4,290.80","4,283.00","","0.18%"
"12/24/2014","4,282.50","4,278.00","4,298.50","4,276.50","46.18K","0.11%"
"12/23/2014","4,278.00","4,292.75","4,312.00","4,274.75","148.40K","-0.32%"
"12/22/2014","4,291.75","4,282.00","4,301.25","4,276.00","164.83K","0.79%"
"12/19/2014","4,258.20","4,268.00","4,307.00","4,261.00","8.20K","-0.16%"
"12/18/2014","4,265.00","4,164.50","4,274.75","4,154.00","60.28K","2.46%"
"12/17/2014","4,162.75","4,090.75","4,176.00","4,085.00","84.87K","1.87%"
"12/16/2014","4,086.50","4,164.00","4,192.75","4,084.25","186.21K","-1.86%"
"12/15/2014","4,163.75","4,189.50","4,237.75","4,144.75","225.30K","-0.61%"
"12/12/2014","4,189.50","4,233.00","4,254.75","4,188.00","245.58K","-1.11%"
"12/11/2014","4,236.50","4,228.25","4,298.00","4,220.25","422.62K","0.22%"
"12/10/2014","4,227.00","4,290.75","4,298.25","4,219.00","382.19K","-1.49%"
"12/09/2014","4,290.75","4,282.75","4,298.50","4,216.75","339.49K","0.27%"
"12/08/2014","4,279.00","4,314.25","4,320.25","4,259.00","320.42K","-0.79%"
"12/05/2014","4,313.25","4,313.00","4,326.75","4,302.75","199.23K","-0.01%"
"12/04/2014","4,313.50","4,312.00","4,328.50","4,293.25","248.73K","0.07%"
"12/03/2014","4,310.50","4,308.00","4,320.00","4,287.50","190.81K","0.12%"
"12/02/2014","4,305.50","4,287.00","4,314.75","4,285.00","226.50K","0.44%"
"12/01/2014","4,286.50","4,330.75","4,335.50","4,273.50","324.37K","-1.19%"
"11/28/2014","4,338.25","4,323.50","4,348.00","4,312.50","134.10K","0.25%"
"11/27/2014","4,327.60","4,319.70","4,331.90","4,312.60","","0.23%"
"11/26/2014","4,317.75","4,294.00","4,323.75","4,290.50","135.75K","0.59%"
"11/25/2014","4,292.50","4,282.00","4,303.25","4,276.75","169.15K","0.25%"
"11/24/2014","4,282.00","4,249.75","4,286.75","4,248.00","158.38K","0.77%"
"11/21/2014","4,249.25","4,245.50","4,284.50","4,237.50","285.75K","0.10%"
"11/20/2014","4,245.00","4,223.75","4,248.25","4,201.75","214.47K","0.50%"
"11/19/2014","4,223.75","4,238.25","4,242.50","4,204.25","235.76K","-0.34%"
"11/18/2014","4,238.00","4,213.25","4,248.75","4,203.00","213.48K","0.61%"
"11/17/2014","4,212.25","4,223.25","4,224.50","4,191.50","230.97K","-0.23%"
"11/14/2014","4,222.00","4,203.25","4,225.75","4,195.75","218.49K","0.40%"
"11/13/2014","4,205.00","4,193.50","4,227.00","4,191.50","295.02K","0.21%"
"11/12/2014","4,196.00","4,183.25","4,198.75","4,166.50","202.72K","0.30%"
"11/11/2014","4,183.25","4,170.50","4,186.25","4,162.00","134.50K","0.31%"
"11/10/2014","4,170.25","4,152.75","4,178.50","4,144.00","164.94K","0.47%"
"11/07/2014","4,150.75","4,164.50","4,179.75","4,136.00","229.70K","-0.29%"
"11/06/2014","4,162.75","4,144.25","4,167.00","4,130.25","233.28K","0.49%"
"11/05/2014","4,142.50","4,144.75","4,176.25","4,133.75","270.15K","-0.02%"
"11/04/2014","4,143.50","4,157.50","4,164.25","4,119.75","259.95K","-0.33%"
"11/03/2014","4,157.25","4,150.25","4,173.75","4,142.00","215.04K","0.16%"
"10/31/2014","4,150.50","4,091.50","4,163.50","4,089.75","313.26K","1.49%"
"10/30/2014","4,089.50","4,072.25","4,102.50","4,043.00","366.99K","0.42%"
"10/29/2014","4,072.25","4,080.75","4,096.25","4,054.75","340.71K","-0.53%"
"10/28/2014","4,094.00","4,041.00","4,099.75","4,037.75","258.88K","1.38%"
"10/27/2014","4,038.25","4,035.75","4,049.75","4,009.50","275.99K","0.09%"
"10/24/2014","4,034.75","3,995.75","4,038.50","3,970.50","288.63K","0.74%"
"10/23/2014","4,005.25","3,947.00","4,024.75","3,939.50","348.13K","1.42%"
"10/22/2014","3,949.25","3,970.50","3,983.00","3,939.50","343.47K","-0.56%"
"10/21/2014","3,971.50","3,880.25","3,976.00","3,846.00","382.28K","2.73%"
"10/20/2014","3,866.00","3,811.75","3,883.00","3,793.25","315.48K","1.63%"
"10/17/2014","3,804.00","3,748.00","3,840.50","3,742.00","477.90K","1.67%"
"10/16/2014","3,741.50","3,751.00","3,786.50","3,684.00","695.84K","-0.28%"
"10/15/2014","3,752.00","3,823.75","3,831.50","3,691.25","831.11K","-1.57%"
"10/14/2014","3,811.75","3,798.00","3,852.75","3,793.00","602.32K","0.35%"
"10/13/2014","3,798.50","3,848.50","3,885.75","3,792.50","636.05K","-1.41%"
"10/10/2014","3,853.00","3,948.00","3,967.00","3,851.00","675.54K","-2.95%"
"10/09/2014","3,970.25","4,029.00","4,047.75","3,947.00","595.70K","-1.49%"
"10/08/2014","4,030.50","3,953.50","4,041.75","3,930.75","466.94K","1.88%"
"10/07/2014","3,956.25","4,001.50","4,010.25","3,948.00","383.80K","-1.27%"
"10/06/2014","4,007.00","4,017.75","4,040.50","3,996.25","338.25K","-0.22%"
"10/03/2014","4,016.00","3,974.50","4,034.75","3,970.50","286.08K","0.96%"
"10/02/2014","3,978.00","3,981.50","3,995.00","3,927.75","439.79K","-0.11%"
"10/01/2014","3,982.50","4,036.25","4,046.00","3,965.50","435.75K","-1.54%"
"09/30/2014","4,044.75","4,033.75","4,064.75","4,024.25","334.47K","0.23%"
"09/29/2014","4,035.50","4,045.75","4,051.25","3,998.00","350.31K","-0.25%"
"09/26/2014","4,045.75","4,005.00","4,050.50","4,001.75","310.00K","0.95%"
"09/25/2014","4,007.50","4,085.25","4,088.50","3,998.25","442.90K","-1.96%"
"09/24/2014","4,087.75","4,031.75","4,090.00","4,031.00","278.36K","1.26%"
"09/23/2014","4,037.00","4,044.50","4,061.00","4,027.50","276.93K","-0.39%"
"09/22/2014","4,052.75","4,091.75","4,092.00","4,035.75","295.63K","-1.73%"
"09/19/2014","4,124.20","4,104.75","4,127.75","4,102.75","4.73K","0.50%"
"09/18/2014","4,103.75","4,077.00","4,106.75","4,068.75","33.22K","0.77%"
"09/17/2014","4,072.50","4,065.25","4,091.25","4,047.25","68.88K","0.16%"
"09/16/2014","4,066.00","4,034.75","4,074.00","4,012.00","124.81K","0.81%"
"09/15/2014","4,033.50","4,057.50","4,076.25","4,018.25","150.02K","-0.89%"
"09/12/2014","4,069.75","4,096.50","4,096.50","4,056.75","184.36K","-0.52%"
"09/11/2014","4,091.00","4,093.00","4,097.00","4,060.00","307.25K","-0.05%"
"09/10/2014","4,093.00","4,065.50","4,096.25","4,054.75","257.24K","0.66%"
"09/09/2014","4,066.00","4,092.50","4,110.50","4,053.25","386.11K","-0.66%"
"09/08/2014","4,093.00","4,086.50","4,105.00","4,075.50","207.65K","0.16%"
"09/05/2014","4,086.50","4,072.25","4,091.50","4,052.00","283.62K","0.42%"
"09/04/2014","4,069.25","4,071.75","4,101.00","4,056.25","276.12K","-0.06%"
"09/03/2014","4,071.75","4,092.75","4,113.75","4,062.50","265.48K","-0.49%"
"09/02/2014","4,092.00","4,078.75","4,096.00","4,076.00","195.21K","0.23%"
"09/01/2014","4,082.80","4,081.60","4,084.90","4,076.20","","0.02%"
"08/29/2014","4,082.00","4,075.50","4,086.00","4,062.00","167.84K","0.30%"
"08/28/2014","4,069.75","4,071.50","4,076.25","4,054.50","166.45K","-0.07%"
"08/27/2014","4,072.75","4,073.50","4,077.00","4,063.50","128.38K","0.01%"
"08/26/2014","4,072.25","4,064.25","4,075.75","4,061.75","147.21K","0.22%"
"08/25/2014","4,063.50","4,057.50","4,078.50","4,056.75","168.70K","0.22%"
"08/22/2014","4,054.75","4,047.75","4,061.00","4,036.50","211.67K","0.18%"
"08/21/2014","4,047.50","4,039.75","4,049.00","4,032.75","145.15K","0.20%"
"08/20/2014","4,039.50","4,036.50","4,046.50","4,028.75","163.16K","0.13%"
"08/19/2014","4,034.25","4,017.00","4,040.50","4,015.75","151.28K","0.52%"
"08/18/2014","4,013.25","3,991.00","4,019.50","3,991.00","159.35K","0.71%"
"08/15/2014","3,985.00","3,973.00","3,994.50","3,947.25","362.62K","0.43%"
"08/14/2014","3,968.00","3,946.50","3,974.75","3,939.50","176.30K","0.56%"
"08/13/2014","3,945.75","3,906.00","3,949.50","3,902.25","201.98K","1.08%"
"08/12/2014","3,903.50","3,907.50","3,917.25","3,883.25","220.59K","-0.04%"
"08/11/2014","3,905.00","3,874.00","3,917.75","3,873.75","178.45K","0.81%"
"08/08/2014","3,873.50","3,855.50","3,886.75","3,826.50","315.42K","0.43%"
"08/07/2014","3,856.75","3,869.25","3,892.50","3,840.75","329.60K","-0.31%"
"08/06/2014","3,868.75","3,874.50","3,891.25","3,842.00","292.47K","-0.08%"
"08/05/2014","3,871.75","3,894.75","3,900.25","3,851.75","356.54K","-0.64%"
"08/04/2014","3,896.75","3,873.00","3,915.75","3,867.25","250.76K","0.61%"
"08/01/2014","3,873.25","3,890.50","3,901.25","3,847.50","462.51K","-0.30%"
"07/31/2014","3,884.75","3,968.75","3,970.25","3,881.75","423.44K","-2.11%"
"07/30/2014","3,968.50","3,957.25","3,983.00","3,953.25","275.03K","0.41%"
"07/29/2014","3,952.25","3,958.50","3,977.50","3,948.50","219.91K","-0.20%"
"07/28/2014","3,960.00","3,954.00","3,970.25","3,929.00","210.32K","0.11%"
"07/25/2014","3,955.50","3,962.75","3,965.50","3,937.50","210.23K","-0.41%"
"07/24/2014","3,971.75","3,978.00","3,991.25","3,963.50","209.69K","-0.09%"
"07/23/2014","3,975.50","3,944.75","3,983.25","3,944.25","209.51K","0.63%"
"07/22/2014","3,950.50","3,924.50","3,959.50","3,923.75","198.84K","0.63%"
"07/21/2014","3,925.75","3,929.50","3,934.25","3,909.75","219.80K","-0.11%"
"07/18/2014","3,930.25","3,870.50","3,935.75","3,854.00","291.93K","1.40%"
"07/17/2014","3,876.00","3,919.00","3,927.50","3,859.25","380.38K","-1.19%"
"07/16/2014","3,922.50","3,916.50","3,941.00","3,913.00","215.29K","0.26%"
"07/15/2014","3,912.50","3,922.50","3,933.50","3,880.00","332.22K","-0.17%"
"07/14/2014","3,919.25","3,898.00","3,930.75","3,897.75","163.88K","0.56%"
"07/11/2014","3,897.50","3,874.25","3,899.00","3,871.75","200.88K","0.61%"
"07/10/2014","3,873.75","3,886.50","3,889.50","3,831.50","317.25K","-0.30%"
"07/09/2014","3,885.50","3,863.50","3,890.75","3,856.50","244.55K","0.58%"
"07/08/2014","3,863.25","3,905.00","3,906.75","3,841.25","331.38K","-1.05%"
"07/07/2014","3,904.25","3,912.75","3,916.75","3,896.00","175.43K","-0.25%"
"07/04/2014","3,913.90","3,915.80","3,916.40","3,911.70","","-0.05%"
"07/03/2014","3,915.75","3,890.50","3,918.00","3,888.25","121.42K","0.67%"
"07/02/2014","3,889.75","3,885.50","3,896.50","3,883.00","150.12K","0.13%"
"07/01/2014","3,884.75","3,847.00","3,894.50","3,844.75","195.64K","1.15%"
"06/30/2014","3,840.50","3,831.50","3,851.25","3,827.75","154.83K","0.23%"
"06/27/2014","3,831.50","3,817.00","3,837.75","3,808.00","182.90K","0.37%"
"06/26/2014","3,817.50","3,812.75","3,822.00","3,789.00","239.39K","0.07%"
"06/25/2014","3,814.75","3,792.25","3,823.50","3,783.00","249.82K","0.53%"
"06/24/2014","3,794.50","3,792.00","3,828.00","3,781.25","281.59K","0.00%"
"06/23/2014","3,794.50","3,792.25","3,807.25","3,785.25","161.44K","-0.42%"
"06/20/2014","3,810.67","3,797.50","3,807.50","3,793.75","","0.35%"
"06/19/2014","3,797.25","3,801.75","3,811.25","3,782.50","40.59K","-0.16%"
"06/18/2014","3,803.50","3,781.50","3,807.50","3,763.00","77.78K","0.64%"
"06/17/2014","3,779.50","3,780.25","3,792.25","3,769.75","111.34K","0.01%"
"06/16/2014","3,779.25","3,774.75","3,790.50","3,757.00","119.71K","0.09%"
"06/13/2014","3,775.75","3,773.00","3,785.75","3,760.00","158.90K","0.12%"
"06/12/2014","3,771.25","3,797.50","3,806.50","3,751.50","295.54K","-0.71%"
"06/11/2014","3,798.25","3,802.00","3,804.75","3,779.50","203.58K","-0.06%"
"06/10/2014","3,800.50","3,792.50","3,803.00","3,784.75","154.78K","0.18%"
"06/09/2014","3,793.75","3,800.00","3,803.00","3,783.00","148.83K","-0.11%"
"06/06/2014","3,798.00","3,777.50","3,800.25","3,775.75","200.42K","0.58%"
"06/05/2014","3,776.25","3,743.50","3,782.00","3,734.00","283.29K","0.88%"
"06/04/2014","3,743.25","3,732.75","3,749.25","3,714.00","188.80K","0.34%"
"06/03/2014","3,730.75","3,728.00","3,735.75","3,714.00","183.99K","0.09%"
"06/02/2014","3,727.50","3,735.00","3,741.50","3,707.25","225.59K","-0.21%"
"05/30/2014","3,735.50","3,735.25","3,740.50","3,715.25","214.38K","0.00%"
"05/29/2014","3,735.50","3,716.25","3,737.25","3,713.25","184.92K","0.52%"
"05/28/2014","3,716.00","3,720.50","3,730.25","3,707.50","218.21K","-0.14%"
"05/27/2014","3,721.25","3,679.00","3,723.00","3,677.50","203.56K","0.92%"
"05/26/2014","3,687.30","3,680.70","3,692.40","3,677.70","","0.33%"
"05/23/2014","3,675.00","3,648.25","3,677.00","3,645.25","167.14K","0.74%"
"05/22/2014","3,648.00","3,631.50","3,659.75","3,631.25","217.63K","0.40%"
"05/21/2014","3,633.50","3,599.00","3,635.75","3,593.25","257.18K","1.03%"
"05/20/2014","3,596.50","3,611.25","3,623.75","3,584.50","297.81K","-0.46%"
"05/19/2014","3,613.25","3,586.75","3,617.50","3,565.50","221.04K","0.85%"
"05/16/2014","3,582.75","3,563.50","3,589.50","3,543.00","294.61K","0.55%"
"05/15/2014","3,563.25","3,599.25","3,606.75","3,540.25","398.71K","-0.92%"
"05/14/2014","3,596.25","3,610.50","3,615.00","3,583.25","234.69K","-0.35%"
"05/13/2014","3,608.75","3,611.50","3,624.25","3,603.50","221.78K","0.03%"
"05/12/2014","3,607.75","3,549.25","3,613.50","3,548.25","246.73K","1.68%"
"05/09/2014","3,548.00","3,533.50","3,552.25","3,510.50","319.91K","0.30%"
"05/08/2014","3,537.50","3,539.25","3,579.75","3,518.50","388.61K","-0.08%"
"05/07/2014","3,540.50","3,551.00","3,566.50","3,497.50","447.23K","-0.30%"
"05/06/2014","3,551.00","3,595.00","3,603.75","3,546.75","261.00K","-1.11%"
"05/05/2014","3,590.75","3,583.25","3,598.00","3,548.00","235.36K","0.32%"
"05/02/2014","3,579.25","3,589.50","3,604.50","3,569.50","297.58K","-0.21%"
"05/01/2014","3,586.75","3,577.00","3,605.50","3,570.50","195.19K","0.38%"
"04/30/2014","3,573.25","3,557.25","3,578.00","3,539.00","288.75K","0.27%"
"04/29/2014","3,563.75","3,541.50","3,571.25","3,530.00","306.70K","0.65%"
"04/28/2014","3,540.75","3,536.00","3,562.50","3,480.50","481.34K","0.29%"
"04/25/2014","3,530.50","3,588.00","3,589.75","3,516.50","330.38K","-1.51%"
"04/24/2014","3,584.75","3,595.75","3,618.25","3,544.00","393.07K","0.85%"
"04/23/2014","3,554.50","3,584.50","3,599.50","3,546.00","249.72K","-0.85%"
"04/22/2014","3,585.00","3,553.75","3,588.50","3,545.75","214.08K","0.95%"
"04/21/2014","3,551.25","3,525.00","3,554.25","3,516.75","152.23K","0.79%"
"04/17/2014","3,523.25","3,505.50","3,542.50","3,492.50","","0.62%"
"04/16/2014","3,501.50","3,497.75","3,524.50","3,479.50","400.46K","0.29%"
"04/15/2014","3,491.25","3,471.00","3,501.00","3,404.75","597.76K","0.61%"
"04/14/2014","3,470.25","3,435.75","3,485.00","3,425.25","383.26K","0.76%"
"04/11/2014","3,444.00","3,485.00","3,493.75","3,431.50","533.68K","-1.03%"
"04/10/2014","3,480.00","3,593.25","3,599.50","3,470.25","528.14K","-3.09%"
"04/09/2014","3,591.00","3,528.75","3,594.25","3,526.25","332.71K","1.77%"
"04/08/2014","3,528.50","3,501.75","3,536.00","3,490.50","400.20K","0.84%"
"04/07/2014","3,499.25","3,539.50","3,542.75","3,474.50","511.93K","-1.08%"
"04/04/2014","3,537.50","3,636.00","3,657.75","3,522.75","613.42K","-2.57%"
"04/03/2014","3,630.75","3,658.25","3,669.00","3,609.00","272.22K","-0.75%"
"04/02/2014","3,658.25","3,650.50","3,668.50","3,642.50","239.82K","0.22%"
"04/01/2014","3,650.25","3,583.25","3,652.75","3,578.50","265.36K","1.78%"
"03/31/2014","3,586.25","3,572.50","3,611.25","3,572.50","297.70K","0.65%"
"03/28/2014","3,563.00","3,560.00","3,601.25","3,551.50","313.35K","0.25%"
"03/27/2014","3,554.25","3,577.75","3,585.25","3,535.25","443.69K","-0.52%"
"03/26/2014","3,572.75","3,622.50","3,647.50","3,570.75","352.85K","-1.41%"
"03/25/2014","3,623.75","3,613.50","3,652.00","3,591.00","364.85K","0.35%"
"03/24/2014","3,611.00","3,640.25","3,657.00","3,575.50","400.18K","-3.31%"
"03/21/2014","3,734.79","3,698.25","3,718.00","3,694.25","2.56K","0.97%"
"03/20/2014","3,699.00","3,681.25","3,705.50","3,664.75","38.95K","0.47%"
"03/19/2014","3,681.75","3,702.50","3,711.50","3,659.75","93.18K","-0.53%"
"03/18/2014","3,701.50","3,661.25","3,708.50","3,646.75","120.88K","1.18%"
"03/17/2014","3,658.25","3,629.25","3,679.50","3,608.50","82.75K","0.84%"
"03/14/2014","3,627.75","3,655.75","3,661.00","3,625.75","168.05K","-0.64%"
"03/13/2014","3,651.25","3,708.00","3,722.25","3,636.25","450.57K","-1.50%"
"03/12/2014","3,706.75","3,689.25","3,710.00","3,661.50","319.46K","0.49%"
"03/11/2014","3,688.50","3,707.50","3,726.00","3,681.00","259.72K","-0.51%"
"03/10/2014","3,707.50","3,701.50","3,712.00","3,684.00","192.16K","0.09%"
"03/07/2014","3,704.25","3,724.00","3,740.50","3,685.75","303.23K","-0.48%"
"03/06/2014","3,722.00","3,731.50","3,737.25","3,709.25","217.91K","-0.17%"
"03/05/2014","3,728.25","3,718.50","3,732.50","3,712.50","205.52K","0.31%"
"03/04/2014","3,716.75","3,671.00","3,723.25","3,669.75","263.18K","1.31%"
"03/03/2014","3,668.75","3,678.00","3,679.75","3,637.00","376.91K","-0.72%"
"02/28/2014","3,695.25","3,703.75","3,722.50","3,665.00","325.51K","-0.17%"
"02/27/2014","3,701.50","3,680.25","3,706.75","3,661.25","264.25K","0.76%"
"02/26/2014","3,673.75","3,691.25","3,702.25","3,662.50","271.37K","-0.40%"
"02/25/2014","3,688.50","3,685.75","3,697.25","3,668.50","236.40K","0.01%"
"02/24/2014","3,688.00","3,665.75","3,701.50","3,655.00","206.37K","0.64%"
"02/21/2014","3,664.50","3,671.50","3,686.75","3,660.75","186.80K","-0.19%"
"02/20/2014","3,671.50","3,654.50","3,677.00","3,638.25","269.73K","0.47%"
"02/19/2014","3,654.50","3,676.00","3,679.50","3,645.25","277.35K","-0.56%"
"02/18/2014","3,675.00","3,660.00","3,684.75","3,654.00","220.17K","0.28%"
"02/17/2014","3,664.80","3,662.70","3,672.30","3,656.60","","0.10%"
"02/14/2014","3,661.00","3,650.50","3,668.00","3,638.00","212.83K","0.27%"
"02/13/2014","3,651.00","3,623.25","3,656.00","3,596.75","287.79K","0.73%"
"02/12/2014","3,624.50","3,612.00","3,633.50","3,610.25","252.23K","0.33%"
"02/11/2014","3,612.75","3,579.25","3,626.00","3,578.50","249.86K","0.99%"
"02/10/2014","3,577.50","3,560.25","3,581.75","3,550.50","205.07K","0.55%"
"02/07/2014","3,558.00","3,490.75","3,561.75","3,479.50","367.85K","2.03%"
"02/06/2014","3,487.25","3,450.25","3,499.25","3,447.75","267.81K","1.21%"
"02/05/2014","3,445.50","3,452.00","3,463.25","3,412.00","356.87K","-0.19%"
"02/04/2014","3,452.00","3,439.50","3,473.75","3,431.50","324.40K","0.64%"
"02/03/2014","3,430.00","3,514.00","3,529.75","3,425.25","438.27K","-2.39%"
"01/31/2014","3,514.00","3,520.00","3,532.75","3,479.25","326.85K","0.34%"
"01/30/2014","3,502.00","3,480.00","3,537.25","3,471.00","315.35K","0.84%"
"01/29/2014","3,473.00","3,513.50","3,529.00","3,454.25","396.70K","-0.80%"
"01/28/2014","3,501.00","3,469.00","3,516.25","3,465.75","298.02K","-0.06%"
"01/27/2014","3,503.00","3,531.75","3,545.00","3,468.00","444.26K","-0.83%"
"01/24/2014","3,532.25","3,613.25","3,621.25","3,527.75","379.83K","-2.26%"
"01/23/2014","3,613.75","3,625.50","3,635.25","3,581.50","286.47K","-0.19%"
"01/22/2014","3,620.50","3,607.25","3,629.50","3,605.00","184.59K","0.30%"
"01/21/2014","3,609.50","3,584.50","3,612.00","3,577.50","210.49K","0.60%"
"01/20/2014","3,587.90","3,586.20","3,588.90","3,577.70","","0.09%"
"01/17/2014","3,584.75","3,597.25","3,609.00","3,574.25","256.19K","-0.29%"
"01/16/2014","3,595.25","3,598.50","3,608.25","3,594.00","162.06K","-0.08%"
"01/15/2014","3,598.25","3,573.75","3,610.25","3,570.75","234.22K","0.69%"
"01/14/2014","3,573.75","3,510.25","3,576.50","3,503.25","293.43K","1.83%"
"01/13/2014","3,509.50","3,563.25","3,566.50","3,492.50","333.01K","-1.46%"
"01/10/2014","3,561.50","3,549.75","3,572.00","3,529.50","263.42K","0.39%"
"01/09/2014","3,547.75","3,562.75","3,577.00","3,535.50","214.72K","-0.48%"
"01/08/2014","3,564.75","3,548.25","3,569.50","3,544.00","208.16K","0.45%"
"01/07/2014","3,548.75","3,516.25","3,557.25","3,516.00","191.72K","0.88%"
"01/06/2014","3,517.75","3,530.50","3,540.25","3,505.75","246.01K","-0.39%"
"01/03/2014","3,531.50","3,560.25","3,566.50","3,527.25","195.45K","-0.78%"
"01/02/2014","3,559.25","3,575.75","3,579.00","3,549.00","196.56K","-0.81%"
"01/01/2014","3,588.20","3,588.20","3,588.20","3,588.20","","0.12%"
"12/31/2013","3,583.75","3,566.50","3,594.75","3,565.00","71.64K","0.50%"
"12/30/2013","3,565.75","3,569.75","3,573.50","3,556.00","90.20K","-0.13%"
"12/27/2013","3,570.25","3,582.75","3,587.50","3,567.00","94.80K","-0.32%"
"12/26/2013","3,581.75","3,572.75","3,583.75","3,568.25","54.01K","0.34%"
"12/24/2013","3,569.75","3,565.25","3,572.75","3,561.00","47.47K","0.14%"
"12/23/2013","3,564.75","3,541.00","3,567.50","3,541.00","131.15K","1.73%"
"12/20/2013","3,503.98","3,500.00","3,508.00","3,496.00","","0.20%"
"12/19/2013","3,497.00","3,513.50","3,516.75","3,482.50","56.69K","-0.45%"
"12/18/2013","3,512.75","3,464.75","3,513.50","3,422.00","66.67K","1.37%"
"12/17/2013","3,465.25","3,470.75","3,483.25","3,460.75","87.63K","-0.27%"
"12/16/2013","3,474.50","3,457.00","3,495.25","3,434.50","130.79K","0.49%"
"12/13/2013","3,457.50","3,457.00","3,478.25","3,449.75","152.85K","-0.06%"
"12/12/2013","3,459.50","3,471.25","3,479.50","3,455.50","300.26K","-0.32%"
"12/11/2013","3,470.50","3,517.50","3,522.25","3,464.50","302.90K","-1.29%"
"12/10/2013","3,516.00","3,519.25","3,524.25","3,507.75","181.86K","-0.07%"
"12/09/2013","3,518.50","3,505.00","3,524.75","3,505.00","190.61K","0.41%"
"12/06/2013","3,504.00","3,478.00","3,511.00","3,477.00","254.91K","0.73%"
"12/05/2013","3,478.75","3,482.50","3,492.00","3,468.75","250.04K","-0.11%"
"12/04/2013","3,482.50","3,476.25","3,494.00","3,453.25","281.58K","0.19%"
"12/03/2013","3,475.75","3,483.75","3,488.75","3,466.25","224.70K","-0.21%"
"12/02/2013","3,483.00","3,493.00","3,501.25","3,476.75","231.12K","-0.13%"
"11/29/2013","3,487.50","3,469.00","3,496.50","3,468.75","97.74K","0.18%"
"11/28/2013","3,481.40","3,472.20","3,484.10","3,471.70","","0.37%"
"11/27/2013","3,468.50","3,447.00","3,472.25","3,445.75","146.38K","0.62%"
"11/26/2013","3,447.25","3,426.75","3,456.00","3,422.75","188.92K","0.53%"
"11/25/2013","3,429.00","3,422.50","3,437.25","3,420.25","177.97K","0.26%"
"11/22/2013","3,420.00","3,400.75","3,422.50","3,400.00","163.84K","0.57%"
"11/21/2013","3,400.50","3,367.75","3,406.00","3,360.25","204.62K","1.01%"
"11/20/2013","3,366.50","3,375.75","3,398.50","3,358.50","290.18K","-0.27%"
"11/19/2013","3,375.50","3,387.75","3,400.50","3,370.75","258.68K","-0.25%"
"11/18/2013","3,384.00","3,416.50","3,425.75","3,380.25","223.48K","-0.95%"
"11/15/2013","3,416.50","3,412.25","3,421.25","3,405.25","156.49K","0.18%"
"11/14/2013","3,410.50","3,392.50","3,415.75","3,386.75","225.75K","0.25%"
"11/13/2013","3,402.00","3,363.50","3,406.75","3,338.25","269.39K","1.11%"
"11/12/2013","3,364.50","3,354.75","3,366.75","3,343.75","196.20K","0.31%"
"11/11/2013","3,354.25","3,361.50","3,365.50","3,345.50","164.94K","-0.19%"
"11/08/2013","3,360.50","3,321.75","3,363.00","3,310.00","289.37K","1.24%"
"11/07/2013","3,319.50","3,374.00","3,387.00","3,314.25","404.48K","-1.67%"
"11/06/2013","3,376.00","3,380.00","3,398.00","3,370.25","218.08K","-0.11%"
"11/05/2013","3,379.75","3,378.00","3,390.50","3,355.75","224.57K","0.07%"
"11/04/2013","3,377.50","3,368.00","3,387.25","3,366.75","142.51K","0.28%"
"11/01/2013","3,368.00","3,377.25","3,388.50","3,357.50","230.31K","-0.03%"
"10/31/2013","3,369.00","3,380.00","3,394.00","3,360.75","252.51K","-0.69%"
"10/30/2013","3,392.25","3,390.25","3,401.75","3,364.25","287.57K","0.24%"
"10/29/2013","3,384.00","3,377.75","3,392.25","3,368.50","208.68K","0.02%"
"10/28/2013","3,383.25","3,374.25","3,391.00","3,360.75","196.91K","0.28%"
"10/25/2013","3,373.75","3,376.75","3,392.75","3,361.25","223.02K","0.08%"
"10/24/2013","3,371.00","3,342.25","3,379.75","3,335.50","191.46K","0.93%"
"10/23/2013","3,340.00","3,356.00","3,357.25","3,322.25","244.37K","-0.49%"
"10/22/2013","3,356.50","3,353.00","3,377.25","3,338.00","330.95K","0.07%"
"10/21/2013","3,354.00","3,344.75","3,362.25","3,342.50","175.10K","0.36%"
"10/18/2013","3,342.00","3,307.50","3,348.00","3,306.75","235.87K","1.24%"
"10/17/2013","3,301.00","3,260.25","3,310.50","3,255.25","209.75K","1.13%"
"10/16/2013","3,264.00","3,240.50","3,276.50","3,234.75","228.47K","0.72%"
"10/15/2013","3,240.75","3,253.50","3,263.50","3,234.00","329.01K","-0.23%"
"10/14/2013","3,248.25","3,205.00","3,255.00","3,195.00","233.83K","0.71%"
"10/11/2013","3,225.50","3,193.50","3,230.50","3,175.75","230.01K","1.00%"
"10/10/2013","3,193.50","3,132.75","3,209.50","3,132.75","342.19K","1.95%"
"10/09/2013","3,132.50","3,146.25","3,164.00","3,110.75","441.57K","-0.58%"
"10/08/2013","3,150.75","3,206.50","3,214.50","3,144.25","418.01K","-1.69%"
"10/07/2013","3,205.00","3,224.00","3,232.75","3,201.75","239.19K","-0.91%"
"10/04/2013","3,234.50","3,201.25","3,239.50","3,199.50","201.54K","1.01%"
"10/03/2013","3,202.25","3,239.75","3,248.00","3,189.25","361.79K","-1.09%"
"10/02/2013","3,237.50","3,251.00","3,251.00","3,221.00","241.34K","-0.25%"
"10/01/2013","3,245.50","3,221.25","3,251.25","3,213.00","250.34K","1.14%"
"09/30/2013","3,209.00","3,211.50","3,223.25","3,178.25","281.67K","-0.43%"
"09/27/2013","3,223.00","3,229.75","3,233.50","3,203.00","193.11K","-0.09%"
"09/26/2013","3,226.00","3,202.50","3,235.25","3,202.25","208.82K","0.81%"
"09/25/2013","3,200.00","3,215.25","3,220.50","3,195.75","250.16K","-0.41%"
"09/24/2013","3,213.25","3,211.00","3,230.75","3,202.75","178.35K","0.13%"
"09/23/2013","3,209.00","3,222.75","3,237.00","3,198.00","237.54K","-1.14%"
"09/20/2013","3,245.97","3,239.50","3,251.50","3,234.00","","0.21%"
"09/19/2013","3,239.25","3,232.00","3,245.00","3,232.00","46.23K","0.33%"
"09/18/2013","3,228.75","3,192.75","3,236.25","3,189.75","56.73K","1.19%"
"09/17/2013","3,190.75","3,168.75","3,196.00","3,163.00","92.80K","0.73%"
"09/16/2013","3,167.75","3,196.25","3,219.25","3,163.00","128.60K","-0.31%"
"09/13/2013","3,177.75","3,177.25","3,182.50","3,161.75","122.09K","0.06%"
"09/12/2013","3,176.00","3,184.25","3,186.75","3,170.25","227.59K","-0.08%"
"09/11/2013","3,178.50","3,184.25","3,188.75","3,160.00","220.77K","-0.13%"
"09/10/2013","3,182.75","3,171.50","3,189.25","3,167.25","230.77K","0.56%"
"09/09/2013","3,165.00","3,132.75","3,175.25","3,130.50","196.24K","1.13%"
"09/06/2013","3,129.50","3,128.50","3,150.25","3,096.50","281.13K","0.05%"
"09/05/2013","3,128.00","3,131.50","3,137.75","3,124.00","152.93K","-0.01%"
"09/04/2013","3,128.25","3,087.75","3,132.00","3,083.25","216.74K","1.35%"
"09/03/2013","3,086.50","3,088.75","3,113.25","3,076.00","314.38K","-0.63%"
"09/02/2013","3,106.20","3,097.10","3,113.40","3,094.40","","1.06%"
"08/30/2013","3,073.50","3,093.50","3,103.50","3,062.00","253.78K","-0.52%"
"08/29/2013","3,089.50","3,068.25","3,109.00","3,064.00","246.34K","0.69%"
"08/28/2013","3,068.25","3,061.50","3,084.75","3,056.00","188.49K","0.29%"
"08/27/2013","3,059.50","3,123.50","3,124.75","3,052.50","360.12K","-1.97%"
"08/26/2013","3,121.00","3,120.25","3,147.25","3,117.25","189.29K","-0.01%"
"08/23/2013","3,121.25","3,103.50","3,127.00","3,096.50","194.42K","0.63%"
"08/22/2013","3,101.75","3,062.00","3,107.00","3,055.50","190.51K","1.28%"
"08/21/2013","3,062.50","3,081.75","3,098.75","3,059.25","295.66K","-0.60%"
"08/20/2013","3,081.00","3,071.25","3,097.00","3,063.50","164.00K","0.34%"
"08/19/2013","3,070.50","3,068.50","3,100.50","3,060.25","210.78K","0.02%"
"08/16/2013","3,069.75","3,071.75","3,090.00","3,068.25","189.04K","-0.04%"
"08/15/2013","3,071.00","3,113.00","3,114.75","3,066.50","307.03K","-1.67%"
"08/14/2013","3,123.25","3,138.75","3,143.75","3,114.25","234.09K","-0.44%"
"08/13/2013","3,137.00","3,126.00","3,148.00","3,104.75","239.13K","0.42%"
"08/12/2013","3,124.00","3,113.50","3,129.50","3,094.25","171.28K","0.35%"
"08/09/2013","3,113.25","3,129.25","3,134.75","3,107.00","199.82K","-0.44%"
"08/08/2013","3,127.00","3,117.25","3,136.50","3,108.50","215.70K","0.35%"
"08/07/2013","3,116.00","3,117.75","3,119.50","3,090.75","228.79K","-0.06%"
"08/06/2013","3,118.00","3,136.00","3,139.50","3,106.25","170.13K","-0.57%"
"08/05/2013","3,136.00","3,136.25","3,140.25","3,128.00","114.59K","0.00%"
"08/02/2013","3,136.00","3,118.25","3,138.00","3,112.25","162.65K","0.75%"
"08/01/2013","3,112.75","3,088.75","3,123.50","3,088.75","153.83K","0.96%"
"07/31/2013","3,083.00","3,082.50","3,105.00","3,079.25","254.20K","-0.08%"
"07/30/2013","3,085.50","3,066.00","3,094.75","3,065.50","237.29K","0.65%"
"07/29/2013","3,065.50","3,070.00","3,078.50","3,056.75","189.95K","-0.16%"
"07/26/2013","3,070.50","3,053.00","3,073.50","3,037.50","183.58K","0.67%"
"07/25/2013","3,050.00","3,052.50","3,058.25","3,027.50","214.95K","0.07%"
"07/24/2013","3,048.00","3,038.00","3,057.25","3,028.75","314.73K","0.73%"
"07/23/2013","3,026.00","3,049.25","3,060.00","3,023.50","161.68K","-0.71%"
"07/22/2013","3,047.50","3,043.75","3,055.25","3,038.50","140.93K","0.22%"
"07/19/2013","3,040.75","3,049.00","3,049.00","3,030.50","203.20K","-0.22%"
"07/18/2013","3,047.50","3,075.25","3,087.00","3,046.00","179.56K","-1.03%"
"07/17/2013","3,079.25","3,073.25","3,086.50","3,065.50","186.22K","0.28%"
"07/16/2013","3,070.75","3,074.00","3,080.25","3,063.75","147.26K","-0.07%"
"07/15/2013","3,073.00","3,062.75","3,076.50","3,062.75","112.41K","0.36%"
"07/12/2013","3,062.00","3,053.00","3,070.50","3,049.25","148.45K","0.23%"
"07/11/2013","3,055.00","3,011.50","3,058.00","3,011.50","200.92K","1.96%"
"07/10/2013","2,996.25","2,977.25","3,014.00","2,969.00","198.68K","0.74%"
"07/09/2013","2,974.25","2,961.00","2,985.00","2,959.00","162.52K","0.52%"
"07/08/2013","2,958.75","2,961.50","2,978.25","2,948.75","200.40K","0.08%"
"07/05/2013","2,956.50","2,937.75","2,971.25","2,927.75","228.91K","-0.23%"
"07/04/2013","2,963.30","2,940.70","2,967.10","2,940.30","","0.91%"
"07/03/2013","2,936.50","2,923.25","2,949.00","2,897.00","152.05K","0.45%"
"07/02/2013","2,923.25","2,919.25","2,941.25","2,907.25","202.88K","0.21%"
"07/01/2013","2,917.00","2,902.75","2,946.75","2,894.25","200.62K","0.54%"
"06/28/2013","2,901.25","2,899.00","2,922.00","2,884.25","239.22K","0.06%"
"06/27/2013","2,899.50","2,885.75","2,918.25","2,882.25","173.48K","0.57%"
"06/26/2013","2,883.00","2,857.00","2,892.75","2,845.75","196.35K","0.87%"
"06/25/2013","2,858.25","2,846.25","2,873.75","2,830.75","257.86K","0.50%"
"06/24/2013","2,844.00","2,866.50","2,870.75","2,817.75","358.81K","-1.78%"
"06/21/2013","2,895.50","2,888.00","2,907.50","2,882.25","","0.31%"
"06/20/2013","2,886.50","2,960.75","2,962.25","2,882.25","81.02K","-2.53%"
"06/19/2013","2,961.50","2,996.75","3,003.50","2,958.25","65.00K","-1.07%"
"06/18/2013","2,993.50","2,972.50","3,002.50","2,971.00","96.35K","0.79%"
"06/17/2013","2,970.00","2,936.50","2,989.75","2,936.50","113.84K","0.95%"
"06/14/2013","2,942.00","2,966.25","2,968.50","2,938.75","119.40K","-0.68%"
"06/13/2013","2,962.25","2,922.75","2,969.50","2,897.75","284.59K","1.44%"
"06/12/2013","2,920.25","2,965.50","2,979.50","2,919.50","328.53K","-1.46%"
"06/11/2013","2,963.50","2,987.75","2,989.00","2,949.50","312.06K","-0.79%"
"06/10/2013","2,987.00","2,981.00","3,004.00","2,976.25","242.51K","0.22%"
"06/07/2013","2,980.50","2,948.25","2,992.00","2,940.00","266.60K","1.05%"
"06/06/2013","2,949.50","2,939.25","2,954.00","2,910.50","280.56K","0.37%"
"06/05/2013","2,938.50","2,970.75","2,977.75","2,932.00","302.59K","-1.22%"
"06/04/2013","2,974.75","2,986.50","3,007.00","2,961.00","283.61K","-0.36%"
"06/03/2013","2,985.50","2,981.00","2,995.00","2,950.00","322.75K","0.18%"
"05/31/2013","2,980.25","3,011.00","3,022.75","2,976.25","273.25K","-0.99%"
"05/30/2013","3,010.00","2,995.00","3,025.50","2,981.75","215.95K","0.48%"
"05/29/2013","2,995.50","3,004.75","3,008.75","2,978.25","242.46K","-0.27%"
"05/28/2013","3,003.50","2,991.25","3,036.75","2,985.00","238.82K","0.12%"
"05/27/2013","2,999.80","2,999.30","3,002.70","2,985.20","","0.25%"
"05/24/2013","2,992.25","2,995.75","3,003.00","2,963.50","203.97K","0.00%"
"05/23/2013","2,992.25","3,006.25","3,008.50","2,961.25","313.28K","-0.29%"
"05/22/2013","3,001.00","3,021.75","3,053.50","2,983.75","363.79K","-0.68%"
"05/21/2013","3,021.50","3,019.50","3,036.75","3,010.00","185.20K","0.02%"
"05/20/2013","3,021.00","3,021.25","3,032.00","3,010.00","193.26K","-0.06%"
"05/17/2013","3,022.75","3,001.00","3,028.25","2,998.00","188.12K","0.82%"
"05/16/2013","2,998.25","3,004.25","3,019.00","2,996.00","203.74K","-0.09%"
"05/15/2013","3,001.00","2,995.75","3,007.50","2,982.50","206.06K","0.19%"
"05/14/2013","2,995.25","2,981.25","3,005.00","2,971.25","192.39K","0.48%"
"05/13/2013","2,981.00","2,972.25","2,987.50","2,960.50","162.11K","0.18%"
"05/10/2013","2,975.50","2,961.25","2,978.75","2,958.75","169.26K","0.59%"
"05/09/2013","2,958.00","2,961.00","2,978.25","2,950.00","185.02K","-0.13%"
"05/08/2013","2,961.75","2,946.75","2,965.00","2,941.75","144.66K","0.52%"
"05/07/2013","2,946.50","2,947.50","2,956.75","2,937.25","176.58K","-0.03%"
"05/06/2013","2,947.50","2,936.75","2,954.00","2,936.50","134.82K","0.43%"
"05/03/2013","2,935.00","2,902.00","2,947.75","2,900.25","193.08K","1.14%"
"05/02/2013","2,902.00","2,868.00","2,910.50","2,867.25","199.37K","1.34%"
"05/01/2013","2,863.50","2,884.00","2,887.00","2,862.25","154.07K","-0.57%"
"04/30/2013","2,880.00","2,859.75","2,884.25","2,853.25","190.42K","0.74%"
"04/29/2013","2,858.75","2,833.75","2,871.75","2,827.50","175.22K","1.00%"
"04/26/2013","2,830.50","2,841.00","2,844.75","2,822.25","165.11K","-0.47%"
"04/25/2013","2,844.00","2,821.75","2,854.50","2,814.00","196.64K","0.71%"
"04/24/2013","2,824.00","2,829.50","2,838.25","2,816.00","257.08K","0.04%"
"04/23/2013","2,823.00","2,800.75","2,843.50","2,785.00","269.33K","0.92%"
"04/22/2013","2,797.25","2,772.50","2,812.50","2,770.75","230.39K","1.05%"
"04/19/2013","2,768.25","2,746.25","2,779.50","2,736.75","273.83K","1.05%"
"04/18/2013","2,739.50","2,770.50","2,788.00","2,724.00","345.30K","-1.26%"
"04/17/2013","2,774.50","2,830.50","2,830.50","2,758.25","378.58K","-1.89%"
"04/16/2013","2,828.00","2,786.00","2,834.25","2,785.25","236.66K","1.60%"
"04/15/2013","2,783.50","2,846.50","2,851.00","2,771.25","326.43K","-2.20%"
"04/12/2013","2,846.25","2,853.75","2,856.25","2,828.25","199.00K","-0.25%"
"04/11/2013","2,853.25","2,852.00","2,858.50","2,843.25","199.36K","0.00%"
"04/10/2013","2,853.25","2,799.00","2,857.50","2,794.75","259.07K","1.99%"
"04/09/2013","2,797.50","2,784.75","2,809.75","2,773.00","237.57K","0.59%"
"04/08/2013","2,781.00","2,763.25","2,788.25","2,757.00","176.14K","0.65%"
"04/05/2013","2,763.00","2,785.00","2,785.50","2,737.50","265.28K","-0.79%"
"04/04/2013","2,785.00","2,788.00","2,801.50","2,772.50","226.61K","-0.07%"
"04/03/2013","2,787.00","2,814.25","2,819.25","2,780.25","256.75K","-0.92%"
"04/02/2013","2,812.75","2,789.75","2,823.00","2,786.25","214.26K","0.89%"
"04/01/2013","2,788.00","2,811.00","2,815.75","2,784.25","145.80K","-0.82%"
"03/28/2013","2,811.00","2,801.25","2,814.75","2,791.50","","0.36%"
"03/27/2013","2,801.00","2,802.25","2,806.00","2,776.50","185.71K","0.04%"
"03/26/2013","2,799.75","2,788.25","2,803.75","2,784.50","168.87K","0.56%"
"03/25/2013","2,784.25","2,793.50","2,811.50","2,771.00","249.37K","-0.33%"
"03/22/2013","2,793.50","2,769.25","2,799.50","2,763.25","180.41K","0.86%"
"03/21/2013","2,769.75","2,788.25","2,788.25","2,761.25","221.28K","-0.56%"
"03/20/2013","2,785.25","2,776.75","2,806.50","2,771.75","213.75K","0.21%"
"03/19/2013","2,779.50","2,787.25","2,800.00","2,755.25","280.86K","-0.27%"
"03/18/2013","2,787.00","2,774.00","2,797.25","2,748.25","261.52K","-0.58%"
"03/15/2013","2,803.36","2,805.00","2,811.50","2,804.50","","-0.09%"
"03/14/2013","2,806.00","2,800.25","2,813.25","2,797.50","36.31K","0.25%"
"03/13/2013","2,799.00","2,803.00","2,808.50","2,787.75","78.28K","-0.14%"
"03/12/2013","2,803.00","2,809.75","2,811.25","2,787.75","90.21K","-0.24%"
"03/11/2013","2,809.75","2,801.50","2,812.25","2,791.25","120.85K","0.29%"
"03/08/2013","2,801.50","2,798.50","2,827.75","2,792.50","147.82K","0.08%"
"03/07/2013","2,799.25","2,790.50","2,804.50","2,788.50","194.93K","0.39%"
"03/06/2013","2,788.25","2,800.75","2,809.25","2,788.75","224.48K","-0.36%"
"03/05/2013","2,798.25","2,762.50","2,803.75","2,761.00","249.53K","1.39%"
"03/04/2013","2,760.00","2,745.50","2,763.75","2,732.75","243.02K","0.41%"
"03/01/2013","2,748.75","2,738.00","2,751.50","2,711.75","278.66K","0.39%"
"02/28/2013","2,738.00","2,741.00","2,761.50","2,732.50","248.96K","-0.09%"
"02/27/2013","2,740.50","2,711.00","2,757.75","2,703.25","281.23K","1.21%"
"02/26/2013","2,707.75","2,702.25","2,718.25","2,689.00","321.13K","0.20%"
"02/25/2013","2,702.25","2,736.75","2,764.50","2,691.75","383.42K","-1.22%"
"02/22/2013","2,735.75","2,716.00","2,739.00","2,714.25","187.53K","0.80%"
"02/21/2013","2,714.00","2,736.00","2,741.00","2,699.50","283.85K","-0.86%"
"02/20/2013","2,737.50","2,784.50","2,786.50","2,725.00","230.44K","-1.56%"
"02/19/2013","2,780.75","2,759.75","2,786.00","2,758.25","163.03K","0.71%"
"02/15/2013","2,761.25","2,769.25","2,776.75","2,754.25","169.76K","-0.22%"
"02/14/2013","2,767.25","2,766.75","2,775.00","2,756.00","154.96K","-0.11%"
"02/13/2013","2,770.25","2,765.25","2,781.75","2,762.75","164.47K","0.34%"
"02/12/2013","2,760.75","2,770.75","2,774.50","2,758.75","171.65K","-0.35%"
"02/11/2013","2,770.50","2,771.25","2,780.75","2,763.50","146.49K","-0.05%"
"02/08/2013","2,772.00","2,742.00","2,778.50","2,741.00","211.10K","1.09%"
"02/07/2013","2,742.00","2,739.50","2,748.75","2,712.75","273.08K","0.17%"
"02/06/2013","2,737.25","2,753.50","2,757.00","2,733.00","217.76K","-0.44%"
"02/05/2013","2,749.25","2,710.00","2,759.25","2,709.25","243.06K","1.39%"
"02/04/2013","2,711.50","2,759.25","2,759.25","2,709.00","275.93K","-1.63%"
"02/01/2013","2,756.50","2,733.00","2,764.00","2,730.50","222.75K","1.16%"
"01/31/2013","2,725.00","2,734.00","2,746.25","2,723.75","216.93K","-0.39%"
"01/30/2013","2,735.75","2,745.50","2,751.75","2,726.25","252.06K","-0.26%"
"01/29/2013","2,742.75","2,734.75","2,747.00","2,716.25","221.67K","0.19%"
"01/28/2013","2,737.50","2,729.50","2,747.50","2,726.25","202.43K","0.35%"
"01/25/2013","2,728.00","2,714.25","2,739.50","2,711.75","234.41K","0.36%"
"01/24/2013","2,718.25","2,716.25","2,743.00","2,707.75","289.64K","-1.48%"
"01/23/2013","2,759.00","2,756.50","2,768.75","2,728.50","189.33K","0.29%"
"01/22/2013","2,751.00","2,734.25","2,758.00","2,720.75","195.84K","0.63%"
"01/18/2013","2,733.75","2,735.50","2,741.75","2,722.50","171.01K","-0.25%"
"01/17/2013","2,740.50","2,726.25","2,752.00","2,716.50","211.22K","0.53%"
"01/16/2013","2,726.00","2,720.75","2,737.50","2,710.50","181.66K","0.43%"
"01/15/2013","2,714.25","2,731.00","2,732.25","2,705.25","210.64K","-0.53%"
"01/14/2013","2,728.75","2,744.00","2,750.25","2,719.25","207.50K","-0.55%"
"01/11/2013","2,743.75","2,742.50","2,744.50","2,732.25","140.41K","0.25%"
"01/10/2013","2,737.00","2,722.50","2,743.50","2,713.75","244.79K","0.55%"
"01/09/2013","2,722.00","2,715.00","2,730.25","2,711.25","159.09K","0.29%"
"01/08/2013","2,714.00","2,718.75","2,724.75","2,698.50","200.79K","-0.14%"
"01/07/2013","2,717.75","2,716.25","2,722.75","2,702.50","174.83K","0.18%"
"01/04/2013","2,713.00","2,726.50","2,736.00","2,711.25","212.86K","-0.46%"
"01/03/2013","2,725.50","2,739.00","2,747.00","2,719.00","216.63K","-0.48%"
"01/02/2013","2,738.75","2,686.25","2,742.75","2,686.25","285.94K","3.14%"
"12/31/2012","2,655.25","2,590.25","2,665.00","2,580.00","198.76K","2.68%"
"12/28/2012","2,586.00","2,625.00","2,630.50","2,582.50","149.07K","-1.39%"
"12/27/2012","2,622.50","2,631.75","2,637.75","2,593.50","211.53K","-0.23%"
"12/26/2012","2,628.50","2,653.50","2,658.75","2,622.00","82.84K","-0.76%"
"12/24/2012","2,648.75","2,660.00","2,662.75","2,646.50","40.31K","-0.35%"
"12/21/2012","2,658.05","2,693.50","2,694.75","2,640.25","","-1.30%"
"12/20/2012","2,693.00","2,689.00","2,704.00","2,679.75","35.08K","-0.05%"
"12/19/2012","2,694.25","2,704.50","2,716.00","2,688.50","70.03K","-0.36%"
"12/18/2012","2,704.00","2,666.50","2,709.25","2,666.50","131.90K","1.41%"
"12/17/2012","2,666.50","2,635.25","2,669.75","2,614.00","113.57K","1.47%"
"12/14/2012","2,627.75","2,650.25","2,662.75","2,620.00","132.18K","-0.91%"
"12/13/2012","2,651.75","2,670.25","2,689.25","2,642.50","299.47K","-0.69%"
"12/12/2012","2,670.25","2,686.25","2,696.00","2,668.00","272.39K","-0.58%"
"12/11/2012","2,685.75","2,647.50","2,696.50","2,644.25","266.22K","1.33%"
"12/10/2012","2,650.50","2,637.00","2,660.75","2,625.75","211.33K","0.55%"
"12/07/2012","2,636.00","2,655.00","2,673.25","2,629.50","276.67K","-0.68%"
"12/06/2012","2,654.00","2,636.00","2,662.00","2,622.50","298.03K","0.63%"
"12/05/2012","2,637.50","2,661.00","2,679.25","2,623.00","361.36K","-1.01%"
"12/04/2012","2,664.50","2,667.75","2,675.75","2,650.25","259.04K","-0.21%"
"12/03/2012","2,670.00","2,676.00","2,698.50","2,666.25","219.67K","-0.21%"
"11/30/2012","2,675.75","2,672.00","2,689.75","2,667.25","213.42K","-0.16%"
"11/29/2012","2,680.00","2,663.50","2,688.50","2,659.75","273.98K","0.73%"
"11/28/2012","2,660.50","2,640.00","2,665.50","2,611.50","308.71K","0.73%"
"11/27/2012","2,641.25","2,648.50","2,658.75","2,636.50","266.94K","-0.17%"
"11/26/2012","2,645.75","2,633.00","2,650.75","2,623.00","203.34K","0.44%"
"11/23/2012","2,634.25","2,598.25","2,638.75","2,596.25","132.81K","1.47%"
"11/21/2012","2,596.00","2,592.00","2,602.00","2,577.00","164.69K","0.10%"
"11/20/2012","2,593.50","2,584.75","2,596.75","2,568.00","227.46K","0.31%"
"11/19/2012","2,585.50","2,535.00","2,594.25","2,534.50","271.97K","2.07%"
"11/16/2012","2,533.00","2,522.75","2,539.25","2,492.00","342.96K","0.44%"
"11/15/2012","2,522.00","2,531.25","2,541.00","2,512.75","337.01K","-0.30%"
"11/14/2012","2,529.50","2,567.50","2,585.75","2,526.50","365.10K","-1.21%"
"11/13/2012","2,560.50","2,581.75","2,585.75","2,553.00","315.32K","-0.79%"
"11/12/2012","2,581.00","2,581.50","2,597.25","2,572.00","193.65K","0.02%"
"11/09/2012","2,580.50","2,573.50","2,607.25","2,556.25","366.58K","0.33%"
"11/08/2012","2,572.00","2,612.75","2,623.25","2,568.50","384.38K","-1.46%"
"11/07/2012","2,610.00","2,676.75","2,688.00","2,599.00","401.57K","-2.46%"
"11/06/2012","2,675.75","2,661.25","2,691.75","2,653.25","248.03K","0.51%"
"11/05/2012","2,662.25","2,640.50","2,673.50","2,634.75","251.30K","0.80%"
"11/02/2012","2,641.00","2,686.00","2,694.00","2,641.50","287.86K","-1.63%"
"11/01/2012","2,684.75","2,634.25","2,688.75","2,627.25","285.58K","1.68%"
"10/31/2012","2,640.50","2,662.25","2,676.75","2,631.75","326.94K","-0.70%"
"10/30/2012","2,659.00","2,637.25","2,657.00","2,626.00","18.48K","0.00%"
"10/29/2012","2,659.00","2,654.50","2,658.50","2,634.25","19.10K","0.00%"
"10/26/2012","2,659.00","2,651.50","2,669.25","2,604.50","378.54K","0.42%"
"10/25/2012","2,648.00","2,652.50","2,673.50","2,640.25","252.97K","-0.09%"
"10/24/2012","2,650.50","2,660.00","2,680.50","2,646.25","261.59K","-0.38%"
"10/23/2012","2,660.50","2,691.00","2,695.25","2,651.50","261.59K","-1.01%"
"10/22/2012","2,687.75","2,664.50","2,693.00","2,657.50","278.35K","0.89%"
"10/19/2012","2,664.00","2,731.00","2,737.50","2,664.00","338.28K","-2.52%"
"10/18/2012","2,732.75","2,771.00","2,774.00","2,727.50","332.95K","-1.36%"
"10/17/2012","2,770.50","2,765.75","2,778.75","2,753.50","228.33K","0.19%"
"10/16/2012","2,765.25","2,732.50","2,777.25","2,729.75","235.19K","1.24%"
"10/15/2012","2,731.25","2,713.00","2,736.25","2,705.00","217.88K","0.78%"
"10/12/2012","2,710.00","2,713.75","2,728.25","2,707.25","208.15K","-0.12%"
"10/11/2012","2,713.25","2,722.50","2,745.50","2,712.00","248.07K","-0.35%"
"10/10/2012","2,722.75","2,735.00","2,743.75","2,717.25","258.89K","-0.41%"
"10/09/2012","2,734.00","2,778.75","2,786.75","2,730.00","333.50K","-1.57%"
"10/08/2012","2,777.50","2,806.25","2,808.00","2,774.50","191.47K","-0.95%"
"10/05/2012","2,804.25","2,822.00","2,840.75","2,799.75","209.85K","-0.61%"
"10/04/2012","2,821.50","2,809.00","2,830.00","2,807.75","194.75K","0.48%"
"10/03/2012","2,808.00","2,795.25","2,817.25","2,788.00","203.39K","0.46%"
"10/02/2012","2,795.25","2,787.00","2,807.75","2,772.50","222.23K","0.25%"
"10/01/2012","2,788.25","2,789.00","2,822.50","2,777.75","261.99K","-0.13%"
"09/28/2012","2,792.00","2,814.50","2,819.25","2,788.75","242.77K","-0.80%"
"09/27/2012","2,814.50","2,774.75","2,821.25","2,774.75","219.26K","1.45%"
"09/26/2012","2,774.25","2,804.25","2,807.25","2,762.25","253.32K","-1.03%"
"09/25/2012","2,803.25","2,840.50","2,853.00","2,798.25","235.19K","-1.23%"
"09/24/2012","2,838.25","2,852.00","2,857.25","2,826.25","204.72K","-1.29%"
"09/21/2012","2,875.44","2,860.75","2,877.50","2,860.50","","0.56%"
"09/20/2012","2,859.50","2,860.25","2,863.75","2,842.75","44.74K","0.02%"
"09/19/2012","2,859.00","2,858.00","2,872.00","2,849.75","61.13K","0.12%"
"09/18/2012","2,855.50","2,852.75","2,859.75","2,843.75","58.29K","0.12%"
"09/17/2012","2,852.00","2,858.00","2,858.50","2,845.75","111.46K","-0.16%"
"09/14/2012","2,856.50","2,827.50","2,865.25","2,826.75","179.81K","1.03%"
"09/13/2012","2,827.50","2,796.00","2,842.00","2,785.25","389.65K","1.12%"
"09/12/2012","2,796.25","2,781.25","2,800.25","2,775.25","255.19K","0.61%"
"09/11/2012","2,779.25","2,784.50","2,799.75","2,777.75","181.22K","-0.19%"
"09/10/2012","2,784.50","2,822.25","2,823.75","2,784.50","188.80K","-1.36%"
"09/07/2012","2,823.00","2,826.50","2,836.25","2,817.00","194.75K","-0.09%"
"09/06/2012","2,825.50","2,767.50","2,829.50","2,766.50","270.23K","2.10%"
"09/05/2012","2,767.50","2,775.25","2,780.75","2,757.00","216.61K","-0.25%"
"09/04/2012","2,774.50","2,773.00","2,782.75","2,742.75","239.91K","0.13%"
"08/31/2012","2,771.00","2,755.00","2,785.25","2,745.25","293.09K","0.63%"
"08/30/2012","2,753.75","2,781.25","2,782.50","2,750.25","165.17K","-0.99%"
"08/29/2012","2,781.25","2,782.00","2,790.50","2,771.25","134.17K","0.02%"
"08/28/2012","2,780.75","2,783.25","2,790.50","2,771.00","173.04K","-0.07%"
"08/27/2012","2,782.75","2,784.00","2,795.75","2,776.50","140.20K","0.28%"
"08/24/2012","2,775.00","2,762.25","2,785.25","2,750.50","188.83K","0.51%"
"08/23/2012","2,761.00","2,782.00","2,792.50","2,754.00","213.61K","-0.73%"
"08/22/2012","2,781.25","2,775.50","2,789.75","2,759.00","247.13K","0.26%"
"08/21/2012","2,774.00","2,781.00","2,802.50","2,761.50","242.25K","-0.22%"
"08/20/2012","2,780.00","2,774.75","2,784.25","2,767.00","187.20K","0.14%"
"08/17/2012","2,776.00","2,765.75","2,780.50","2,763.25","151.38K","0.45%"
"08/16/2012","2,763.50","2,740.00","2,774.00","2,738.25","208.21K","0.91%"
"08/15/2012","2,738.50","2,725.75","2,740.75","2,718.50","162.52K","0.43%"
"08/14/2012","2,726.75","2,728.00","2,743.00","2,720.75","188.38K","-0.05%"
"08/13/2012","2,728.00","2,720.00","2,729.75","2,705.75","148.11K","0.26%"
"08/10/2012","2,721.00","2,718.00","2,723.00","2,702.25","145.60K","0.12%"
"08/09/2012","2,717.75","2,707.25","2,723.25","2,703.50","151.55K","0.41%"
"08/08/2012","2,706.75","2,707.75","2,717.00","2,700.75","176.85K","-0.12%"
"08/07/2012","2,710.00","2,687.75","2,723.00","2,686.25","187.00K","0.87%"
"08/06/2012","2,686.50","2,675.00","2,701.75","2,671.75","160.45K","0.58%"
"08/03/2012","2,671.00","2,619.75","2,681.25","2,616.00","225.45K","2.00%"
"08/02/2012","2,618.50","2,625.25","2,648.75","2,600.00","303.24K","-0.25%"
"08/01/2012","2,625.00","2,634.75","2,656.25","2,618.50","252.19K","-0.44%"
"07/31/2012","2,636.50","2,637.00","2,652.50","2,631.00","215.38K","0.03%"
"07/30/2012","2,635.75","2,640.00","2,657.75","2,628.25","235.41K","-0.24%"
"07/27/2012","2,642.00","2,572.75","2,646.00","2,572.50","284.85K","2.70%"
"07/26/2012","2,572.50","2,543.00","2,593.50","2,529.75","290.56K","1.14%"
"07/25/2012","2,543.50","2,555.00","2,560.75","2,516.75","270.73K","-0.20%"
"07/24/2012","2,548.50","2,579.25","2,590.00","2,545.00","282.95K","-1.19%"
"07/23/2012","2,579.25","2,609.00","2,613.00","2,543.25","276.43K","-1.30%"
"07/20/2012","2,613.25","2,653.50","2,657.50","2,612.75","237.99K","-1.47%"
"07/19/2012","2,652.25","2,623.00","2,658.00","2,623.00","254.51K","1.23%"
"07/18/2012","2,620.00","2,587.75","2,628.50","2,576.75","244.55K","1.28%"
"07/17/2012","2,587.00","2,571.75","2,594.00","2,548.00","269.33K","0.60%"
"07/16/2012","2,571.50","2,577.25","2,584.50","2,561.25","158.60K","-0.21%"
"07/13/2012","2,577.00","2,537.50","2,584.75","2,537.50","187.07K","1.55%"
"07/12/2012","2,537.75","2,563.50","2,569.75","2,516.50","235.27K","-0.93%"
"07/11/2012","2,561.50","2,577.50","2,589.25","2,543.00","228.33K","-0.64%"
"07/10/2012","2,578.00","2,606.00","2,625.50","2,568.50","250.30K","-1.07%"
"07/09/2012","2,606.00","2,602.50","2,615.50","2,591.50","163.43K","-0.11%"
"07/06/2012","2,609.00","2,642.50","2,644.75","2,590.50","253.56K","-1.27%"
"07/05/2012","2,642.50","2,641.00","2,655.75","2,621.00","219.47K","0.04%"
"07/03/2012","2,641.50","2,615.00","2,642.50","2,613.50","105.73K","1.04%"
"07/02/2012","2,614.25","2,612.00","2,620.25","2,599.50","187.66K","0.17%"
"06/29/2012","2,609.75","2,528.25","2,616.25","2,518.75","252.21K","3.24%"
"06/28/2012","2,527.75","2,559.00","2,564.75","2,503.50","264.99K","-1.17%"
"06/27/2012","2,557.75","2,548.25","2,571.50","2,542.50","184.61K","0.37%"
"06/26/2012","2,548.25","2,528.25","2,551.75","2,525.25","194.18K","0.86%"
"06/25/2012","2,526.50","2,573.75","2,577.25","2,521.00","186.96K","-1.83%"
"06/22/2012","2,573.50","2,552.25","2,581.75","2,548.50","253.68K","0.85%"
"06/21/2012","2,551.75","2,618.25","2,620.50","2,548.50","289.05K","-2.50%"
"06/20/2012","2,617.25","2,612.00","2,628.25","2,597.50","257.55K","0.18%"
"06/19/2012","2,612.50","2,589.25","2,626.00","2,585.00","218.31K","0.97%"
"06/18/2012","2,587.50","2,580.25","2,594.50","2,549.25","215.74K","1.57%"
"06/15/2012","2,547.50","2,542.00","2,554.00","2,539.00","3.27K","0.28%"
"06/14/2012","2,540.50","2,529.75","2,548.25","2,514.75","47.89K","0.49%"
"06/13/2012","2,528.00","2,549.25","2,557.75","2,519.50","78.44K","-0.87%"
"06/12/2012","2,550.25","2,516.75","2,551.75","2,510.25","103.67K","1.39%"
"06/11/2012","2,515.25","2,587.00","2,604.00","2,513.50","152.74K","-1.84%"
"06/08/2012","2,562.50","2,536.75","2,564.25","2,517.75","131.00K","1.03%"
"06/07/2012","2,536.25","2,551.00","2,570.50","2,532.00","274.33K","-0.54%"
"06/06/2012","2,550.00","2,490.25","2,551.75","2,487.00","279.49K","2.46%"
"06/05/2012","2,488.75","2,471.75","2,492.00","2,459.50","209.96K","0.80%"
"06/04/2012","2,469.00","2,460.00","2,480.25","2,433.75","283.66K","0.57%"
"06/01/2012","2,455.00","2,520.00","2,522.00","2,454.00","362.79K","-2.73%"
"05/31/2012","2,524.00","2,531.75","2,542.50","2,506.00","307.42K","-0.27%"
"05/30/2012","2,530.75","2,560.00","2,561.00","2,520.25","307.81K","-1.12%"
"05/29/2012","2,559.50","2,533.25","2,570.00","2,531.50","289.94K","1.41%"
"05/25/2012","2,524.00","2,536.25","2,551.50","2,518.25","186.91K","-0.48%"
"05/24/2012","2,536.25","2,540.75","2,556.25","2,510.25","287.39K","-0.17%"
"05/23/2012","2,540.50","2,536.75","2,552.25","2,497.50","313.14K","0.21%"
"05/22/2012","2,535.25","2,544.75","2,561.50","2,522.25","293.16K","-0.32%"
"05/21/2012","2,543.50","2,472.50","2,546.50","2,465.00","299.36K","3.05%"
"05/18/2012","2,468.25","2,507.00","2,521.75","2,468.00","421.40K","-1.46%"
"05/17/2012","2,504.75","2,559.75","2,571.00","2,505.25","348.70K","-2.06%"
"05/16/2012","2,557.50","2,579.00","2,596.00","2,556.25","283.94K","-0.80%"
"05/15/2012","2,578.25","2,587.00","2,616.25","2,574.50","324.95K","-0.26%"
"05/14/2012","2,585.00","2,602.00","2,613.00","2,583.50","245.85K","-0.99%"
"05/11/2012","2,610.75","2,619.25","2,640.25","2,597.50","266.27K","-0.31%"
"05/10/2012","2,618.75","2,619.25","2,636.50","2,601.00","312.50K","-0.02%"
"05/09/2012","2,619.25","2,624.25","2,632.25","2,584.25","373.58K","-0.13%"
"05/08/2012","2,622.75","2,636.75","2,641.75","2,583.25","328.11K","-0.52%"
"05/07/2012","2,636.50","2,610.25","2,648.25","2,586.50","238.01K","0.42%"
"05/04/2012","2,625.50","2,695.25","2,700.50","2,625.25","320.11K","-2.47%"
"05/03/2012","2,692.00","2,728.00","2,738.25","2,692.75","274.37K","-1.30%"
"05/02/2012","2,727.50","2,718.00","2,732.00","2,702.50","221.31K","0.33%"
"05/01/2012","2,718.50","2,719.50","2,753.00","2,710.50","180.91K","-0.03%"
"04/30/2012","2,719.25","2,741.00","2,744.25","2,715.50","198.66K","-0.64%"
"04/27/2012","2,736.75","2,719.50","2,746.00","2,708.75","212.00K","0.61%"
"04/26/2012","2,720.25","2,704.50","2,727.00","2,695.00","206.89K","0.58%"
"04/25/2012","2,704.50","2,632.50","2,706.75","2,632.00","339.63K","2.74%"
"04/24/2012","2,632.50","2,651.25","2,666.00","2,624.75","265.56K","-0.67%"
"04/23/2012","2,650.25","2,671.00","2,675.00","2,625.00","318.64K","-0.90%"
"04/20/2012","2,674.25","2,685.75","2,708.00","2,669.75","292.57K","-0.34%"
"04/19/2012","2,683.50","2,698.25","2,735.00","2,671.50","435.46K","-0.41%"
"04/18/2012","2,694.50","2,713.50","2,728.25","2,694.50","285.99K","-0.67%"
"04/17/2012","2,712.75","2,665.00","2,728.25","2,654.25","300.86K","1.84%"
"04/16/2012","2,663.75","2,694.75","2,710.00","2,656.50","397.00K","-1.10%"
"04/13/2012","2,693.50","2,738.50","2,742.75","2,691.00","293.03K","-1.65%"
"04/12/2012","2,738.75","2,706.25","2,740.25","2,704.75","283.70K","1.28%"
"04/11/2012","2,704.25","2,698.50","2,723.75","2,697.50","270.04K","0.27%"
"04/10/2012","2,697.00","2,728.75","2,746.00","2,684.25","383.51K","-1.15%"
"04/09/2012","2,728.50","2,725.75","2,748.00","2,718.75","192.71K","-0.92%"
"04/06/2012","2,753.75","2,755.00","2,761.25","2,719.00","14.69K","0.00%"
"04/05/2012","2,753.75","2,738.50","2,760.75","2,722.50","225.94K","0.63%"
"04/04/2012","2,736.50","2,780.50","2,781.00","2,724.75","273.62K","-1.53%"
"04/03/2012","2,779.00","2,777.00","2,791.50","2,763.00","252.46K","0.07%"
"04/02/2012","2,777.00","2,758.00","2,783.75","2,743.50","210.98K","0.95%"
"03/30/2012","2,750.75","2,759.00","2,773.25","2,740.25","209.24K","-0.27%"
"03/29/2012","2,758.25","2,765.25","2,773.25","2,737.00","246.57K","-0.35%"
"03/28/2012","2,768.00","2,776.25","2,790.25","2,750.25","238.25K","-0.28%"
"03/27/2012","2,775.75","2,775.75","2,789.50","2,772.00","179.11K","-0.05%"
"03/26/2012","2,777.00","2,729.75","2,778.00","2,729.00","202.38K","1.77%"
"03/23/2012","2,728.75","2,732.50","2,746.50","2,710.75","198.24K","-0.09%"
"03/22/2012","2,731.25","2,734.75","2,740.75","2,715.50","233.14K","-0.15%"
"03/21/2012","2,735.25","2,736.25","2,748.50","2,730.00","210.54K","-0.01%"
"03/20/2012","2,735.50","2,729.25","2,738.00","2,707.25","212.36K","0.28%"
"03/19/2012","2,727.75","2,729.25","2,735.00","2,700.25","229.82K","0.54%"
"03/16/2012","2,713.06","2,714.50","2,724.00","2,712.25","1.75K","-0.10%"
"03/15/2012","2,715.75","2,705.00","2,721.25","2,701.00","59.06K","0.35%"
"03/14/2012","2,706.25","2,697.50","2,717.50","2,690.25","86.54K","0.32%"
"03/13/2012","2,697.75","2,650.50","2,700.50","2,649.75","147.07K","1.74%"
"03/12/2012","2,651.50","2,649.25","2,652.50","2,635.25","122.35K","0.11%"
"03/09/2012","2,648.50","2,637.50","2,652.50","2,631.50","122.33K","0.41%"
"03/08/2012","2,637.75","2,608.00","2,644.25","2,604.50","286.63K","1.11%"
"03/07/2012","2,608.75","2,589.75","2,614.50","2,588.25","260.57K","0.74%"
"03/06/2012","2,589.50","2,615.75","2,617.50","2,575.00","285.52K","-1.01%"
"03/05/2012","2,616.00","2,639.75","2,645.00","2,605.50","223.08K","-1.04%"
"03/02/2012","2,643.50","2,644.50","2,650.00","2,632.75","179.76K","0.01%"
"03/01/2012","2,643.25","2,623.75","2,646.25","2,616.50","257.37K","0.77%"
"02/29/2012","2,623.00","2,632.25","2,645.25","2,614.25","258.51K","-0.34%"
"02/28/2012","2,632.00","2,609.50","2,635.00","2,607.50","199.72K","0.92%"
"02/27/2012","2,608.00","2,602.50","2,616.75","2,578.75","209.20K","0.25%"
"02/24/2012","2,601.50","2,600.25","2,609.50","2,598.00","147.65K","0.03%"
"02/23/2012","2,600.75","2,579.00","2,602.00","2,569.25","229.55K","0.85%"
"02/22/2012","2,578.75","2,590.25","2,600.50","2,575.25","186.68K","-0.47%"
"02/21/2012","2,591.00","2,593.75","2,601.75","2,574.25","187.25K","0.35%"
"02/17/2012","2,582.00","2,593.75","2,597.50","2,572.00","216.11K","-0.44%"
"02/16/2012","2,593.50","2,556.50","2,594.25","2,542.75","313.17K","1.41%"
"02/15/2012","2,557.50","2,576.50","2,600.50","2,552.50","393.39K","-0.72%"
"02/14/2012","2,576.00","2,576.50","2,600.50","2,552.50","193.34K","0.32%"
"02/13/2012","2,567.75","2,556.75","2,571.25","2,551.75","165.76K","0.76%"
"02/10/2012","2,548.50","2,561.25","2,561.25","2,535.25","228.66K","-0.49%"
"02/09/2012","2,561.00","2,545.00","2,565.00","2,535.25","244.81K","0.64%"
"02/08/2012","2,544.75","2,528.75","2,547.50","2,521.00","198.95K","0.61%"
"02/07/2012","2,529.25","2,524.75","2,534.75","2,511.75","176.25K","0.14%"
"02/06/2012","2,525.75","2,519.75","2,526.25","2,510.50","156.42K","0.11%"
"02/03/2012","2,523.00","2,492.00","2,530.00","2,489.75","168.43K","1.26%"
"02/02/2012","2,491.50","2,488.50","2,500.75","2,479.50","191.48K","0.16%"
"02/01/2012","2,487.50","2,455.00","2,494.25","2,453.50","206.69K","0.94%"
"01/31/2012","2,464.25","2,462.25","2,478.50","2,448.75","271.82K","0.09%"
"01/30/2012","2,462.00","2,460.00","2,465.50","2,429.25","182.36K","0.23%"
"01/27/2012","2,456.25","2,453.00","2,464.50","2,444.75","169.93K","0.12%"
"01/26/2012","2,453.25","2,460.25","2,476.00","2,440.75","186.80K","-0.29%"
"01/25/2012","2,460.50","2,448.25","2,468.00","2,436.00","249.74K","0.94%"
"01/24/2012","2,437.50","2,435.50","2,439.00","2,419.00","146.67K","0.10%"
"01/23/2012","2,435.00","2,427.50","2,452.00","2,420.00","165.32K","0.01%"
"01/20/2012","2,434.75","2,428.00","2,437.00","2,422.75","153.10K","0.39%"
"01/19/2012","2,425.25","2,420.25","2,442.50","2,418.50","185.08K","0.20%"
"01/18/2012","2,420.50","2,390.25","2,423.00","2,387.75","214.77K","1.29%"
"01/17/2012","2,389.75","2,367.25","2,401.00","2,361.50","190.24K","0.68%"
"01/13/2012","2,373.50","2,378.00","2,386.75","2,348.50","199.24K","-0.21%"
"01/12/2012","2,378.50","2,367.00","2,383.00","2,355.75","160.56K","0.49%"
"01/11/2012","2,367.00","2,363.25","2,373.25","2,352.50","173.54K","0.15%"
"01/10/2012","2,363.50","2,346.50","2,378.25","2,346.25","147.33K","0.71%"
"01/09/2012","2,346.75","2,353.25","2,363.50","2,338.50","152.19K","-0.23%"
"01/06/2012","2,352.25","2,340.25","2,358.75","2,332.50","158.88K","0.54%"
"01/05/2012","2,339.50","2,329.00","2,347.50","2,309.25","195.11K","0.46%"
"01/04/2012","2,328.75","2,316.25","2,329.50","2,302.50","142.88K","0.55%"
"01/03/2012","2,316.00","2,312.50","2,328.25","2,308.00","177.46K","1.82%"
"12/30/2011","2,274.50","2,278.25","2,284.50","2,270.25","69.03K","-0.12%"
"12/29/2011","2,277.25","2,262.25","2,282.00","2,258.25","100.73K","0.79%"
"12/28/2011","2,259.50","2,284.50","2,292.25","2,253.75","128.31K","-1.09%"
"12/27/2011","2,284.50","2,280.00","2,296.50","2,275.00","73.76K","0.26%"
"12/23/2011","2,278.50","2,262.00","2,283.25","2,260.25","72.45K","0.79%"
"12/22/2011","2,260.75","2,241.00","2,264.25","2,234.50","128.98K","0.97%"
"12/21/2011","2,239.00","2,269.50","2,291.25","2,217.75","248.78K","-1.22%"
"12/20/2011","2,266.75","2,214.00","2,283.25","2,212.25","227.83K","2.45%"
"12/19/2011","2,212.50","2,235.00","2,251.00","2,204.25","183.91K","-1.33%"
"12/16/2011","2,242.25","2,223.25","2,249.00","2,223.25","1.25K","0.68%"
"12/15/2011","2,227.00","2,231.00","2,255.75","2,219.50","39.57K","-0.24%"
"12/14/2011","2,232.25","2,271.00","2,279.75","2,220.00","80.08K","-1.71%"
"12/13/2011","2,271.00","2,294.25","2,318.00","2,258.25","101.72K","-1.00%"
"12/12/2011","2,294.00","2,321.50","2,325.50","2,273.25","95.71K","-1.21%"
"12/09/2011","2,322.00","2,284.25","2,327.00","2,269.00","124.58K","1.61%"
"12/08/2011","2,285.25","2,322.75","2,341.00","2,277.75","215.99K","-1.56%"
"12/07/2011","2,321.50","2,322.00","2,343.75","2,291.50","265.64K","0.00%"
"12/06/2011","2,321.50","2,320.00","2,341.50","2,312.75","212.67K","-0.15%"
"12/05/2011","2,325.00","2,309.00","2,343.75","2,309.00","228.28K","0.94%"
"12/02/2011","2,303.25","2,309.25","2,344.75","2,300.75","201.37K","-0.26%"
"12/01/2011","2,309.25","2,293.25","2,315.50","2,284.00","226.16K","0.62%"
"11/30/2011","2,295.00","2,212.00","2,296.50","2,196.25","296.70K","3.73%"
"11/29/2011","2,212.50","2,221.00","2,245.00","2,205.25","272.61K","-0.38%"
"11/28/2011","2,221.00","2,183.00","2,228.00","2,178.25","288.25K","3.42%"
"11/25/2011","2,147.50","2,164.50","2,184.50","2,135.75","162.26K","-0.62%"
"11/23/2011","2,161.00","2,214.00","2,216.75","2,161.75","252.32K","-2.40%"
"11/22/2011","2,214.25","2,215.25","2,226.50","2,190.75","264.16K","0.03%"
"11/21/2011","2,213.50","2,244.00","2,244.00","2,187.00","300.99K","-1.61%"
"11/18/2011","2,249.75","2,270.00","2,290.00","2,249.00","257.93K","-0.82%"
"11/17/2011","2,268.25","2,314.25","2,332.75","2,256.00","369.83K","-1.97%"
"11/16/2011","2,313.75","2,361.50","2,371.50","2,312.25","285.49K","-1.95%"
"11/15/2011","2,359.75","2,343.25","2,374.25","2,310.00","257.28K","0.71%"
"11/14/2011","2,343.00","2,355.00","2,366.50","2,329.75","184.83K","-0.31%"
"11/11/2011","2,350.25","2,308.50","2,360.25","2,301.50","187.76K","2.03%"
"11/10/2011","2,303.50","2,312.25","2,344.00","2,286.50","301.45K","-0.32%"
"11/09/2011","2,311.00","2,394.75","2,397.50","2,302.50","337.14K","-3.49%"
"11/08/2011","2,394.50","2,369.00","2,399.50","2,355.25","251.31K","1.04%"
"11/07/2011","2,369.75","2,356.50","2,356.50","2,319.50","245.86K","0.80%"
"11/04/2011","2,351.00","2,362.00","2,364.50","2,327.00","235.04K","-0.42%"
"11/03/2011","2,361.00","2,317.00","2,366.50","2,279.00","322.42K","2.01%"
"11/02/2011","2,314.50","2,356.50","2,371.50","2,319.50","285.45K","0.48%"
"11/01/2011","2,303.50","2,353.25","2,355.75","2,282.75","445.64K","-2.23%"
"10/31/2011","2,356.00","2,397.75","2,398.00","2,350.50","243.86K","-1.69%"
"10/28/2011","2,396.50","2,393.75","2,401.75","2,378.50","213.79K","0.11%"
"10/27/2011","2,393.75","2,329.75","2,408.75","2,329.00","329.38K","2.89%"
"10/26/2011","2,326.50","2,323.25","2,350.25","2,286.75","322.35K","0.20%"
"10/25/2011","2,321.75","2,375.00","2,386.75","2,316.00","325.02K","-2.23%"
"10/24/2011","2,374.75","2,326.75","2,385.75","2,320.25","241.76K","1.74%"
"10/21/2011","2,334.25","2,297.00","2,345.50","2,296.00","259.72K","1.45%"
"10/20/2011","2,301.00","2,316.25","2,332.75","2,268.50","351.19K","-0.73%"
"10/19/2011","2,318.00","2,365.25","2,368.25","2,305.75","332.87K","-1.94%"
"10/18/2011","2,363.75","2,321.00","2,371.50","2,304.75","381.90K","1.84%"
"10/17/2011","2,321.00","2,367.25","2,388.50","2,317.00","314.78K","-1.95%"
"10/14/2011","2,367.25","2,326.25","2,369.00","2,320.25","274.44K","1.77%"
"10/13/2011","2,326.00","2,299.75","2,336.25","2,289.00","315.72K","1.28%"
"10/12/2011","2,296.50","2,287.00","2,329.00","2,274.50","304.87K","0.35%"
"10/11/2011","2,288.50","2,275.25","2,296.25","2,262.25","243.14K","0.52%"
"10/10/2011","2,276.75","2,206.00","2,277.25","2,203.00","223.26K","3.41%"
"10/07/2011","2,201.75","2,204.50","2,227.00","2,183.75","354.16K","-0.14%"
"10/06/2011","2,204.75","2,167.25","2,213.75","2,148.50","386.53K","1.72%"
"10/05/2011","2,167.50","2,112.75","2,182.00","2,099.25","402.32K","2.56%"
"10/04/2011","2,113.50","2,067.25","2,126.75","2,035.75","537.72K","2.34%"
"10/03/2011","2,065.25","2,126.50","2,148.00","2,062.75","453.78K","-3.24%"
"09/30/2011","2,134.50","2,193.00","2,198.50","2,122.25","386.66K","-2.51%"
"09/29/2011","2,189.50","2,217.25","2,259.75","2,152.50","405.11K","-1.31%"
"09/28/2011","2,218.50","2,252.25","2,275.75","2,212.00","325.69K","-1.57%"
"09/27/2011","2,254.00","2,226.50","2,285.25","2,221.25","351.57K","1.26%"
"09/26/2011","2,226.00","2,190.50","2,232.50","2,162.25","390.10K","1.09%"
"09/23/2011","2,202.00","2,177.75","2,210.25","2,134.00","398.45K","1.26%"
"09/22/2011","2,174.50","2,245.75","2,249.50","2,144.50","581.14K","-3.16%"
"09/21/2011","2,245.50","2,297.00","2,318.00","2,244.25","353.50K","-2.22%"
"09/20/2011","2,296.50","2,298.75","2,332.50","2,283.75","325.79K","-0.20%"
"09/19/2011","2,301.00","2,288.00","2,314.50","2,254.25","317.74K","0.36%"
"09/16/2011","2,292.79","2,290.25","2,298.50","2,275.50","2.42K","0.12%"
"09/15/2011","2,290.00","2,252.00","2,292.50","2,245.00","68.39K","1.69%"
"09/14/2011","2,252.00","2,221.00","2,278.25","2,191.75","94.26K","1.41%"
"09/13/2011","2,220.75","2,194.75","2,225.75","2,166.75","114.57K","1.17%"
"09/12/2011","2,195.00","2,159.75","2,198.75","2,122.00","125.38K","1.20%"
"09/09/2011","2,169.00","2,216.00","2,227.75","2,149.75","143.42K","-2.15%"
"09/08/2011","2,216.75","2,223.00","2,244.00","2,205.25","254.05K","-0.24%"
"09/07/2011","2,222.00","2,165.50","2,224.50","2,164.75","252.55K","2.62%"
"09/06/2011","2,165.25","2,159.50","2,171.25","2,108.25","341.29K","0.02%"
"09/02/2011","2,164.75","2,217.00","2,221.75","2,155.75","271.65K","-2.37%"
"09/01/2011","2,217.25","2,243.50","2,263.75","2,215.50","262.32K","-1.05%"
"08/31/2011","2,240.75","2,226.00","2,268.50","2,221.25","285.78K","0.62%"
"08/30/2011","2,227.00","2,219.50","2,249.50","2,201.25","254.84K","0.32%"
"08/29/2011","2,220.00","2,164.00","2,225.00","2,158.00","198.32K","2.59%"
"08/26/2011","2,164.00","2,111.00","2,169.00","2,080.75","344.09K","2.51%"
"08/25/2011","2,111.00","2,138.75","2,152.00","2,101.00","308.47K","-1.31%"
"08/24/2011","2,139.00","2,124.00","2,147.50","2,096.25","270.38K","0.71%"
"08/23/2011","2,124.00","2,046.75","2,129.25","2,037.00","273.71K","3.91%"
"08/22/2011","2,044.00","2,041.00","2,085.50","2,022.25","254.18K","0.15%"
"08/19/2011","2,041.00","2,084.75","2,102.00","2,033.75","374.57K","-1.97%"
"08/18/2011","2,082.00","2,175.75","2,175.75","2,053.00","444.40K","-4.29%"
"08/17/2011","2,175.25","2,198.00","2,214.00","2,157.25","273.53K","-1.08%"
"08/16/2011","2,199.00","2,204.50","2,211.25","2,163.50","294.93K","-0.34%"
"08/15/2011","2,206.50","2,183.75","2,211.50","2,176.50","224.28K","1.33%"
"08/12/2011","2,177.50","2,158.00","2,192.50","2,114.00","292.34K","0.90%"
"08/11/2011","2,158.00","2,082.75","2,184.50","2,057.50","421.38K","3.50%"
"08/10/2011","2,085.00","2,154.00","2,168.25","2,065.75","543.27K","-3.25%"
"08/09/2011","2,155.00","2,043.00","2,161.25","1,972.25","715.54K","5.74%"
"08/08/2011","2,038.00","2,145.00","2,170.75","2,031.50","731.05K","-6.81%"
"08/05/2011","2,187.00","2,213.75","2,239.25","2,128.75","683.27K","-1.02%"
"08/04/2011","2,209.50","2,303.75","2,319.50","2,195.00","536.23K","-4.04%"
"08/03/2011","2,302.50","2,290.00","2,314.50","2,253.00","448.37K","0.62%"
"08/02/2011","2,288.25","2,347.25","2,355.25","2,285.75","340.61K","-2.46%"
"08/01/2011","2,346.00","2,386.00","2,395.00","2,320.75","356.65K","-0.56%"
"07/29/2011","2,359.25","2,370.75","2,385.25","2,338.00","335.80K","-0.45%"
"07/28/2011","2,370.00","2,360.00","2,398.75","2,355.75","287.07K","0.52%"
"07/27/2011","2,357.75","2,424.50","2,425.75","2,358.25","328.56K","-2.71%"
"07/26/2011","2,423.50","2,423.00","2,435.50","2,412.75","185.14K","0.00%"
"07/25/2011","2,423.50","2,417.75","2,434.50","2,380.00","195.17K","-0.19%"
"07/22/2011","2,428.00","2,402.50","2,429.75","2,396.25","184.22K","0.75%"
"07/21/2011","2,410.00","2,381.75","2,414.50","2,365.00","278.95K","1.19%"
"07/20/2011","2,381.75","2,389.75","2,413.50","2,381.00","253.75K","-0.30%"
"07/19/2011","2,389.00","2,341.75","2,399.75","2,339.00","275.59K","2.09%"
"07/18/2011","2,340.00","2,354.50","2,355.25","2,318.75","249.08K","-0.66%"
"07/15/2011","2,355.50","2,338.00","2,358.75","2,331.50","254.82K","0.92%"
"07/14/2011","2,334.00","2,345.75","2,368.25","2,314.50","344.08K","-0.45%"
"07/13/2011","2,344.50","2,344.50","2,375.00","2,337.75","267.29K","0.00%"
"07/12/2011","2,344.50","2,365.75","2,366.50","2,330.50","304.90K","-0.95%"
"07/11/2011","2,367.00","2,404.25","2,404.25","2,351.25","280.08K","-1.72%"
"07/08/2011","2,408.50","2,415.25","2,421.75","2,375.75","283.49K","-0.29%"
"07/07/2011","2,415.50","2,376.00","2,416.00","2,375.75","214.75K","1.69%"
"07/06/2011","2,375.25","2,370.00","2,380.75","2,358.50","257.90K","0.14%"
"07/05/2011","2,372.00","2,355.00","2,372.00","2,351.50","249.55K","0.71%"
"07/01/2011","2,355.25","2,318.75","2,360.75","2,316.75","238.61K","1.48%"
"06/30/2011","2,321.00","2,293.25","2,323.50","2,287.50","201.94K","1.18%"
"06/29/2011","2,294.00","2,283.00","2,300.50","2,274.75","252.70K","0.44%"
"06/28/2011","2,284.00","2,250.50","2,285.00","2,241.50","237.75K","1.56%"
"06/27/2011","2,249.00","2,208.75","2,260.00","2,191.50","287.43K","1.87%"
"06/24/2011","2,207.75","2,237.50","2,258.50","2,206.75","316.08K","-1.33%"
"06/23/2011","2,237.50","2,229.00","2,253.50","2,199.50","415.54K","0.36%"
"06/22/2011","2,229.50","2,243.25","2,250.75","2,228.75","223.75K","-0.65%"
"06/21/2011","2,244.00","2,199.50","2,249.75","2,198.00","339.99K","2.00%"
"06/20/2011","2,200.00","2,189.50","2,207.00","2,174.00","215.13K","-1.16%"
"06/17/2011","2,225.78","2,199.75","2,220.00","2,191.75","3.16K","1.21%"
"06/16/2011","2,199.25","2,211.50","2,217.50","2,180.75","44.96K","-0.44%"
"06/15/2011","2,209.00","2,249.50","2,250.25","2,204.25","71.82K","-1.85%"
"06/14/2011","2,250.75","2,226.00","2,256.25","2,220.25","119.16K","1.24%"
"06/13/2011","2,223.25","2,217.00","2,234.00","2,214.50","91.59K","0.09%"
"06/10/2011","2,221.25","2,252.50","2,255.75","2,218.50","136.08K","-1.39%"
"06/09/2011","2,252.50","2,250.75","2,267.50","2,245.50","186.59K","0.20%"
"06/08/2011","2,248.00","2,273.50","2,278.00","2,246.75","274.21K","-1.13%"
"06/07/2011","2,273.75","2,274.00","2,288.25","2,268.00","226.06K","-0.01%"
"06/06/2011","2,274.00","2,288.50","2,299.25","2,271.25","222.24K","-0.59%"
"06/03/2011","2,287.50","2,325.75","2,328.00","2,284.75","288.85K","-1.66%"
"06/02/2011","2,326.00","2,320.50","2,335.50","2,313.75","278.60K","0.28%"
"06/01/2011","2,319.50","2,375.50","2,380.75","2,318.00","325.41K","-2.20%"
"05/31/2011","2,371.75","2,331.25","2,377.75","2,330.75","251.03K","1.68%"
"05/27/2011","2,332.50","2,326.50","2,338.50","2,322.25","154.91K","0.31%"
"05/26/2011","2,325.25","2,309.75","2,331.00","2,302.00","246.27K","0.68%"
"05/25/2011","2,309.50","2,300.75","2,320.75","2,281.00","261.11K","0.34%"
"05/24/2011","2,301.75","2,315.50","2,324.25","2,298.75","244.14K","-0.59%"
"05/23/2011","2,315.50","2,341.50","2,342.75","2,304.25","247.59K","-1.19%"
"05/20/2011","2,343.50","2,368.50","2,372.75","2,342.25","257.42K","-1.08%"
"05/19/2011","2,369.00","2,362.00","2,373.25","2,353.50","228.80K","0.32%"
"05/18/2011","2,361.50","2,341.25","2,365.00","2,333.50","232.30K","1.04%"
"05/17/2011","2,337.25","2,333.75","2,346.00","2,318.25","338.04K","0.12%"
"05/16/2011","2,334.50","2,366.00","2,372.75","2,329.25","405.61K","-1.50%"
"05/13/2011","2,370.00","2,408.00","2,414.25","2,369.00","300.84K","-1.54%"
"05/12/2011","2,407.00","2,393.75","2,409.25","2,369.00","288.51K","0.56%"
"05/11/2011","2,393.50","2,407.50","2,415.25","2,374.00","297.72K","-0.65%"
"05/10/2011","2,409.25","2,386.25","2,412.00","2,382.75","291.89K","0.95%"
"05/09/2011","2,386.50","2,378.00","2,398.00","2,374.00","265.72K","0.55%"
"05/06/2011","2,373.50","2,378.50","2,409.75","2,372.75","358.94K","-0.23%"
"05/05/2011","2,379.00","2,385.00","2,399.75","2,363.50","393.34K","-0.21%"
"05/04/2011","2,384.00","2,389.75","2,396.00","2,364.75","300.76K","-0.24%"
"05/03/2011","2,389.75","2,402.75","2,403.00","2,374.00","287.25K","-0.49%"
"05/02/2011","2,401.50","2,408.00","2,428.00","2,393.50","286.55K","0.03%"
"04/29/2011","2,400.75","2,401.00","2,412.50","2,397.25","164.13K","-0.04%"
"04/28/2011","2,401.75","2,409.25","2,415.75","2,396.25","229.28K","-0.30%"
"04/27/2011","2,409.00","2,388.00","2,412.75","2,387.25","213.50K","1.02%"
"04/26/2011","2,384.75","2,377.25","2,402.00","2,372.75","226.45K","0.30%"
"04/25/2011","2,377.50","2,373.00","2,382.25","2,371.75","115.17K","0.08%"
"04/21/2011","2,375.50","2,356.00","2,382.75","2,356.00","242.22K","0.87%"
"04/20/2011","2,355.00","2,313.75","2,363.75","2,313.00","307.35K","1.90%"
"04/19/2011","2,311.00","2,289.00","2,317.50","2,277.75","226.90K","0.92%"
"04/18/2011","2,290.00","2,308.00","2,310.00","2,250.25","376.03K","-0.86%"
"04/15/2011","2,309.75","2,301.75","2,313.75","2,289.25","237.00K","0.39%"
"04/14/2011","2,300.75","2,309.00","2,312.00","2,287.50","291.38K","-0.34%"
"04/13/2011","2,308.50","2,292.25","2,319.50","2,291.50","287.48K","0.68%"
"04/12/2011","2,293.00","2,309.50","2,310.00","2,285.00","288.99K","-0.65%"
"04/11/2011","2,308.00","2,322.75","2,334.00","2,302.00","224.00K","-0.43%"
"04/08/2011","2,318.00","2,329.00","2,342.75","2,304.75","231.05K","-0.48%"
"04/07/2011","2,329.25","2,325.50","2,344.25","2,311.75","299.97K","0.16%"
"04/06/2011","2,325.50","2,324.00","2,350.00","2,316.75","260.05K","0.10%"
"04/05/2011","2,323.25","2,341.00","2,343.00","2,318.25","246.33K","-0.74%"
"04/04/2011","2,340.50","2,337.25","2,349.75","2,322.00","213.56K","0.09%"
"04/01/2011","2,338.50","2,339.00","2,358.00","2,333.25","227.99K","0.10%"
"03/31/2011","2,336.25","2,334.25","2,341.50","2,327.50","177.99K","0.07%"
"03/30/2011","2,334.50","2,322.25","2,343.25","2,320.25","181.62K","0.52%"
"03/29/2011","2,322.50","2,296.75","2,324.75","2,289.50","221.15K","1.17%"
"03/28/2011","2,295.75","2,316.25","2,328.50","2,294.75","205.81K","-0.92%"
"03/25/2011","2,317.00","2,305.50","2,335.00","2,304.00","256.98K","0.37%"
"03/24/2011","2,308.50","2,265.00","2,313.50","2,262.75","289.37K","1.92%"
"03/23/2011","2,265.00","2,256.00","2,274.75","2,232.00","277.19K","0.34%"
"03/22/2011","2,257.25","2,256.25","2,264.00","2,249.25","214.28K","0.12%"
"03/21/2011","2,254.50","2,223.00","2,271.25","2,219.50","250.48K","0.51%"
"03/18/2011","2,242.96","2,224.00","2,255.50","2,218.00","","0.65%"
"03/17/2011","2,228.50","2,210.50","2,248.00","2,188.25","47.08K","0.79%"
"03/16/2011","2,211.00","2,249.00","2,264.25","2,188.50","103.74K","-1.62%"
"03/15/2011","2,247.50","2,292.25","2,296.50","2,216.25","92.08K","-1.94%"
"03/14/2011","2,292.00","2,296.50","2,304.75","2,273.50","108.28K","-0.57%"
"03/11/2011","2,305.25","2,282.50","2,306.25","2,265.00","108.28K","0.97%"
"03/10/2011","2,283.00","2,312.25","2,315.50","2,275.25","346.79K","-1.19%"
"03/09/2011","2,310.50","2,332.75","2,340.50","2,308.25","374.40K","-1.00%"
"03/08/2011","2,333.75","2,324.00","2,348.00","2,310.50","363.78K","0.40%"
"03/07/2011","2,324.50","2,360.25","2,374.25","2,306.25","402.34K","-1.49%"
"03/04/2011","2,359.75","2,371.25","2,378.75","2,344.25","299.22K","-0.51%"
"03/03/2011","2,371.75","2,322.00","2,376.00","2,321.25","288.79K","2.09%"
"03/02/2011","2,323.25","2,311.25","2,341.00","2,301.75","335.53K","0.51%"
"03/01/2011","2,311.50","2,351.00","2,371.75","2,307.50","349.70K","-1.67%"
"02/28/2011","2,350.75","2,345.25","2,363.00","2,334.75","232.54K","0.21%"
"02/25/2011","2,345.75","2,310.00","2,350.25","2,305.50","244.70K","1.62%"
"02/24/2011","2,308.25","2,302.75","2,321.00","2,280.25","362.55K","0.21%"
"02/23/2011","2,303.50","2,322.00","2,334.75","2,285.00","407.85K","-0.79%"
"02/22/2011","2,321.75","2,393.50","2,394.00","2,315.50","450.25K","-3.06%"
"02/18/2011","2,395.00","2,393.75","2,400.50","2,382.00","183.85K","0.06%"
"02/17/2011","2,393.50","2,392.00","2,400.75","2,383.50","197.73K","0.06%"
"02/16/2011","2,392.00","2,381.25","2,403.00","2,379.75","230.67K","0.44%"
"02/15/2011","2,381.50","2,381.75","2,385.50","2,370.75","166.71K","-0.01%"
"02/14/2011","2,381.75","2,376.25","2,387.50","2,375.50","153.28K","0.15%"
"02/11/2011","2,378.25","2,360.00","2,380.50","2,347.75","191.88K","0.70%"
"02/10/2011","2,361.75","2,357.00","2,365.00","2,338.25","334.19K","-0.02%"
"02/09/2011","2,362.25","2,362.50","2,365.50","2,350.50","198.57K","-0.02%"
"02/08/2011","2,362.75","2,343.75","2,364.00","2,341.25","187.54K","0.76%"
"02/07/2011","2,345.00","2,337.75","2,359.75","2,334.50","240.70K","0.32%"
"02/04/2011","2,337.50","2,322.25","2,339.50","2,316.50","224.14K","0.68%"
"02/03/2011","2,321.75","2,319.00","2,326.25","2,295.75","258.04K","0.09%"
"02/02/2011","2,319.75","2,320.75","2,327.75","2,312.00","193.31K","-0.12%"
"02/01/2011","2,322.50","2,284.00","2,328.25","2,281.25","300.51K","1.86%"
"01/31/2011","2,280.00","2,265.50","2,286.00","2,248.50","316.72K","0.53%"
"01/28/2011","2,268.00","2,322.00","2,331.00","2,258.00","434.90K","-2.37%"
"01/27/2011","2,323.00","2,318.00","2,334.50","2,313.25","242.55K","0.19%"
"01/26/2011","2,318.50","2,300.25","2,320.00","2,298.00","218.23K","0.75%"
"01/25/2011","2,301.25","2,298.00","2,303.25","2,281.25","250.70K","0.14%"
"01/24/2011","2,298.00","2,268.75","2,300.75","2,264.50","222.97K","1.28%"
"01/21/2011","2,269.00","2,281.75","2,300.25","2,265.75","252.57K","-0.55%"
"01/20/2011","2,281.50","2,297.75","2,299.50","2,267.00","351.07K","-0.57%"
"01/19/2011","2,294.50","2,331.50","2,346.50","2,293.00","293.32K","-1.56%"
"01/18/2011","2,330.75","2,321.25","2,332.50","2,285.25","289.65K","0.46%"
"01/14/2011","2,320.00","2,303.75","2,323.00","2,297.50","177.97K","0.75%"
"01/13/2011","2,302.75","2,304.75","2,309.50","2,296.75","185.94K","-0.08%"
"01/12/2011","2,304.50","2,286.00","2,306.75","2,284.00","176.80K","0.83%"
"01/11/2011","2,285.50","2,282.00","2,295.25","2,278.00","208.38K","0.13%"
"01/10/2011","2,282.50","2,272.25","2,287.00","2,260.75","197.99K","0.42%"
"01/07/2011","2,273.00","2,277.00","2,282.25","2,252.00","279.36K","-0.14%"
"01/06/2011","2,276.25","2,270.75","2,279.25","2,267.25","177.33K","0.29%"
"01/05/2011","2,269.75","2,246.75","2,271.75","2,229.50","213.12K","1.08%"
"01/04/2011","2,245.50","2,249.75","2,262.50","2,236.50","216.37K","-0.22%"
"01/03/2011","2,250.50","2,220.00","2,267.75","2,219.25","276.75K","1.56%"
"12/31/2010","2,216.00","2,225.25","2,229.00","2,207.50","100.07K","-0.38%"
"12/30/2010","2,224.50","2,228.50","2,232.75","2,221.50","85.96K","-0.18%"
"12/29/2010","2,228.50","2,227.25","2,235.75","2,224.25","64.61K","0.13%"
"12/28/2010","2,225.50","2,229.25","2,237.00","2,221.25","80.28K","-0.20%"
"12/27/2010","2,230.00","2,227.25","2,234.00","2,207.25","139.75K","-0.02%"
"12/23/2010","2,230.50","2,236.75","2,239.00","2,223.75","87.91K","-0.25%"
"12/22/2010","2,236.00","2,233.75","2,238.25","2,230.25","89.78K","0.03%"
"12/21/2010","2,235.25","2,220.00","2,237.00","2,219.25","103.15K","0.68%"
"12/20/2010","2,220.25","2,216.00","2,230.00","2,205.50","172.36K","-0.12%"
"12/17/2010","2,222.92","2,222.25","2,224.00","2,216.50","","0.12%"
"12/16/2010","2,220.25","2,204.00","2,225.75","2,197.75","66.67K","0.82%"
"12/15/2010","2,202.25","2,217.00","2,224.25","2,197.00","101.02K","-0.59%"
"12/14/2010","2,215.25","2,209.75","2,221.00","2,205.75","86.26K","0.16%"
"12/13/2010","2,211.75","2,217.75","2,234.00","2,206.75","110.95K","-0.21%"
"12/10/2010","2,216.50","2,200.25","2,218.25","2,197.25","98.94K","0.69%"
"12/09/2010","2,201.25","2,199.50","2,214.75","2,193.75","161.29K","0.03%"
"12/08/2010","2,200.50","2,190.25","2,202.00","2,180.00","206.13K","0.48%"
"12/07/2010","2,190.00","2,191.25","2,217.00","2,185.50","235.79K","-0.02%"
"12/06/2010","2,190.50","2,188.00","2,193.75","2,177.00","173.12K","0.15%"
"12/03/2010","2,187.25","2,188.00","2,195.00","2,167.75","182.02K","0.01%"
"12/02/2010","2,187.00","2,159.00","2,188.75","2,156.75","235.67K","1.32%"
"12/01/2010","2,158.50","2,115.00","2,174.00","2,110.75","307.68K","1.96%"
"11/30/2010","2,117.00","2,144.75","2,147.50","2,109.25","320.21K","-1.33%"
"11/29/2010","2,145.50","2,150.00","2,160.25","2,117.75","294.23K","-0.02%"
"11/26/2010","2,146.00","2,156.50","2,163.25","2,134.75","112.45K","-0.56%"
"11/24/2010","2,158.00","2,117.25","2,165.50","2,113.00","267.84K","1.84%"
"11/23/2010","2,119.00","2,152.75","2,154.25","2,104.75","342.59K","-1.65%"
"11/22/2010","2,154.50","2,139.00","2,155.50","2,120.75","284.56K","0.98%"
"11/19/2010","2,133.50","2,135.25","2,138.75","2,119.75","216.79K","-0.04%"
"11/18/2010","2,134.25","2,097.50","2,146.75","2,095.75","299.55K","1.78%"
"11/17/2010","2,097.00","2,093.00","2,109.25","2,088.00","260.01K","0.30%"
"11/16/2010","2,090.75","2,126.75","2,127.25","2,083.50","408.24K","-1.75%"
"11/15/2010","2,128.00","2,134.00","2,151.00","2,126.50","259.98K","-0.27%"
"11/12/2010","2,133.75","2,171.75","2,174.25","2,119.25","393.58K","-1.78%"
"11/11/2010","2,172.50","2,175.25","2,175.50","2,142.25","316.76K","-0.09%"
"11/10/2010","2,174.50","2,175.25","2,187.25","2,160.00","297.59K","-0.08%"
"11/09/2010","2,176.25","2,183.00","2,198.00","2,164.25","269.27K","-0.35%"
"11/08/2010","2,184.00","2,180.50","2,189.25","2,173.50","200.81K","-0.03%"
"11/05/2010","2,184.75","2,184.00","2,191.00","2,176.50","259.75K","0.01%"
"11/04/2010","2,184.50","2,164.50","2,191.00","2,162.25","324.32K","0.94%"
"11/03/2010","2,164.25","2,151.25","2,165.50","2,130.00","348.20K","0.65%"
"11/02/2010","2,150.25","2,128.25","2,153.75","2,126.25","227.22K","1.00%"
"11/01/2010","2,129.00","2,125.00","2,146.50","2,115.00","286.48K","0.33%"
"10/29/2010","2,122.00","2,126.75","2,135.50","2,116.75","232.48K","-0.18%"
"10/28/2010","2,125.75","2,123.50","2,136.75","2,109.25","306.51K","0.09%"
"10/27/2010","2,123.75","2,117.25","2,125.00","2,102.25","267.31K","0.37%"
"10/26/2010","2,116.00","2,109.25","2,122.00","2,092.50","255.46K","0.36%"
"10/25/2010","2,108.50","2,104.00","2,125.50","2,102.00","241.77K","0.21%"
"10/22/2010","2,104.00","2,080.50","2,104.50","2,077.00","207.00K","1.15%"
"10/21/2010","2,080.00","2,085.00","2,104.50","2,066.75","327.97K","-0.18%"
"10/20/2010","2,083.75","2,068.00","2,098.50","2,062.50","288.96K","0.79%"
"10/19/2010","2,067.50","2,092.00","2,103.00","2,051.50","474.15K","-1.29%"
"10/18/2010","2,094.50","2,095.00","2,104.75","2,082.75","254.28K","-0.02%"
"10/15/2010","2,095.00","2,065.00","2,097.75","2,060.25","374.14K","1.60%"
"10/14/2010","2,062.00","2,056.50","2,067.50","2,041.25","316.76K","0.29%"
"10/13/2010","2,056.00","2,042.00","2,065.25","2,035.75","296.22K","0.93%"
"10/12/2010","2,037.00","2,025.25","2,043.50","2,004.25","319.82K","0.57%"
"10/11/2010","2,025.50","2,023.00","2,035.00","2,018.75","175.83K","0.24%"
"10/08/2010","2,020.75","2,014.00","2,029.25","1,982.00","313.50K","0.34%"
"10/07/2010","2,014.00","2,004.25","2,019.75","1,993.75","285.36K","0.49%"
"10/06/2010","2,004.25","2,018.75","2,024.50","1,990.25","334.88K","-0.71%"
"10/05/2010","2,018.50","1,977.25","2,025.00","1,975.50","352.21K","2.10%"
"10/04/2010","1,977.00","1,997.75","1,997.75","1,961.00","298.95K","-0.88%"
"10/01/2010","1,994.50","1,995.75","2,015.50","1,985.00","321.29K","-0.05%"
"09/30/2010","1,995.50","2,009.50","2,028.25","1,983.25","444.53K","-0.67%"
"09/29/2010","2,009.00","2,009.75","2,018.50","1,998.50","274.66K","0.02%"
"09/28/2010","2,008.50","2,008.00","2,024.50","1,977.25","440.36K","0.06%"
"09/27/2010","2,007.25","2,018.75","2,032.00","2,007.75","233.64K","-0.55%"
"09/24/2010","2,018.25","1,982.75","2,022.00","1,978.75","304.45K","1.85%"
"09/23/2010","1,981.50","1,979.50","2,000.25","1,962.50","378.09K","0.10%"
"09/22/2010","1,979.50","1,985.50","1,994.75","1,970.50","336.15K","-0.30%"
"09/21/2010","1,985.50","1,982.00","2,000.25","1,977.00","319.92K","0.19%"
"09/20/2010","1,981.75","1,950.50","1,990.75","1,947.25","284.09K","1.12%"
"09/17/2010","1,959.83","1,955.50","1,973.00","1,955.00","4.96K","0.38%"
"09/16/2010","1,952.50","1,943.75","1,955.50","1,932.00","58.24K","0.53%"
"09/15/2010","1,942.25","1,925.75","1,943.00","1,916.75","82.32K","0.88%"
"09/14/2010","1,925.25","1,919.25","1,938.75","1,912.50","93.46K","0.31%"
"09/13/2010","1,919.25","1,896.50","1,925.25","1,896.50","107.08K","1.43%"
"09/10/2010","1,892.25","1,886.75","1,896.75","1,880.00","125.67K","0.34%"
"09/09/2010","1,885.75","1,878.25","1,897.75","1,874.75","235.35K","0.44%"
"09/08/2010","1,877.50","1,857.25","1,888.00","1,852.25","308.42K","1.08%"
"09/07/2010","1,857.50","1,867.50","1,878.00","1,853.75","271.40K","-0.51%"
"09/03/2010","1,867.00","1,838.75","1,871.25","1,834.50","306.19K","1.62%"
"09/02/2010","1,837.25","1,820.50","1,841.25","1,813.00","250.87K","0.95%"
"09/01/2010","1,820.00","1,773.25","1,825.00","1,770.50","389.29K","3.03%"
"08/31/2010","1,766.50","1,768.50","1,781.75","1,754.50","360.80K","-0.13%"
"08/30/2010","1,768.75","1,790.75","1,805.50","1,768.25","255.85K","-1.15%"
"08/27/2010","1,789.25","1,766.00","1,794.50","1,744.00","391.99K","1.23%"
"08/26/2010","1,767.50","1,790.00","1,802.75","1,765.00","325.47K","-1.24%"
"08/25/2010","1,789.75","1,773.75","1,798.50","1,756.75","354.19K","0.90%"
"08/24/2010","1,773.75","1,809.25","1,810.25","1,766.00","317.74K","-1.98%"
"08/23/2010","1,809.50","1,824.75","1,842.75","1,804.75","275.13K","-0.88%"
"08/20/2010","1,825.50","1,820.00","1,829.75","1,808.50","264.18K","0.30%"
"08/19/2010","1,820.00","1,838.75","1,850.50","1,810.25","346.60K","-0.91%"
"08/18/2010","1,836.75","1,840.00","1,862.25","1,831.00","298.74K","-0.15%"
"08/17/2010","1,839.50","1,819.25","1,860.50","1,817.00","271.50K","1.07%"
"08/16/2010","1,820.00","1,817.75","1,833.25","1,800.00","286.98K","0.26%"
"08/13/2010","1,815.25","1,830.00","1,842.75","1,815.25","239.25K","-0.66%"
"08/12/2010","1,827.25","1,837.25","1,838.25","1,806.25","349.33K","-0.57%"
"08/11/2010","1,837.75","1,897.00","1,898.00","1,837.00","407.60K","-3.10%"
"08/10/2010","1,896.50","1,914.00","1,914.00","1,880.75","344.66K","-0.90%"
"08/09/2010","1,913.75","1,903.00","1,918.00","1,898.50","184.34K","0.59%"
"08/06/2010","1,902.50","1,902.50","1,907.75","1,871.25","373.03K","0.08%"
"08/05/2010","1,901.00","1,906.25","1,912.75","1,891.00","224.03K","-0.22%"
"08/04/2010","1,905.25","1,892.50","1,910.00","1,883.25","276.21K","0.65%"
"08/03/2010","1,893.00","1,893.75","1,898.25","1,879.75","215.69K","-0.07%"
"08/02/2010","1,894.25","1,868.75","1,901.75","1,864.50","244.66K","1.72%"
"07/30/2010","1,862.25","1,857.00","1,873.50","1,831.50","355.33K","0.27%"
"07/29/2010","1,857.25","1,870.25","1,886.50","1,838.50","384.51K","-0.67%"
"07/28/2010","1,869.75","1,885.75","1,894.75","1,864.75","253.38K","-0.89%"
"07/27/2010","1,886.50","1,887.50","1,900.75","1,878.25","270.43K","-0.05%"
"07/26/2010","1,887.50","1,874.25","1,888.25","1,866.00","254.15K","0.73%"
"07/23/2010","1,873.75","1,850.50","1,876.25","1,844.25","326.68K","1.13%"
"07/22/2010","1,852.75","1,815.50","1,869.25","1,812.50","349.00K","2.05%"
"07/21/2010","1,815.50","1,839.75","1,860.00","1,811.00","401.88K","-1.32%"
"07/20/2010","1,839.75","1,805.25","1,841.25","1,781.75","350.31K","1.90%"
"07/19/2010","1,805.50","1,800.50","1,821.25","1,782.50","301.73K","0.19%"
"07/16/2010","1,802.00","1,849.50","1,856.00","1,800.00","397.73K","-2.56%"
"07/15/2010","1,849.25","1,850.25","1,864.50","1,828.50","366.66K","-0.11%"
"07/14/2010","1,851.25","1,860.00","1,866.25","1,838.00","336.83K","0.47%"
"07/13/2010","1,842.50","1,819.00","1,849.50","1,818.00","310.23K","1.22%"
"07/12/2010","1,820.25","1,810.00","1,829.75","1,801.25","238.45K","0.48%"
"07/09/2010","1,811.50","1,796.75","1,815.25","1,789.25","207.84K","0.75%"
"07/08/2010","1,798.00","1,788.50","1,803.25","1,774.50","310.11K","0.47%"
"07/07/2010","1,789.50","1,734.75","1,789.50","1,721.75","304.13K","3.17%"
"07/06/2010","1,734.50","1,722.00","1,762.50","1,705.75","359.58K","0.77%"
"07/02/2010","1,721.25","1,728.75","1,745.75","1,710.25","317.95K","-0.39%"
"07/01/2010","1,728.00","1,736.25","1,745.75","1,698.00","505.86K","-0.58%"
"06/30/2010","1,738.00","1,764.00","1,777.50","1,733.00","370.54K","-1.45%"
"06/29/2010","1,763.50","1,835.50","1,839.50","1,748.00","477.97K","-3.95%"
"06/28/2010","1,836.00","1,839.00","1,851.50","1,821.25","280.73K","-0.18%"
"06/25/2010","1,839.25","1,846.00","1,856.50","1,827.25","323.58K","-0.55%"
"06/24/2010","1,849.50","1,870.00","1,875.25","1,837.25","339.93K","-1.29%"
"06/23/2010","1,873.75","1,878.75","1,890.00","1,857.75","321.72K","-0.24%"
"06/22/2010","1,878.25","1,899.00","1,916.75","1,876.50","335.38K","-1.12%"
"06/21/2010","1,899.50","1,923.00","1,941.00","1,883.75","328.04K","-0.70%"
"06/18/2010","1,912.97","1,910.75","1,915.75","1,906.25","3.63K","0.13%"
"06/17/2010","1,910.50","1,906.75","1,918.75","1,894.00","41.81K","0.18%"
"06/16/2010","1,907.00","1,894.50","1,913.50","1,880.00","79.01K","0.66%"
"06/15/2010","1,894.50","1,847.25","1,899.00","1,846.25","76.69K","2.53%"
"06/14/2010","1,847.75","1,848.00","1,877.75","1,844.00","97.31K","0.20%"
"06/11/2010","1,844.00","1,821.25","1,848.75","1,807.75","101.88K","1.18%"
"06/10/2010","1,822.50","1,780.50","1,831.75","1,775.25","231.35K","2.26%"
"06/09/2010","1,782.25","1,791.75","1,823.50","1,773.75","361.91K","-0.52%"
"06/08/2010","1,791.50","1,795.00","1,817.75","1,770.00","409.45K","-0.24%"
"06/07/2010","1,795.75","1,831.75","1,845.50","1,793.75","334.31K","-2.10%"
"06/04/2010","1,834.25","1,897.50","1,904.50","1,824.25","426.02K","-3.35%"
"06/03/2010","1,897.75","1,877.00","1,899.25","1,871.00","285.10K","1.00%"
"06/02/2010","1,879.00","1,832.00","1,879.25","1,828.50","307.15K","2.62%"
"06/01/2010","1,831.00","1,852.00","1,878.00","1,824.25","368.56K","-1.13%"
"05/28/2010","1,852.00","1,862.25","1,874.25","1,835.50","315.75K","-0.63%"
"05/27/2010","1,863.75","1,788.25","1,864.50","1,781.75","326.87K","4.03%"
"05/26/2010","1,791.50","1,814.50","1,849.75","1,788.75","391.06K","-1.32%"
"05/25/2010","1,815.50","1,809.75","1,819.50","1,754.25","425.51K","0.17%"
"05/24/2010","1,812.50","1,821.25","1,840.00","1,796.00","319.26K","-0.37%"
"05/21/2010","1,819.25","1,800.00","1,834.00","1,765.50","514.06K","1.04%"
"05/20/2010","1,800.50","1,867.75","1,875.00","1,794.00","575.94K","-3.63%"
"05/19/2010","1,868.25","1,886.25","1,893.75","1,849.50","435.36K","-1.05%"
"05/18/2010","1,888.00","1,912.25","1,932.00","1,876.75","405.00K","-1.33%"
"05/17/2010","1,913.50","1,907.75","1,919.50","1,870.50","363.02K","0.20%"
"05/14/2010","1,909.75","1,945.00","1,950.50","1,883.00","449.75K","-1.93%"
"05/13/2010","1,947.25","1,970.00","1,981.50","1,938.50","329.77K","-1.29%"
"05/12/2010","1,972.75","1,934.75","1,976.25","1,917.00","323.98K","1.94%"
"05/11/2010","1,935.25","1,939.75","1,965.00","1,915.00","373.21K","-0.22%"
"05/10/2010","1,939.50","1,873.75","1,942.00","1,872.25","489.88K","4.92%"
"05/07/2010","1,848.50","1,884.00","1,909.25","1,805.75","710.79K","-1.99%"
"05/06/2010","1,886.00","1,958.00","1,963.00","1,730.25","736.17K","-3.70%"
"05/05/2010","1,958.50","1,969.25","1,972.00","1,934.50","401.89K","-0.56%"
"05/04/2010","1,969.50","2,026.00","2,028.50","1,952.25","515.32K","-2.84%"
"05/03/2010","2,027.00","2,002.25","2,038.00","1,999.25","256.44K","1.43%"
"04/30/2010","1,998.50","2,041.00","2,047.00","1,998.00","341.92K","-2.08%"
"04/29/2010","2,041.00","2,005.50","2,044.00","2,004.75","294.96K","1.71%"
"04/28/2010","2,006.75","2,008.75","2,022.75","1,989.50","359.04K","-0.10%"
"04/27/2010","2,008.75","2,045.75","2,050.50","1,998.50","436.32K","-1.88%"
"04/26/2010","2,047.25","2,050.00","2,058.75","2,043.00","210.35K","-0.28%"
"04/23/2010","2,053.00","2,033.00","2,053.50","2,029.25","289.72K","0.82%"
"04/22/2010","2,036.25","2,021.00","2,045.00","2,000.50","374.01K","0.53%"
"04/21/2010","2,025.50","2,024.25","2,040.50","2,018.50","308.04K","0.06%"
"04/20/2010","2,024.25","2,011.75","2,025.25","2,007.00","228.51K","0.56%"
"04/19/2010","2,013.00","2,004.50","2,016.50","1,985.75","338.18K","0.16%"
"04/16/2010","2,009.75","2,033.00","2,035.25","1,997.75","451.42K","-1.23%"
"04/15/2010","2,034.75","2,026.00","2,037.75","2,017.75","251.31K","0.41%"
"04/14/2010","2,026.50","2,009.75","2,026.75","2,006.75","249.03K","1.26%"
"04/13/2010","2,001.25","1,991.25","2,004.00","1,984.25","228.32K","0.44%"
"04/12/2010","1,992.50","1,995.00","2,001.75","1,987.75","183.34K","0.03%"
"04/09/2010","1,992.00","1,979.50","1,992.75","1,975.00","190.40K","0.61%"
"04/08/2010","1,980.00","1,974.00","1,982.50","1,959.25","231.68K","0.25%"
"04/07/2010","1,975.00","1,979.00","1,984.50","1,964.25","259.27K","-0.19%"
"04/06/2010","1,978.75","1,973.00","1,985.75","1,965.25","190.61K","0.27%"
"04/05/2010","1,973.50","1,964.00","1,978.75","1,955.25","200.18K","1.10%"
"04/02/2010","1,952.00","1,953.50","1,962.50","1,948.75","7.94K","0.00%"
"04/01/2010","1,952.00","1,955.75","1,977.25","1,940.75","309.48K","-0.19%"
"03/31/2010","1,955.75","1,964.50","1,967.50","1,952.50","232.54K","-0.50%"
"03/30/2010","1,965.50","1,959.50","1,972.00","1,952.25","230.74K","0.27%"
"03/29/2010","1,960.25","1,952.00","1,966.25","1,951.75","220.20K","0.44%"
"03/26/2010","1,951.75","1,949.00","1,963.00","1,939.25","287.78K","0.12%"
"03/25/2010","1,949.50","1,951.00","1,974.25","1,945.75","301.15K","-0.10%"
"03/24/2010","1,951.50","1,961.00","1,962.00","1,946.00","232.93K","-0.55%"
"03/23/2010","1,962.25","1,948.00","1,962.00","1,940.50","218.37K","0.71%"
"03/22/2010","1,948.50","1,927.25","1,954.25","1,919.00","282.05K","-0.37%"
"03/19/2010","1,955.83","1,944.50","1,952.00","1,941.50","4.76K","0.58%"
"03/18/2010","1,944.50","1,936.00","1,945.50","1,931.75","35.23K","0.41%"
"03/17/2010","1,936.50","1,930.25","1,946.25","1,929.75","54.81K","0.28%"
"03/16/2010","1,931.00","1,921.25","1,934.50","1,919.00","71.01K","0.60%"
"03/15/2010","1,919.50","1,927.75","1,927.75","1,906.50","95.29K","-0.38%"
"03/12/2010","1,926.75","1,926.00","1,935.25","1,916.50","95.29K","0.08%"
"03/11/2010","1,925.25","1,917.75","1,926.75","1,909.25","217.91K","0.34%"
"03/10/2010","1,918.75","1,901.50","1,921.25","1,900.00","321.41K","0.92%"
"03/09/2010","1,901.25","1,888.00","1,912.00","1,881.00","332.08K","0.69%"
"03/08/2010","1,888.25","1,884.00","1,894.75","1,883.25","198.60K","0.15%"
"03/05/2010","1,885.50","1,858.75","1,889.50","1,857.00","287.88K","1.38%"
"03/04/2010","1,859.75","1,851.25","1,860.75","1,844.25","197.68K","0.42%"
"03/03/2010","1,852.00","1,851.00","1,861.25","1,845.75","216.10K","-0.01%"
"03/02/2010","1,852.25","1,842.75","1,862.25","1,842.50","248.83K","0.52%"
"03/01/2010","1,842.75","1,821.25","1,848.50","1,821.25","257.07K","1.33%"
"02/26/2010","1,818.50","1,813.00","1,822.25","1,803.50","223.03K","0.28%"
"02/25/2010","1,813.50","1,813.00","1,816.00","1,780.50","353.57K","-0.03%"
"02/24/2010","1,814.00","1,799.50","1,819.75","1,796.50","299.22K","0.72%"
"02/23/2010","1,801.00","1,819.75","1,829.00","1,785.25","348.96K","-1.10%"
"02/22/2010","1,821.00","1,818.75","1,833.00","1,810.25","226.17K","0.10%"
"02/19/2010","1,819.25","1,819.25","1,830.00","1,801.00","281.74K","-0.08%"
"02/18/2010","1,820.75","1,812.00","1,824.75","1,804.75","268.31K","0.50%"
"02/17/2010","1,811.75","1,799.25","1,812.50","1,797.50","238.10K","0.69%"
"02/16/2010","1,799.25","1,781.50","1,801.50","1,775.25","259.72K","0.90%"
"02/12/2010","1,783.25","1,773.25","1,783.50","1,754.00","328.64K","0.44%"
"02/11/2010","1,775.50","1,744.50","1,778.75","1,736.75","339.08K","1.76%"
"02/10/2010","1,744.75","1,752.50","1,762.75","1,736.00","296.95K","-0.41%"
"02/09/2010","1,752.00","1,734.00","1,767.25","1,732.00","380.80K","1.01%"
"02/08/2010","1,734.50","1,747.25","1,753.75","1,730.50","295.06K","-0.60%"
"02/05/2010","1,745.00","1,734.00","1,747.75","1,710.75","556.77K","0.59%"
"02/04/2010","1,734.75","1,784.50","1,792.00","1,731.50","483.90K","-2.84%"
"02/03/2010","1,785.50","1,769.00","1,786.50","1,763.50","315.04K","0.93%"
"02/02/2010","1,769.00","1,756.25","1,778.00","1,747.75","331.53K","0.75%"
"02/01/2010","1,755.75","1,740.00","1,758.25","1,737.00","344.06K","0.95%"
"01/29/2010","1,739.25","1,777.75","1,789.25","1,731.75","538.16K","-1.77%"
"01/28/2010","1,770.50","1,807.50","1,820.00","1,759.25","570.52K","-2.13%"
"01/27/2010","1,809.00","1,798.75","1,821.50","1,787.75","443.91K","0.70%"
"01/26/2010","1,796.50","1,809.75","1,823.75","1,783.75","419.12K","-0.11%"
"01/25/2010","1,798.50","1,794.75","1,811.75","1,792.50","340.32K","0.04%"
"01/22/2010","1,797.75","1,841.25","1,849.25","1,789.50","527.63K","-2.35%"
"01/21/2010","1,841.00","1,867.75","1,883.50","1,838.75","501.31K","-1.39%"
"01/20/2010","1,867.00","1,889.25","1,892.25","1,845.50","403.53K","-1.20%"
"01/19/2010","1,889.75","1,861.75","1,895.75","1,857.50","333.01K","1.48%"
"01/15/2010","1,862.25","1,893.00","1,894.00","1,854.75","345.08K","-1.38%"
"01/14/2010","1,888.25","1,882.25","1,890.25","1,876.00","206.04K","0.31%"
"01/13/2010","1,882.50","1,866.00","1,889.50","1,853.25","315.11K","0.91%"
"01/12/2010","1,865.50","1,882.00","1,883.75","1,850.00","328.57K","-0.96%"
"01/11/2010","1,883.50","1,892.25","1,900.00","1,874.25","244.84K","-0.34%"
"01/08/2010","1,890.00","1,877.50","1,892.50","1,865.00","268.93K","0.67%"
"01/07/2010","1,877.50","1,877.75","1,880.50","1,865.75","241.32K","-0.05%"
"01/06/2010","1,878.50","1,884.50","1,891.75","1,872.25","261.27K","-0.36%"
"01/05/2010","1,885.25","1,887.00","1,890.25","1,876.00","208.70K","-0.08%"
"01/04/2010","1,886.75","1,865.50","1,889.00","1,865.50","205.16K","1.51%"
"12/31/2009","1,858.75","1,876.00","1,882.00","1,858.75","112.92K","-0.96%"
"12/30/2009","1,876.75","1,871.00","1,880.25","1,862.25","128.39K","0.23%"
"12/29/2009","1,872.50","1,873.75","1,881.25","1,869.25","103.21K","-0.11%"
"12/28/2009","1,874.50","1,867.50","1,881.50","1,862.75","120.92K","0.35%"
"12/24/2009","1,868.00","1,851.75","1,869.50","1,850.75","66.10K","0.85%"
"12/23/2009","1,852.25","1,841.00","1,853.00","1,837.00","135.40K","0.61%"
"12/22/2009","1,841.00","1,825.50","1,841.00","1,825.25","165.98K","0.85%"
"12/21/2009","1,825.50","1,806.00","1,833.75","1,803.00","220.69K","1.70%"
"12/18/2009","1,794.94","1,788.25","1,798.00","1,786.25","2.43K","0.43%"
"12/17/2009","1,787.25","1,802.25","1,804.00","1,776.75","58.88K","-0.80%"
"12/16/2009","1,801.75","1,797.75","1,815.00","1,796.50","43.95K","0.28%"
"12/15/2009","1,796.75","1,809.75","1,813.75","1,793.25","76.82K","-0.72%"
"12/14/2009","1,809.75","1,794.25","1,811.00","1,788.25","72.98K","0.88%"
"12/11/2009","1,794.00","1,799.50","1,812.75","1,784.50","86.82K","-0.33%"
"12/10/2009","1,800.00","1,791.50","1,808.50","1,786.25","183.62K","0.42%"
"12/09/2009","1,792.50","1,768.75","1,792.75","1,758.75","364.56K","1.36%"
"12/08/2009","1,768.50","1,785.25","1,789.75","1,760.00","350.19K","-0.87%"
"12/07/2009","1,784.00","1,795.00","1,799.00","1,779.00","239.15K","-0.61%"
"12/04/2009","1,795.00","1,779.50","1,816.25","1,772.75","409.66K","0.83%"
"12/03/2009","1,780.25","1,791.50","1,806.75","1,777.75","282.25K","-0.63%"
"12/02/2009","1,791.50","1,791.25","1,806.50","1,786.00","246.30K","-0.03%"
"12/01/2009","1,792.00","1,766.50","1,799.00","1,765.00","268.85K","1.39%"
"11/30/2009","1,767.50","1,763.00","1,775.00","1,750.25","309.16K","0.47%"
"11/27/2009","1,759.25","1,794.25","1,797.25","1,722.25","256.66K","-1.95%"
"11/25/2009","1,794.25","1,786.25","1,799.75","1,775.75","170.10K","0.43%"
"11/24/2009","1,786.50","1,790.25","1,801.75","1,762.25","220.40K","-0.27%"
"11/23/2009","1,791.25","1,763.00","1,801.75","1,762.25","261.42K","1.57%"
"11/20/2009","1,763.50","1,770.50","1,774.00","1,755.00","225.73K","-0.38%"
"11/19/2009","1,770.25","1,800.50","1,802.00","1,759.75","356.42K","-1.68%"
"11/18/2009","1,800.50","1,808.75","1,813.25","1,788.75","256.35K","-0.46%"
"11/17/2009","1,808.75","1,802.75","1,811.75","1,795.25","214.35K","0.29%"
"11/16/2009","1,803.50","1,789.50","1,813.75","1,787.25","294.55K","0.85%"
"11/13/2009","1,788.25","1,772.75","1,792.50","1,770.25","253.48K","0.82%"
"11/12/2009","1,773.75","1,784.00","1,793.50","1,768.50","279.33K","-0.56%"
"11/11/2009","1,783.75","1,772.25","1,792.50","1,770.75","288.23K","0.63%"
"11/10/2009","1,772.50","1,766.00","1,776.50","1,759.00","255.97K","0.34%"
"11/09/2009","1,766.50","1,728.00","1,767.50","1,727.50","276.69K","2.12%"
"11/06/2009","1,729.75","1,719.00","1,737.50","1,705.00","293.10K","0.61%"
"11/05/2009","1,719.25","1,686.75","1,722.00","1,671.50","334.09K","1.93%"
"11/04/2009","1,686.75","1,675.00","1,700.00","1,673.50","350.13K","0.67%"
"11/03/2009","1,675.50","1,670.75","1,677.50","1,651.00","323.65K","0.39%"
"11/02/2009","1,669.00","1,661.00","1,687.75","1,650.25","456.63K","0.21%"
"10/30/2009","1,665.50","1,707.00","1,711.75","1,660.00","452.71K","-2.46%"
"10/29/2009","1,707.50","1,680.75","1,713.00","1,677.25","297.97K","1.64%"
"10/28/2009","1,680.00","1,719.50","1,723.00","1,677.25","441.31K","-2.31%"
"10/27/2009","1,719.75","1,747.50","1,751.75","1,713.00","442.45K","-1.62%"
"10/26/2009","1,748.00","1,751.00","1,777.25","1,737.50","393.17K","-0.23%"
"10/23/2009","1,752.00","1,762.25","1,778.25","1,746.75","358.59K","-0.60%"
"10/22/2009","1,762.50","1,749.50","1,766.25","1,737.50","344.42K","0.53%"
"10/21/2009","1,753.25","1,757.25","1,779.25","1,746.00","321.50K","-0.28%"
"10/20/2009","1,758.25","1,749.50","1,773.50","1,743.50","325.39K","0.46%"
"10/19/2009","1,750.25","1,730.00","1,756.50","1,723.25","270.73K","1.08%"
"10/16/2009","1,731.50","1,749.50","1,758.00","1,724.75","333.54K","-0.97%"
"10/15/2009","1,748.50","1,747.50","1,754.25","1,737.00","260.88K","0.04%"
"10/14/2009","1,747.75","1,740.00","1,754.50","1,737.75","279.43K","1.22%"
"10/13/2009","1,726.75","1,728.00","1,735.75","1,720.25","218.75K","-0.06%"
"10/12/2009","1,727.75","1,725.00","1,740.50","1,716.50","178.74K","0.13%"
"10/09/2009","1,725.50","1,716.00","1,727.75","1,706.50","207.43K","0.52%"
"10/08/2009","1,716.50","1,707.50","1,730.75","1,707.50","298.22K","0.50%"
"10/07/2009","1,708.00","1,700.75","1,710.00","1,696.00","235.73K","0.43%"
"10/06/2009","1,700.75","1,674.00","1,711.25","1,674.00","348.11K","1.60%"
"10/05/2009","1,674.00","1,662.50","1,681.25","1,658.00","261.83K","0.71%"
"10/02/2009","1,662.25","1,669.75","1,674.75","1,649.75","367.02K","-0.49%"
"10/01/2009","1,670.50","1,716.00","1,726.75","1,663.75","405.57K","-2.74%"
"09/30/2009","1,717.50","1,715.00","1,730.00","1,688.75","427.98K","0.12%"
"09/29/2009","1,715.50","1,722.50","1,730.75","1,706.75","276.65K","-0.42%"
"09/28/2009","1,722.75","1,697.00","1,732.50","1,688.00","251.26K","1.52%"
"09/25/2009","1,697.00","1,699.00","1,709.00","1,688.75","310.14K","-0.15%"
"09/24/2009","1,699.50","1,724.25","1,736.75","1,696.00","351.06K","-1.51%"
"09/23/2009","1,725.50","1,733.50","1,753.25","1,720.75","311.91K","-0.50%"
"09/22/2009","1,734.25","1,727.50","1,741.25","1,725.50","226.57K","0.38%"
"09/21/2009","1,727.75","1,717.25","1,733.75","1,706.75","262.51K","-0.33%"
"09/18/2009","1,733.48","1,722.00","1,735.00","1,715.50","2.86K","0.67%"
"09/17/2009","1,722.00","1,718.75","1,746.00","1,714.00","48.80K","0.15%"
"09/16/2009","1,719.50","1,695.00","1,725.00","1,694.75","44.51K","1.34%"
"09/15/2009","1,696.75","1,690.50","1,703.50","1,681.50","90.86K","0.41%"
"09/14/2009","1,689.75","1,685.00","1,693.50","1,667.50","75.36K","0.25%"
"09/11/2009","1,685.50","1,683.25","1,691.00","1,674.00","128.18K","0.03%"
"09/10/2009","1,685.00","1,666.50","1,686.50","1,661.75","186.10K","1.14%"
"09/09/2009","1,666.00","1,653.75","1,677.00","1,645.00","317.74K","0.65%"
"09/08/2009","1,655.25","1,635.50","1,656.75","1,633.75","223.37K","1.19%"
"09/04/2009","1,635.75","1,604.50","1,640.50","1,600.50","280.19K","1.98%"
"09/03/2009","1,604.00","1,592.75","1,608.50","1,584.50","210.23K","0.69%"
"09/02/2009","1,593.00","1,595.25","1,603.00","1,585.25","279.45K","-0.16%"
"09/01/2009","1,595.50","1,625.00","1,649.00","1,590.25","458.73K","-1.82%"
"08/31/2009","1,625.00","1,641.25","1,645.00","1,615.75","239.13K","-1.07%"
"08/28/2009","1,642.50","1,639.00","1,668.50","1,630.50","304.04K","0.21%"
"08/27/2009","1,639.00","1,637.25","1,643.50","1,610.50","315.25K","0.15%"
"08/26/2009","1,636.50","1,636.50","1,649.25","1,627.50","262.33K","0.00%"
"08/25/2009","1,636.50","1,634.00","1,655.50","1,625.25","290.75K","0.15%"
"08/24/2009","1,634.00","1,635.00","1,648.25","1,628.75","249.41K","-0.09%"
"08/21/2009","1,635.50","1,613.25","1,639.75","1,600.00","291.16K","1.33%"
"08/20/2009","1,614.00","1,598.00","1,620.25","1,591.00","258.29K","0.95%"
"08/19/2009","1,598.75","1,586.00","1,600.50","1,564.50","292.13K","0.74%"
"08/18/2009","1,587.00","1,566.50","1,588.25","1,563.75","271.57K","1.32%"
"08/17/2009","1,566.25","1,612.25","1,612.50","1,561.25","366.44K","-3.02%"
"08/14/2009","1,615.00","1,630.50","1,634.00","1,595.00","300.52K","-1.03%"
"08/13/2009","1,631.75","1,619.00","1,638.50","1,610.00","272.01K","0.80%"
"08/12/2009","1,618.75","1,596.25","1,633.75","1,587.25","348.71K","1.39%"
"08/11/2009","1,596.50","1,611.75","1,617.75","1,585.75","267.56K","-0.99%"
"08/10/2009","1,612.50","1,619.00","1,619.75","1,597.75","216.98K","-0.45%"
"08/07/2009","1,619.75","1,600.25","1,627.75","1,595.25","280.79K","1.16%"
"08/06/2009","1,601.25","1,615.25","1,624.50","1,593.50","271.30K","-0.82%"
"08/05/2009","1,614.50","1,630.00","1,631.50","1,602.50","299.45K","-0.97%"
"08/04/2009","1,630.25","1,625.50","1,632.50","1,612.75","267.94K","0.22%"
"08/03/2009","1,626.75","1,601.25","1,628.25","1,600.50","277.75K","1.54%"
"07/31/2009","1,602.00","1,605.50","1,618.75","1,598.50","258.71K","-0.30%"
"07/30/2009","1,606.75","1,600.25","1,632.00","1,599.00","324.93K","0.37%"
"07/29/2009","1,600.75","1,601.25","1,603.75","1,583.75","297.49K","-0.05%"
"07/28/2009","1,601.50","1,598.25","1,608.00","1,581.50","307.33K","0.13%"
"07/27/2009","1,599.50","1,597.25","1,609.00","1,578.50","258.39K","0.14%"
"07/24/2009","1,597.25","1,579.75","1,600.25","1,572.00","267.26K","0.84%"
"07/23/2009","1,584.00","1,557.75","1,603.75","1,555.00","354.20K","1.77%"
"07/22/2009","1,556.50","1,552.25","1,571.25","1,544.75","327.29K","0.16%"
"07/21/2009","1,554.00","1,539.75","1,555.00","1,528.25","293.03K","0.88%"
"07/20/2009","1,540.50","1,527.75","1,544.00","1,523.50","259.73K","0.82%"
"07/17/2009","1,528.00","1,512.25","1,529.00","1,504.75","229.77K","1.01%"
"07/16/2009","1,512.75","1,495.75","1,520.25","1,489.00","296.18K","1.04%"
"07/15/2009","1,497.25","1,462.50","1,499.50","1,462.25","355.26K","3.49%"
"07/14/2009","1,446.75","1,441.75","1,453.25","1,437.25","257.50K","0.29%"
"07/13/2009","1,442.50","1,418.50","1,446.75","1,399.50","324.78K","1.87%"
"07/10/2009","1,416.00","1,413.75","1,426.50","1,402.75","250.57K","0.18%"
"07/09/2009","1,413.50","1,407.00","1,421.25","1,406.50","223.83K","0.46%"
"07/08/2009","1,407.00","1,408.25","1,415.50","1,392.50","326.37K","-0.07%"
"07/07/2009","1,408.00","1,441.00","1,446.75","1,401.25","286.82K","-2.29%"
"07/06/2009","1,441.00","1,442.75","1,444.25","1,422.25","251.05K","-0.29%"
"07/03/2009","1,445.25","1,445.00","1,450.25","1,438.50","263.37K","0.00%"
"07/02/2009","1,445.25","1,478.50","1,479.25","1,441.25","263.37K","-2.27%"
"07/01/2009","1,478.75","1,477.50","1,496.25","1,474.25","224.43K","0.17%"
"06/30/2009","1,476.25","1,481.00","1,491.75","1,465.75","242.47K","-0.35%"
"06/29/2009","1,481.50","1,476.00","1,492.50","1,466.75","210.02K","0.32%"
"06/26/2009","1,476.75","1,473.50","1,482.00","1,463.75","209.36K","0.25%"
"06/25/2009","1,473.00","1,446.25","1,476.75","1,432.75","313.19K","1.78%"
"06/24/2009","1,447.25","1,424.25","1,457.00","1,420.00","261.78K","1.63%"
"06/23/2009","1,424.00","1,427.75","1,434.25","1,412.00","259.63K","-0.28%"
"06/22/2009","1,428.00","1,463.75","1,470.50","1,421.25","312.00K","-2.89%"
"06/19/2009","1,470.53","1,450.00","1,469.00","1,447.75","1.46K","1.35%"
"06/18/2009","1,451.00","1,454.00","1,464.25","1,444.50","45.74K","-0.26%"
"06/17/2009","1,454.75","1,447.00","1,470.75","1,439.50","66.93K","0.62%"
"06/16/2009","1,445.75","1,459.25","1,469.50","1,442.50","76.89K","-0.87%"
"06/15/2009","1,458.50","1,482.75","1,483.00","1,444.75","86.42K","-1.88%"
"06/12/2009","1,486.50","1,489.25","1,497.50","1,469.75","94.49K","-0.37%"
"06/11/2009","1,492.00","1,494.50","1,512.00","1,488.25","191.21K","-0.25%"
"06/10/2009","1,495.75","1,500.25","1,517.75","1,473.25","326.64K","-0.33%"
"06/09/2009","1,500.75","1,490.25","1,509.50","1,486.50","241.13K","0.69%"
"06/08/2009","1,490.50","1,491.75","1,500.25","1,466.75","260.18K","-0.30%"
"06/05/2009","1,495.00","1,492.75","1,513.00","1,478.50","289.13K","0.13%"
"06/04/2009","1,493.00","1,475.75","1,493.75","1,473.75","204.49K","1.05%"
"06/03/2009","1,477.50","1,479.00","1,484.50","1,458.75","242.33K","-0.07%"
"06/02/2009","1,478.50","1,470.00","1,494.50","1,464.50","294.03K","0.58%"
"06/01/2009","1,470.00","1,434.00","1,482.25","1,430.00","318.10K","2.40%"
"05/29/2009","1,435.50","1,417.75","1,442.75","1,411.00","271.58K","1.22%"
"05/28/2009","1,418.25","1,402.50","1,424.25","1,389.25","313.66K","1.01%"
"05/27/2009","1,404.00","1,410.25","1,428.75","1,397.75","301.03K","-0.48%"
"05/26/2009","1,410.75","1,359.75","1,414.50","1,342.75","374.37K","3.67%"
"05/22/2009","1,360.75","1,368.25","1,379.25","1,352.25","211.74K","-0.49%"
"05/21/2009","1,367.50","1,392.00","1,393.50","1,352.00","334.97K","-1.80%"
"05/20/2009","1,392.50","1,393.00","1,423.00","1,386.50","332.48K","-0.11%"
"05/19/2009","1,394.00","1,389.00","1,410.50","1,379.00","266.27K","0.40%"
"05/18/2009","1,388.50","1,352.25","1,392.50","1,342.50","271.86K","2.53%"
"05/15/2009","1,354.25","1,354.25","1,373.00","1,341.25","265.84K","0.04%"
"05/14/2009","1,353.75","1,344.50","1,368.75","1,336.50","306.16K","0.71%"
"05/13/2009","1,344.25","1,386.00","1,389.50","1,338.25","365.97K","-2.94%"
"05/12/2009","1,385.00","1,397.00","1,406.50","1,360.75","366.82K","-0.84%"
"05/11/2009","1,396.75","1,387.00","1,409.75","1,366.00","331.43K","0.52%"
"05/08/2009","1,389.50","1,394.00","1,410.25","1,375.75","377.89K","-0.36%"
"05/07/2009","1,394.50","1,427.75","1,437.75","1,375.25","392.55K","-2.47%"
"05/06/2009","1,429.75","1,426.25","1,435.50","1,399.00","396.54K","0.18%"
"05/05/2009","1,427.25","1,424.00","1,428.25","1,406.25","252.85K","0.33%"
"05/04/2009","1,422.50","1,397.50","1,425.75","1,397.50","271.84K","1.72%"
"05/01/2009","1,398.50","1,388.75","1,402.75","1,381.00","231.10K","0.36%"
"04/30/2009","1,393.50","1,377.25","1,417.25","1,376.25","349.74K","1.14%"
"04/29/2009","1,377.75","1,359.25","1,397.25","1,355.00","289.11K","1.27%"
"04/28/2009","1,360.50","1,371.50","1,377.50","1,351.00","263.52K","-0.93%"
"04/27/2009","1,373.25","1,368.00","1,383.50","1,350.25","283.01K","-0.13%"
"04/24/2009","1,375.00","1,343.00","1,378.50","1,335.50","318.44K","2.46%"
"04/23/2009","1,342.00","1,328.25","1,347.25","1,319.00","363.32K","1.40%"
"04/22/2009","1,323.50","1,327.75","1,362.00","1,314.75","376.04K","-0.34%"
"04/21/2009","1,328.00","1,313.00","1,330.00","1,299.75","321.74K","1.10%"
"04/20/2009","1,313.50","1,349.50","1,349.50","1,301.50","280.76K","-2.85%"
"04/17/2009","1,352.00","1,350.75","1,360.75","1,336.75","247.52K","0.00%"
"04/16/2009","1,352.00","1,316.75","1,358.25","1,307.25","357.82K","2.66%"
"04/15/2009","1,317.00","1,312.75","1,320.00","1,293.50","315.13K","-0.53%"
"04/14/2009","1,324.00","1,334.00","1,341.00","1,310.50","282.60K","-0.60%"
"04/13/2009","1,332.00","1,332.00","1,343.50","1,321.50","193.38K","-0.30%"
"04/09/2009","1,336.00","1,298.75","1,341.25","1,297.25","268.60K","2.89%"
"04/08/2009","1,298.50","1,282.00","1,305.75","1,267.00","273.57K","1.39%"
"04/07/2009","1,280.75","1,312.00","1,317.25","1,266.75","308.26K","-2.38%"
"04/06/2009","1,312.00","1,315.50","1,327.50","1,285.50","253.88K","-0.32%"
"04/03/2009","1,316.25","1,303.75","1,318.00","1,293.25","275.82K","1.13%"
"04/02/2009","1,301.50","1,251.00","1,310.75","1,248.75","429.15K","4.04%"
"04/01/2009","1,251.00","1,228.00","1,254.75","1,210.00","330.21K","1.09%"
"03/31/2009","1,237.50","1,222.75","1,257.75","1,222.00","311.99K","1.21%"
"03/30/2009","1,222.75","1,250.00","1,254.50","1,203.50","307.72K","-2.65%"
"03/27/2009","1,256.00","1,273.50","1,277.00","1,248.00","274.21K","-1.34%"
"03/26/2009","1,273.00","1,231.00","1,281.75","1,231.00","386.57K","3.20%"
"03/25/2009","1,233.50","1,235.50","1,261.50","1,205.25","402.76K","-0.22%"
"03/24/2009","1,236.25","1,253.50","1,258.00","1,186.50","272.78K","-1.26%"
"03/23/2009","1,252.00","1,186.50","1,258.00","1,186.50","371.42K","3.03%"
"03/20/2009","1,215.15","1,208.00","1,209.50","1,194.25","0.79K","0.88%"
"03/19/2009","1,204.50","1,209.50","1,223.75","1,196.00","35.82K","-0.76%"
"03/18/2009","1,213.75","1,191.75","1,225.25","1,180.00","59.77K","1.89%"
"03/17/2009","1,191.25","1,152.25","1,192.25","1,148.25","104.64K","3.25%"
"03/16/2009","1,153.75","1,169.00","1,182.00","1,144.00","114.92K","-1.35%"
"03/13/2009","1,169.50","1,159.00","1,176.00","1,149.25","109.38K","0.43%"
"03/12/2009","1,164.50","1,125.50","1,167.75","1,111.75","224.27K","3.51%"
"03/11/2009","1,125.00","1,105.00","1,135.75","1,105.00","420.62K","1.72%"
"03/10/2009","1,106.00","1,045.25","1,112.50","1,041.75","418.34K","5.64%"
"03/09/2009","1,047.00","1,076.75","1,087.75","1,040.25","421.89K","-2.74%"
"03/06/2009","1,076.50","1,084.00","1,089.50","1,043.00","455.93K","-0.60%"
"03/05/2009","1,083.00","1,122.25","1,122.25","1,072.00","426.16K","-1.63%"
"03/04/2009","1,101.00","1,073.00","1,125.00","1,062.00","426.57K","2.71%"
"03/03/2009","1,072.00","1,086.00","1,102.25","1,068.00","367.26K","-1.29%"
"03/02/2009","1,086.00","1,114.25","1,116.00","1,074.25","398.70K","-2.78%"
"02/27/2009","1,117.00","1,131.00","1,138.75","1,107.25","401.80K","-1.35%"
"02/26/2009","1,132.25","1,155.50","1,175.00","1,126.75","364.11K","-1.88%"
"02/25/2009","1,154.00","1,163.00","1,184.25","1,142.00","419.64K","-0.82%"
"02/24/2009","1,163.50","1,136.00","1,176.75","1,133.00","390.29K","2.44%"
"02/23/2009","1,135.75","1,174.50","1,196.00","1,125.50","377.88K","-3.07%"
"02/20/2009","1,171.75","1,170.50","1,183.50","1,150.00","442.37K","0.11%"
"02/19/2009","1,170.50","1,178.50","1,201.50","1,165.25","339.23K","-0.81%"
"02/18/2009","1,180.00","1,185.25","1,204.00","1,171.50","355.52K","-0.21%"
"02/17/2009","1,182.50","1,224.25","1,227.00","1,179.00","383.32K","-3.80%"
"02/13/2009","1,229.25","1,245.25","1,255.00","1,226.00","286.59K","-1.28%"
"02/12/2009","1,245.25","1,224.75","1,247.00","1,202.50","412.71K","1.69%"
"02/11/2009","1,224.50","1,227.00","1,239.75","1,206.50","295.60K","-0.65%"
"02/10/2009","1,232.50","1,274.25","1,286.00","1,221.50","423.41K","-3.39%"
"02/09/2009","1,275.75","1,273.00","1,285.50","1,258.00","218.40K","0.00%"
"02/06/2009","1,275.75","1,236.50","1,279.50","1,230.25","337.65K","3.34%"
"02/05/2009","1,234.50","1,214.75","1,249.25","1,185.00","428.89K","1.69%"
"02/04/2009","1,214.00","1,208.50","1,242.75","1,203.75","310.95K","0.52%"
"02/03/2009","1,207.75","1,189.75","1,217.75","1,177.50","305.83K","1.60%"
"02/02/2009","1,188.75","1,181.00","1,202.00","1,153.50","289.56K","0.81%"
"01/30/2009","1,179.25","1,207.50","1,214.25","1,173.75","298.96K","-2.22%"
"01/29/2009","1,206.00","1,230.00","1,231.25","1,196.00","268.95K","-2.05%"
"01/28/2009","1,231.25","1,187.75","1,244.75","1,185.00","320.65K","3.84%"
"01/27/2009","1,185.75","1,181.00","1,200.25","1,176.25","248.89K","0.53%"
"01/26/2009","1,179.50","1,165.00","1,201.25","1,146.75","300.37K","1.31%"
"01/23/2009","1,164.25","1,169.50","1,191.00","1,141.50","347.36K","-0.68%"
"01/22/2009","1,172.25","1,181.75","1,202.25","1,146.00","356.74K","-0.78%"
"01/21/2009","1,181.50","1,148.25","1,185.00","1,140.00","299.36K","2.96%"
"01/20/2009","1,147.50","1,199.00","1,222.25","1,132.00","326.09K","-4.14%"
"01/16/2009","1,197.00","1,181.00","1,201.00","1,164.50","310.41K","1.68%"
"01/15/2009","1,177.25","1,165.25","1,191.00","1,138.50","384.58K","1.01%"
"01/14/2009","1,165.50","1,204.00","1,210.75","1,155.25","289.54K","-3.20%"
"01/13/2009","1,204.00","1,206.25","1,218.50","1,185.00","285.22K","-0.17%"
"01/12/2009","1,206.00","1,221.00","1,226.00","1,186.25","224.80K","-1.27%"
"01/09/2009","1,221.50","1,250.25","1,256.25","1,216.00","245.20K","-2.24%"
"01/08/2009","1,249.50","1,240.50","1,252.75","1,222.75","256.81K","0.81%"
"01/07/2009","1,239.50","1,270.00","1,273.25","1,227.50","277.24K","-2.48%"
"01/06/2009","1,271.00","1,263.75","1,287.00","1,259.50","264.04K","0.47%"
"01/05/2009","1,265.00","1,251.75","1,275.00","1,244.25","206.05K","0.96%"
"01/02/2009","1,253.00","1,211.00","1,268.25","1,204.00","190.79K","3.34%"
"12/31/2008","1,212.50","1,206.25","1,224.75","1,196.75","125.38K","0.54%"
"12/30/2008","1,206.00","1,176.25","1,208.00","1,175.25","151.28K","2.59%"
"12/29/2008","1,175.50","1,188.00","1,198.00","1,156.25","120.96K","-1.09%"
"12/26/2008","1,188.50","1,184.75","1,191.00","1,178.75","39.81K","0.72%"
"12/24/2008","1,180.00","1,185.75","1,189.50","1,178.75","39.77K","-0.38%"
"12/23/2008","1,184.50","1,199.25","1,206.50","1,176.25","134.79K","-1.04%"
"12/22/2008","1,197.00","1,211.50","1,223.50","1,169.50","186.23K","-1.61%"
"12/19/2008","1,216.54","1,221.00","1,223.25","1,210.00","0.87K","-0.61%"
"12/18/2008","1,224.00","1,229.00","1,235.50","1,193.00","38.34K","-0.24%"
"12/17/2008","1,227.00","1,235.00","1,242.25","1,203.75","45.42K","-0.97%"
"12/16/2008","1,239.00","1,191.75","1,246.00","1,188.00","78.66K","3.81%"
"12/15/2008","1,193.50","1,213.50","1,222.75","1,166.75","95.90K","-1.65%"
"12/12/2008","1,213.50","1,185.25","1,215.00","1,134.00","135.27K","2.10%"
"12/11/2008","1,188.50","1,217.75","1,229.50","1,175.50","182.02K","-2.34%"
"12/10/2008","1,217.00","1,217.75","1,240.25","1,203.25","339.14K","0.00%"
"12/09/2008","1,217.00","1,213.75","1,252.50","1,200.50","373.55K","0.41%"
"12/08/2008","1,212.00","1,177.00","1,237.75","1,170.75","383.65K","2.89%"
"12/05/2008","1,178.00","1,134.00","1,181.00","1,095.00","440.16K","3.79%"
"12/04/2008","1,135.00","1,157.75","1,169.00","1,109.00","381.60K","-1.82%"
"12/03/2008","1,156.00","1,132.25","1,166.50","1,096.00","422.33K","2.03%"
"12/02/2008","1,133.00","1,091.25","1,136.00","1,089.50","376.42K","3.52%"
"12/01/2008","1,094.50","1,185.75","1,188.25","1,090.25","335.42K","-7.72%"
"11/28/2008","1,186.00","1,191.75","1,199.50","1,171.25","86.99K","-0.71%"
"11/26/2008","1,194.50","1,135.00","1,195.00","1,122.00","304.61K","5.20%"
"11/25/2008","1,135.50","1,145.75","1,174.25","1,117.75","388.74K","-1.00%"
"11/24/2008","1,147.00","1,098.25","1,164.00","1,072.25","415.25K","5.13%"
"11/21/2008","1,091.00","1,043.50","1,093.00","1,017.75","511.39K","4.95%"
"11/20/2008","1,039.50","1,089.50","1,115.00","1,031.25","584.82K","-4.85%"
"11/19/2008","1,092.50","1,168.50","1,172.00","1,082.75","469.24K","-6.94%"
"11/18/2008","1,174.00","1,159.00","1,175.50","1,113.00","437.11K","1.34%"
"11/17/2008","1,158.50","1,157.25","1,188.75","1,139.25","364.61K","0.26%"
"11/14/2008","1,155.50","1,237.75","1,239.75","1,155.00","439.35K","-6.40%"
"11/13/2008","1,234.50","1,165.25","1,243.75","1,108.50","579.98K","6.10%"
"11/12/2008","1,163.50","1,222.00","1,244.75","1,161.00","371.60K","-4.87%"
"11/11/2008","1,223.00","1,255.00","1,262.00","1,208.00","339.64K","-2.67%"
"11/10/2008","1,256.50","1,293.00","1,321.25","1,235.50","291.82K","-2.48%"
"11/07/2008","1,288.50","1,241.25","1,290.00","1,241.25","338.14K","3.87%"
"11/06/2008","1,240.50","1,304.75","1,305.75","1,235.00","462.52K","-5.03%"
"11/05/2008","1,306.25","1,379.75","1,389.00","1,296.25","372.65K","-5.38%"
"11/04/2008","1,380.50","1,341.25","1,384.00","1,333.75","323.13K","2.91%"
"11/03/2008","1,341.50","1,340.00","1,356.50","1,322.50","214.65K","0.34%"
"10/31/2008","1,337.00","1,340.00","1,361.25","1,305.25","351.85K","-0.59%"
"10/30/2008","1,345.00","1,293.00","1,354.75","1,293.00","412.42K","3.94%"
"10/29/2008","1,294.00","1,305.50","1,346.75","1,271.25","521.65K","-1.07%"
"10/28/2008","1,308.00","1,162.75","1,309.00","1,151.25","485.39K","12.56%"
"10/27/2008","1,162.00","1,190.75","1,228.50","1,136.75","394.57K","-2.48%"
"10/24/2008","1,191.50","1,249.75","1,254.75","1,149.75","530.49K","-4.95%"
"10/23/2008","1,253.50","1,246.00","1,265.50","1,175.75","585.87K","0.44%"
"10/22/2008","1,248.00","1,290.00","1,324.00","1,208.25","508.04K","-3.44%"
"10/21/2008","1,292.50","1,364.25","1,364.25","1,280.50","427.56K","-4.96%"
"10/20/2008","1,360.00","1,314.00","1,363.25","1,291.00","382.89K","3.74%"
"10/17/2008","1,311.00","1,321.00","1,371.75","1,269.00","585.78K","-0.91%"
"10/16/2008","1,323.00","1,234.00","1,330.75","1,191.25","787.16K","7.65%"
"10/15/2008","1,229.00","1,378.50","1,391.25","1,229.00","559.28K","-10.03%"
"10/14/2008","1,366.00","1,451.75","1,499.00","1,353.25","629.28K","-6.34%"
"10/13/2008","1,458.50","1,297.50","1,459.50","1,297.50","483.70K","13.72%"
"10/10/2008","1,282.50","1,281.75","1,326.25","1,198.25","829.12K","0.83%"
"10/09/2008","1,272.00","1,329.00","1,373.00","1,262.50","596.73K","-3.64%"
"10/08/2008","1,320.00","1,342.00","1,393.25","1,280.75","720.81K","-1.23%"
"10/07/2008","1,336.50","1,409.00","1,440.00","1,332.25","586.34K","-4.98%"
"10/06/2008","1,406.50","1,478.00","1,480.00","1,343.75","665.35K","-4.81%"
"10/03/2008","1,477.50","1,510.00","1,561.75","1,474.75","501.71K","-2.18%"
"10/02/2008","1,510.50","1,577.25","1,590.75","1,495.75","375.72K","-4.32%"
"10/01/2008","1,578.75","1,599.75","1,600.25","1,552.25","360.32K","-1.60%"
"09/30/2008","1,604.50","1,515.00","1,605.75","1,505.75","433.13K","6.12%"
"09/29/2008","1,512.00","1,680.75","1,688.00","1,494.00","602.28K","-9.72%"
"09/26/2008","1,674.75","1,674.50","1,684.50","1,630.00","363.34K","-0.31%"
"09/25/2008","1,680.00","1,671.00","1,714.25","1,664.75","356.37K","0.48%"
"09/24/2008","1,672.00","1,656.75","1,682.00","1,649.50","354.27K","1.30%"
"09/23/2008","1,650.50","1,671.50","1,752.00","1,647.75","423.08K","-1.15%"
"09/22/2008","1,669.75","1,735.00","1,752.00","1,663.25","393.82K","-5.56%"
"09/19/2008","1,768.09","1,699.00","1,788.75","1,696.50","7.82K","3.99%"
"09/18/2008","1,700.25","1,645.25","1,706.25","1,605.75","110.22K","3.63%"
"09/17/2008","1,640.75","1,730.00","1,739.75","1,634.25","97.64K","-4.95%"
"09/16/2008","1,726.25","1,721.00","1,740.75","1,684.00","136.49K","0.63%"
"09/15/2008","1,715.50","1,763.25","1,763.25","1,706.00","103.61K","-3.26%"
"09/12/2008","1,773.25","1,773.25","1,780.00","1,743.75","153.68K","-0.11%"
"09/11/2008","1,775.25","1,736.75","1,776.50","1,705.25","327.40K","2.17%"
"09/10/2008","1,737.50","1,731.75","1,755.75","1,726.00","408.21K","0.51%"
"09/09/2008","1,728.75","1,762.50","1,780.25","1,720.75","484.67K","-1.82%"
"09/08/2008","1,760.75","1,794.50","1,815.25","1,735.25","571.29K","-0.52%"
"09/05/2008","1,770.00","1,774.75","1,780.50","1,741.25","472.01K","-0.32%"
"09/04/2008","1,775.75","1,836.25","1,836.25","1,774.00","491.52K","-3.19%"
"09/03/2008","1,834.25","1,851.75","1,859.50","1,821.75","406.93K","-0.95%"
"09/02/2008","1,851.75","1,875.25","1,915.50","1,844.00","456.06K","-1.24%"
"08/29/2008","1,875.00","1,905.00","1,908.00","1,867.50","366.69K","-1.60%"
"08/28/2008","1,905.50","1,901.00","1,924.00","1,891.00","285.92K","0.20%"
"08/27/2008","1,901.75","1,891.50","1,916.50","1,882.00","297.43K","0.54%"
"08/26/2008","1,891.50","1,894.75","1,903.75","1,876.50","263.22K","-0.18%"
"08/25/2008","1,895.00","1,930.00","1,930.75","1,887.00","351.01K","-1.79%"
"08/22/2008","1,929.50","1,906.75","1,941.25","1,901.25","271.66K","1.17%"
"08/21/2008","1,907.25","1,915.75","1,917.00","1,888.25","303.35K","-0.46%"
"08/20/2008","1,916.00","1,918.75","1,936.00","1,902.25","341.72K","-0.17%"
"08/19/2008","1,919.25","1,943.25","1,946.50","1,903.00","385.10K","-1.25%"
"08/18/2008","1,943.50","1,964.00","1,976.00","1,923.75","352.95K","-1.12%"
"08/15/2008","1,965.50","1,966.00","1,977.25","1,952.50","346.04K","-0.01%"
"08/14/2008","1,965.75","1,943.50","1,973.00","1,933.50","440.38K","1.25%"
"08/13/2008","1,941.50","1,944.75","1,959.25","1,923.75","443.82K","-0.17%"
"08/12/2008","1,944.75","1,941.50","1,961.00","1,931.25","386.80K","0.09%"
"08/11/2008","1,943.00","1,921.00","1,966.00","1,918.75","431.06K","1.00%"
"08/08/2008","1,923.75","1,886.25","1,932.00","1,879.25","405.31K","2.00%"
"08/07/2008","1,886.00","1,896.50","1,907.75","1,876.50","361.54K","-0.54%"
"08/06/2008","1,896.25","1,869.00","1,906.75","1,856.00","418.19K","1.46%"
"08/05/2008","1,869.00","1,811.50","1,874.00","1,810.00","408.42K","3.16%"
"08/04/2008","1,811.75","1,833.25","1,837.25","1,801.75","282.46K","-1.16%"
"08/01/2008","1,833.00","1,854.50","1,863.25","1,806.75","454.18K","-1.12%"
"07/31/2008","1,853.75","1,857.25","1,878.75","1,832.50","448.37K","-0.13%"
"07/30/2008","1,856.25","1,842.25","1,866.75","1,828.25","412.76K","0.77%"
"07/29/2008","1,842.00","1,811.75","1,855.50","1,806.50","374.08K","1.56%"
"07/28/2008","1,813.75","1,845.25","1,854.50","1,800.00","351.22K","-1.45%"
"07/25/2008","1,840.50","1,818.00","1,853.50","1,815.25","294.47K","1.15%"
"07/24/2008","1,819.50","1,846.25","1,863.50","1,811.50","412.53K","-1.60%"
"07/23/2008","1,849.00","1,825.25","1,870.25","1,822.25","494.06K","1.37%"
"07/22/2008","1,824.00","1,821.75","1,827.25","1,787.75","436.30K","-0.19%"
"07/21/2008","1,827.50","1,827.75","1,845.00","1,813.25","332.64K","-0.07%"
"07/18/2008","1,828.75","1,832.50","1,848.50","1,819.25","430.28K","-0.60%"
"07/17/2008","1,839.75","1,841.25","1,868.50","1,833.00","532.83K","-0.27%"
"07/16/2008","1,844.75","1,802.75","1,850.25","1,785.75","542.83K","2.54%"
"07/15/2008","1,799.00","1,802.75","1,833.50","1,765.25","685.48K","-0.19%"
"07/14/2008","1,802.50","1,817.75","1,850.50","1,796.75","480.21K","-0.99%"
"07/11/2008","1,820.50","1,845.50","1,860.25","1,788.00","586.09K","-1.29%"
"07/10/2008","1,844.25","1,831.75","1,852.75","1,809.50","520.21K","0.70%"
"07/09/2008","1,831.50","1,869.00","1,877.50","1,823.75","425.06K","-1.98%"
"07/08/2008","1,868.50","1,831.25","1,876.75","1,810.75","490.69K","1.98%"
"07/07/2008","1,832.25","1,815.75","1,854.50","1,804.00","506.85K","0.56%"
"07/04/2008","1,822.00","1,822.00","1,828.50","1,813.75","4.62K","0.00%"
"07/03/2008","1,822.00","1,826.75","1,839.00","1,806.25","326.61K","-0.16%"
"07/02/2008","1,825.00","1,869.75","1,887.25","1,820.50","476.84K","-2.35%"
"07/01/2008","1,869.00","1,848.75","1,872.00","1,815.75","582.02K","1.25%"
"06/30/2008","1,846.00","1,866.75","1,873.00","1,842.25","369.69K","-1.06%"
"06/27/2008","1,865.75","1,871.75","1,877.75","1,836.00","434.64K","-0.04%"
"06/26/2008","1,866.50","1,932.00","1,933.25","1,862.50","492.06K","-3.40%"
"06/25/2008","1,932.25","1,912.00","1,960.75","1,912.00","395.52K","1.09%"
"06/24/2008","1,911.50","1,919.00","1,934.75","1,895.00","413.46K","-0.34%"
"06/23/2008","1,918.00","1,943.00","1,952.00","1,917.50","347.90K","-2.43%"
"06/20/2008","1,965.70","1,981.00","1,984.00","1,965.00","2.20K","-0.77%"
"06/19/2008","1,981.00","1,954.50","1,992.00","1,934.50","69.74K","1.47%"
"06/18/2008","1,952.25","1,974.50","1,979.50","1,943.25","70.95K","-1.23%"
"06/17/2008","1,976.50","1,979.50","1,996.25","1,970.00","100.28K","-0.20%"
"06/16/2008","1,980.50","1,968.75","1,992.50","1,952.50","101.86K","0.79%"
"06/13/2008","1,965.00","1,934.50","1,970.50","1,919.50","131.47K","1.81%"
"06/12/2008","1,930.00","1,923.50","1,956.00","1,910.25","242.63K","0.17%"
"06/11/2008","1,926.75","1,972.25","1,983.75","1,923.75","481.60K","-2.36%"
"06/10/2008","1,973.25","1,986.00","1,989.50","1,956.50","410.37K","-0.73%"
"06/09/2008","1,987.75","1,987.50","2,000.50","1,949.00","512.51K","-0.05%"
"06/06/2008","1,988.75","2,055.25","2,062.75","1,987.00","524.91K","-3.28%"
"06/05/2008","2,056.25","2,019.50","2,060.25","2,017.25","381.11K","1.76%"
"06/04/2008","2,020.75","1,999.00","2,038.00","1,986.00","469.22K","1.13%"
"06/03/2008","1,998.25","2,011.75","2,029.25","1,978.75","462.34K","-0.65%"
"06/02/2008","2,011.25","2,037.00","2,038.50","1,991.00","371.39K","-1.18%"
"05/30/2008","2,035.25","2,025.75","2,043.75","2,023.50","255.73K","0.61%"
"05/29/2008","2,023.00","2,002.50","2,033.00","1,999.75","355.56K","0.90%"
"05/28/2008","2,005.00","1,993.75","2,008.75","1,983.25","309.77K","0.60%"
"05/27/2008","1,993.00","1,960.25","1,998.50","1,954.00","327.75K","1.77%"
"05/23/2008","1,958.25","1,966.00","1,969.50","1,945.75","281.97K","-0.42%"
"05/22/2008","1,966.50","1,966.75","1,981.50","1,957.50","378.16K","0.10%"
"05/21/2008","1,964.50","2,008.75","2,019.25","1,954.00","480.93K","-2.24%"
"05/20/2008","2,009.50","2,024.75","2,026.00","1,990.25","357.16K","-0.80%"
"05/19/2008","2,025.75","2,035.50","2,054.25","2,008.25","364.27K","-0.48%"
"05/16/2008","2,035.50","2,035.00","2,041.50","2,012.75","339.38K","-0.01%"
"05/15/2008","2,035.75","1,996.50","2,037.25","1,994.25","363.69K","1.97%"
"05/14/2008","1,996.50","2,006.25","2,032.75","1,995.75","355.47K","-0.47%"
"05/13/2008","2,006.00","1,997.25","2,009.00","1,985.50","274.15K","0.38%"
"05/12/2008","1,998.50","1,963.25","2,003.50","1,961.50","281.05K","1.80%"
"05/09/2008","1,963.25","1,964.00","1,973.50","1,951.25","260.39K","-0.09%"
"05/08/2008","1,965.00","1,961.00","1,984.00","1,958.00","303.94K","0.23%"
"05/07/2008","1,960.50","2,000.75","2,005.50","1,950.00","377.15K","-1.93%"
"05/06/2008","1,999.00","1,981.00","2,002.50","1,962.00","341.52K","0.93%"
"05/05/2008","1,980.50","1,987.00","1,997.75","1,969.00","210.79K","-0.49%"
"05/02/2008","1,990.25","1,984.00","2,008.00","1,970.00","373.36K","0.35%"
"05/01/2008","1,983.25","1,922.25","1,985.75","1,921.50","437.07K","3.12%"
"04/30/2008","1,923.25","1,939.00","1,960.50","1,916.75","368.16K","-0.81%"
"04/29/2008","1,939.00","1,926.50","1,947.75","1,918.75","283.76K","0.65%"
"04/28/2008","1,926.50","1,922.25","1,941.75","1,918.75","189.03K","0.29%"
"04/25/2008","1,921.00","1,920.00","1,933.75","1,898.75","304.35K","0.01%"
"04/24/2008","1,920.75","1,906.50","1,949.50","1,887.00","421.39K","0.80%"
"04/23/2008","1,905.50","1,895.50","1,919.25","1,889.00","292.85K","0.55%"
"04/22/2008","1,895.00","1,913.00","1,918.00","1,872.75","288.11K","-0.99%"
"04/21/2008","1,914.00","1,903.00","1,920.50","1,893.00","207.01K","0.58%"
"04/18/2008","1,903.00","1,873.00","1,914.75","1,870.50","374.16K","1.93%"
"04/17/2008","1,867.00","1,867.00","1,871.25","1,834.50","329.33K","0.26%"
"04/16/2008","1,862.25","1,821.50","1,865.75","1,814.50","409.68K","3.65%"
"04/15/2008","1,796.75","1,797.50","1,809.75","1,781.25","295.91K","0.03%"
"04/14/2008","1,796.25","1,807.00","1,814.00","1,791.50","251.45K","-0.55%"
"04/11/2008","1,806.25","1,858.00","1,869.75","1,799.00","349.46K","-2.82%"
"04/10/2008","1,858.75","1,836.25","1,870.25","1,823.75","307.70K","1.17%"
"04/09/2008","1,837.25","1,855.50","1,866.25","1,820.50","335.96K","-0.94%"
"04/08/2008","1,854.75","1,866.75","1,866.75","1,843.50","254.23K","-0.59%"
"04/07/2008","1,865.75","1,868.00","1,893.75","1,862.75","291.30K","-0.21%"
"04/04/2008","1,869.75","1,867.75","1,891.25","1,852.75","321.64K","0.13%"
"04/03/2008","1,867.25","1,860.00","1,873.75","1,842.50","295.36K","0.27%"
"04/02/2008","1,862.25","1,857.50","1,878.25","1,843.25","366.93K","0.24%"
"04/01/2008","1,857.75","1,785.50","1,862.25","1,777.25","436.93K","3.76%"
"03/31/2008","1,790.50","1,780.50","1,796.50","1,767.50","301.95K","0.59%"
"03/28/2008","1,780.00","1,792.50","1,809.50","1,768.00","286.25K","-0.67%"
"03/27/2008","1,792.00","1,807.75","1,823.50","1,782.75","377.78K","-1.01%"
"03/26/2008","1,810.25","1,825.75","1,829.75","1,802.75","304.13K","-0.86%"
"03/25/2008","1,826.00","1,819.00","1,839.50","1,748.50","328.96K","0.37%"
"03/24/2008","1,819.25","1,752.75","1,826.50","1,748.50","353.22K","5.59%"
"03/20/2008","1,722.98","1,720.50","1,728.25","1,703.50","1.66K","0.26%"
"03/19/2008","1,718.50","1,765.25","1,775.50","1,715.75","69.72K","-2.62%"
"03/18/2008","1,764.75","1,710.00","1,766.50","1,668.50","98.49K","4.44%"
"03/17/2008","1,689.75","1,710.00","1,748.25","1,668.50","132.79K","-1.64%"
"03/14/2008","1,718.00","1,749.75","1,776.25","1,696.75","185.27K","-1.74%"
"03/13/2008","1,748.50","1,736.00","1,761.50","1,699.50","295.28K","0.79%"
"03/12/2008","1,734.75","1,751.00","1,766.25","1,668.75","390.38K","-0.90%"
"03/11/2008","1,750.50","1,678.75","1,753.50","1,668.75","510.68K","4.40%"
"03/10/2008","1,676.75","1,708.25","1,717.75","1,674.00","378.87K","-1.87%"
"03/07/2008","1,708.75","1,716.75","1,734.25","1,682.25","536.85K","-0.32%"
"03/06/2008","1,714.25","1,757.50","1,773.00","1,711.00","429.88K","-2.57%"
"03/05/2008","1,759.50","1,743.50","1,770.75","1,738.75","442.01K","0.98%"
"03/04/2008","1,742.50","1,737.50","1,751.00","1,708.75","525.38K","0.33%"
"03/03/2008","1,736.75","1,748.00","1,750.00","1,718.25","414.74K","-0.66%"
"02/29/2008","1,748.25","1,785.00","1,789.25","1,742.75","437.68K","-2.02%"
"02/28/2008","1,784.25","1,801.00","1,812.25","1,782.75","357.77K","-0.89%"
"02/27/2008","1,800.25","1,795.75","1,809.75","1,777.25","364.97K","0.19%"
"02/26/2008","1,796.75","1,785.50","1,811.50","1,765.75","437.19K","0.63%"
"02/25/2008","1,785.50","1,776.00","1,794.75","1,764.50","383.13K","0.25%"
"02/22/2008","1,781.00","1,775.50","1,810.75","1,742.00","380.62K","0.28%"
"02/21/2008","1,776.00","1,788.75","1,810.75","1,764.75","371.06K","-0.74%"
"02/20/2008","1,789.25","1,781.50","1,821.00","1,752.75","421.14K","0.44%"
"02/19/2008","1,781.50","1,782.75","1,821.00","1,762.00","370.97K","-0.28%"
"02/15/2008","1,786.50","1,791.75","1,831.25","1,770.00","250.73K","-0.43%"
"02/14/2008","1,794.25","1,822.00","1,831.25","1,788.00","424.78K","-1.43%"
"02/13/2008","1,820.25","1,792.25","1,829.00","1,784.00","392.00K","1.69%"
"02/12/2008","1,790.00","1,796.75","1,816.75","1,772.75","411.53K","-0.40%"
"02/11/2008","1,797.25","1,774.75","1,802.50","1,763.75","360.07K","1.17%"
"02/08/2008","1,776.50","1,768.00","1,785.25","1,713.00","411.99K","0.54%"
"02/07/2008","1,767.00","1,751.50","1,801.25","1,713.00","668.88K","1.07%"
"02/06/2008","1,748.25","1,788.50","1,830.75","1,736.50","432.05K","-2.06%"
"02/05/2008","1,785.00","1,826.00","1,830.75","1,778.75","470.68K","-2.29%"
"02/04/2008","1,826.75","1,864.75","1,869.25","1,824.00","283.44K","-1.97%"
"02/01/2008","1,863.50","1,827.00","1,879.00","1,825.50","431.95K","0.85%"
"01/31/2008","1,847.75","1,807.00","1,860.50","1,783.50","580.74K","2.00%"
"01/30/2008","1,811.50","1,812.50","1,850.00","1,796.25","531.77K","-0.03%"
"01/29/2008","1,812.00","1,809.00","1,825.00","1,797.50","329.07K","0.10%"
"01/28/2008","1,810.25","1,796.50","1,814.75","1,761.50","399.00K","0.93%"
"01/25/2008","1,793.50","1,847.00","1,873.50","1,791.00","519.63K","-2.37%"
"01/24/2008","1,837.00","1,805.25","1,838.00","1,798.50","505.97K","1.63%"
"01/23/2008","1,807.50","1,809.50","1,812.00","1,698.25","888.04K","0.36%"
"01/22/2008","1,801.00","1,851.50","1,858.25","1,744.50","751.48K","-2.62%"
"01/18/2008","1,849.50","1,858.25","1,887.00","1,839.00","644.55K","-0.35%"
"01/17/2008","1,856.00","1,883.00","1,905.00","1,848.75","645.26K","-1.33%"
"01/16/2008","1,881.00","1,880.00","1,919.25","1,859.25","707.61K","-1.62%"
"01/15/2008","1,912.00","1,957.25","1,959.50","1,895.75","540.89K","-2.20%"
"01/14/2008","1,955.00","1,927.50","1,964.75","1,906.00","378.13K","1.53%"
"01/11/2008","1,925.50","1,960.00","1,963.00","1,912.25","488.35K","-1.80%"
"01/10/2008","1,960.75","1,956.50","1,982.00","1,937.00","639.03K","0.22%"
"01/09/2008","1,956.50","1,928.00","1,964.75","1,903.00","665.80K","1.45%"
"01/08/2008","1,928.50","1,974.25","1,998.50","1,921.75","592.71K","-2.37%"
"01/07/2008","1,975.25","1,984.75","1,995.50","1,943.75","581.48K","-0.49%"
"01/04/2008","1,985.00","2,075.50","2,082.75","1,976.75","524.48K","-4.39%"
"01/03/2008","2,076.25","2,071.25","2,082.00","2,056.75","291.49K","0.30%"
"01/02/2008","2,070.00","2,111.25","2,117.00","2,056.50","391.00K","-1.65%"
"12/31/2007","2,104.75","2,125.00","2,127.50","2,101.00","131.50K","-0.95%"
"12/28/2007","2,125.00","2,131.00","2,146.25","2,112.50","161.66K","-0.30%"
"12/27/2007","2,131.50","2,159.75","2,165.00","2,124.75","197.72K","-1.30%"
"12/26/2007","2,159.50","2,148.75","2,164.25","2,138.25","117.08K","0.54%"
"12/24/2007","2,148.00","2,131.00","2,155.50","2,131.00","70.31K","2.34%"
"12/21/2007","2,098.93","2,077.75","2,108.00","2,074.00","2.50K","1.08%"
"12/20/2007","2,076.50","2,033.50","2,076.75","2,033.50","58.48K","1.99%"
"12/19/2007","2,036.00","2,029.00","2,040.25","2,016.75","58.70K","0.33%"
"12/18/2007","2,029.25","2,028.00","2,048.75","2,000.00","86.91K","0.04%"
"12/17/2007","2,028.50","2,064.00","2,081.75","2,022.00","121.28K","-2.12%"
"12/14/2007","2,072.50","2,089.00","2,099.75","2,070.75","102.18K","-0.97%"
"12/13/2007","2,092.75","2,108.00","2,108.00","2,074.25","210.84K","-0.71%"
"12/12/2007","2,107.75","2,090.75","2,133.25","2,071.00","500.00K","0.85%"
"12/11/2007","2,090.00","2,138.50","2,151.25","2,084.25","408.52K","-2.27%"
"12/10/2007","2,138.50","2,130.75","2,144.75","2,125.75","220.93K","0.30%"
"12/07/2007","2,132.00","2,125.00","2,139.25","2,118.00","268.68K","0.28%"
"12/06/2007","2,126.00","2,101.50","2,132.25","2,098.00","343.90K","1.18%"
"12/05/2007","2,101.25","2,061.75","2,108.25","2,061.75","359.77K","1.89%"
"12/04/2007","2,062.25","2,074.75","2,082.00","2,052.00","323.48K","-0.61%"
"12/03/2007","2,075.00","2,092.75","2,103.25","2,069.75","331.85K","-0.93%"
"11/30/2007","2,094.50","2,097.75","2,129.25","2,075.50","488.76K","-0.29%"
"11/29/2007","2,100.50","2,094.25","2,114.00","2,085.75","394.85K","0.24%"
"11/28/2007","2,095.50","2,032.75","2,107.00","2,024.00","527.71K","3.10%"
"11/27/2007","2,032.50","2,001.00","2,040.00","1,995.25","589.40K","1.63%"
"11/26/2007","2,000.00","2,031.75","2,053.75","1,992.50","471.15K","-1.60%"
"11/23/2007","2,032.50","2,006.50","2,037.25","2,004.50","137.74K","1.35%"
"11/21/2007","2,005.50","2,036.75","2,046.00","1,992.00","486.39K","-1.47%"
"11/20/2007","2,035.50","2,030.00","2,071.75","1,994.50","650.57K","0.37%"
"11/19/2007","2,028.00","2,055.75","2,064.50","2,016.25","418.67K","-1.33%"
"11/16/2007","2,055.25","2,035.25","2,060.75","2,014.00","529.82K","1.07%"
"11/15/2007","2,033.50","2,056.25","2,063.50","2,015.50","614.15K","-1.17%"
"11/14/2007","2,057.50","2,067.25","2,101.75","2,037.00","614.11K","-0.45%"
"11/13/2007","2,066.75","1,992.50","2,074.75","1,982.25","601.34K","3.88%"
"11/12/2007","1,989.50","2,041.00","2,051.75","1,986.50","658.06K","-2.56%"
"11/09/2007","2,041.75","2,106.75","2,115.25","2,037.25","702.06K","-3.03%"
"11/08/2007","2,105.50","2,175.00","2,180.00","2,081.00","884.08K","-3.46%"
"11/07/2007","2,181.00","2,233.00","2,233.50","2,177.50","543.39K","-2.35%"
"11/06/2007","2,233.50","2,212.25","2,236.00","2,199.00","385.28K","0.94%"
"11/05/2007","2,212.75","2,222.50","2,224.75","2,191.25","418.35K","-0.48%"
"11/02/2007","2,223.50","2,214.00","2,234.50","2,192.00","548.56K","0.36%"
"11/01/2007","2,215.50","2,250.50","2,256.25","2,207.75","472.28K","-1.64%"
"10/31/2007","2,252.50","2,217.75","2,253.00","2,210.50","398.46K","1.57%"
"10/30/2007","2,217.75","2,215.50","2,232.75","2,204.75","255.44K","0.10%"
"10/29/2007","2,215.50","2,215.50","2,217.25","2,213.75","247.73K","0.37%"
"10/26/2007","2,207.25","2,200.00","2,220.00","2,188.00","388.23K","0.64%"
"10/25/2007","2,193.25","2,203.50","2,220.00","2,159.25","542.43K","-0.44%"
"10/24/2007","2,203.00","2,207.00","2,209.25","2,154.00","697.41K","-0.41%"
"10/23/2007","2,212.00","2,176.25","2,221.00","2,176.25","455.70K","1.85%"
"10/22/2007","2,171.75","2,146.50","2,177.00","2,127.75","503.40K","1.02%"
"10/19/2007","2,149.75","2,206.50","2,218.25","2,146.50","567.52K","-2.55%"
"10/18/2007","2,206.00","2,201.50","2,210.00","2,178.25","390.75K","0.42%"
"10/17/2007","2,196.75","2,179.25","2,202.75","2,160.25","524.56K","0.94%"
"10/16/2007","2,176.25","2,180.00","2,186.00","2,161.50","426.98K","-0.21%"
"10/15/2007","2,180.75","2,199.50","2,204.00","2,162.00","397.17K","-0.84%"
"10/12/2007","2,199.25","2,166.00","2,200.00","2,156.50","403.01K","1.50%"
"10/11/2007","2,166.75","2,196.00","2,214.00","2,145.75","569.24K","-1.35%"
"10/10/2007","2,196.50","2,194.00","2,199.00","2,184.25","263.54K","0.10%"
"10/09/2007","2,194.25","2,180.50","2,195.00","2,176.25","286.14K","0.64%"
"10/08/2007","2,180.25","2,170.75","2,183.00","2,164.00","189.40K","0.44%"
"10/05/2007","2,170.75","2,123.00","2,173.00","2,121.50","360.63K","2.25%"
"10/04/2007","2,123.00","2,121.25","2,128.75","2,108.50","215.22K","0.11%"
"10/03/2007","2,120.75","2,134.75","2,138.75","2,115.25","282.51K","-0.69%"
"10/02/2007","2,135.50","2,135.75","2,140.50","2,125.25","247.90K","0.01%"
"10/01/2007","2,135.25","2,116.25","2,143.50","2,109.50","301.56K","1.01%"
"09/28/2007","2,114.00","2,121.25","2,124.00","2,103.25","233.40K","-0.37%"
"09/27/2007","2,121.75","2,109.50","2,123.00","2,109.50","229.47K","0.58%"
"09/26/2007","2,109.50","2,098.00","2,117.75","2,097.50","292.45K","0.57%"
"09/25/2007","2,097.50","2,079.00","2,101.00","2,071.25","275.79K","0.85%"
"09/24/2007","2,079.75","2,068.50","2,095.75","2,066.50","327.18K","1.77%"
"09/21/2007","2,043.56","2,035.50","2,051.25","2,031.00","3.03K","0.43%"
"09/20/2007","2,034.75","2,040.00","2,043.75","2,029.50","66.50K","-0.29%"
"09/19/2007","2,040.75","2,035.75","2,057.25","2,032.75","81.90K","0.25%"
"09/18/2007","2,035.75","1,982.50","2,037.50","1,978.00","116.05K","2.69%"
"09/17/2007","1,982.50","2,000.25","2,000.75","1,976.75","91.06K","-0.94%"
"09/14/2007","2,001.25","2,003.00","2,006.50","1,981.25","88.40K","0.02%"
"09/13/2007","2,000.75","1,997.00","2,008.50","1,991.25","166.79K","0.23%"
"09/12/2007","1,996.25","1,993.25","2,009.25","1,984.00","342.46K","0.14%"
"09/11/2007","1,993.50","1,968.50","1,995.00","1,966.50","333.52K","1.28%"
"09/10/2007","1,968.25","1,968.75","1,986.75","1,947.00","408.33K","-0.11%"
"09/07/2007","1,970.50","2,003.50","2,004.25","1,952.75","457.59K","-1.66%"
"09/06/2007","2,003.75","2,002.50","2,011.00","1,988.75","312.92K","0.02%"
"09/05/2007","2,003.25","2,024.75","2,025.50","1,991.25","359.77K","-1.06%"
"09/04/2007","2,024.75","1,994.75","2,038.50","1,986.75","358.71K","1.50%"
"08/31/2007","1,994.75","1,973.00","2,000.75","1,973.00","289.43K","1.01%"
"08/30/2007","1,974.75","1,961.25","1,987.00","1,946.75","412.33K","0.70%"
"08/29/2007","1,961.00","1,909.75","1,962.00","1,906.00","369.83K","2.79%"
"08/28/2007","1,907.75","1,951.50","1,952.75","1,905.50","315.53K","-2.19%"
"08/27/2007","1,950.50","1,969.50","1,969.50","1,948.25","207.15K","-0.96%"
"08/24/2007","1,969.50","1,939.25","1,970.00","1,930.00","256.18K","1.55%"
"08/23/2007","1,939.50","1,944.75","1,960.00","1,927.50","323.83K","-0.28%"
"08/22/2007","1,945.00","1,920.50","1,946.25","1,917.75","311.16K","1.32%"
"08/21/2007","1,919.75","1,898.25","1,924.00","1,888.75","330.62K","1.16%"
"08/20/2007","1,897.75","1,894.50","1,907.50","1,881.25","354.63K","0.29%"
"08/17/2007","1,892.25","1,860.00","1,913.00","1,829.25","634.86K","1.93%"
"08/16/2007","1,856.50","1,877.50","1,878.75","1,813.75","982.57K","-1.17%"
"08/15/2007","1,878.50","1,914.25","1,923.75","1,872.75","588.21K","-1.89%"
"08/14/2007","1,914.75","1,942.00","1,951.75","1,910.25","419.13K","-1.43%"
"08/13/2007","1,942.50","1,933.25","1,957.25","1,932.00","353.39K","0.70%"
"08/10/2007","1,929.00","1,945.25","1,955.75","1,906.75","706.30K","-0.85%"
"08/09/2007","1,945.50","1,997.50","2,002.25","1,942.50","600.46K","-2.69%"
"08/08/2007","1,999.25","1,973.50","2,006.75","1,970.50","459.14K","1.28%"
"08/07/2007","1,974.00","1,962.00","1,989.00","1,942.50","464.82K","0.59%"
"08/06/2007","1,962.50","1,935.50","1,964.75","1,924.00","540.16K","1.19%"
"08/03/2007","1,939.50","1,979.25","1,981.50","1,928.50","481.09K","-2.05%"
"08/02/2007","1,980.00","1,962.25","1,982.00","1,951.50","450.55K","0.99%"
"08/01/2007","1,960.50","1,951.50","1,963.50","1,923.75","700.55K","0.76%"
"07/31/2007","1,945.75","1,992.50","2,011.50","1,942.25","549.97K","-2.38%"
"07/30/2007","1,993.25","1,964.50","1,996.25","1,957.25","442.17K","1.52%"
"07/27/2007","1,963.50","1,999.50","2,012.50","1,960.75","561.27K","-1.85%"
"07/26/2007","2,000.50","2,026.50","2,039.50","1,969.25","808.82K","-1.28%"
"07/25/2007","2,026.50","2,026.25","2,036.00","2,010.75","486.61K","0.05%"
"07/24/2007","2,025.50","2,053.25","2,054.25","2,011.00","529.62K","-1.36%"
"07/23/2007","2,053.50","2,053.50","2,063.00","2,047.00","287.67K","-0.09%"
"07/20/2007","2,055.25","2,063.50","2,065.50","2,040.00","492.09K","-0.50%"
"07/19/2007","2,065.50","2,059.50","2,077.75","2,054.25","401.44K","0.28%"
"07/18/2007","2,059.75","2,056.50","2,060.50","2,036.00","473.50K","-0.05%"
"07/17/2007","2,060.75","2,048.00","2,064.25","2,042.25","321.04K","0.60%"
"07/16/2007","2,048.50","2,047.50","2,055.75","2,041.50","254.55K","0.09%"
"07/13/2007","2,046.75","2,034.25","2,051.25","2,033.50","274.52K","0.59%"
"07/12/2007","2,034.75","2,009.75","2,039.25","2,006.25","399.72K","1.26%"
"07/11/2007","2,009.50","1,992.00","2,010.00","1,983.00","352.39K","0.88%"
"07/10/2007","1,992.00","2,009.00","2,010.75","1,989.25","379.92K","-0.82%"
"07/09/2007","2,008.50","2,008.00","2,014.50","2,001.25","214.56K","-0.02%"
"07/06/2007","2,009.00","1,996.50","2,009.75","1,992.50","211.48K","0.55%"
"07/05/2007","1,998.00","1,985.50","2,003.75","1,979.00","279.57K","0.65%"
"07/03/2007","1,985.00","1,973.00","1,985.50","1,971.75","143.27K","0.66%"
"07/02/2007","1,972.00","1,955.00","1,975.25","1,954.75","256.04K","0.82%"
"06/29/2007","1,956.00","1,957.00","1,969.25","1,941.50","311.32K","0.04%"
"06/28/2007","1,955.25","1,954.75","1,967.75","1,951.50","295.14K","-0.01%"
"06/27/2007","1,955.50","1,926.50","1,956.75","1,918.00","391.63K","1.56%"
"06/26/2007","1,925.50","1,941.50","1,948.50","1,923.50","376.61K","-0.80%"
"06/25/2007","1,941.00","1,947.75","1,958.25","1,927.00","391.85K","-0.36%"
"06/22/2007","1,948.00","1,965.75","1,966.50","1,940.25","379.81K","-0.90%"
"06/21/2007","1,965.75","1,948.75","1,968.00","1,938.25","436.87K","0.92%"
"06/20/2007","1,947.75","1,967.00","1,975.00","1,945.25","353.97K","-0.98%"
"06/19/2007","1,967.00","1,968.00","1,972.00","1,957.00","283.94K","-0.03%"
"06/18/2007","1,967.50","1,969.00","1,974.75","1,964.25","212.12K","1.06%"
"06/15/2007","1,946.93","1,926.50","1,944.00","1,924.50","3.84K","1.07%"
"06/14/2007","1,926.25","1,912.50","1,930.25","1,911.25","60.26K","0.73%"
"06/13/2007","1,912.25","1,892.50","1,914.50","1,887.75","78.59K","1.00%"
"06/12/2007","1,893.25","1,906.75","1,913.00","1,889.00","86.47K","-0.64%"
"06/11/2007","1,905.50","1,909.25","1,919.25","1,902.25","100.70K","-0.18%"
"06/08/2007","1,909.00","1,884.00","1,909.50","1,874.00","146.00K","1.41%"
"06/07/2007","1,882.50","1,914.75","1,923.75","1,881.75","321.26K","-1.65%"
"06/06/2007","1,914.00","1,936.00","1,938.50","1,910.75","403.13K","-1.14%"
"06/05/2007","1,936.00","1,936.50","1,937.50","1,918.75","369.91K","-0.04%"
"06/04/2007","1,936.75","1,932.50","1,939.75","1,922.00","225.37K","0.23%"
"06/01/2007","1,932.25","1,934.50","1,945.00","1,928.75","298.26K","0.00%"
"05/31/2007","1,932.25","1,922.50","1,935.75","1,922.25","329.36K","0.51%"
"05/30/2007","1,922.50","1,906.00","1,924.75","1,887.50","417.18K","0.84%"
"05/29/2007","1,906.50","1,892.00","1,911.75","1,891.25","318.84K","0.71%"
"05/25/2007","1,893.00","1,881.50","1,898.00","1,880.50","236.94K","0.58%"
"05/24/2007","1,882.00","1,910.25","1,917.50","1,874.00","551.00K","-1.48%"
"05/23/2007","1,910.25","1,920.50","1,931.50","1,907.75","327.64K","-0.52%"
"05/22/2007","1,920.25","1,916.00","1,928.75","1,912.25","267.78K","0.21%"
"05/21/2007","1,916.25","1,905.25","1,927.25","1,903.00","347.40K","0.55%"
"05/18/2007","1,905.75","1,891.25","1,906.00","1,888.75","294.63K","0.82%"
"05/17/2007","1,890.25","1,900.75","1,901.00","1,889.00","295.59K","-0.58%"
"05/16/2007","1,901.25","1,883.25","1,901.50","1,873.75","367.18K","0.94%"
"05/15/2007","1,883.50","1,896.00","1,907.25","1,877.75","458.37K","-0.67%"
"05/14/2007","1,896.25","1,910.25","1,925.75","1,886.25","308.60K","-0.75%"
"05/11/2007","1,910.50","1,886.50","1,911.75","1,882.25","317.29K","1.27%"
"05/10/2007","1,886.50","1,912.50","1,912.50","1,882.00","448.69K","-1.35%"
"05/09/2007","1,912.25","1,905.75","1,918.75","1,897.00","285.43K","0.35%"
"05/08/2007","1,905.50","1,906.75","1,911.75","1,892.00","290.24K","-0.07%"
"05/07/2007","1,906.75","1,907.25","1,912.50","1,903.25","143.76K","-0.09%"
"05/04/2007","1,908.50","1,906.00","1,922.50","1,897.75","259.26K","0.10%"
"05/03/2007","1,906.50","1,899.25","1,910.00","1,897.00","220.95K","0.41%"
"05/02/2007","1,898.75","1,885.50","1,905.00","1,883.50","248.41K","0.69%"
"05/01/2007","1,885.75","1,881.50","1,887.75","1,868.00","329.32K","0.35%"
"04/30/2007","1,879.25","1,905.50","1,907.75","1,878.50","259.71K","-1.44%"
"04/27/2007","1,906.75","1,904.50","1,907.25","1,894.50","234.06K","0.04%"
"04/26/2007","1,906.00","1,893.50","1,909.00","1,893.50","262.45K","0.63%"
"04/25/2007","1,894.00","1,870.25","1,896.75","1,869.25","321.89K","1.27%"
"04/24/2007","1,870.25","1,862.25","1,876.75","1,855.75","326.96K","0.39%"
"04/23/2007","1,863.00","1,862.50","1,867.25","1,856.75","201.34K","0.03%"
"04/20/2007","1,862.50","1,848.50","1,870.25","1,846.75","308.49K","0.73%"
"04/19/2007","1,849.00","1,849.25","1,853.75","1,831.25","290.01K","0.04%"
"04/18/2007","1,848.25","1,852.50","1,853.00","1,836.50","263.98K","-0.22%"
"04/17/2007","1,852.25","1,847.50","1,855.00","1,842.75","231.70K","0.22%"
"04/16/2007","1,848.25","1,832.00","1,850.50","1,829.50","234.01K","0.90%"
"04/13/2007","1,831.75","1,827.25","1,833.25","1,815.50","232.37K","0.22%"
"04/12/2007","1,827.75","1,812.00","1,830.00","1,802.25","308.98K","0.83%"
"04/11/2007","1,812.75","1,830.00","1,833.75","1,807.25","324.33K","-0.92%"
"04/10/2007","1,829.50","1,823.75","1,833.25","1,822.00","194.12K","0.30%"
"04/09/2007","1,824.00","1,839.75","1,839.75","1,820.50","170.60K","-0.23%"
"04/06/2007","1,828.25","1,828.00","1,839.50","1,827.75","6.77K","0.00%"
"04/05/2007","1,828.25","1,818.25","1,831.50","1,814.50","143.46K","0.49%"
"04/04/2007","1,819.25","1,814.00","1,821.25","1,811.00","180.95K","0.25%"
"04/03/2007","1,814.75","1,790.50","1,819.00","1,789.75","272.46K","1.38%"
"04/02/2007","1,790.00","1,791.75","1,797.25","1,778.25","206.18K","-0.04%"
"03/30/2007","1,790.75","1,787.00","1,801.25","1,775.25","295.61K","0.15%"
"03/29/2007","1,788.00","1,789.75","1,802.00","1,770.25","337.71K","-0.13%"
"03/28/2007","1,790.25","1,809.50","1,810.25","1,787.00","382.75K","-1.10%"
"03/27/2007","1,810.25","1,818.25","1,819.50","1,806.25","193.52K","-0.44%"
"03/26/2007","1,818.25","1,810.75","1,822.25","1,793.25","317.10K","0.37%"
"03/23/2007","1,811.50","1,818.00","1,824.50","1,810.75","192.74K","-0.40%"
"03/22/2007","1,818.75","1,824.25","1,831.00","1,812.50","285.63K","-0.34%"
"03/21/2007","1,825.00","1,792.50","1,827.50","1,782.25","406.82K","1.83%"
"03/20/2007","1,792.25","1,781.50","1,793.75","1,777.75","225.63K","0.62%"
"03/19/2007","1,781.25","1,761.00","1,785.50","1,757.50","253.07K","1.95%"
"03/16/2007","1,747.24","1,743.25","1,750.00","1,736.25","0.97K","0.16%"
"03/15/2007","1,744.50","1,747.25","1,755.25","1,737.25","63.34K","-0.21%"
"03/14/2007","1,748.25","1,723.25","1,748.75","1,711.25","95.13K","1.39%"
"03/13/2007","1,724.25","1,757.00","1,760.00","1,718.75","95.17K","-1.91%"
"03/12/2007","1,757.75","1,749.00","1,760.50","1,739.50","84.46K","0.57%"
"03/09/2007","1,747.75","1,754.25","1,767.25","1,735.25","108.52K","-0.38%"
"03/08/2007","1,754.50","1,737.75","1,759.75","1,733.25","208.61K","0.98%"
"03/07/2007","1,737.50","1,744.75","1,749.25","1,735.50","339.47K","-0.43%"
"03/06/2007","1,745.00","1,714.75","1,750.00","1,711.00","422.57K","1.82%"
"03/05/2007","1,713.75","1,726.00","1,742.25","1,704.75","572.96K","-0.72%"
"03/02/2007","1,726.25","1,757.25","1,763.00","1,724.25","463.64K","-1.79%"
"03/01/2007","1,757.75","1,766.50","1,776.00","1,720.00","662.24K","-0.44%"
"02/28/2007","1,765.50","1,750.25","1,783.00","1,743.25","521.72K","0.86%"
"02/27/2007","1,750.50","1,837.50","1,838.25","1,744.25","774.12K","-4.75%"
"02/26/2007","1,837.75","1,845.75","1,855.50","1,824.00","356.08K","-0.39%"
"02/23/2007","1,845.00","1,853.75","1,856.75","1,837.25","289.52K","-0.50%"
"02/22/2007","1,854.25","1,844.75","1,857.50","1,837.50","332.79K","0.53%"
"02/21/2007","1,844.50","1,838.00","1,845.00","1,828.75","298.70K","0.31%"
"02/20/2007","1,838.75","1,828.75","1,842.25","1,813.75","352.26K","0.63%"
"02/16/2007","1,827.25","1,830.00","1,830.75","1,819.75","189.58K","-0.20%"
"02/15/2007","1,831.00","1,822.75","1,832.00","1,818.25","275.85K","0.45%"
"02/14/2007","1,822.75","1,795.75","1,826.25","1,793.50","413.70K","1.49%"
"02/13/2007","1,796.00","1,785.75","1,798.25","1,784.75","313.18K","0.59%"
"02/12/2007","1,785.50","1,792.75","1,794.75","1,781.25","304.38K","-0.39%"
"02/09/2007","1,792.50","1,820.75","1,828.00","1,787.25","406.90K","-1.61%"
"02/08/2007","1,821.75","1,822.00","1,823.25","1,808.75","241.97K","-0.07%"
"02/07/2007","1,823.00","1,802.50","1,825.75","1,802.50","396.96K","1.08%"
"02/06/2007","1,803.50","1,805.50","1,810.25","1,784.75","401.95K","-0.11%"
"02/05/2007","1,805.50","1,807.00","1,814.50","1,798.25","229.72K","-0.10%"
"02/02/2007","1,807.25","1,804.25","1,810.50","1,797.25","235.95K","0.22%"
"02/01/2007","1,803.25","1,800.00","1,817.00","1,794.25","341.30K","0.04%"
"01/31/2007","1,802.50","1,789.50","1,808.75","1,773.50","385.59K","0.74%"
"01/30/2007","1,789.25","1,787.75","1,794.50","1,782.00","228.17K","0.14%"
"01/29/2007","1,786.75","1,781.00","1,798.25","1,775.25","309.42K","0.42%"
"01/26/2007","1,779.25","1,792.75","1,795.75","1,773.00","373.95K","-0.67%"
"01/25/2007","1,791.25","1,819.50","1,823.50","1,784.75","396.35K","-1.32%"
"01/24/2007","1,815.25","1,786.50","1,815.75","1,784.75","332.11K","1.58%"
"01/23/2007","1,787.00","1,792.00","1,803.25","1,783.25","330.90K","-0.29%"
"01/22/2007","1,792.25","1,807.00","1,814.25","1,783.25","308.37K","-0.79%"
"01/19/2007","1,806.50","1,805.50","1,815.50","1,800.75","320.11K","0.03%"
"01/18/2007","1,806.00","1,844.25","1,846.75","1,802.00","575.55K","-1.91%"
"01/17/2007","1,841.25","1,855.25","1,857.75","1,838.50","386.13K","-0.78%"
"01/16/2007","1,855.75","1,862.25","1,867.75","1,851.50","288.89K","-0.35%"
"01/12/2007","1,862.25","1,850.50","1,863.00","1,845.50","272.80K","0.68%"
"01/11/2007","1,849.75","1,835.00","1,856.50","1,830.25","400.93K","0.83%"
"01/10/2007","1,834.50","1,810.75","1,835.50","1,798.00","362.45K","1.33%"
"01/09/2007","1,810.50","1,803.75","1,818.75","1,792.00","355.93K","0.39%"
"01/08/2007","1,803.50","1,798.00","1,812.25","1,792.25","267.09K","0.35%"
"01/05/2007","1,797.25","1,812.75","1,816.00","1,785.75","353.65K","-0.83%"
"01/04/2007","1,812.25","1,779.75","1,816.50","1,770.50","367.21K","1.87%"
"01/03/2007","1,779.00","1,790.25","1,811.00","1,747.00","500.27K","0.23%"
"01/02/2007","1,775.00","1,780.50","1,790.00","1,780.25","4.10K","0.00%"
"12/29/2006","1,775.00","1,774.75","1,793.25","1,772.75","134.38K","0.03%"
"12/28/2006","1,774.50","1,779.50","1,783.50","1,770.00","121.85K","-0.27%"
"12/27/2006","1,779.25","1,773.25","1,788.00","1,772.75","131.27K","0.32%"
"12/26/2006","1,773.50","1,773.25","1,774.00","1,773.00","87.90K","0.54%"
"12/22/2006","1,764.00","1,786.50","1,790.25","1,763.25","192.99K","-1.19%"
"12/21/2006","1,785.25","1,798.50","1,804.00","1,778.25","216.45K","-0.70%"
"12/20/2006","1,797.75","1,803.50","1,816.00","1,796.25","172.51K","-0.31%"
"12/19/2006","1,803.25","1,811.50","1,814.50","1,786.50","321.56K","-0.43%"
"12/18/2006","1,811.00","1,828.50","1,843.50","1,804.25","256.37K","0.02%"
"12/15/2006","1,810.66","1,806.00","1,825.75","1,805.00","4.53K","0.40%"
"12/14/2006","1,803.50","1,784.75","1,812.00","1,783.00","82.26K","1.02%"
"12/13/2006","1,785.25","1,780.75","1,794.25","1,773.75","57.79K","0.22%"
"12/12/2006","1,781.25","1,794.00","1,795.75","1,771.50","75.12K","-0.78%"
"12/11/2006","1,795.25","1,784.25","1,805.00","1,780.00","96.66K","0.52%"
"12/08/2006","1,786.00","1,777.00","1,800.75","1,768.50","121.11K","0.53%"
"12/07/2006","1,776.50","1,801.00","1,810.00","1,776.25","190.12K","-1.37%"
"12/06/2006","1,801.25","1,807.50","1,808.75","1,793.50","222.67K","-0.37%"
"12/05/2006","1,808.00","1,803.50","1,814.25","1,799.25","218.85K","0.25%"
"12/04/2006","1,803.50","1,781.25","1,811.75","1,778.25","319.05K","1.21%"
"12/01/2006","1,782.00","1,794.75","1,798.50","1,762.50","377.17K","-0.71%"
"11/30/2006","1,794.75","1,795.50","1,804.25","1,783.50","333.11K","-0.06%"
"11/29/2006","1,795.75","1,782.50","1,800.00","1,778.50","326.90K","0.76%"
"11/28/2006","1,782.25","1,780.50","1,786.75","1,766.50","310.94K","0.18%"
"11/27/2006","1,779.00","1,819.00","1,822.25","1,777.75","398.75K","-2.27%"
"11/24/2006","1,820.25","1,824.50","1,829.25","1,805.25","132.14K","-0.22%"
"11/22/2006","1,824.25","1,817.00","1,826.00","1,805.00","202.19K","0.48%"
"11/21/2006","1,815.50","1,811.25","1,815.75","1,805.00","185.13K","0.23%"
"11/20/2006","1,811.25","1,807.00","1,814.75","1,795.00","270.31K","0.25%"
"11/17/2006","1,806.75","1,808.50","1,808.75","1,794.00","235.02K","-0.19%"
"11/16/2006","1,810.25","1,799.50","1,813.00","1,796.75","331.84K","0.50%"
"11/15/2006","1,801.25","1,796.00","1,812.50","1,793.00","367.57K","0.28%"
"11/14/2006","1,796.25","1,772.00","1,800.00","1,766.00","372.01K","1.28%"
"11/13/2006","1,773.50","1,758.25","1,778.25","1,756.00","268.23K","0.87%"
"11/10/2006","1,758.25","1,750.25","1,759.50","1,743.25","232.52K","0.44%"
"11/09/2006","1,750.50","1,760.75","1,770.75","1,743.50","320.00K","-0.64%"
"11/08/2006","1,761.75","1,751.25","1,765.25","1,735.50","368.88K","0.57%"
"11/07/2006","1,751.75","1,736.75","1,762.00","1,735.50","358.00K","0.83%"
"11/06/2006","1,737.25","1,713.00","1,745.75","1,712.75","293.33K","1.37%"
"11/03/2006","1,713.75","1,717.25","1,725.00","1,701.25","339.34K","-0.16%"
"11/02/2006","1,716.50","1,718.50","1,723.50","1,707.25","280.82K","-0.16%"
"11/01/2006","1,719.25","1,743.00","1,750.50","1,710.00","393.01K","-1.35%"
"10/31/2006","1,742.75","1,736.50","1,749.75","1,731.25","332.12K","0.35%"
"10/30/2006","1,736.75","1,730.75","1,745.75","1,721.50","278.01K","0.30%"
"10/27/2006","1,731.50","1,753.00","1,757.00","1,722.25","325.88K","-1.23%"
"10/26/2006","1,753.00","1,740.50","1,757.00","1,728.50","308.28K","0.72%"
"10/25/2006","1,740.50","1,726.00","1,741.25","1,721.50","277.28K","0.83%"
"10/24/2006","1,726.25","1,735.50","1,739.00","1,717.00","249.79K","-0.48%"
"10/23/2006","1,734.50","1,719.00","1,747.75","1,713.25","337.75K","0.92%"
"10/20/2006","1,718.75","1,723.00","1,726.25","1,706.25","240.99K","-0.23%"
"10/19/2006","1,722.75","1,715.75","1,726.25","1,704.50","370.67K","0.45%"
"10/18/2006","1,715.00","1,723.25","1,734.25","1,707.25","393.77K","-0.31%"
"10/17/2006","1,720.25","1,740.75","1,741.00","1,712.50","339.61K","-1.21%"
"10/16/2006","1,741.25","1,739.00","1,748.00","1,735.75","214.81K","0.11%"
"10/13/2006","1,739.25","1,733.00","1,744.00","1,728.25","245.85K","0.38%"
"10/12/2006","1,732.75","1,706.00","1,734.00","1,704.00","310.72K","1.54%"
"10/11/2006","1,706.50","1,704.00","1,716.25","1,685.00","378.81K","0.16%"
"10/10/2006","1,703.75","1,703.75","1,713.50","1,695.25","303.67K","0.00%"
"10/09/2006","1,703.75","1,698.75","1,713.50","1,693.00","183.21K","0.22%"
"10/06/2006","1,700.00","1,701.50","1,706.25","1,691.75","266.53K","-0.10%"
"10/05/2006","1,701.75","1,692.50","1,706.25","1,690.75","283.20K","0.55%"
"10/04/2006","1,692.50","1,654.50","1,696.25","1,648.00","457.50K","2.34%"
"10/03/2006","1,653.75","1,647.00","1,663.00","1,638.00","375.12K","0.38%"
"10/02/2006","1,647.50","1,670.50","1,674.75","1,646.25","292.56K","-1.42%"
"09/29/2006","1,671.25","1,674.00","1,682.00","1,669.25","198.02K","-0.13%"
"09/28/2006","1,673.50","1,676.75","1,680.50","1,661.25","253.90K","-0.22%"
"09/27/2006","1,677.25","1,673.75","1,683.25","1,664.25","319.09K","0.22%"
"09/26/2006","1,673.50","1,665.50","1,677.50","1,661.00","326.75K","0.50%"
"09/25/2006","1,665.25","1,640.50","1,672.00","1,631.50","420.07K","1.48%"
"09/22/2006","1,641.00","1,654.50","1,657.25","1,632.50","284.86K","-0.83%"
"09/21/2006","1,654.75","1,663.50","1,673.00","1,648.50","359.04K","-0.54%"
"09/20/2006","1,663.75","1,645.25","1,667.75","1,644.25","346.67K","1.29%"
"09/19/2006","1,642.50","1,652.50","1,658.00","1,627.00","426.75K","-0.61%"
"09/18/2006","1,652.50","1,653.00","1,663.25","1,644.25","255.20K","0.70%"
"09/15/2006","1,641.08","1,625.25","1,645.75","1,625.00","5.49K","0.94%"
"09/14/2006","1,625.75","1,623.75","1,630.00","1,617.75","51.76K","0.12%"
"09/13/2006","1,623.75","1,614.25","1,626.50","1,612.50","72.37K","0.56%"
"09/12/2006","1,614.75","1,583.25","1,619.00","1,576.50","119.01K","1.97%"
"09/11/2006","1,583.50","1,571.25","1,593.25","1,559.00","122.98K","0.80%"
"09/08/2006","1,571.00","1,568.50","1,580.25","1,565.50","73.25K","0.18%"
"09/07/2006","1,568.25","1,575.25","1,583.75","1,561.50","153.24K","-0.48%"
"09/06/2006","1,575.75","1,604.25","1,604.50","1,571.75","314.03K","-1.81%"
"09/05/2006","1,604.75","1,590.00","1,608.25","1,582.25","297.95K","0.90%"
"09/01/2006","1,590.50","1,583.50","1,597.25","1,582.75","184.67K","0.47%"
"08/31/2006","1,583.00","1,585.00","1,590.50","1,579.00","161.44K","-0.09%"
"08/30/2006","1,584.50","1,575.50","1,587.50","1,572.75","202.26K","0.54%"
"08/29/2006","1,576.00","1,571.25","1,580.25","1,556.00","299.01K","0.35%"
"08/28/2006","1,570.50","1,561.00","1,579.50","1,556.00","219.74K","0.62%"
"08/25/2006","1,560.75","1,558.00","1,576.00","1,551.75","185.46K","0.22%"
"08/24/2006","1,557.25","1,558.00","1,564.50","1,546.75","196.70K","-0.06%"
"08/23/2006","1,558.25","1,566.25","1,577.25","1,548.00","276.20K","-0.53%"
"08/22/2006","1,566.50","1,568.00","1,583.75","1,560.75","273.55K","-0.13%"
"08/21/2006","1,568.50","1,583.50","1,583.75","1,561.50","190.76K","-1.04%"
"08/18/2006","1,585.00","1,578.50","1,585.75","1,562.50","271.94K","0.46%"
"08/17/2006","1,577.75","1,575.75","1,591.50","1,569.00","378.57K","0.10%"
"08/16/2006","1,576.25","1,541.00","1,577.00","1,538.75","407.63K","2.32%"
"08/15/2006","1,540.50","1,501.00","1,542.25","1,500.50","387.45K","2.68%"
"08/14/2006","1,500.25","1,497.75","1,522.75","1,497.75","316.69K","0.28%"
"08/11/2006","1,496.00","1,499.25","1,501.50","1,485.50","187.02K","-0.10%"
"08/10/2006","1,497.50","1,494.75","1,507.25","1,483.50","295.18K","0.17%"
"08/09/2006","1,495.00","1,493.00","1,525.25","1,488.75","385.87K","0.17%"
"08/08/2006","1,492.50","1,502.25","1,509.00","1,481.75","307.89K","-0.67%"
"08/07/2006","1,502.50","1,515.00","1,515.25","1,493.75","191.66K","-0.86%"
"08/04/2006","1,515.50","1,522.25","1,539.25","1,497.00","351.04K","-0.38%"
"08/03/2006","1,521.25","1,510.25","1,527.50","1,492.50","271.20K","0.76%"
"08/02/2006","1,509.75","1,493.75","1,519.25","1,492.75","265.78K","1.07%"
"08/01/2006","1,493.75","1,517.25","1,517.25","1,483.50","286.62K","-1.65%"
"07/31/2006","1,518.75","1,520.00","1,527.00","1,509.75","213.72K","-0.16%"
"07/28/2006","1,521.25","1,493.25","1,522.00","1,491.25","267.27K","1.79%"
"07/27/2006","1,494.50","1,495.75","1,516.25","1,484.00","293.73K","-0.08%"
"07/26/2006","1,495.75","1,490.75","1,509.50","1,483.00","293.32K","0.23%"
"07/25/2006","1,492.25","1,494.75","1,505.00","1,484.25","309.65K","-0.15%"
"07/24/2006","1,494.50","1,460.75","1,496.25","1,459.25","298.69K","2.28%"
"07/21/2006","1,461.25","1,482.50","1,486.00","1,459.75","306.60K","-1.08%"
"07/20/2006","1,477.25","1,489.50","1,507.75","1,470.75","411.37K","-0.91%"
"07/19/2006","1,490.75","1,488.00","1,510.25","1,476.50","473.90K","0.27%"
"07/18/2006","1,486.75","1,479.75","1,489.25","1,457.75","521.61K","0.44%"
"07/17/2006","1,480.25","1,476.25","1,486.75","1,464.75","426.31K","0.36%"
"07/14/2006","1,475.00","1,490.75","1,493.50","1,468.25","461.14K","-0.99%"
"07/13/2006","1,489.75","1,516.50","1,519.50","1,487.25","501.59K","-1.78%"
"07/12/2006","1,516.75","1,545.50","1,547.50","1,511.50","390.21K","-1.83%"
"07/11/2006","1,545.00","1,537.75","1,549.00","1,522.00","379.48K","0.47%"
"07/10/2006","1,537.75","1,549.50","1,557.75","1,526.25","448.05K","-0.81%"
"07/07/2006","1,550.25","1,566.25","1,581.00","1,542.50","269.51K","-0.94%"
"07/06/2006","1,565.00","1,569.00","1,580.25","1,560.75","175.25K","-0.21%"
"07/05/2006","1,568.25","1,601.00","1,602.50","1,564.25","244.43K","-2.08%"
"07/03/2006","1,601.50","1,593.50","1,603.50","1,592.50","54.35K","0.63%"
"06/30/2006","1,591.50","1,604.25","1,611.25","1,590.25","210.82K","-0.84%"
"06/29/2006","1,605.00","1,558.00","1,606.00","1,556.50","387.04K","3.02%"
"06/28/2006","1,558.00","1,545.00","1,558.25","1,536.75","246.28K","0.83%"
"06/27/2006","1,545.25","1,571.50","1,576.25","1,541.75","347.93K","-1.64%"
"06/26/2006","1,571.00","1,568.25","1,579.00","1,565.50","237.85K","0.16%"
"06/23/2006","1,568.50","1,572.00","1,584.75","1,560.50","197.72K","-0.32%"
"06/22/2006","1,573.50","1,592.25","1,598.00","1,562.50","315.81K","-1.13%"
"06/21/2006","1,591.50","1,570.00","1,604.50","1,566.50","319.33K","1.37%"
"06/20/2006","1,570.00","1,565.50","1,583.75","1,561.25","287.64K","0.32%"
"06/19/2006","1,565.00","1,576.25","1,587.00","1,560.75","298.47K","-0.18%"
"06/16/2006","1,567.90","1,572.25","1,580.25","1,566.50","6.02K","-0.51%"
"06/15/2006","1,576.00","1,529.25","1,577.75","1,529.25","61.88K","3.14%"
"06/14/2006","1,528.00","1,515.50","1,532.25","1,510.50","78.91K","0.84%"
"06/13/2006","1,515.25","1,524.25","1,537.25","1,512.00","85.75K","-0.54%"
"06/12/2006","1,523.50","1,550.00","1,560.00","1,520.50","82.90K","-1.68%"
"06/09/2006","1,549.50","1,556.50","1,576.50","1,547.75","96.59K","-0.45%"
"06/08/2006","1,556.50","1,564.50","1,569.00","1,525.75","280.43K","-0.38%"
"06/07/2006","1,562.50","1,578.50","1,594.50","1,558.75","356.35K","-0.95%"
"06/06/2006","1,577.50","1,582.50","1,589.75","1,561.50","385.25K","-0.33%"
"06/05/2006","1,582.75","1,612.75","1,613.50","1,579.25","324.60K","-1.97%"
"06/02/2006","1,614.50","1,618.75","1,636.75","1,601.00","313.77K","-0.28%"
"06/01/2006","1,619.00","1,581.75","1,619.75","1,575.00","284.00K","2.27%"
"05/31/2006","1,583.00","1,571.25","1,591.50","1,565.25","307.16K","0.83%"
"05/30/2006","1,570.00","1,609.00","1,611.25","1,569.75","261.34K","-2.47%"
"05/26/2006","1,609.75","1,603.75","1,612.25","1,598.50","218.30K","0.28%"
"05/25/2006","1,605.25","1,584.25","1,607.00","1,579.50","287.41K","1.31%"
"05/24/2006","1,584.50","1,566.00","1,591.75","1,557.25","537.86K","1.23%"
"05/23/2006","1,565.25","1,586.75","1,607.00","1,562.25","328.84K","-1.32%"
"05/22/2006","1,586.25","1,606.50","1,610.50","1,576.00","400.94K","-1.18%"
"05/19/2006","1,605.25","1,595.00","1,610.75","1,581.25","481.19K","0.66%"
"05/18/2006","1,594.75","1,606.00","1,618.50","1,592.00","375.68K","-0.62%"
"05/17/2006","1,604.75","1,629.00","1,635.00","1,600.75","547.47K","-1.44%"
"05/16/2006","1,628.25","1,636.25","1,644.00","1,624.00","381.98K","-0.46%"
"05/15/2006","1,635.75","1,639.00","1,647.75","1,619.00","411.90K","-0.35%"
"05/12/2006","1,641.50","1,664.50","1,667.00","1,641.00","444.89K","-1.40%"
"05/11/2006","1,664.75","1,700.50","1,706.25","1,660.00","512.41K","-2.12%"
"05/10/2006","1,700.75","1,721.25","1,722.50","1,698.00","285.63K","-1.22%"
"05/09/2006","1,721.75","1,721.50","1,724.25","1,715.75","173.31K","0.03%"
"05/08/2006","1,721.25","1,720.50","1,728.00","1,719.25","169.40K","0.06%"
"05/05/2006","1,720.25","1,709.75","1,725.50","1,709.25","226.90K","0.61%"
"05/04/2006","1,709.75","1,693.50","1,716.75","1,692.50","276.92K","0.96%"
"05/03/2006","1,693.50","1,697.75","1,702.50","1,687.75","246.45K","-0.25%"
"05/02/2006","1,697.75","1,693.50","1,706.75","1,693.25","233.31K","0.28%"
"05/01/2006","1,693.00","1,714.50","1,719.75","1,689.25","270.54K","-1.05%"
"04/28/2006","1,711.00","1,726.00","1,727.25","1,709.00","238.76K","-0.96%"
"04/27/2006","1,727.50","1,711.50","1,739.00","1,697.75","502.81K","0.98%"
"04/26/2006","1,710.75","1,714.25","1,721.25","1,706.25","233.04K","-0.22%"
"04/25/2006","1,714.50","1,721.00","1,724.50","1,704.75","238.54K","-0.41%"
"04/24/2006","1,721.50","1,718.00","1,722.75","1,707.75","193.84K","0.15%"
"04/21/2006","1,719.00","1,743.50","1,749.75","1,712.00","311.13K","-1.28%"
"04/20/2006","1,741.25","1,742.50","1,753.75","1,736.00","269.14K","-0.19%"
"04/19/2006","1,744.50","1,741.00","1,751.50","1,732.75","253.74K","0.27%"
"04/18/2006","1,739.75","1,710.25","1,744.25","1,706.00","404.20K","1.71%"
"04/17/2006","1,710.50","1,724.00","1,729.75","1,696.25","292.12K","-0.87%"
"04/13/2006","1,725.50","1,719.50","1,734.75","1,713.00","246.38K","0.39%"
"04/12/2006","1,718.75","1,720.25","1,724.25","1,713.50","207.31K","-0.12%"
"04/11/2006","1,720.75","1,735.50","1,739.50","1,709.50","334.32K","-0.85%"
"04/10/2006","1,735.50","1,737.25","1,743.00","1,726.50","209.54K","-0.24%"
"04/07/2006","1,739.75","1,753.25","1,765.75","1,735.00","363.53K","-0.85%"
"04/06/2006","1,754.75","1,746.75","1,761.25","1,742.00","302.62K","0.43%"
"04/05/2006","1,747.25","1,731.50","1,751.00","1,730.00","301.21K","0.91%"
"04/04/2006","1,731.50","1,723.75","1,736.75","1,721.00","286.68K","0.45%"
"04/03/2006","1,723.75","1,724.25","1,739.25","1,720.00","268.47K","0.22%"
"03/31/2006","1,720.00","1,725.00","1,732.00","1,717.00","196.42K","-0.29%"
"03/30/2006","1,725.00","1,720.50","1,737.50","1,715.50","317.15K","0.26%"
"03/29/2006","1,720.50","1,689.50","1,728.50","1,687.00","397.71K","1.74%"
"03/28/2006","1,691.00","1,699.00","1,712.00","1,683.50","318.72K","-0.47%"
"03/27/2006","1,699.00","1,698.00","1,705.00","1,694.00","158.30K","0.09%"
"03/24/2006","1,697.50","1,690.00","1,706.00","1,685.50","262.27K","0.41%"
"03/23/2006","1,690.50","1,691.50","1,694.00","1,677.50","247.07K","-0.03%"
"03/22/2006","1,691.00","1,690.00","1,696.50","1,671.50","327.72K","0.03%"
"03/21/2006","1,690.50","1,706.50","1,727.50","1,687.50","439.77K","-0.88%"
"03/20/2006","1,705.50","1,704.50","1,713.50","1,702.00","176.65K","1.44%"
"03/17/2006","1,681.22","1,679.50","1,686.50","1,679.00","2.55K","-0.02%"
"03/16/2006","1,681.50","1,693.50","1,703.50","1,679.50","23.30K","-0.83%"
"03/15/2006","1,695.50","1,685.50","1,697.50","1,680.00","38.73K","0.56%"
"03/14/2006","1,686.00","1,654.50","1,686.50","1,649.00","52.13K","1.84%"
"03/13/2006","1,655.50","1,648.50","1,665.00","1,647.50","48.90K","0.42%"
"03/10/2006","1,648.50","1,643.00","1,674.00","1,618.50","82.03K","0.33%"
"03/09/2006","1,643.00","1,665.00","1,674.00","1,605.00","149.56K","-1.41%"
"03/08/2006","1,666.50","1,664.50","1,671.50","1,647.50","348.31K","0.06%"
"03/07/2006","1,665.50","1,674.00","1,674.50","1,654.00","317.64K","-0.54%"
"03/06/2006","1,674.50","1,686.00","1,694.50","1,667.00","329.34K","-0.65%"
"03/03/2006","1,685.50","1,699.00","1,710.00","1,679.50","429.61K","-0.82%"
"03/02/2006","1,699.50","1,698.00","1,703.50","1,686.00","292.66K","0.09%"
"03/01/2006","1,698.00","1,673.00","1,701.00","1,671.50","275.30K","1.40%"
"02/28/2006","1,674.50","1,696.00","1,699.50","1,668.50","434.56K","-1.21%"
"02/27/2006","1,695.00","1,684.00","1,705.50","1,683.50","242.06K","0.68%"
"02/24/2006","1,683.50","1,675.00","1,684.50","1,670.50","194.91K","0.48%"
"02/23/2006","1,675.50","1,680.00","1,693.00","1,673.50","242.39K","-0.24%"
"02/22/2006","1,679.50","1,661.00","1,689.50","1,657.00","319.94K","1.11%"
"02/21/2006","1,661.00","1,678.00","1,688.00","1,655.00","316.05K","-0.98%"
"02/17/2006","1,677.50","1,697.50","1,697.50","1,676.50","207.44K","-1.06%"
"02/16/2006","1,695.50","1,679.50","1,698.00","1,677.50","324.30K","0.95%"
"02/15/2006","1,679.50","1,667.00","1,682.50","1,660.50","313.16K","0.81%"
"02/14/2006","1,666.00","1,653.00","1,673.50","1,648.50","343.10K","0.79%"
"02/13/2006","1,653.00","1,666.50","1,667.00","1,644.00","252.75K","-0.81%"
"02/10/2006","1,666.50","1,659.50","1,676.00","1,642.50","376.99K","0.45%"
"02/09/2006","1,659.00","1,676.00","1,689.00","1,658.00","331.59K","-0.98%"
"02/08/2006","1,675.50","1,662.00","1,680.00","1,660.50","291.88K","0.78%"
"02/07/2006","1,662.50","1,669.50","1,671.50","1,651.50","314.75K","-0.42%"
"02/06/2006","1,669.50","1,668.50","1,675.00","1,657.50","223.90K","0.12%"
"02/03/2006","1,667.50","1,690.50","1,699.00","1,665.50","384.17K","-1.27%"
"02/02/2006","1,689.00","1,723.50","1,723.50","1,688.50","341.25K","-2.00%"
"02/01/2006","1,723.50","1,701.00","1,725.50","1,695.50","338.93K","0.23%"
"01/31/2006","1,719.50","1,723.50","1,728.00","1,693.50","335.04K","-0.23%"
"01/30/2006","1,723.50","1,722.00","1,730.00","1,719.50","189.89K","0.06%"
"01/27/2006","1,722.50","1,700.50","1,733.00","1,699.50","342.64K","1.41%"
"01/26/2006","1,698.50","1,687.00","1,704.50","1,685.00","341.91K","0.59%"
"01/25/2006","1,688.50","1,693.50","1,705.00","1,679.50","389.35K","-0.27%"
"01/24/2006","1,693.00","1,687.50","1,706.00","1,681.50","339.73K","0.30%"
"01/23/2006","1,688.00","1,684.50","1,696.00","1,680.00","329.60K","0.15%"
"01/20/2006","1,685.50","1,738.50","1,739.50","1,683.50","556.66K","-3.05%"
"01/19/2006","1,738.50","1,724.00","1,752.50","1,721.50","404.21K","0.64%"
"01/18/2006","1,727.50","1,742.50","1,742.50","1,713.50","440.58K","-1.37%"
"01/17/2006","1,751.50","1,760.00","1,764.00","1,740.00","251.35K","-0.48%"
"01/13/2006","1,760.00","1,763.50","1,766.00","1,749.50","231.97K","-0.23%"
"01/12/2006","1,764.00","1,770.00","1,773.00","1,754.50","280.38K","-0.40%"
"01/11/2006","1,771.00","1,759.00","1,774.00","1,755.50","326.32K","0.63%"
"01/10/2006","1,760.00","1,753.50","1,760.50","1,743.00","308.58K","0.31%"
"01/09/2006","1,754.50","1,747.50","1,758.50","1,742.00","287.31K","0.37%"
"01/06/2006","1,748.00","1,722.50","1,750.00","1,720.50","350.72K","1.45%"
"01/05/2006","1,723.00","1,713.00","1,725.50","1,708.00","245.29K","0.58%"
"01/04/2006","1,713.00","1,694.00","1,713.50","1,687.00","302.32K","1.18%"
"01/03/2006","1,693.00","1,658.00","1,701.00","1,646.00","372.42K","2.05%"
"12/30/2005","1,659.00","1,668.00","1,670.00","1,654.00","132.35K","-0.54%"
"12/29/2005","1,668.00","1,681.50","1,686.00","1,665.50","108.77K","-0.77%"
"12/28/2005","1,681.00","1,683.00","1,689.00","1,676.00","126.33K","-0.15%"
"12/27/2005","1,683.50","1,700.50","1,710.00","1,680.50","157.01K","-0.97%"
"12/23/2005","1,700.00","1,700.50","1,706.50","1,694.00","90.87K","-0.03%"
"12/22/2005","1,700.50","1,684.50","1,702.00","1,683.00","141.63K","0.98%"
"12/21/2005","1,684.00","1,680.00","1,699.50","1,678.00","221.44K","0.27%"
"12/20/2005","1,679.50","1,679.00","1,689.00","1,673.50","226.49K","0.00%"
"12/19/2005","1,679.50","1,710.50","1,715.00","1,677.50","252.94K","-1.15%"
"12/16/2005","1,699.06","1,699.50","1,708.00","1,699.00","3.95K","-0.06%"
"12/15/2005","1,700.00","1,701.50","1,707.00","1,687.50","29.18K","-0.06%"
"12/14/2005","1,701.00","1,706.50","1,708.50","1,692.00","25.17K","-0.32%"
"12/13/2005","1,706.50","1,700.00","1,713.50","1,694.50","61.42K","0.38%"
"12/12/2005","1,700.00","1,695.50","1,702.50","1,691.50","58.05K","0.35%"
"12/09/2005","1,694.00","1,685.00","1,695.00","1,679.50","96.01K","0.41%"
"12/08/2005","1,687.00","1,700.50","1,705.00","1,675.00","146.84K","-0.79%"
"12/07/2005","1,700.50","1,705.00","1,707.50","1,689.50","272.68K","-0.23%"
"12/06/2005","1,704.50","1,699.00","1,719.00","1,698.00","262.49K","-0.32%"
"12/05/2005","1,710.00","1,710.00","1,714.00","1,691.00","212.25K","0.32%"
"12/02/2005","1,704.50","1,705.00","1,712.00","1,701.00","194.32K","0.03%"
"12/01/2005","1,704.00","1,676.50","1,708.50","1,676.00","293.72K","1.73%"
"11/30/2005","1,675.00","1,680.00","1,686.00","1,673.50","254.04K","-0.36%"
"11/29/2005","1,681.00","1,691.50","1,701.50","1,679.50","257.09K","-0.68%"
"11/28/2005","1,692.50","1,704.00","1,710.00","1,686.50","233.99K","-0.70%"
"11/25/2005","1,704.50","1,701.50","1,705.50","1,696.50","61.23K","0.24%"
"11/23/2005","1,700.50","1,696.00","1,709.00","1,694.50","179.03K","0.24%"
"11/22/2005","1,696.50","1,691.00","1,703.00","1,682.00","245.36K","0.30%"
"11/21/2005","1,691.50","1,684.00","1,692.50","1,677.50","207.90K","0.51%"
"11/18/2005","1,683.00","1,684.00","1,695.00","1,679.00","293.92K","-0.09%"
"11/17/2005","1,684.50","1,661.00","1,687.50","1,658.50","334.11K","1.38%"
"11/16/2005","1,661.50","1,652.00","1,662.00","1,647.00","234.53K","0.54%"
"11/15/2005","1,652.50","1,658.50","1,665.00","1,644.00","281.12K","-0.39%"
"11/14/2005","1,659.00","1,659.00","1,663.50","1,653.00","179.34K","0.00%"
"11/11/2005","1,659.00","1,656.50","1,666.00","1,655.50","215.13K","0.15%"
"11/10/2005","1,656.50","1,637.50","1,657.50","1,625.00","365.46K","1.13%"
"11/09/2005","1,638.00","1,637.00","1,642.50","1,629.50","249.53K","0.09%"
"11/08/2005","1,636.50","1,632.50","1,643.00","1,628.50","270.54K","0.21%"
"11/07/2005","1,633.00","1,633.50","1,641.00","1,627.00","232.29K","0.03%"
"11/04/2005","1,632.50","1,628.50","1,638.50","1,623.00","268.16K","0.21%"
"11/03/2005","1,629.00","1,608.50","1,633.50","1,604.50","387.02K","1.21%"
"11/02/2005","1,609.50","1,584.50","1,611.00","1,577.00","306.36K","1.51%"
"11/01/2005","1,585.50","1,576.00","1,590.00","1,574.00","229.38K","-0.06%"
"10/31/2005","1,586.50","1,560.50","1,591.50","1,560.50","308.36K","1.67%"
"10/28/2005","1,560.50","1,548.50","1,565.00","1,545.50","290.32K","0.35%"
"10/27/2005","1,555.00","1,585.00","1,585.00","1,549.50","328.84K","-1.95%"
"10/26/2005","1,586.00","1,590.50","1,601.50","1,579.50","313.82K","-0.25%"
"10/25/2005","1,590.00","1,597.50","1,597.50","1,580.50","272.04K","-0.50%"
"10/24/2005","1,598.00","1,575.00","1,599.00","1,568.00","279.39K","1.43%"
"10/21/2005","1,575.50","1,566.00","1,580.00","1,562.00","289.20K","0.61%"
"10/20/2005","1,566.00","1,577.00","1,584.00","1,553.00","406.77K","-0.95%"
"10/19/2005","1,581.00","1,547.50","1,582.00","1,533.50","491.47K","2.20%"
"10/18/2005","1,547.00","1,556.00","1,561.50","1,544.00","262.74K","-0.58%"
"10/17/2005","1,556.00","1,550.50","1,559.00","1,542.50","199.20K","0.39%"
"10/14/2005","1,550.00","1,536.50","1,553.50","1,536.50","295.11K","0.91%"
"10/13/2005","1,536.00","1,527.50","1,547.50","1,523.00","354.44K","0.62%"
"10/12/2005","1,526.50","1,547.00","1,553.50","1,525.50","401.52K","-1.23%"
"10/11/2005","1,545.50","1,555.00","1,563.50","1,543.00","305.17K","-0.58%"
"10/10/2005","1,554.50","1,562.00","1,571.00","1,553.00","208.18K","-0.54%"
"10/07/2005","1,563.00","1,564.50","1,573.00","1,558.50","230.81K","-0.10%"
"10/06/2005","1,564.50","1,583.00","1,587.00","1,548.50","489.27K","-1.14%"
"10/05/2005","1,582.50","1,603.50","1,607.50","1,581.00","333.65K","-1.34%"
"10/04/2005","1,604.00","1,618.00","1,629.50","1,603.00","280.84K","-0.90%"
"10/03/2005","1,618.50","1,615.50","1,624.50","1,613.50","240.43K","0.28%"
"09/30/2005","1,614.00","1,601.00","1,616.00","1,598.50","237.98K","0.81%"
"09/29/2005","1,601.00","1,580.00","1,603.00","1,571.00","390.23K","1.30%"
"09/28/2005","1,580.50","1,581.50","1,592.50","1,575.50","231.27K","-0.06%"
"09/27/2005","1,581.50","1,586.50","1,591.00","1,574.00","243.09K","-0.35%"
"09/26/2005","1,587.00","1,592.00","1,597.00","1,575.50","238.84K","0.13%"
"09/23/2005","1,585.00","1,577.50","1,589.50","1,570.50","206.96K","0.51%"
"09/22/2005","1,577.00","1,574.00","1,583.00","1,563.50","378.16K","0.16%"
"09/21/2005","1,574.50","1,590.50","1,595.00","1,573.00","292.34K","-1.10%"
"09/20/2005","1,592.00","1,602.00","1,618.00","1,587.00","338.65K","-0.62%"
"09/19/2005","1,602.00","1,612.50","1,612.50","1,591.50","211.57K","0.63%"
"09/16/2005","1,591.92","1,587.00","1,595.00","1,586.50","1.34K","0.34%"
"09/15/2005","1,586.50","1,591.00","1,596.00","1,584.50","32.83K","-0.28%"
"09/14/2005","1,591.00","1,609.00","1,614.50","1,589.50","48.75K","-1.15%"
"09/13/2005","1,609.50","1,612.00","1,620.50","1,605.00","52.03K","-0.22%"
"09/12/2005","1,613.00","1,609.50","1,618.50","1,606.50","49.85K","0.25%"
"09/09/2005","1,609.00","1,598.00","1,611.50","1,596.00","77.52K","0.63%"
"09/08/2005","1,599.00","1,599.50","1,606.50","1,593.00","107.35K","0.03%"
"09/07/2005","1,598.50","1,598.50","1,603.00","1,592.00","197.47K","0.00%"
"09/06/2005","1,598.50","1,578.50","1,600.00","1,577.00","230.05K","1.40%"
"09/02/2005","1,576.50","1,578.50","1,585.50","1,573.00","135.60K","-0.16%"
"09/01/2005","1,579.00","1,586.00","1,590.50","1,575.00","249.16K","-0.32%"
"08/31/2005","1,584.00","1,569.50","1,588.50","1,563.00","299.29K","0.89%"
"08/30/2005","1,570.00","1,575.00","1,576.50","1,557.00","264.98K","-0.29%"
"08/29/2005","1,574.50","1,559.00","1,579.00","1,544.50","216.74K","0.70%"
"08/26/2005","1,563.50","1,568.00","1,570.50","1,555.00","177.65K","-0.22%"
"08/25/2005","1,567.00","1,564.00","1,573.00","1,562.50","152.54K","0.13%"
"08/24/2005","1,565.00","1,576.50","1,593.00","1,562.50","324.38K","-0.79%"
"08/23/2005","1,577.50","1,581.00","1,583.00","1,569.50","190.40K","-0.19%"
"08/22/2005","1,580.50","1,578.50","1,593.50","1,569.00","263.04K","0.06%"
"08/19/2005","1,579.50","1,579.50","1,586.50","1,576.00","142.03K","0.00%"
"08/18/2005","1,579.50","1,584.50","1,590.00","1,576.50","213.89K","-0.25%"
"08/17/2005","1,583.50","1,582.00","1,593.50","1,577.50","232.96K","0.03%"
"08/16/2005","1,583.00","1,606.50","1,608.00","1,576.50","299.59K","-1.43%"
"08/15/2005","1,606.00","1,592.00","1,612.50","1,587.00","207.91K","0.85%"
"08/12/2005","1,592.50","1,595.50","1,600.00","1,585.50","238.18K","-0.13%"
"08/11/2005","1,594.50","1,595.50","1,609.50","1,591.00","268.02K","-0.09%"
"08/10/2005","1,596.00","1,607.50","1,615.50","1,586.50","292.79K","-0.72%"
"08/09/2005","1,607.50","1,598.50","1,612.50","1,596.50","182.30K","0.56%"
"08/08/2005","1,598.50","1,607.00","1,614.00","1,593.50","209.48K","-0.56%"
"08/05/2005","1,607.50","1,616.00","1,620.50","1,605.00","202.97K","-0.56%"
"08/04/2005","1,616.50","1,632.50","1,633.50","1,611.50","211.44K","-0.98%"
"08/03/2005","1,632.50","1,629.50","1,635.00","1,624.00","170.63K","0.21%"
"08/02/2005","1,629.00","1,615.00","1,635.50","1,613.50","232.04K","0.87%"
"08/01/2005","1,615.00","1,616.00","1,623.00","1,609.50","170.09K","0.22%"
"07/29/2005","1,611.50","1,626.00","1,630.00","1,611.00","210.17K","-0.92%"
"07/28/2005","1,626.50","1,617.50","1,627.50","1,615.50","188.12K","0.56%"
"07/27/2005","1,617.50","1,607.50","1,620.50","1,598.50","255.12K","0.65%"
"07/26/2005","1,607.00","1,605.50","1,611.50","1,597.50","207.23K","0.19%"
"07/25/2005","1,604.00","1,609.50","1,616.00","1,598.50","179.18K","-0.34%"
"07/22/2005","1,609.50","1,604.00","1,614.50","1,598.50","218.66K","0.22%"
"07/21/2005","1,606.00","1,614.50","1,623.00","1,598.50","351.86K","-0.16%"
"07/20/2005","1,608.50","1,595.50","1,614.00","1,586.00","295.88K","0.53%"
"07/19/2005","1,600.00","1,582.00","1,601.00","1,581.50","188.03K","1.14%"
"07/18/2005","1,582.00","1,586.00","1,586.50","1,578.00","161.29K","-0.32%"
"07/15/2005","1,587.00","1,584.00","1,591.00","1,576.00","195.38K","0.19%"
"07/14/2005","1,584.00","1,568.00","1,586.00","1,563.50","301.19K","1.08%"
"07/13/2005","1,567.00","1,563.00","1,568.50","1,557.50","212.86K","0.32%"
"07/12/2005","1,562.00","1,557.00","1,569.50","1,551.00","258.11K","0.29%"
"07/11/2005","1,557.50","1,544.50","1,558.50","1,542.50","253.32K","0.84%"
"07/08/2005","1,544.50","1,512.50","1,545.00","1,509.50","307.73K","2.12%"
"07/07/2005","1,512.50","1,506.50","1,514.00","1,465.00","402.14K","0.36%"
"07/06/2005","1,507.00","1,513.00","1,522.00","1,504.50","282.53K","-0.43%"
"07/05/2005","1,513.50","1,500.00","1,519.00","1,491.50","251.55K","0.90%"
"07/01/2005","1,500.00","1,502.00","1,512.50","1,498.00","174.61K","-0.20%"
"06/30/2005","1,503.00","1,512.00","1,520.00","1,500.00","258.79K","-0.56%"
"06/29/2005","1,511.50","1,517.00","1,524.00","1,510.50","211.28K","-0.36%"
"06/28/2005","1,517.00","1,506.00","1,523.00","1,505.50","207.94K","0.73%"
"06/27/2005","1,506.00","1,511.50","1,515.00","1,499.50","230.67K","-0.36%"
"06/24/2005","1,511.50","1,527.00","1,530.00","1,507.50","278.31K","-1.05%"
"06/23/2005","1,527.50","1,548.50","1,561.00","1,525.50","438.81K","-1.32%"
"06/22/2005","1,548.00","1,551.00","1,558.50","1,538.00","264.30K","-0.19%"
"06/21/2005","1,551.00","1,545.00","1,554.50","1,541.50","236.87K","0.36%"
"06/20/2005","1,545.50","1,548.50","1,557.50","1,537.00","214.26K","-0.54%"
"06/17/2005","1,553.96","1,535.50","1,549.00","1,535.00","0.95K","1.20%"
"06/16/2005","1,535.50","1,528.50","1,541.00","1,527.00","28.10K","0.49%"
"06/15/2005","1,528.00","1,527.00","1,537.00","1,510.50","36.37K","0.10%"
"06/14/2005","1,526.50","1,532.50","1,545.50","1,521.50","30.74K","-0.29%"
"06/13/2005","1,531.00","1,523.00","1,539.50","1,520.00","60.09K","0.46%"
"06/10/2005","1,524.00","1,537.00","1,541.00","1,516.50","69.57K","-0.88%"
"06/09/2005","1,537.50","1,529.00","1,544.50","1,521.50","146.55K","0.46%"
"06/08/2005","1,530.50","1,534.00","1,542.50","1,524.50","269.00K","-0.23%"
"06/07/2005","1,534.00","1,546.00","1,562.00","1,532.00","354.01K","-0.74%"
"06/06/2005","1,545.50","1,550.00","1,552.50","1,540.50","176.65K","-0.32%"
"06/03/2005","1,550.50","1,571.50","1,576.50","1,543.50","273.09K","-1.34%"
"06/02/2005","1,571.50","1,557.00","1,572.00","1,555.00","191.88K","0.90%"
"06/01/2005","1,557.50","1,545.00","1,570.50","1,542.50","335.93K","0.81%"
"05/31/2005","1,545.00","1,552.00","1,558.50","1,540.00","235.75K","-0.45%"
"05/27/2005","1,552.00","1,549.00","1,553.50","1,543.50","113.38K","0.19%"
"05/26/2005","1,549.00","1,537.50","1,554.50","1,536.50","212.86K","0.68%"
"05/25/2005","1,538.50","1,540.50","1,542.00","1,526.50","227.91K","-0.13%"
"05/24/2005","1,540.50","1,538.50","1,544.00","1,531.50","283.05K","0.10%"
"05/23/2005","1,539.00","1,530.50","1,543.50","1,527.00","274.48K","0.56%"
"05/20/2005","1,530.50","1,524.00","1,532.00","1,517.50","214.36K","0.43%"
"05/19/2005","1,524.00","1,513.00","1,525.00","1,511.50","301.52K","0.76%"
"05/18/2005","1,512.50","1,494.00","1,518.50","1,488.00","349.37K","1.24%"
"05/17/2005","1,494.00","1,481.00","1,495.50","1,472.00","269.60K","0.84%"
"05/16/2005","1,481.50","1,474.50","1,485.50","1,468.50","221.65K","0.51%"
"05/13/2005","1,474.00","1,460.00","1,483.00","1,459.00","412.22K","1.13%"
"05/12/2005","1,457.50","1,461.00","1,472.00","1,449.00","386.09K","-0.24%"
"05/11/2005","1,461.00","1,453.50","1,465.00","1,435.00","398.40K","0.48%"
"05/10/2005","1,454.00","1,463.50","1,465.00","1,448.00","272.73K","-0.65%"
"05/09/2005","1,463.50","1,459.50","1,467.00","1,449.50","205.40K","0.38%"
"05/06/2005","1,458.00","1,456.00","1,468.00","1,453.00","207.91K","0.10%"
"05/05/2005","1,456.50","1,452.50","1,461.50","1,444.50","292.09K","0.31%"
"05/04/2005","1,452.00","1,438.00","1,458.00","1,433.50","315.34K","0.97%"
"05/03/2005","1,438.00","1,428.00","1,441.00","1,424.00","322.30K","0.74%"
"05/02/2005","1,427.50","1,426.00","1,439.00","1,419.00","215.90K","0.14%"
"04/29/2005","1,425.50","1,416.00","1,427.50","1,397.50","392.86K","0.92%"
"04/28/2005","1,412.50","1,416.00","1,427.50","1,397.50","300.28K","-1.02%"
"04/27/2005","1,427.00","1,427.50","1,434.50","1,413.50","332.84K","-0.14%"
"04/26/2005","1,429.00","1,442.00","1,452.00","1,425.00","344.78K","-0.87%"
"04/25/2005","1,441.50","1,430.50","1,444.00","1,430.00","242.33K","0.70%"
"04/22/2005","1,431.50","1,448.50","1,451.00","1,417.00","333.27K","-1.21%"
"04/21/2005","1,449.00","1,411.50","1,454.50","1,409.50","398.20K","2.44%"
"04/20/2005","1,414.50","1,432.00","1,439.50","1,408.50","445.77K","-0.81%"
"04/19/2005","1,426.00","1,415.00","1,429.50","1,414.00","311.99K","0.81%"
"04/18/2005","1,414.50","1,414.50","1,424.50","1,400.50","405.13K","0.00%"
"04/15/2005","1,414.50","1,440.50","1,441.00","1,412.50","491.77K","-1.84%"
"04/14/2005","1,441.00","1,470.00","1,474.50","1,439.00","476.06K","-1.97%"
"04/13/2005","1,470.00","1,494.00","1,495.00","1,465.50","348.01K","-1.57%"
"04/12/2005","1,493.50","1,485.50","1,497.50","1,466.00","438.24K","0.50%"
"04/11/2005","1,486.00","1,492.00","1,499.00","1,483.00","238.89K","-0.50%"
"04/08/2005","1,493.50","1,510.00","1,511.50","1,491.50","258.84K","-1.03%"
"04/07/2005","1,509.00","1,493.50","1,510.00","1,486.00","281.37K","1.07%"
"04/06/2005","1,493.00","1,491.50","1,505.00","1,484.50","317.05K","0.10%"
"04/05/2005","1,491.50","1,486.50","1,495.00","1,484.50","218.19K","0.44%"
"04/04/2005","1,485.00","1,478.00","1,490.00","1,468.50","279.50K","0.34%"
"04/01/2005","1,480.00","1,491.00","1,508.00","1,473.00","400.20K","-0.74%"
"03/31/2005","1,491.00","1,499.00","1,504.50","1,486.00","282.37K","-0.53%"
"03/30/2005","1,499.00","1,477.00","1,500.50","1,475.00","338.28K","1.49%"
"03/29/2005","1,477.00","1,481.00","1,492.50","1,465.50","348.33K","-0.27%"
"03/28/2005","1,481.00","1,482.00","1,494.00","1,479.50","202.00K","0.07%"
"03/24/2005","1,480.00","1,479.00","1,495.00","1,478.00","216.97K","0.07%"
"03/23/2005","1,479.00","1,473.50","1,489.00","1,463.50","309.76K","0.31%"
"03/22/2005","1,474.50","1,487.00","1,499.50","1,473.00","302.05K","-0.94%"
"03/21/2005","1,488.50","1,492.50","1,500.00","1,479.00","315.58K","0.11%"
"03/18/2005","1,486.90","1,488.50","1,493.00","1,483.00","1.93K","-0.17%"
"03/17/2005","1,489.50","1,486.00","1,497.00","1,482.50","23.47K","0.20%"
"03/16/2005","1,486.50","1,504.50","1,510.50","1,482.50","45.77K","-1.20%"
"03/15/2005","1,504.50","1,520.00","1,523.50","1,501.00","47.36K","-0.73%"
"03/14/2005","1,515.50","1,509.00","1,516.50","1,503.00","36.05K","0.43%"
"03/11/2005","1,509.00","1,531.50","1,535.00","1,502.00","73.09K","-1.02%"
"03/10/2005","1,524.50","1,523.50","1,528.50","1,504.50","154.61K","0.03%"
"03/09/2005","1,524.00","1,533.00","1,540.00","1,520.50","340.59K","-0.52%"
"03/08/2005","1,532.00","1,544.00","1,551.50","1,528.50","304.97K","-0.81%"
"03/07/2005","1,544.50","1,528.00","1,555.00","1,524.00","348.97K","1.28%"
"03/04/2005","1,525.00","1,513.50","1,533.00","1,511.50","279.54K","0.73%"
"03/03/2005","1,514.00","1,525.00","1,532.50","1,502.50","342.04K","-0.72%"
"03/02/2005","1,525.00","1,528.50","1,543.50","1,517.00","337.29K","-0.26%"
"03/01/2005","1,529.00","1,514.00","1,532.00","1,511.00","312.67K","1.06%"
"02/28/2005","1,513.00","1,530.50","1,536.00","1,499.50","397.43K","-1.18%"
"02/25/2005","1,531.00","1,519.00","1,532.00","1,514.50","276.27K","0.82%"
"02/24/2005","1,518.50","1,501.50","1,521.00","1,493.50","351.66K","1.13%"
"02/23/2005","1,501.50","1,501.00","1,509.00","1,490.50","361.03K","-0.03%"
"02/22/2005","1,502.00","1,518.50","1,526.00","1,494.50","449.63K","-0.99%"
"02/18/2005","1,517.00","1,523.50","1,529.50","1,514.00","239.21K","-0.46%"
"02/17/2005","1,524.00","1,546.50","1,550.00","1,521.00","389.64K","-1.39%"
"02/16/2005","1,545.50","1,548.00","1,553.00","1,537.00","311.88K","-0.19%"
"02/15/2005","1,548.50","1,538.00","1,565.00","1,536.50","447.91K","0.72%"
"02/14/2005","1,537.50","1,536.50","1,543.00","1,532.00","207.38K","0.23%"
"02/11/2005","1,534.00","1,506.00","1,539.50","1,501.00","404.40K","1.83%"
"02/10/2005","1,506.50","1,508.50","1,517.50","1,499.50","336.06K","-0.17%"
"02/09/2005","1,509.00","1,527.50","1,537.50","1,507.00","340.97K","-1.34%"
"02/08/2005","1,529.50","1,532.00","1,546.50","1,527.00","263.01K","-0.07%"
"02/07/2005","1,530.50","1,537.50","1,542.00","1,525.50","249.70K","-0.23%"
"02/04/2005","1,534.00","1,511.50","1,539.00","1,506.50","298.53K","1.49%"
"02/03/2005","1,511.50","1,521.50","1,525.00","1,504.50","289.20K","-0.85%"
"02/02/2005","1,524.50","1,529.00","1,535.50","1,518.00","281.11K","-0.33%"
"02/01/2005","1,529.50","1,524.00","1,532.50","1,520.50","251.73K","0.36%"
"01/31/2005","1,524.00","1,513.00","1,528.00","1,512.50","281.54K","0.96%"
"01/28/2005","1,509.50","1,511.00","1,518.00","1,489.50","399.15K","0.03%"
"01/27/2005","1,509.00","1,508.00","1,517.50","1,500.50","320.94K","0.17%"
"01/26/2005","1,506.50","1,495.50","1,518.00","1,495.00","338.92K","0.77%"
"01/25/2005","1,495.00","1,491.00","1,510.00","1,491.00","315.97K","0.27%"
"01/24/2005","1,491.00","1,510.00","1,514.50","1,484.50","446.51K","-1.23%"
"01/21/2005","1,509.50","1,524.50","1,531.00","1,506.00","374.38K","-0.85%"
"01/20/2005","1,522.50","1,534.50","1,540.00","1,519.00","431.17K","-1.30%"
"01/19/2005","1,542.50","1,576.50","1,580.50","1,541.50","354.59K","-2.13%"
"01/18/2005","1,576.00","1,564.50","1,580.50","1,556.00","314.39K","0.86%"
"01/14/2005","1,562.50","1,549.00","1,569.50","1,548.00","230.42K","0.81%"
"01/13/2005","1,550.00","1,570.00","1,576.50","1,547.50","350.34K","-1.15%"
"01/12/2005","1,568.00","1,565.50","1,573.00","1,547.50","413.66K","0.58%"
"01/11/2005","1,559.00","1,568.50","1,572.00","1,551.00","363.02K","-0.57%"
"01/10/2005","1,568.00","1,570.50","1,584.50","1,564.00","350.17K","0.03%"
"01/07/2005","1,567.50","1,562.50","1,584.50","1,557.50","384.05K","0.29%"
"01/06/2005","1,563.00","1,566.50","1,577.50","1,561.50","304.75K","-0.16%"
"01/05/2005","1,565.50","1,582.50","1,588.00","1,564.50","381.19K","-1.07%"
"01/04/2005","1,582.50","1,614.00","1,620.00","1,571.50","452.42K","-2.04%"
"01/03/2005","1,615.50","1,628.00","1,644.00","1,605.00","365.48K","-0.80%"