date,close,volume,vix_close,log_return,ret_lag_1,ret_lag_2,ret_lag_3,ret_lag_4,ret_lag_5,ret_lag_6,ret_lag_7,ret_lag_8,ret_lag_9,ret_lag_10,volatility_5,volatility_10,vix_lag_1,volume_change,target
2010-01-04,1886.75,205160.0,20.04,0.0149515533906128,-0.0096373386787469,0.0022671210617372,-0.0010675207845921,0.0034736173871788,0.0084672234920215,0.0060922140636883,0.0084549801373863,0.0168823269158236,0.0042934695329067,-0.0080802891575892,0.0088716252850597,0.0076375784511171,21.68,0.8168614948636204,-0.0007953340822213
2010-01-05,1885.25,208700.0,19.35,-0.0007953340822213,0.0149515533906128,-0.0096373386787469,0.0022671210617372,-0.0010675207845921,0.0034736173871788,0.0084672234920215,0.0060922140636883,0.0084549801373863,0.0168823269158236,0.0042934695329067,0.0088994246395681,0.0078862919431527,20.04,0.0172548255020472,-0.0035868520687328
2010-01-06,1878.5,261270.0,19.16,-0.0035868520687328,-0.0007953340822213,0.0149515533906128,-0.0096373386787469,0.0022671210617372,-0.0010675207845921,0.0034736173871788,0.0084672234920215,0.0060922140636883,0.0084549801373863,0.0168823269158236,0.0091243936225029,0.0070447607376654,19.35,0.2518926689027312,-0.0005324813757337
2010-01-07,1877.5,241320.0,19.06,-0.0005324813757337,-0.0035868520687328,-0.0007953340822213,0.0149515533906128,-0.0096373386787469,0.0022671210617372,-0.0010675207845921,0.0034736173871788,0.0084672234920215,0.0060922140636883,0.0084549801373863,0.0090853854966562,0.0068217048301106,19.16,-0.0763577907911355,0.0066357244153982
2010-01-08,1890.0,268930.0,18.13,0.0066357244153982,-0.0005324813757337,-0.0035868520687328,-0.0007953340822213,0.0149515533906128,-0.0096373386787469,0.0022671210617372,-0.0010675207845921,0.0034736173871788,0.0084672234920215,0.0060922140636883,0.0075127924416465,0.0068603132097646,19.06,0.1144123984750538,-0.0034450809215923
2010-01-11,1883.5,244840.0,17.55,-0.0034450809215923,0.0066357244153982,-0.0005324813757337,-0.0035868520687328,-0.0007953340822213,0.0149515533906128,-0.0096373386787469,0.0022671210617372,-0.0010675207845921,0.0034736173871788,0.0084672234920215,0.004155976713754,0.0066468650229285,18.13,-0.0895772134012568,-0.0096026344708832
2010-01-12,1865.5,328570.0,18.25,-0.0096026344708832,-0.0034450809215923,0.0066357244153982,-0.0005324813757337,-0.0035868520687328,-0.0007953340822213,0.0149515533906128,-0.0096373386787469,0.0022671210617372,-0.0010675207845921,0.0034736173871788,0.0058965942547148,0.0073203213970215,17.55,0.3419784348962587,0.009071567012836
2010-01-13,1882.5,315110.0,17.85,0.009071567012836,-0.0096026344708832,-0.0034450809215923,0.0066357244153982,-0.0005324813757337,-0.0035868520687328,-0.0007953340822213,0.0149515533906128,-0.0096373386787469,0.0022671210617372,-0.0010675207845921,0.0075793134253731,0.0079086249268191,18.25,-0.0409653955017196,0.0030497935195086
2010-01-14,1888.25,206040.0,17.63,0.0030497935195086,0.009071567012836,-0.0096026344708832,-0.0034450809215923,0.0066357244153982,-0.0005324813757337,-0.0035868520687328,-0.0007953340822213,0.0149515533906128,-0.0096373386787469,0.0022671210617372,0.0076352340876216,0.0079315371786216,17.85,-0.3461330963790422,-0.0138650401371716
2010-01-15,1862.25,345080.0,17.91,-0.0138650401371716,0.0030497935195086,0.009071567012836,-0.0096026344708832,-0.0034450809215923,0.0066357244153982,-0.0005324813757337,-0.0035868520687328,-0.0007953340822213,0.0149515533906128,-0.0096373386787469,0.0092757210599751,0.0086211791447938,17.63,0.6748204232187924,0.0146591111159003
2010-01-19,1889.75,333010.0,17.58,0.0146591111159003,-0.0138650401371716,0.0030497935195086,0.009071567012836,-0.0096026344708832,-0.0034450809215923,0.0066357244153982,-0.0005324813757337,-0.0035868520687328,-0.0007953340822213,0.0149515533906128,0.0121319733476174,0.0085658536297874,17.91,-0.0349773965457285,-0.0121116806305635
2010-01-20,1867.0,403530.0,18.68,-0.0121116806305635,0.0146591111159003,-0.0138650401371716,0.0030497935195086,0.009071567012836,-0.0096026344708832,-0.0034450809215923,0.0066357244153982,-0.0005324813757337,-0.0035868520687328,-0.0007953340822213,0.0127012504295334,0.0094116637938969,17.58,0.2117654124500765,-0.0140239623086447
2010-01-21,1841.0,501310.0,22.27,-0.0140239623086447,-0.0121116806305635,0.0146591111159003,-0.0138650401371716,0.0030497935195086,0.009071567012836,-0.0096026344708832,-0.0034450809215923,0.0066357244153982,-0.0005324813757337,-0.0035868520687328,0.0128492194952079,0.0102730600812488,18.68,0.2423116001288627,-0.0237730192504744
2010-01-22,1797.75,527630.0,27.31,-0.0237730192504744,-0.0140239623086447,-0.0121116806305635,0.0146591111159003,-0.0138650401371716,0.0030497935195086,0.009071567012836,-0.0096026344708832,-0.0034450809215923,0.0066357244153982,-0.0005324813757337,0.0144326109346538,0.0123241177248564,22.27,0.0525024435977738,0.0004171011530751
2010-01-25,1798.5,340320.0,25.41,0.0004171011530751,-0.0237730192504744,-0.0140239623086447,-0.0121116806305635,0.0146591111159003,-0.0138650401371716,0.0030497935195086,0.009071567012836,-0.0096026344708832,-0.0034450809215923,0.0066357244153982,0.0148401850510613,0.011856759733367,27.31,-0.3550025586111479,-0.0011126565821051
2010-01-26,1796.5,419120.0,24.55,-0.0011126565821051,0.0004171011530751,-0.0237730192504744,-0.0140239623086447,-0.0121116806305635,0.0146591111159003,-0.0138650401371716,0.0030497935195086,0.009071567012836,-0.0096026344708832,-0.0034450809215923,0.0099721534872824,0.01191273332241,25.41,0.2315467795016454,0.0069338788417216
2010-01-27,1809.0,443910.0,23.14,0.0069338788417216,-0.0011126565821051,0.0004171011530751,-0.0237730192504744,-0.0140239623086447,-0.0121116806305635,0.0146591111159003,-0.0138650401371716,0.0030497935195086,0.009071567012836,-0.0096026344708832,0.0123706187815159,0.0123024317282214,24.55,0.0591477381179614,-0.0215122138433366
2010-01-28,1770.5,570520.0,23.73,-0.0215122138433366,0.0069338788417216,-0.0011126565821051,0.0004171011530751,-0.0237730192504744,-0.0140239623086447,-0.0121116806305635,0.0146591111159003,-0.0138650401371716,0.0030497935195086,0.009071567012836,0.0138968540633217,0.0127408940043059,23.14,0.2852154716046045,-0.0178080067482076
2010-01-29,1739.25,538160.0,24.62,-0.0178080067482076,-0.0215122138433366,0.0069338788417216,-0.0011126565821051,0.0004171011530751,-0.0237730192504744,-0.0140239623086447,-0.0121116806305635,0.0146591111159003,-0.0138650401371716,0.0030497935195086,0.0123542373138581,0.0127776474959879,23.73,-0.0567201850942999,0.009442130235379
2010-02-01,1755.75,344060.0,22.59,0.009442130235379,-0.0178080067482076,-0.0215122138433366,0.0069338788417216,-0.0011126565821051,0.0004171011530751,-0.0237730192504744,-0.0140239623086447,-0.0121116806305635,0.0146591111159003,-0.0138650401371716,0.014165313022538,0.0137241071673567,24.62,-0.3606734056786086,0.0075182991206554
2010-02-02,1769.0,331530.0,21.48,0.0075182991206554,0.009442130235379,-0.0178080067482076,-0.0215122138433366,0.0069338788417216,-0.0011126565821051,0.0004171011530751,-0.0237730192504744,-0.0140239623086447,-0.0121116806305635,0.0146591111159003,0.0152156663918367,0.0126824143843011,22.59,-0.0364180666162878,0.0092840728747179
2010-02-03,1785.5,315040.0,21.6,0.0092840728747179,0.0075182991206554,0.009442130235379,-0.0178080067482076,-0.0215122138433366,0.0069338788417216,-0.0011126565821051,0.0004171011530751,-0.0237730192504744,-0.0140239623086447,-0.0121116806305635,0.015633123654984,0.0134324191719983,21.48,-0.0497390884686151,-0.0288351772548448
2010-02-04,1734.75,483900.0,26.08,-0.0288351772548448,0.0092840728747179,0.0075182991206554,0.009442130235379,-0.0178080067482076,-0.0215122138433366,0.0069338788417216,-0.0011126565821051,0.0004171011530751,-0.0237730192504744,-0.0140239623086447,0.0180086365547589,0.0152916455552572,21.6,0.5359954291518538,0.0058912448568693
2010-02-05,1745.0,556770.0,26.11,0.0058912448568693,-0.0288351772548448,0.0092840728747179,0.0075182991206554,0.009442130235379,-0.0178080067482076,-0.0215122138433366,0.0069338788417216,-0.0011126565821051,0.0004171011530751,-0.0237730192504744,0.0165519493959947,0.014293530876449,26.08,0.1505889646621203,-0.0060353682267231
2010-02-08,1734.5,295060.0,26.51,-0.0060353682267231,0.0058912448568693,-0.0288351772548448,0.0092840728747179,0.0075182991206554,0.009442130235379,-0.0178080067482076,-0.0215122138433366,0.0069338788417216,-0.0011126565821051,0.0004171011530751,0.0159347356077535,0.0142688505487243,26.11,-0.4700504696732942,0.0100388050865323
2010-02-09,1752.0,380800.0,26.0,0.0100388050865323,-0.0060353682267231,0.0058912448568693,-0.0288351772548448,0.0092840728747179,0.0075182991206554,0.009442130235379,-0.0178080067482076,-0.0215122138433366,0.0069338788417216,-0.0011126565821051,0.0163624738341386,0.0149083008796256,26.51,0.2905849657696739,-0.0041467135990756
2010-02-10,1744.75,296950.0,25.4,-0.0041467135990756,0.0100388050865323,-0.0060353682267231,0.0058912448568693,-0.0288351772548448,0.0092840728747179,0.0075182991206554,0.009442130235379,-0.0178080067482076,-0.0215122138433366,0.0069338788417216,0.0151159591078671,0.0145356653121732,26.0,-0.2201943277310925,0.0174707944858815
2010-02-11,1775.5,339080.0,23.96,0.0174707944858815,-0.0041467135990756,0.0100388050865323,-0.0060353682267231,0.0058912448568693,-0.0288351772548448,0.0092840728747179,0.0075182991206554,0.009442130235379,-0.0178080067482076,-0.0215122138433366,0.009829951035412,0.0144299220644213,25.4,0.1418757366560026,0.0043554687750048
2010-02-12,1783.25,328640.0,22.73,0.0043554687750048,0.0174707944858815,-0.0041467135990756,0.0100388050865323,-0.0060353682267231,0.0058912448568693,-0.0288351772548448,0.0092840728747179,0.0075182991206554,0.009442130235379,-0.0178080067482076,0.0098051886543412,0.0129710204248265,23.96,-0.0307891942904329,0.008932369229766
2010-02-16,1799.25,259720.00000000003,22.25,0.008932369229766,0.0043554687750048,0.0174707944858815,-0.0041467135990756,0.0100388050865323,-0.0060353682267231,0.0058912448568693,-0.0288351772548448,0.0092840728747179,0.0075182991206554,0.009442130235379,0.0079577590421088,0.0129416677499906,22.73,-0.2097127555988315,0.006923317601477
2010-02-17,1811.75,238100.0,21.72,0.006923317601477,0.008932369229766,0.0043554687750048,0.0174707944858815,-0.0041467135990756,0.0100388050865323,-0.0060353682267231,0.0058912448568693,-0.0288351772548448,0.0092840728747179,0.0075182991206554,0.0078133080578826,0.0129171086943296,22.25,-0.0832434929924534,0.0049552751086337
2010-02-18,1820.75,268310.0,20.63,0.0049552751086337,0.006923317601477,0.008932369229766,0.0043554687750048,0.0174707944858815,-0.0041467135990756,0.0100388050865323,-0.0060353682267231,0.0058912448568693,-0.0288351772548448,0.0092840728747179,0.0053124022749569,0.0127315246430609,21.72,0.1268794624107518,-0.0008241758708287
2010-02-19,1819.25,281740.0,20.02,-0.0008241758708287,0.0049552751086337,0.006923317601477,0.008932369229766,0.0043554687750048,0.0174707944858815,-0.0041467135990756,0.0100388050865323,-0.0060353682267231,0.0058912448568693,-0.0288351772548448,0.003654264563752,0.0069924766787315,20.63,0.0500540419663821,0.0009614725004121
2010-02-22,1821.0,226170.0,19.94,0.0009614725004121,-0.0008241758708287,0.0049552751086337,0.006923317601477,0.008932369229766,0.0043554687750048,0.0174707944858815,-0.0041467135990756,0.0100388050865323,-0.0060353682267231,0.0058912448568693,0.0040654669438624,0.0070768241982137,20.02,-0.1972385887697877,-0.0110437345516518
2010-02-23,1801.0,348960.0,21.37,-0.0110437345516518,0.0009614725004121,-0.0008241758708287,0.0049552751086337,0.006923317601477,0.008932369229766,0.0043554687750048,0.0174707944858815,-0.0041467135990756,0.0100388050865323,-0.0060353682267231,0.0069976036810689,0.0080032325062602,19.94,0.5429102002918158,0.0071922854991258
2010-02-24,1814.0,299220.0,20.27,0.0071922854991258,-0.0110437345516518,0.0009614725004121,-0.0008241758708287,0.0049552751086337,0.006923317601477,0.008932369229766,0.0043554687750048,0.0174707944858815,-0.0041467135990756,0.0100388050865323,0.0070629918073265,0.0078033149862466,21.37,-0.1425378266850069,-0.0002756719521248
2010-02-25,1813.5,353570.0,20.1,-0.0002756719521248,0.0071922854991258,-0.0110437345516518,0.0009614725004121,-0.0008241758708287,0.0049552751086337,0.006923317601477,0.008932369229766,0.0043554687750048,0.0174707944858815,-0.0041467135990756,0.0065610402014429,0.0074720489606888,20.27,0.1816389278791523,0.0027533057040866
2010-02-26,1818.5,223030.0,19.5,0.0027533057040866,-0.0002756719521248,0.0071922854991258,-0.0110437345516518,0.0009614725004121,-0.0008241758708287,0.0049552751086337,0.006923317601477,0.008932369229766,0.0043554687750048,0.0174707944858815,0.0067498176813472,0.0057439220377905,20.1,-0.3692055321435642,0.0132470356423543
2010-03-01,1842.75,257070.0,19.26,0.0132470356423543,0.0027533057040866,-0.0002756719521248,0.0071922854991258,-0.0110437345516518,0.0009614725004121,-0.0008241758708287,0.0049552751086337,0.006923317601477,0.008932369229766,0.0043554687750048,0.0090642017288685,0.0066915097922369,19.5,0.1526252073712057,0.005142095227368
2010-03-02,1852.25,248830.0,19.06,0.005142095227368,0.0132470356423543,0.0027533057040866,-0.0002756719521248,0.0071922854991258,-0.0110437345516518,0.0009614725004121,-0.0008241758708287,0.0049552751086337,0.006923317601477,0.008932369229766,0.0050953090172967,0.0064384652666873,19.26,-0.0320535262768895,-0.0001349800906416
2010-03-03,1852.0,216100.0,18.83,-0.0001349800906416,0.005142095227368,0.0132470356423543,0.0027533057040866,-0.0002756719521248,0.0071922854991258,-0.0110437345516518,0.0009614725004121,-0.0008241758708287,0.0049552751086337,0.006923317601477,0.0055596453488291,0.0063348298987727,19.06,-0.1315355865450307,0.004175933865326
2010-03-04,1859.75,197680.0,18.72,0.004175933865326,-0.0001349800906416,0.005142095227368,0.0132470356423543,0.0027533057040866,-0.0002756719521248,0.0071922854991258,-0.0110437345516518,0.0009614725004121,-0.0008241758708287,0.0049552751086337,0.0050030441313467,0.0063018378461394,18.83,-0.0852383155946321,0.0137509676269609
2010-03-05,1885.5,287880.0,17.42,0.0137509676269609,0.004175933865326,-0.0001349800906416,0.005142095227368,0.0132470356423543,0.0027533057040866,-0.0002756719521248,0.0071922854991258,-0.0110437345516518,0.0009614725004121,-0.0008241758708287,0.0060551040844607,0.0071709673383284,18.72,0.4562929987859165,0.0014574364951455
2010-03-08,1888.25,198600.0,17.79,0.0014574364951455,0.0137509676269609,0.004175933865326,-0.0001349800906416,0.005142095227368,0.0132470356423543,0.0027533057040866,-0.0002756719521248,0.0071922854991258,-0.0110437345516518,0.0009614725004121,0.005388005691192,0.0071525601355903,17.42,-0.3101292205085452,0.0068610903799451
2010-03-09,1901.25,332080.0,17.92,0.0068610903799451,0.0014574364951455,0.0137509676269609,0.004175933865326,-0.0001349800906416,0.005142095227368,0.0132470356423543,0.0027533057040866,-0.0002756719521248,0.0071922854991258,-0.0110437345516518,0.0054633628482582,0.0049846624235255,17.79,0.6721047331319234,0.0091623677620045
2010-03-10,1918.75,321410.0,18.57,0.0091623677620045,0.0068610903799451,0.0014574364951455,0.0137509676269609,0.004175933865326,-0.0001349800906416,0.005142095227368,0.0132470356423543,0.0027533057040866,-0.0002756719521248,0.0071922854991258,0.0047152092828077,0.0051002173328986,17.92,-0.0321308118525656,0.0033818970838522
2010-03-11,1925.25,217910.0,18.06,0.0033818970838522,0.0091623677620045,0.0068610903799451,0.0014574364951455,0.0137509676269609,0.004175933865326,-0.0001349800906416,0.005142095227368,0.0132470356423543,0.0027533057040866,-0.0002756719521248,0.0048490085757269,0.0047500470750558,18.57,-0.3220186055194299,0.0007788162387432
2010-03-12,1926.75,95290.0,17.58,0.0007788162387432,0.0033818970838522,0.0091623677620045,0.0068610903799451,0.0014574364951455,0.0137509676269609,0.004175933865326,-0.0001349800906416,0.005142095227368,0.0132470356423543,0.0027533057040866,0.0035888580686859,0.0049364437821904,18.06,-0.5627093754302235,-0.0037699102172502
2010-03-15,1919.5,95290.0,18.0,-0.0037699102172502,0.0007788162387432,0.0033818970838522,0.0091623677620045,0.0068610903799451,0.0014574364951455,0.0137509676269609,0.004175933865326,-0.0001349800906416,0.005142095227368,0.0132470356423543,0.0050841409159939,0.0050097675234601,17.58,0.0,0.005973267987662
2010-03-16,1931.0,71010.0,17.69,0.005973267987662,-0.0037699102172502,0.0007788162387432,0.0033818970838522,0.0091623677620045,0.0068610903799451,0.0014574364951455,0.0137509676269609,0.004175933865326,-0.0001349800906416,0.005142095227368,0.0049414283972499,0.0050361616602265,18.0,-0.2548011333823066,0.0028442165262923
2010-03-17,1936.5,54810.0,16.91,0.0028442165262923,0.005973267987662,-0.0037699102172502,0.0007788162387432,0.0033818970838522,0.0091623677620045,0.0068610903799451,0.0014574364951455,0.0137509676269609,0.004175933865326,-0.0001349800906416,0.0036423547188097,0.0048378279163075,17.69,-0.2281368821292775,0.004122654640995
2010-03-18,1944.5,35230.0,16.62,0.004122654640995,0.0028442165262923,0.005973267987662,-0.0037699102172502,0.0007788162387432,0.0033818970838522,0.0091623677620045,0.0068610903799451,0.0014574364951455,0.0137509676269609,0.004175933865326,0.0037345634679659,0.0048382068116534,16.91,-0.3572340813720124,0.0058097811564485
2010-03-19,1955.83,4760.0,16.97,0.0058097811564485,0.004122654640995,0.0028442165262923,0.005973267987662,-0.0037699102172502,0.0007788162387432,0.0033818970838522,0.0091623677620045,0.0068610903799451,0.0014574364951455,0.0137509676269609,0.0039953541469305,0.0036485722717324,16.62,-0.8648878796480273,-0.0037548099734865
2010-03-22,1948.5,282050.0,16.87,-0.0037548099734865,0.0058097811564485,0.004122654640995,0.0028442165262923,0.005973267987662,-0.0037699102172502,0.0007788162387432,0.0033818970838522,0.0091623677620045,0.0068610903799451,0.0014574364951455,0.0039889618826009,0.0043107439670931,16.97,58.25420168067227,0.007031928228159
2010-03-23,1962.25,218370.0,16.35,0.007031928228159,-0.0037548099734865,0.0058097811564485,0.004122654640995,0.0028442165262923,0.005973267987662,-0.0037699102172502,0.0007788162387432,0.0033818970838522,0.0091623677620045,0.0068610903799451,0.0042083639519806,0.0043274315567418,16.87,-0.2257755717071441,-0.0054934663862534
2010-03-24,1951.5,232930.0,17.55,-0.0054934663862534,0.007031928228159,-0.0037548099734865,0.0058097811564485,0.004122654640995,0.0028442165262923,0.005973267987662,-0.0037699102172502,0.0007788162387432,0.0033818970838522,0.0091623677620045,0.0057568876591688,0.0045443087696078,16.35,0.0666758254338966,-0.0010253781980175
2010-03-25,1949.5,301150.0,18.4,-0.0010253781980175,-0.0054934663862534,0.007031928228159,-0.0037548099734865,0.0058097811564485,0.004122654640995,0.0028442165262923,0.005973267987662,-0.0037699102172502,0.0007788162387432,0.0033818970838522,0.0056393874200999,0.0045758608289718,17.55,0.2928776885759669,0.0011534765777483
2010-03-26,1951.75,287780.0,17.77,0.0011534765777483,-0.0010253781980175,-0.0054934663862534,0.007031928228159,-0.0037548099734865,0.0058097811564485,0.004122654640995,0.0028442165262923,0.005973267987662,-0.0037699102172502,0.0007788162387432,0.0048794092044794,0.0045730916504856,18.4,-0.044396480159389,0.004345610110631
2010-03-29,1960.25,220200.0,17.59,0.004345610110631,0.0011534765777483,-0.0010253781980175,-0.0054934663862534,0.007031928228159,-0.0037548099734865,0.0058097811564485,0.004122654640995,0.0028442165262923,0.005973267987662,-0.0037699102172502,0.0048389871104406,0.0042866689183239,17.77,-0.2348321634581972,0.0026746497508837
2010-03-30,1965.5,230740.0,17.13,0.0026746497508837,0.004345610110631,0.0011534765777483,-0.0010253781980175,-0.0054934663862534,0.007031928228159,-0.0037548099734865,0.0058097811564485,0.004122654640995,0.0028442165262923,0.005973267987662,0.0038095415312888,0.0040773698790185,17.59,0.0478655767484106,-0.004972914296725
2010-03-31,1955.75,232540.0,17.59,-0.004972914296725,0.0026746497508837,0.004345610110631,0.0011534765777483,-0.0010253781980175,-0.0054934663862534,0.007031928228159,-0.0037548099734865,0.0058097811564485,0.004122654640995,0.0028442165262923,0.0036125943765986,0.0045684941341659,17.13,0.0078009881251626,-0.0019192635921522
2010-04-01,1952.0,309480.0,17.47,-0.0019192635921522,-0.004972914296725,0.0026746497508837,0.004345610110631,0.0011534765777483,-0.0010253781980175,-0.0054934663862534,0.007031928228159,-0.0037548099734865,0.0058097811564485,0.004122654640995,0.0037233572758351,0.0045071526707485,17.59,0.3308678076889997,0.0109541281298639
2010-04-05,1973.5,200180.0,17.02,0.0109541281298639,-0.0019192635921522,-0.004972914296725,0.0026746497508837,0.004345610110631,0.0011534765777483,-0.0010253781980175,-0.0054934663862534,0.007031928228159,-0.0037548099734865,0.0058097811564485,0.0061213024512054,0.0054002264645216,17.47,-0.3531730644952824,0.00265671609232
2010-04-06,1978.75,190610.0,16.23,0.00265671609232,0.0109541281298639,-0.0019192635921522,-0.004972914296725,0.0026746497508837,0.004345610110631,0.0011534765777483,-0.0010253781980175,-0.0054934663862534,0.007031928228159,-0.0037548099734865,0.0060202032087339,0.0051615866033767,17.02,-0.0478069737236487,-0.0018969338599996
2010-04-07,1975.0,259270.0,16.62,-0.0018969338599996,0.00265671609232,0.0109541281298639,-0.0019192635921522,-0.004972914296725,0.0026746497508837,0.004345610110631,0.0011534765777483,-0.0010253781980175,-0.0054934663862534,0.007031928228159,0.0062131523818386,0.004870162725372,16.23,0.3602119511043491,0.0025284463533586
2010-04-08,1980.0,231680.0,16.48,0.0025284463533586,-0.0018969338599996,0.00265671609232,0.0109541281298639,-0.0019192635921522,-0.004972914296725,0.0026746497508837,0.004345610110631,0.0011534765777483,-0.0010253781980175,-0.0054934663862534,0.0052524829943157,0.0043824795280928,16.62,-0.1064141628418251,0.0060423144559626
2010-04-09,1992.0,190400.0,16.14,0.0060423144559626,0.0025284463533586,-0.0018969338599996,0.00265671609232,0.0109541281298639,-0.0019192635921522,-0.004972914296725,0.0026746497508837,0.004345610110631,0.0011534765777483,-0.0010253781980175,0.0047764644243731,0.0045070788289381,16.48,-0.1781767955801104,0.0002509725198264
2010-04-12,1992.5,183340.0,15.58,0.0002509725198264,0.0060423144559626,0.0025284463533586,-0.0018969338599996,0.00265671609232,0.0109541281298639,-0.0019192635921522,-0.004972914296725,0.0026746497508837,0.004345610110631,0.0011534765777483,0.0029690487755227,0.004538325507801,16.14,-0.037079831932773,0.0043818536465542
2010-04-13,2001.25,228320.0,16.2,0.0043818536465542,0.0002509725198264,0.0060423144559626,0.0025284463533586,-0.0018969338599996,0.00265671609232,0.0109541281298639,-0.0019192635921522,-0.004972914296725,0.0026746497508837,0.004345610110631,0.0031700359093205,0.0045403619927019,15.58,0.2453365332169739,0.0125381817574387
2010-04-14,2026.5,249030.0,15.59,0.0125381817574387,0.0043818536465542,0.0002509725198264,0.0060423144559626,0.0025284463533586,-0.0018969338599996,0.00265671609232,0.0109541281298639,-0.0019192635921522,-0.004972914296725,0.0026746497508837,0.0046595199273248,0.005627534940941,16.2,0.0907060266292922,0.0040627941387875
2010-04-15,2034.75,251310.0,15.89,0.0040627941387875,0.0125381817574387,0.0043818536465542,0.0002509725198264,0.0060423144559626,0.0025284463533586,-0.0018969338599996,0.00265671609232,0.0109541281298639,-0.0019192635921522,-0.004972914296725,0.0044913300953082,0.004869425991589,15.59,0.0091555234309119,-0.0123626249990805
2010-04-16,2009.75,451420.0,18.36,-0.0123626249990805,0.0040627941387875,0.0125381817574387,0.0043818536465542,0.0002509725198264,0.0060423144559626,0.0025284463533586,-0.0018969338599996,0.00265671609232,0.0109541281298639,-0.0019192635921522,0.0090839262842626,0.0069470705362138,15.89,0.7962675579961005,0.0016158104317213
2010-04-19,2013.0,338180.0,17.34,0.0016158104317213,-0.0123626249990805,0.0040627941387875,0.0125381817574387,0.0043818536465542,0.0002509725198264,0.0060423144559626,0.0025284463533586,-0.0018969338599996,0.00265671609232,0.0109541281298639,0.0090471415248174,0.0063482886456318,18.36,-0.2508528642948916,0.0055731149264322
2010-04-20,2024.25,228510.0,15.73,0.0055731149264322,0.0016158104317213,-0.0123626249990805,0.0040627941387875,0.0125381817574387,0.0043818536465542,0.0002509725198264,0.0060423144559626,0.0025284463533586,-0.0018969338599996,0.00265671609232,0.0091392111212638,0.0064489334633792,17.34,-0.3242947542728724,0.0006173220765215
2010-04-21,2025.5,308040.0,16.32,0.0006173220765215,0.0055731149264322,0.0016158104317213,-0.0123626249990805,0.0040627941387875,0.0125381817574387,0.0043818536465542,0.0002509725198264,0.0060423144559626,0.0025284463533586,-0.0018969338599996,0.0071299300144372,0.0063159188840144,15.73,0.3480372850203492,0.0052932972735096
2010-04-22,2036.25,374010.0,16.47,0.0052932972735096,0.0006173220765215,0.0055731149264322,0.0016158104317213,-0.0123626249990805,0.0040627941387875,0.0125381817574387,0.0043818536465542,0.0002509725198264,0.0060423144559626,0.0025284463533586,0.0073279673621466,0.0063763234223004,16.32,0.2141604986365406,0.0081922571026787
2010-04-23,2053.0,289720.0,16.62,0.0081922571026787,0.0052932972735096,0.0006173220765215,0.0055731149264322,0.0016158104317213,-0.0123626249990805,0.0040627941387875,0.0125381817574387,0.0043818536465542,0.0002509725198264,0.0060423144559626,0.0031030407454688,0.0065320875201258,16.47,-0.2253683056602764,-0.0028047088686359
2010-04-26,2047.25,210350.0,17.47,-0.0028047088686359,0.0081922571026787,0.0052932972735096,0.0006173220765215,0.0055731149264322,0.0016158104317213,-0.0123626249990805,0.0040627941387875,0.0125381817574387,0.0043818536465542,0.0002509725198264,0.0044020201646363,0.00674386044015,16.62,-0.2739541626397901,-0.0189847910985752
2010-04-27,2008.75,436320.0,22.81,-0.0189847910985752,-0.0028047088686359,0.0081922571026787,0.0052932972735096,0.0006173220765215,0.0055731149264322,0.0016158104317213,-0.0123626249990805,0.0040627941387875,0.0125381817574387,0.0043818536465542,0.0106299695165591,0.0095604500347876,17.47,1.0742571903969576,-0.000996140040036
2010-04-28,2006.75,359040.0,21.08,-0.000996140040036,-0.0189847910985752,-0.0028047088686359,0.0081922571026787,0.0052932972735096,0.0006173220765215,0.0055731149264322,0.0016158104317213,-0.0123626249990805,0.0040627941387875,0.0125381817574387,0.0105725438493633,0.0085518925127026,22.81,-0.177117711771177,0.0169233857981586
2010-04-29,2041.0,294960.0,18.44,0.0169233857981586,-0.000996140040036,-0.0189847910985752,-0.0028047088686359,0.0081922571026787,0.0052932972735096,0.0006173220765215,0.0055731149264322,0.0016158104317213,-0.0123626249990805,0.0040627941387875,0.0134323235190955,0.0102021755552028,21.08,-0.178475935828877,-0.0210429846584665
2010-04-30,1998.5,341920.0,22.05,-0.0210429846584665,0.0169233857981586,-0.000996140040036,-0.0189847910985752,-0.0028047088686359,0.0081922571026787,0.0052932972735096,0.0006173220765215,0.0055731149264322,0.0016158104317213,-0.0123626249990805,0.0154411041896252,0.0116643888960627,18.44,0.1592080282072145,0.0141599683006219
2010-05-03,2027.0,256440.0,20.19,0.0141599683006219,-0.0210429846584665,0.0169233857981586,-0.000996140040036,-0.0189847910985752,-0.0028047088686359,0.0081922571026787,0.0052932972735096,0.0006173220765215,0.0055731149264322,0.0016158104317213,0.0178280995001203,0.0125643373272305,22.05,-0.25,-0.0287771640410394
2010-05-04,1969.5,515320.00000000006,23.84,-0.0287771640410394,0.0141599683006219,-0.0210429846584665,0.0169233857981586,-0.000996140040036,-0.0189847910985752,-0.0028047088686359,0.0081922571026787,0.0052932972735096,0.0006173220765215,0.0055731149264322,0.0204997110699232,0.0154468586690279,20.19,1.0095148962720328,-0.0056008293050746
2010-05-05,1958.5,401890.0,24.91,-0.0056008293050746,-0.0287771640410394,0.0141599683006219,-0.0210429846584665,0.0169233857981586,-0.000996140040036,-0.0189847910985752,-0.0028047088686359,0.0081922571026787,0.0052932972735096,0.0006173220765215,0.0204373638476066,0.0154217409799755,23.84,-0.2201156562912366,-0.0377206899124832
2010-05-06,1886.0,736170.0,32.8,-0.0377206899124832,-0.0056008293050746,-0.0287771640410394,0.0141599683006219,-0.0210429846584665,0.0169233857981586,-0.000996140040036,-0.0189847910985752,-0.0028047088686359,0.0081922571026787,0.0052932972735096,0.0204819129805659,0.0184418111739133,24.91,0.8317698872825898,-0.0200836848167161
2010-05-07,1848.5,710790.0,40.95,-0.0200836848167161,-0.0377206899124832,-0.0056008293050746,-0.0287771640410394,0.0141599683006219,-0.0210429846584665,0.0169233857981586,-0.000996140040036,-0.0189847910985752,-0.0028047088686359,0.0081922571026787,0.0204248930927107,0.0179000690243694,32.8,-0.0344757325074371,0.0480557085033353
2010-05-10,1939.5,489880.0,28.84,0.0480557085033353,-0.0200836848167161,-0.0377206899124832,-0.0056008293050746,-0.0287771640410394,0.0141599683006219,-0.0210429846584665,0.0169233857981586,-0.000996140040036,-0.0189847910985752,-0.0028047088686359,0.0339323518386276,0.025806656034462,40.95,-0.3107950308811322,-0.002193690795199
2010-05-11,1935.25,373210.0,28.32,-0.002193690795199,0.0480557085033353,-0.0200836848167161,-0.0377206899124832,-0.0056008293050746,-0.0287771640410394,0.0141599683006219,-0.0210429846584665,0.0169233857981586,-0.000996140040036,-0.0189847910985752,0.032055361696459,0.0253675579552851,28.84,-0.2381603658038703,0.0191919913163215
2010-05-12,1972.75,323980.0,25.52,0.0191919913163215,-0.002193690795199,0.0480557085033353,-0.0200836848167161,-0.0377206899124832,-0.0056008293050746,-0.0287771640410394,0.0141599683006219,-0.0210429846584665,0.0169233857981586,-0.000996140040036,0.0335342710281443,0.0263917246831906,28.32,-0.1319096487232389,-0.0130103876010864
2010-05-13,1947.25,329770.0,26.68,-0.0130103876010864,0.0191919913163215,-0.002193690795199,0.0480557085033353,-0.0200836848167161,-0.0377206899124832,-0.0056008293050746,-0.0287771640410394,0.0141599683006219,-0.0210429846584665,0.0169233857981586,0.0276171731062198,0.0257329721556591,25.52,0.0178714735477498,-0.0194457773785888
2010-05-14,1909.75,449750.0,31.24,-0.0194457773785888,-0.0130103876010864,0.0191919913163215,-0.002193690795199,0.0480557085033353,-0.0200836848167161,-0.0377206899124832,-0.0056008293050746,-0.0287771640410394,0.0141599683006219,-0.0210429846584665,0.02746534400778,0.0256250080791866,26.68,0.3638293355975377,0.0019616824442879
2010-05-17,1913.5,363020.0,30.84,0.0019616824442879,-0.0194457773785888,-0.0130103876010864,0.0191919913163215,-0.002193690795199,0.0480557085033353,-0.0200836848167161,-0.0377206899124832,-0.0056008293050746,-0.0287771640410394,0.0141599683006219,0.0148994300696254,0.0249163326317446,31.24,-0.19284046692607,-0.0134159581603109
2010-05-18,1888.0,405000.0,33.55,-0.0134159581603109,0.0019616824442879,-0.0194457773785888,-0.0130103876010864,0.0191919913163215,-0.002193690795199,0.0480557085033353,-0.0200836848167161,-0.0377206899124832,-0.0056008293050746,-0.0287771640410394,0.0156315127027199,0.0237877420614828,30.84,0.115641011514517,-0.0105159038950465
2010-05-19,1868.25,435360.0,35.32,-0.0105159038950465,-0.0134159581603109,0.0019616824442879,-0.0194457773785888,-0.0130103876010864,0.0191919913163215,-0.002193690795199,0.0480557085033353,-0.0200836848167161,-0.0377206899124832,-0.0056008293050746,0.0078959390256533,0.0238699378184223,33.55,0.0749629629629629,-0.0369377597214695
2010-05-20,1800.5,575940.0,45.79,-0.0369377597214695,-0.0105159038950465,-0.0134159581603109,0.0019616824442879,-0.0194457773785888,-0.0130103876010864,0.0191919913163215,-0.002193690795199,0.0480557085033353,-0.0200836848167161,-0.0377206899124832,0.0142223040741507,0.0237506466463024,35.32,0.3229051819184123,0.0103599241382658
2010-05-21,1819.25,514060.0,40.1,0.0103599241382658,-0.0369377597214695,-0.0105159038950465,-0.0134159581603109,0.0019616824442879,-0.0194457773785888,-0.0130103876010864,0.0191919913163215,-0.002193690795199,0.0480557085033353,-0.0200836848167161,0.017991418312853,0.0235008512012733,45.79,-0.1074417474042435,-0.003717220498366
2010-05-24,1812.5,319260.0,38.32,-0.003717220498366,0.0103599241382658,-0.0369377597214695,-0.0105159038950465,-0.0134159581603109,0.0019616824442879,-0.0194457773785888,-0.0130103876010864,0.0191919913163215,-0.002193690795199,0.0480557085033353,0.017233719038475,0.015782816393141,40.1,-0.3789440921293234,0.0016538041255607
2010-05-25,1815.5,425510.0,34.61,0.0016538041255607,-0.003717220498366,0.0103599241382658,-0.0369377597214695,-0.0105159038950465,-0.0134159581603109,0.0019616824442879,-0.0194457773785888,-0.0130103876010864,0.0191919913163215,-0.002193690795199,0.0179736375114493,0.0159528157163925,38.32,0.332800851970181,-0.0133076541093819
2010-05-26,1791.5,391060.0,35.02,-0.0133076541093819,0.0016538041255607,-0.003717220498366,0.0103599241382658,-0.0369377597214695,-0.0105159038950465,-0.0134159581603109,0.0019616824442879,-0.0194457773785888,-0.0130103876010864,0.0191919913163215,0.018120640383201,0.0132429540645076,34.61,-0.0809616695259806,0.0395373293339397
2010-05-27,1863.75,326870.0,29.68,0.0395373293339397,-0.0133076541093819,0.0016538041255607,-0.003717220498366,0.0103599241382658,-0.0369377597214695,-0.0105159038950465,-0.0134159581603109,0.0019616824442879,-0.0194457773785888,-0.0130103876010864,0.0201603784119565,0.0203006467855847,35.02,-0.1641436096762645,-0.0063244508728235
2010-05-28,1852.0,315750.0,32.07,-0.0063244508728235,0.0395373293339397,-0.0133076541093819,0.0016538041255607,-0.003717220498366,0.0103599241382658,-0.0369377597214695,-0.0105159038950465,-0.0134159581603109,0.0019616824442879,-0.0194457773785888,0.0208157363641424,0.0196319040658456,29.68,-0.0340196408358063,-0.0114038705316139
2010-06-01,1831.0,368560.0,35.54,-0.0114038705316139,-0.0063244508728235,0.0395373293339397,-0.0133076541093819,0.0016538041255607,-0.003717220498366,0.0103599241382658,-0.0369377597214695,-0.0105159038950465,-0.0134159581603109,0.0019616824442879,0.0217511530280886,0.0197060624959945,32.07,0.1672525732383214,0.0258774547389546
2010-06-02,1879.0,307150.0,30.17,0.0258774547389546,-0.0114038705316139,-0.0063244508728235,0.0395373293339397,-0.0133076541093819,0.0016538041255607,-0.003717220498366,0.0103599241382658,-0.0369377597214695,-0.0105159038950465,-0.0134159581603109,0.0242053877209097,0.0215421126752616,35.54,-0.1666214456262209,0.0099292534834122
2010-06-03,1897.75,285100.0,29.46,0.0099292534834122,0.0258774547389546,-0.0114038705316139,-0.0063244508728235,0.0395373293339397,-0.0133076541093819,0.0016538041255607,-0.003717220498366,0.0103599241382658,-0.0369377597214695,-0.0105159038950465,0.0214334198261204,0.0214535875608685,30.17,-0.0717890281621357,-0.0340332953027739
2010-06-04,1834.25,426020.0,35.48,-0.0340332953027739,0.0099292534834122,0.0258774547389546,-0.0114038705316139,-0.0063244508728235,0.0395373293339397,-0.0133076541093819,0.0016538041255607,-0.003717220498366,0.0103599241382658,-0.0369377597214695,0.0226143375354162,0.020886546810927,29.46,0.4942827078218168,-0.0212129166391926
2010-06-07,1795.75,334310.0,36.57,-0.0212129166391926,-0.0340332953027739,0.0099292534834122,0.0258774547389546,-0.0114038705316139,-0.0063244508728235,0.0395373293339397,-0.0133076541093819,0.0016538041255607,-0.003717220498366,0.0103599241382658,0.024063828020877,0.0218237268802087,35.48,-0.2152715834937326,-0.0023695042099025
2010-06-08,1791.5,409450.0,33.7,-0.0023695042099025,-0.0212129166391926,-0.0340332953027739,0.0099292534834122,0.0258774547389546,-0.0114038705316139,-0.0063244508728235,0.0395373293339397,-0.0133076541093819,0.0016538041255607,-0.003717220498366,0.0239111571491144,0.0218112997397972,36.57,0.224761448954563,-0.0051766467472706
2010-06-09,1782.25,361910.0,33.73,-0.0051766467472706,-0.0023695042099025,-0.0212129166391926,-0.0340332953027739,0.0099292534834122,0.0258774547389546,-0.0114038705316139,-0.0063244508728235,0.0395373293339397,-0.0133076541093819,0.0016538041255607,0.0171781376360473,0.0218201539220623,33.7,-0.1161069727683478,0.0223325738850753
2010-06-10,1822.5,231350.0,30.57,0.0223325738850753,-0.0051766467472706,-0.0023695042099025,-0.0212129166391926,-0.0340332953027739,0.0099292534834122,0.0258774547389546,-0.0114038705316139,-0.0063244508728235,0.0395373293339397,-0.0133076541093819,0.0212838565242166,0.0226359021794532,33.73,-0.3607526733165704,0.0117279402337258
2010-06-11,1844.0,101880.0,28.79,0.0117279402337258,0.0223325738850753,-0.0051766467472706,-0.0023695042099025,-0.0212129166391926,-0.0340332953027739,0.0099292534834122,0.0258774547389546,-0.0114038705316139,-0.0063244508728235,0.0395373293339397,0.0166813325719219,0.018867619931697,30.57,-0.5596282688567107,0.0020315575484569
2010-06-14,1847.75,97310.0,28.58,0.0020315575484569,0.0117279402337258,0.0223325738850753,-0.0051766467472706,-0.0023695042099025,-0.0212129166391926,-0.0340332953027739,0.0099292534834122,0.0258774547389546,-0.0114038705316139,-0.0063244508728235,0.0112899730783599,0.01879371668083,28.79,-0.0448566941499803,0.0249862687936593
2010-06-15,1894.5,76690.0,25.87,0.0249862687936593,0.0020315575484569,0.0117279402337258,0.0223325738850753,-0.0051766467472706,-0.0023695042099025,-0.0212129166391926,-0.0340332953027739,0.0099292534834122,0.0258774547389546,-0.0114038705316139,0.0129085929935744,0.0198813037581673,28.58,-0.2119001130407974,0.0065763751417634
2010-06-16,1907.0,79010.0,25.92,0.0065763751417634,0.0249862687936593,0.0020315575484569,0.0117279402337258,0.0223325738850753,-0.0051766467472706,-0.0023695042099025,-0.0212129166391926,-0.0340332953027739,0.0099292534834122,0.0258774547389546,0.0099063854925643,0.0183344065122196,25.87,0.0302516625374886,0.0018336612865356
2010-06-17,1910.5,41810.0,25.05,0.0018336612865356,0.0065763751417634,0.0249862687936593,0.0020315575484569,0.0117279402337258,0.0223325738850753,-0.0051766467472706,-0.0023695042099025,-0.0212129166391926,-0.0340332953027739,0.0099292534834122,0.0095898710725614,0.0180970282993191,25.92,-0.4708264776610555,0.0012920202557367
2010-06-18,1912.97,246940.0,23.95,0.0012920202557367,0.0018336612865356,0.0065763751417634,0.0249862687936593,0.0020315575484569,0.0117279402337258,0.0223325738850753,-0.0051766467472706,-0.0023695042099025,-0.0212129166391926,-0.0340332953027739,0.0100877553557643,0.0134115641361603,25.05,4.906242525711552,-0.0070663145150111
2010-06-21,1899.5,328040.0,24.88,-0.0070663145150111,0.0012920202557367,0.0018336612865356,0.0065763751417634,0.0249862687936593,0.0020315575484569,0.0117279402337258,0.0223325738850753,-0.0051766467472706,-0.0023695042099025,-0.0212129166391926,0.0119366208701385,0.0109537969092011,23.95,0.3284198590750788,-0.0112502013784103
2010-06-22,1878.25,335380.0,27.05,-0.0112502013784103,-0.0070663145150111,0.0012920202557367,0.0018336612865356,0.0065763751417634,0.0249862687936593,0.0020315575484569,0.0117279402337258,0.0223325738850753,-0.0051766467472706,-0.0023695042099025,0.0072446254293439,0.0119847072997208,24.88,0.0223753200829166,-0.0023987218324624
2010-06-23,1873.75,321720.0,26.91,-0.0023987218324624,-0.0112502013784103,-0.0070663145150111,0.0012920202557367,0.0018336612865356,0.0065763751417634,0.0249862687936593,0.0020315575484569,0.0117279402337258,0.0223325738850753,-0.0051766467472706,0.0055992595719671,0.0117596830662308,27.05,-0.0407299183016279,-0.0130264381442987
2010-06-24,1849.5,339930.0,29.74,-0.0130264381442987,-0.0023987218324624,-0.0112502013784103,-0.0070663145150111,0.0012920202557367,0.0018336612865356,0.0065763751417634,0.0249862687936593,0.0020315575484569,0.0117279402337258,0.0223325738850753,0.0059794455319582,0.0112772164040776,26.91,0.0566020141738157,-0.0055574524601348
2010-06-25,1839.25,323580.0,28.53,-0.0055574524601348,-0.0130264381442987,-0.0023987218324624,-0.0112502013784103,-0.0070663145150111,0.0012920202557367,0.0018336612865356,0.0065763751417634,0.0249862687936593,0.0020315575484569,0.0117279402337258,0.0042994990806698,0.0108468275475225,29.74,-0.0480981378519106,-0.001768587631938
2010-06-28,1836.0,280730.0,29.0,-0.001768587631938,-0.0055574524601348,-0.0130264381442987,-0.0023987218324624,-0.0112502013784103,-0.0070663145150111,0.0012920202557367,0.0018336612865356,0.0065763751417634,0.0249862687936593,0.0020315575484569,0.0051186694607761,0.0108242488838145,28.53,-0.1324247481302923,-0.0402888215043291
2010-06-29,1763.5,477970.0,34.13,-0.0402888215043291,-0.001768587631938,-0.0055574524601348,-0.0130264381442987,-0.0023987218324624,-0.0112502013784103,-0.0070663145150111,0.0012920202557367,0.0018336612865356,0.0065763751417634,0.0249862687936593,0.0161077264956448,0.0130978708436877,29.0,0.7025968011968795,-0.0145654438507693
2010-06-30,1738.0,370540.0,34.54,-0.0145654438507693,-0.0402888215043291,-0.001768587631938,-0.0055574524601348,-0.0130264381442987,-0.0023987218324624,-0.0112502013784103,-0.0070663145150111,0.0012920202557367,0.0018336612865356,0.0065763751417634,0.0150651228607397,0.0123162610070003,34.13,-0.224763060443124,-0.0057703564613363
2010-07-01,1728.0,505860.0,32.86,-0.0057703564613363,-0.0145654438507693,-0.0402888215043291,-0.001768587631938,-0.0055574524601348,-0.0130264381442987,-0.0023987218324624,-0.0112502013784103,-0.0070663145150111,0.0012920202557367,0.0018336612865356,0.0156460298140305,0.0117768143968178,34.54,0.3651967398931288,-0.0039138993211363
2010-07-02,1721.25,317950.0,30.12,-0.0039138993211363,-0.0057703564613363,-0.0145654438507693,-0.0402888215043291,-0.001768587631938,-0.0055574524601348,-0.0130264381442987,-0.0023987218324624,-0.0112502013784103,-0.0070663145150111,0.0012920202557367,0.0158726044011531,0.0113266850697374,32.86,-0.3714664136322302,0.0076684163669397
2010-07-06,1734.5,359580.0,29.65,0.0076684163669397,-0.0039138993211363,-0.0057703564613363,-0.0145654438507693,-0.0402888215043291,-0.001768587631938,-0.0055574524601348,-0.0130264381442987,-0.0023987218324624,-0.0112502013784103,-0.0070663145150111,0.0179994427734355,0.0127061692276746,30.12,0.1309325365623526,0.0312170637962761
2010-07-07,1789.5,304130.0,26.84,0.0312170637962761,0.0076684163669397,-0.0039138993211363,-0.0057703564613363,-0.0145654438507693,-0.0402888215043291,-0.001768587631938,-0.0055574524601348,-0.0130264381442987,-0.0023987218324624,-0.0112502013784103,0.0176864089306592,0.0179270889937874,29.65,-0.1542076867456476,0.004738684825485
2010-07-08,1798.0,310110.0,25.71,0.004738684825485,0.0312170637962761,0.0076684163669397,-0.0039138993211363,-0.0057703564613363,-0.0145654438507693,-0.0402888215043291,-0.001768587631938,-0.0055574524601348,-0.0130264381442987,-0.0023987218324624,0.0147817197047086,0.0181754652657707,26.84,0.019662644263966,0.0074802953035663
2010-07-09,1811.5,207840.0,24.98,0.0074802953035663,0.004738684825485,0.0312170637962761,0.0076684163669397,-0.0039138993211363,-0.0057703564613363,-0.0145654438507693,-0.0402888215043291,-0.001768587631938,-0.0055574524601348,-0.0130264381442987,0.0130541988674463,0.018216572273837,25.71,-0.3297862048950373,0.0048186229396884
2010-07-12,1820.25,238450.0,24.43,0.0048186229396884,0.0074802953035663,0.004738684825485,0.0312170637962761,0.0076684163669397,-0.0039138993211363,-0.0057703564613363,-0.0145654438507693,-0.0402888215043291,-0.001768587631938,-0.0055574524601348,0.0112856159860972,0.0182915912020193,24.98,0.1472767513471902,0.0121494907886711
2010-07-13,1842.5,310230.0,24.56,0.0121494907886711,0.0048186229396884,0.0074802953035663,0.004738684825485,0.0312170637962761,0.0076684163669397,-0.0039138993211363,-0.0057703564613363,-0.0145654438507693,-0.0402888215043291,-0.001768587631938,0.0111131883909751,0.0187535384755539,24.43,0.3010274690710841,0.0047377415185167
2010-07-14,1851.25,336830.0,24.89,0.0047377415185167,0.0121494907886711,0.0048186229396884,0.0074802953035663,0.004738684825485,0.0312170637962761,0.0076684163669397,-0.0039138993211363,-0.0057703564613363,-0.0145654438507693,-0.0402888215043291,0.0032212772622927,0.0121561576346095,24.56,0.0857428359604164,-0.0010809351140315
2010-07-15,1849.25,366660.0,25.14,-0.0010809351140315,0.0047377415185167,0.0121494907886711,0.0048186229396884,0.0074802953035663,0.004738684825485,0.0312170637962761,0.0076684163669397,-0.0039138993211363,-0.0057703564613363,-0.0145654438507693,0.0048067156083718,0.0103806410346487,24.89,0.0885609951607635,-0.0258829922996938
2010-07-16,1802.0,397730.0,26.25,-0.0258829922996938,-0.0010809351140315,0.0047377415185167,0.0121494907886711,0.0048186229396884,0.0074802953035663,0.004738684825485,0.0312170637962761,0.0076684163669397,-0.0039138993211363,-0.0057703564613363,0.0146530175619185,0.0142032001040734,25.14,0.0847379043255331,0.0019404025492292
2010-07-19,1805.5,301730.0,25.97,0.0019404025492292,-0.0258829922996938,-0.0010809351140315,0.0047377415185167,0.0121494907886711,0.0048186229396884,0.0074802953035663,0.004738684825485,0.0312170637962761,0.0076684163669397,-0.0039138993211363,0.0144194256383921,0.0139503095081479,26.25,-0.2413697734644105,0.0187921310891959
2010-07-20,1839.75,350310.0,23.93,0.0187921310891959,0.0019404025492292,-0.0258829922996938,-0.0010809351140315,0.0047377415185167,0.0121494907886711,0.0048186229396884,0.0074802953035663,0.004738684825485,0.0312170637962761,0.0076684163669397,0.0162019062097394,0.0146331160627047,25.97,0.1610048719053458,-0.0132687809523178
2010-07-21,1815.5,401880.0,25.64,-0.0132687809523178,0.0187921310891959,0.0019404025492292,-0.0258829922996938,-0.0010809351140315,0.0047377415185167,0.0121494907886711,0.0048186229396884,0.0074802953035663,0.004738684825485,0.0312170637962761,0.0167929765758814,0.0127145844882125,23.93,0.1472124689560674,0.0203101099770778
2010-07-22,1852.75,349000.0,24.63,0.0203101099770778,-0.0132687809523178,0.0187921310891959,0.0019404025492292,-0.0258829922996938,-0.0010809351140315,0.0047377415185167,0.0121494907886711,0.0048186229396884,0.0074802953035663,0.004738684825485,0.0200915696276316,0.0140468340795559,25.64,-0.1315815666368069,0.0112707485853392
2010-07-23,1873.75,326680.0,23.47,0.0112707485853392,0.0203101099770778,-0.0132687809523178,0.0187921310891959,0.0019404025492292,-0.0258829922996938,-0.0010809351140315,0.0047377415185167,0.0121494907886711,0.0048186229396884,0.0074802953035663,0.0138528328179872,0.0142311098138014,24.63,-0.0639541547277936,0.0073114317063723
2010-07-26,1887.5,254150.0,22.73,0.0073114317063723,0.0112707485853392,0.0203101099770778,-0.0132687809523178,0.0187921310891959,0.0019404025492292,-0.0258829922996938,-0.0010809351140315,0.0047377415185167,0.0121494907886711,0.0048186229396884,0.0134874227602689,0.0142808815462253,23.47,-0.2220215501408106,-0.0005299417188146
2010-07-27,1886.5,270430.0,23.19,-0.0005299417188146,0.0073114317063723,0.0112707485853392,0.0203101099770778,-0.0132687809523178,0.0187921310891959,0.0019404025492292,-0.0258829922996938,-0.0010809351140315,0.0047377415185167,0.0121494907886711,0.0126825799207236,0.014000342928569,22.73,0.0640566594530789,-0.0089185283325881
2010-07-28,1869.75,253380.0,24.25,-0.0089185283325881,-0.0005299417188146,0.0073114317063723,0.0112707485853392,0.0203101099770778,-0.0132687809523178,0.0187921310891959,0.0019404025492292,-0.0258829922996938,-0.0010809351140315,0.0047377415185167,0.0111738606868623,0.0144028869167404,23.19,-0.0630477387863772,-0.0067078330398613
2010-07-29,1857.25,384510.0,24.13,-0.0067078330398613,-0.0089185283325881,-0.0005299417188146,0.0073114317063723,0.0112707485853392,0.0203101099770778,-0.0132687809523178,0.0187921310891959,0.0019404025492292,-0.0258829922996938,-0.0010809351140315,0.0087196020718797,0.0146015187368649,24.25,0.5175230878522377,0.0026885350244701
2010-07-30,1862.25,355330.0,23.5,0.0026885350244701,-0.0067078330398613,-0.0089185283325881,-0.0005299417188146,0.0073114317063723,0.0112707485853392,0.0203101099770778,-0.0132687809523178,0.0187921310891959,0.0019404025492292,-0.0258829922996938,0.0066693547032939,0.0113030853380859,24.13,-0.075888793529427,0.0170375477550971
2010-08-02,1894.25,244660.0,22.01,0.0170375477550971,0.0026885350244701,-0.0067078330398613,-0.0089185283325881,-0.0005299417188146,0.0073114317063723,0.0112707485853392,0.0203101099770778,-0.0132687809523178,0.0187921310891959,0.0019404025492292,0.0102441885795751,0.0120842152471115,23.5,-0.3114569555061491,-0.0006601096021599
2010-08-03,1893.0,215690.0,22.63,-0.0006601096021599,0.0170375477550971,0.0026885350244701,-0.0067078330398613,-0.0089185283325881,-0.0005299417188146,0.0073114317063723,0.0112707485853392,0.0203101099770778,-0.0132687809523178,0.0187921310891959,0.0102483045501189,0.0111075134658049,22.01,-0.1184092209596991,0.0064503613369038
2010-08-04,1905.25,276210.0,22.21,0.0064503613369038,-0.0006601096021599,0.0170375477550971,0.0026885350244701,-0.0067078330398613,-0.0089185283325881,-0.0005299417188146,0.0073114317063723,0.0112707485853392,0.0203101099770778,-0.0132687809523178,0.008857090926149,0.0095715080071028,22.63,0.280587880754787,-0.0022331700577976
2010-08-05,1901.0,224030.0,22.1,-0.0022331700577976,0.0064503613369038,-0.0006601096021599,0.0170375477550971,0.0026885350244701,-0.0067078330398613,-0.0089185283325881,-0.0005299417188146,0.0073114317063723,0.0112707485853392,0.0203101099770778,0.0076830179492459,0.0080535950810779,22.21,-0.1889142319249845,0.0007887472474118
2010-08-06,1902.5,373030.0,21.74,0.0007887472474118,-0.0022331700577976,0.0064503613369038,-0.0006601096021599,0.0170375477550971,0.0026885350244701,-0.0067078330398613,-0.0089185283325881,-0.0005299417188146,0.0073114317063723,0.0112707485853392,0.007849846346505,0.0074553865591726,22.1,0.6650894969423737,0.0058958572360525
2010-08-09,1913.75,184340.0,22.14,0.0058958572360525,0.0007887472474118,-0.0022331700577976,0.0064503613369038,-0.0006601096021599,0.0170375477550971,0.0026885350244701,-0.0067078330398613,-0.0089185283325881,-0.0005299417188146,0.0073114317063723,0.0039190171681519,0.0073458969233014,21.74,-0.5058306302442163,-0.0090545858429398
2010-08-10,1896.5,344660.0,22.37,-0.0090545858429398,0.0058958572360525,0.0007887472474118,-0.0022331700577976,0.0064503613369038,-0.0006601096021599,0.0170375477550971,0.0026885350244701,-0.0067078330398613,-0.0089185283325881,-0.0005299417188146,0.006389063948295,0.0080529160455218,22.14,0.869697298470218,-0.0314680848747565
2010-08-11,1837.75,407600.0,25.39,-0.0314680848747565,-0.0090545858429398,0.0058958572360525,0.0007887472474118,-0.0022331700577976,0.0064503613369038,-0.0006601096021599,0.0170375477550971,0.0026885350244701,-0.0067078330398613,-0.0089185283325881,0.014597682831705,0.0127686255096373,22.37,0.1826147507688735,-0.0057298928936958
2010-08-12,1827.25,349330.0,25.73,-0.0057298928936958,-0.0314680848747565,-0.0090545858429398,0.0058958572360525,0.0007887472474118,-0.0022331700577976,0.0064503613369038,-0.0006601096021599,0.0170375477550971,0.0026885350244701,-0.0067078330398613,0.0143815518973406,0.0127299191440219,25.39,-0.1429587831207065,-0.0065889051001449
2010-08-13,1815.25,239250.0,26.24,-0.0065889051001449,-0.0057298928936958,-0.0314680848747565,-0.0090545858429398,0.0058958572360525,0.0007887472474118,-0.0022331700577976,0.0064503613369038,-0.0006601096021599,0.0170375477550971,0.0026885350244701,0.0136240071074048,0.0127184017668766,25.73,-0.3151175106632696,0.0026133018104848
2010-08-16,1820.0,286980.0,26.1,0.0026133018104848,-0.0065889051001449,-0.0057298928936958,-0.0314680848747565,-0.0090545858429398,0.0058958572360525,0.0007887472474118,-0.0022331700577976,0.0064503613369038,-0.0006601096021599,0.0170375477550971,0.0127546739449572,0.0109433994563605,26.24,0.1994984326018809,0.0106572944739879
2010-08-17,1839.5,271500.0,24.33,0.0106572944739879,0.0026133018104848,-0.0065889051001449,-0.0057298928936958,-0.0314680848747565,-0.0090545858429398,0.0058958572360525,0.0007887472474118,-0.0022331700577976,0.0064503613369038,-0.0006601096021599,0.0158164805753201,0.0118727717174606,26.1,-0.0539410411875391,-0.0014960900444421
2010-08-18,1836.75,298740.0,24.59,-0.0014960900444421,0.0106572944739879,0.0026133018104848,-0.0065889051001449,-0.0057298928936958,-0.0314680848747565,-0.0090545858429398,0.0058958572360525,0.0007887472474118,-0.0022331700577976,0.0064503613369038,0.0070503838471452,0.0114378387848343,24.33,0.1003314917127071,-0.0091612044295458
2010-08-19,1820.0,346600.0,26.44,-0.0091612044295458,-0.0014960900444421,0.0106572944739879,0.0026133018104848,-0.0065889051001449,-0.0057298928936958,-0.0314680848747565,-0.0090545858429398,0.0058958572360525,0.0007887472474118,-0.0022331700577976,0.0078553454728986,0.0115509669114742,24.59,0.1602061993706902,0.0030174210248505
2010-08-20,1825.5,264180.0,25.49,0.0030174210248505,-0.0091612044295458,-0.0014960900444421,0.0106572944739879,0.0026133018104848,-0.0065889051001449,-0.0057298928936958,-0.0314680848747565,-0.0090545858429398,0.0058958572360525,0.0007887472474118,0.0072342422822042,0.0116819824097592,26.44,-0.2377957299480669,-0.0088033580918944
2010-08-23,1809.5,275130.0,25.66,-0.0088033580918944,0.0030174210248505,-0.0091612044295458,-0.0014960900444421,0.0106572944739879,0.0026133018104848,-0.0065889051001449,-0.0057298928936958,-0.0314680848747565,-0.0090545858429398,0.0058958572360525,0.0083614054935889,0.0111946932683077,25.49,0.0414490120372472,-0.0199546145295447
2010-08-24,1773.75,317740.0,27.46,-0.0199546145295447,-0.0088033580918944,0.0030174210248505,-0.0091612044295458,-0.0014960900444421,0.0106572944739879,0.0026133018104848,-0.0065889051001449,-0.0057298928936958,-0.0314680848747565,-0.0090545858429398,0.0087463691990388,0.0120650984341003,25.66,0.1548722422127721,0.0089799958020419
2010-08-25,1789.75,354190.0,26.7,0.0089799958020419,-0.0199546145295447,-0.0088033580918944,0.0030174210248505,-0.0091612044295458,-0.0014960900444421,0.0106572944739879,0.0026133018104848,-0.0065889051001449,-0.0057298928936958,-0.0314680848747565,0.0113464867353247,0.0092987710365042,27.46,0.1147164348209228,-0.0125098265055666
2010-08-26,1767.5,325470.0,27.37,-0.0125098265055666,0.0089799958020419,-0.0199546145295447,-0.0088033580918944,0.0030174210248505,-0.0091612044295458,-0.0014960900444421,0.0106572944739879,0.0026133018104848,-0.0065889051001449,-0.0057298928936958,0.0117321738412278,0.0097831147430224,26.7,-0.0810864225415737,0.012230418847979
2010-08-27,1789.25,391990.0,24.45,0.012230418847979,-0.0125098265055666,0.0089799958020419,-0.0199546145295447,-0.0088033580918944,0.0030174210248505,-0.0091612044295458,-0.0014960900444421,0.0106572944739879,0.0026133018104848,-0.0065889051001449,0.0139816419753403,0.0108385637661999,27.37,0.2043813561925831,-0.0115234552271591
2010-08-30,1768.75,255850.0,27.21,-0.0115234552271591,0.012230418847979,-0.0125098265055666,0.0089799958020419,-0.0199546145295447,-0.0088033580918944,0.0030174210248505,-0.0091612044295458,-0.0014960900444421,0.0106572944739879,0.0026133018104848,0.0142647568913463,0.0111676955873871,24.45,-0.3473047781831169,-0.0012728945923477
2010-08-31,1766.5,360800.0,26.05,-0.0012728945923477,-0.0115234552271591,0.012230418847979,-0.0125098265055666,0.0089799958020419,-0.0199546145295447,-0.0088033580918944,0.0030174210248505,-0.0091612044295458,-0.0014960900444421,0.0106572944739879,0.0113773289624242,0.0101549813696968,27.21,0.410201289818253,0.0298363132716412
2010-09-01,1820.0,389290.0,23.89,0.0298363132716412,-0.0012728945923477,-0.0115234552271591,0.012230418847979,-0.0125098265055666,0.0089799958020419,-0.0199546145295447,-0.0088033580918944,0.0030174210248505,-0.0091612044295458,-0.0014960900444421,0.0178501507622977,0.0148011282751542,26.05,0.0789634146341462,0.0094333873381395
2010-09-02,1837.25,250870.0,23.19,0.0094333873381395,0.0298363132716412,-0.0012728945923477,-0.0115234552271591,0.012230418847979,-0.0125098265055666,0.0089799958020419,-0.0199546145295447,-0.0088033580918944,0.0030174210248505,-0.0091612044295458,0.0155208847660601,0.0148182155209294,23.89,-0.3555703973901205,0.016062976132742
2010-09-03,1867.0,306190.0,21.31,0.016062976132742,0.0094333873381395,0.0298363132716412,-0.0012728945923477,-0.0115234552271591,0.012230418847979,-0.0125098265055666,0.0089799958020419,-0.0199546145295447,-0.0088033580918944,0.0030174210248505,0.0158883294272176,0.0155759735488141,23.19,0.220512616095986,-0.0051013669498083
2010-09-07,1857.5,271400.0,23.8,-0.0051013669498083,0.016062976132742,0.0094333873381395,0.0298363132716412,-0.0012728945923477,-0.0115234552271591,0.012230418847979,-0.0125098265055666,0.0089799958020419,-0.0199546145295447,-0.0088033580918944,0.0140131412446447,0.015326119882944,21.31,-0.1136222606878082,0.0107096070463755
2010-09-08,1877.5,308420.0,23.25,0.0107096070463755,-0.0051013669498083,0.016062976132742,0.0094333873381395,0.0298363132716412,-0.0012728945923477,-0.0115234552271591,0.012230418847979,-0.0125098265055666,0.0089799958020419,-0.0199546145295447,0.0126013307567348,0.0132326429704667,23.8,0.1364038319823139,0.0043845150954504
2010-09-09,1885.75,235350.0,22.81,0.0043845150954504,0.0107096070463755,-0.0051013669498083,0.016062976132742,0.0094333873381395,0.0298363132716412,-0.0012728945923477,-0.0115234552271591,0.012230418847979,-0.0125098265055666,0.0089799958020419,0.0079852377967903,0.0131851917204431,23.25,-0.2369171908436547,0.0034409774555366
2010-09-10,1892.25,125670.0,21.99,0.0034409774555366,0.0043845150954504,0.0107096070463755,-0.0051013669498083,0.016062976132742,0.0094333873381395,0.0298363132716412,-0.0012728945923477,-0.0115234552271591,0.012230418847979,-0.0125098265055666,0.0079967487578271,0.0116802797504203,22.81,-0.4660293180369662,0.0141678875187311
2010-09-13,1919.25,107080.0,21.21,0.0141678875187311,0.0034409774555366,0.0043845150954504,0.0107096070463755,-0.0051013669498083,0.016062976132742,0.0094333873381395,0.0298363132716412,-0.0012728945923477,-0.0115234552271591,0.012230418847979,0.0074186096389208,0.0117954966474539,21.99,-0.1479271106867191,0.0031213447113517
2010-09-14,1925.25,93460.0,21.56,0.0031213447113517,0.0141678875187311,0.0034409774555366,0.0043845150954504,0.0107096070463755,-0.0051013669498083,0.016062976132742,0.0094333873381395,0.0298363132716412,-0.0012728945923477,-0.0115234552271591,0.0049888691337175,0.0100126485879255,21.21,-0.1271946208442286,0.0087912654111707
2010-09-15,1942.25,82320.0,22.1,0.0087912654111707,0.0031213447113517,0.0141678875187311,0.0034409774555366,0.0043845150954504,0.0107096070463755,-0.0051013669498083,0.016062976132742,0.0094333873381395,0.0298363132716412,-0.0012728945923477,0.0047143197114915,0.0094113531593567,21.56,-0.1191953777016905,0.0052635078833108
2010-09-16,1952.5,58240.0,21.72,0.0052635078833108,0.0087912654111707,0.0031213447113517,0.0141678875187311,0.0034409774555366,0.0043845150954504,0.0107096070463755,-0.0051013669498083,0.016062976132742,0.0094333873381395,0.0298363132716412,0.0046180084988594,0.0061500648720452,22.1,-0.2925170068027211,0.0037471320551732
2010-09-17,1959.83,305010.0,22.01,0.0037471320551732,0.0052635078833108,0.0087912654111707,0.0031213447113517,0.0141678875187311,0.0034409774555366,0.0043845150954504,0.0107096070463755,-0.0051013669498083,0.016062976132742,0.0094333873381395,0.0045614170941911,0.0061657461454498,21.72,4.237122252747253,0.011122557948251
2010-09-20,1981.75,284090.0,21.5,0.011122557948251,0.0037471320551732,0.0052635078833108,0.0087912654111707,0.0031213447113517,0.0141678875187311,0.0034409774555366,0.0043845150954504,0.0107096070463755,-0.0051013669498083,0.016062976132742,0.0034314423837607,0.0054692813237959,22.01,-0.0685879151503229,0.0018904788540408
2010-09-21,1985.5,319920.0,22.35,0.0018904788540408,0.011122557948251,0.0037471320551732,0.0052635078833108,0.0087912654111707,0.0031213447113517,0.0141678875187311,0.0034409774555366,0.0043845150954504,0.0107096070463755,-0.0051013669498083,0.0037551609502937,0.0041961568988247,21.5,0.1261220035904116,-0.0030264840251208
2010-09-22,1979.5,336150.0,22.51,-0.0030264840251208,0.0018904788540408,0.011122557948251,0.0037471320551732,0.0052635078833108,0.0087912654111707,0.0031213447113517,0.0141678875187311,0.0034409774555366,0.0043845150954504,0.0107096070463755,0.0051480981640195,0.0049118691216497,22.35,0.0507314328582144,0.0010098460843043
2010-09-23,1981.5,378090.0,23.87,0.0010098460843043,-0.0030264840251208,0.0018904788540408,0.011122557948251,0.0037471320551732,0.0052635078833108,0.0087912654111707,0.0031213447113517,0.0141678875187311,0.0034409774555366,0.0043845150954504,0.0051969043222612,0.0050935825441025,22.51,0.1247657295850066,0.0183766656446351
2010-09-24,2018.25,304450.0,21.71,0.0183766656446351,0.0010098460843043,-0.0030264840251208,0.0018904788540408,0.011122557948251,0.0037471320551732,0.0052635078833108,0.0087912654111707,0.0031213447113517,0.0141678875187311,0.0034409774555366,0.0086978597481904,0.0065752633778513,23.87,-0.1947684413763918,-0.0054651732103315
2010-09-27,2007.25,233640.0,22.54,-0.0054651732103315,0.0183766656446351,0.0010098460843043,-0.0030264840251208,0.0018904788540408,0.011122557948251,0.0037471320551732,0.0052635078833108,0.0087912654111707,0.0031213447113517,0.0141678875187311,0.0093358223210121,0.0069348242739077,21.71,-0.232583347019215,0.0006225487345434
2010-09-28,2008.5,440360.0,22.6,0.0006225487345434,-0.0054651732103315,0.0183766656446351,0.0010098460843043,-0.0030264840251208,0.0018904788540408,0.011122557948251,0.0037471320551732,0.0052635078833108,0.0087912654111707,0.0031213447113517,0.0093755907094621,0.0070336590801964,22.54,0.8847800034240711,0.0002489110155975
2010-09-29,2009.0,274660.0,23.25,0.0002489110155975,0.0006225487345434,-0.0054651732103315,0.0183766656446351,0.0010098460843043,-0.0030264840251208,0.0018904788540408,0.011122557948251,0.0037471320551732,0.0052635078833108,0.0087912654111707,0.0090176756296206,0.0069366438181288,22.6,-0.3762830411481515,-0.0067424403261458
2010-09-30,1995.5,444530.0,23.7,-0.0067424403261458,0.0002489110155975,0.0006225487345434,-0.0054651732103315,0.0183766656446351,0.0010098460843043,-0.0030264840251208,0.0018904788540408,0.011122557948251,0.0037471320551732,0.0052635078833108,0.010044478858563,0.0075831035171093,23.25,0.6184737493628487,-0.0005012531433272
2010-10-01,1994.5,321290.0,22.5,-0.0005012531433272,-0.0067424403261458,0.0002489110155975,0.0006225487345434,-0.0054651732103315,0.0183766656446351,0.0010098460843043,-0.0030264840251208,0.0018904788540408,0.011122557948251,0.0037471320551732,0.0034642660673344,0.0076044278763083,23.7,-0.2772366319483499,-0.0088128481748444
2010-10-04,1977.0,298950.0,23.53,-0.0088128481748444,-0.0005012531433272,-0.0067424403261458,0.0002489110155975,0.0006225487345434,-0.0054651732103315,0.0183766656446351,0.0010098460843043,-0.0030264840251208,0.0018904788540408,0.011122557948251,0.0044076703146955,0.0074875819930926,22.5,-0.0695321983255002,0.0207741171223786
2010-10-05,2018.5,352210.0,21.76,0.0207741171223786,-0.0088128481748444,-0.0005012531433272,-0.0067424403261458,0.0002489110155975,0.0006225487345434,-0.0054651732103315,0.0183766656446351,0.0010098460843043,-0.0030264840251208,0.0018904788540408,0.0117267935782532,0.010033106343608,23.53,0.1781568824218096,-0.0070847353699345
2010-10-06,2004.25,334880.0,21.49,-0.0070847353699345,0.0207741171223786,-0.0088128481748444,-0.0005012531433272,-0.0067424403261458,0.0002489110155975,0.0006225487345434,-0.0054651732103315,0.0183766656446351,0.0010098460843043,-0.0030264840251208,0.0122883560485502,0.0103211492090292,21.76,-0.0492036001249254,0.0048528683554465
2010-10-07,2014.0,285360.0,21.56,0.0048528683554465,-0.0070847353699345,0.0207741171223786,-0.0088128481748444,-0.0005012531433272,-0.0067424403261458,0.0002489110155975,0.0006225487345434,-0.0054651732103315,0.0183766656446351,0.0010098460843043,0.0118974109620656,0.0103828830726129,21.49,-0.1478738652651696,0.003345935335446
2010-10-08,2020.75,313500.0,20.71,0.003345935335446,0.0048528683554465,-0.0070847353699345,0.0207741171223786,-0.0088128481748444,-0.0005012531433272,-0.0067424403261458,0.0002489110155975,0.0006225487345434,-0.0054651732103315,0.0183766656446351,0.0118319106237801,0.0086284122134434,21.56,0.0986122792262405,0.0023478540287914
2010-10-11,2025.5,175830.0,18.96,0.0023478540287914,0.003345935335446,0.0048528683554465,-0.0070847353699345,0.0207741171223786,-0.0088128481748444,-0.0005012531433272,-0.0067424403261458,0.0002489110155975,0.0006225487345434,-0.0054651732103315,0.010056569105592,0.0084172510694279,20.71,-0.4391387559808613,0.0056615535840605
2010-10-12,2037.0,319820.0,18.93,0.0056615535840605,0.0023478540287914,0.003345935335446,0.0048528683554465,-0.0070847353699345,0.0207741171223786,-0.0088128481748444,-0.0005012531433272,-0.0067424403261458,0.0002489110155975,0.0006225487345434,0.0051443448248786,0.0085482677994331,18.96,0.8189159984075527,0.0092842103482498
2010-10-13,2056.0,296220.0,19.07,0.0092842103482498,0.0056615535840605,0.0023478540287914,0.003345935335446,0.0048528683554465,-0.0070847353699345,0.0207741171223786,-0.0088128481748444,-0.0005012531433272,-0.0067424403261458,0.0002489110155975,0.0026709114326349,0.0088829767120889,18.93,-0.0737915077230942,0.0029140380018494
2010-10-14,2062.0,316760.0,19.88,0.0029140380018494,0.0092842103482498,0.0056615535840605,0.0023478540287914,0.003345935335446,0.0048528683554465,-0.0070847353699345,0.0207741171223786,-0.0088128481748444,-0.0005012531433272,-0.0067424403261458,0.002850207775368,0.0082946443106322,19.07,0.0693403551414488,0.0158771677793328
2010-10-15,2095.0,374140.0,19.03,0.0158771677793328,0.0029140380018494,0.0092842103482498,0.0056615535840605,0.0023478540287914,0.003345935335446,0.0048528683554465,-0.0070847353699345,0.0207741171223786,-0.0088128481748444,-0.0005012531433272,0.0055658634232079,0.0090482375533609,19.88,0.1811466094203813,-0.0002386919691485
2010-10-18,2094.5,254280.0,19.09,-0.0002386919691485,0.0158771677793328,0.0029140380018494,0.0092842103482498,0.0056615535840605,0.0023478540287914,0.003345935335446,0.0048528683554465,-0.0070847353699345,0.0207741171223786,-0.0088128481748444,0.0062140139288896,0.0079412643194131,19.03,-0.320361362056984,-0.0129747134892431
2010-10-19,2067.5,474150.0,20.63,-0.0129747134892431,-0.0002386919691485,0.0158771677793328,0.0029140380018494,0.0092842103482498,0.0056615535840605,0.0023478540287914,0.003345935335446,0.0048528683554465,-0.0070847353699345,0.0207741171223786,0.0108512318160972,0.0080287479341342,19.09,0.8646767343086361,0.0078290071671572
2010-10-20,2083.75,288960.0,19.79,0.0078290071671572,-0.0129747134892431,-0.0002386919691485,0.0158771677793328,0.0029140380018494,0.0092842103482498,0.0056615535840605,0.0023478540287914,0.003345935335446,0.0048528683554465,-0.0070847353699345,0.0106574046320186,0.0074346215061218,20.63,-0.3905726036064536,-0.0018012613696401
2010-10-21,2080.0,327970.0,19.27,-0.0018012613696401,0.0078290071671572,-0.0129747134892431,-0.0002386919691485,0.0158771677793328,0.0029140380018494,0.0092842103482498,0.0056615535840605,0.0023478540287914,0.003345935335446,0.0048528683554465,0.0108387505477763,0.0076339660788952,19.79,0.13500138427464,0.0114724011622367
2010-10-22,2104.0,207000.0,18.78,0.0114724011622367,-0.0018012613696401,0.0078290071671572,-0.0129747134892431,-0.0002386919691485,0.0158771677793328,0.0029140380018494,0.0092842103482498,0.0056615535840605,0.0023478540287914,0.003345935335446,0.0094984053611203,0.0080684981641215,19.27,-0.3688447114065311,0.002136499329014
2010-10-25,2108.5,241770.0,19.85,0.002136499329014,0.0114724011622367,-0.0018012613696401,0.0078290071671572,-0.0129747134892431,-0.0002386919691485,0.0158771677793328,0.0029140380018494,0.0092842103482498,0.0056615535840605,0.0023478540287914,0.0094892759728838,0.0080736901338144,18.78,0.1679710144927535,0.0035507197915754
2010-10-26,2116.0,255460.0,20.22,0.0035507197915754,0.002136499329014,0.0114724011622367,-0.0018012613696401,0.0078290071671572,-0.0129747134892431,-0.0002386919691485,0.0158771677793328,0.0029140380018494,0.0092842103482498,0.0056615535840605,0.0051428429745823,0.0080534562450656,19.85,0.0566240641932416,0.0036558800079517
2010-10-27,2123.75,267310.0,20.71,0.0036558800079517,0.0035507197915754,0.002136499329014,0.0114724011622367,-0.0018012613696401,0.0078290071671572,-0.0129747134892431,-0.0002386919691485,0.0158771677793328,0.0029140380018494,0.0092842103482498,0.004824157274922,0.0078213056336918,20.22,0.0463869098880451,0.0009412872797602
2010-10-28,2125.75,306510.0,20.88,0.0009412872797602,0.0036558800079517,0.0035507197915754,0.002136499329014,0.0114724011622367,-0.0018012613696401,0.0078290071671572,-0.0129747134892431,-0.0002386919691485,0.0158771677793328,0.0029140380018494,0.004134251690032,0.0078553050341078,20.71,0.1466462160038906,-0.0017656410919734
2010-10-29,2122.0,232480.0,21.2,-0.0017656410919734,0.0009412872797602,0.0036558800079517,0.0035507197915754,0.002136499329014,0.0114724011622367,-0.0018012613696401,0.0078290071671572,-0.0129747134892431,-0.0002386919691485,0.0158771677793328,0.0022375994340765,0.0065208827636477,20.88,-0.2415255619718769,0.0032933457195511
2010-11-01,2129.0,286480.0,21.83,0.0032933457195511,-0.0017656410919734,0.0009412872797602,0.0036558800079517,0.0035507197915754,0.002136499329014,0.0114724011622367,-0.0018012613696401,0.0078290071671572,-0.0129747134892431,-0.0002386919691485,0.00235049414658,0.0065251048428495,21.2,0.2322780454232622,0.0099317285381094
2010-11-02,2150.25,227220.0,21.57,0.0099317285381094,0.0032933457195511,-0.0017656410919734,0.0009412872797602,0.0036558800079517,0.0035507197915754,0.002136499329014,0.0114724011622367,-0.0018012613696401,0.0078290071671572,-0.0129747134892431,0.0043385320962398,0.0045481566508727,21.83,-0.2068556269198548,0.0064897666642942
2010-11-03,2164.25,348200.0,19.56,0.0064897666642942,0.0099317285381094,0.0032933457195511,-0.0017656410919734,0.0009412872797602,0.0036558800079517,0.0035507197915754,0.002136499329014,0.0114724011622367,-0.0018012613696401,0.0078290071671572,0.0045890042138848,0.004438810448808,21.57,0.5324355250418098,0.0093130882956073
2010-11-04,2184.5,324320.0,18.52,0.0093130882956073,0.0064897666642942,0.0099317285381094,0.0032933457195511,-0.0017656410919734,0.0009412872797602,0.0036558800079517,0.0035507197915754,0.002136499329014,0.0114724011622367,-0.0018012613696401,0.004816821058517,0.004271433043701,19.56,-0.068581275129236,0.0001144361161631
2010-11-05,2184.75,259750.0,18.26,0.0001144361161631,0.0093130882956073,0.0064897666642942,0.0099317285381094,0.0032933457195511,-0.0017656410919734,0.0009412872797602,0.0036558800079517,0.0035507197915754,0.002136499329014,0.0114724011622367,0.0041380444329951,0.0038159667784701,18.52,-0.1990934879131721,-0.000343347642858
2010-11-08,2184.0,200810.0,18.29,-0.000343347642858,0.0001144361161631,0.0093130882956073,0.0064897666642942,0.0099317285381094,0.0032933457195511,-0.0017656410919734,0.0009412872797602,0.0036558800079517,0.0035507197915754,0.002136499329014,0.0049374345413465,0.0040093151874472,18.26,-0.2269104908565928,-0.0035548457823968
2010-11-09,2176.25,269270.0,19.08,-0.0035548457823968,-0.000343347642858,0.0001144361161631,0.0093130882956073,0.0064897666642942,0.0099317285381094,0.0032933457195511,-0.0017656410919734,0.0009412872797602,0.0036558800079517,0.0035507197915754,0.0053086451910065,0.0045904301534641,18.29,0.3409192769284399,-0.0008044590447057
2010-11-10,2174.5,297590.0,18.47,-0.0008044590447057,-0.0035548457823968,-0.000343347642858,0.0001144361161631,0.0093130882956073,0.0064897666642942,0.0099317285381094,0.0032933457195511,-0.0017656410919734,0.0009412872797602,0.0036558800079517,0.0048909047411561,0.0047138814009153,19.08,0.1051732461841274,-0.000920174898146
2010-11-11,2172.5,316760.0,18.64,-0.000920174898146,-0.0008044590447057,-0.0035548457823968,-0.000343347642858,0.0001144361161631,0.0093130882956073,0.0064897666642942,0.0099317285381094,0.0032933457195511,-0.0017656410919734,0.0009412872797602,0.0014311981978446,0.004811930962048,18.47,0.0644174871467455,-0.0179975830308967
2010-11-12,2133.75,393580.0,20.61,-0.0179975830308967,-0.000920174898146,-0.0008044590447057,-0.0035548457823968,-0.000343347642858,0.0001144361161631,0.0093130882956073,0.0064897666642942,0.0099317285381094,0.0032933457195511,-0.0017656410919734,0.0075262362740088,0.0079823529462657,18.64,0.2425179946963001,-0.0026984236471153
2010-11-15,2128.0,259980.00000000003,20.2,-0.0026984236471153,-0.0179975830308967,-0.000920174898146,-0.0008044590447057,-0.0035548457823968,-0.000343347642858,0.0001144361161631,0.0093130882956073,0.0064897666642942,0.0099317285381094,0.0032933457195511,0.0072522429477119,0.0079786111103354,20.61,-0.3394481426901773,-0.0176597181998998
2010-11-16,2090.75,408240.0,22.58,-0.0176597181998998,-0.0026984236471153,-0.0179975830308967,-0.000920174898146,-0.0008044590447057,-0.0035548457823968,-0.000343347642858,0.0001144361161631,0.0093130882956073,0.0064897666642942,0.0099317285381094,0.0089898133405366,0.0088658468738192,20.2,0.5702746365105007,0.0029848986402848
2010-11-17,2097.0,260010.0,21.76,0.0029848986402848,-0.0176597181998998,-0.0026984236471153,-0.0179975830308967,-0.000920174898146,-0.0008044590447057,-0.0035548457823968,-0.000343347642858,0.0001144361161631,0.0093130882956073,0.0064897666642942,0.0098667259144285,0.008520061960271,22.58,-0.3630952380952381,0.0176075449884958
2010-11-18,2134.25,299550.0,18.75,0.0176075449884958,0.0029848986402848,-0.0176597181998998,-0.0026984236471153,-0.0179975830308967,-0.000920174898146,-0.0008044590447057,-0.0035548457823968,-0.000343347642858,0.0001144361161631,0.0093130882956073,0.0149907351412525,0.0101220337565087,21.76,0.1520710741894542,-0.0003514732623611
2010-11-19,2133.5,216790.0,18.04,-0.0003514732623611,0.0176075449884958,0.0029848986402848,-0.0176597181998998,-0.0026984236471153,-0.0179975830308967,-0.000920174898146,-0.0008044590447057,-0.0035548457823968,-0.000343347642858,0.0001144361161631,0.0126313418241773,0.0101106123503489,18.75,-0.2762810882991153,0.0097948544278381
2010-11-22,2154.5,284560.0,18.37,0.0097948544278381,-0.0003514732623611,0.0176075449884958,0.0029848986402848,-0.0176597181998998,-0.0026984236471153,-0.0179975830308967,-0.000920174898146,-0.0008044590447057,-0.0035548457823968,-0.000343347642858,0.0131930854157042,0.0108202207349651,18.04,0.3126066700493566,-0.0166143987875936
2010-11-23,2119.0,342590.0,20.63,-0.0166143987875936,0.0097948544278381,-0.0003514732623611,0.0176075449884958,0.0029848986402848,-0.0176597181998998,-0.0026984236471153,-0.0179975830308967,-0.000920174898146,-0.0008044590447057,-0.0035548457823968,0.0127965745318239,0.0118533649819454,18.37,0.2039288726454877,0.0182375875497807
2010-11-24,2158.0,267840.0,19.56,0.0182375875497807,-0.0166143987875936,0.0097948544278381,-0.0003514732623611,0.0176075449884958,0.0029848986402848,-0.0176597181998998,-0.0026984236471153,-0.0179975830308967,-0.000920174898146,-0.0008044590447057,0.0145799110139832,0.0135881932906992,20.63,-0.2181908403631163,-0.0055762226274361
2010-11-26,2146.0,112450.0,22.22,-0.0055762226274361,0.0182375875497807,-0.0166143987875936,0.0097948544278381,-0.0003514732623611,0.0176075449884958,0.0029848986402848,-0.0176597181998998,-0.0026984236471153,-0.0179975830308967,-0.000920174898146,0.0135071835472936,0.0136737287196735,19.56,-0.5801597968936678,-0.0002330187590643
2010-11-29,2145.5,294230.0,21.53,-0.0002330187590643,-0.0055762226274361,0.0182375875497807,-0.0166143987875936,0.0097948544278381,-0.0003514732623611,0.0176075449884958,0.0029848986402848,-0.0176597181998998,-0.0026984236471153,-0.0179975830308967,0.0135041090503059,0.0123420046412967,22.22,1.616540684748777,-0.0133726332967142
2010-11-30,2117.0,320210.0,23.54,-0.0133726332967142,-0.0002330187590643,-0.0055762226274361,0.0182375875497807,-0.0166143987875936,0.0097948544278381,-0.0003514732623611,0.0176075449884958,0.0029848986402848,-0.0176597181998998,-0.0026984236471153,0.0137564733332679,0.0130928369971855,21.53,0.0882982700608367,0.0194135438606669
2010-12-01,2158.5,307680.0,21.36,0.0194135438606669,-0.0133726332967142,-0.0002330187590643,-0.0055762226274361,0.0182375875497807,-0.0166143987875936,0.0097948544278381,-0.0003514732623611,0.0176075449884958,0.0029848986402848,-0.0176597181998998,0.0145880813840946,0.012947783218109,23.54,-0.039130570563068,0.0131172056812355
2010-12-02,2187.0,235670.0,19.39,0.0131172056812355,0.0194135438606669,-0.0133726332967142,-0.0002330187590643,-0.0055762226274361,0.0182375875497807,-0.0166143987875936,0.0097948544278381,-0.0003514732623611,0.0176075449884958,0.0029848986402848,0.0134469713684578,0.0133211013680513,21.36,-0.2340418616744669,0.0001143053096061
2010-12-03,2187.25,182020.0,18.01,0.0001143053096061,0.0131172056812355,0.0194135438606669,-0.0133726332967142,-0.0002330187590643,-0.0055762226274361,0.0182375875497807,-0.0166143987875936,0.0097948544278381,-0.0003514732623611,0.0176075449884958,0.0127998211226225,0.0124876623694823,19.39,-0.2276488309924894,0.0014847812675792
2010-12-06,2190.5,173120.0,18.02,0.0014847812675792,0.0001143053096061,0.0131172056812355,0.0194135438606669,-0.0133726332967142,-0.0002330187590643,-0.0055762226274361,0.0182375875497807,-0.0166143987875936,0.0097948544278381,-0.0003514732623611,0.0126867986379227,0.0124553009198217,18.01,-0.0488957257444236,-0.0002282844434066
2010-12-07,2190.0,235790.0,17.99,-0.0002282844434066,0.0014847812675792,0.0001143053096061,0.0131172056812355,0.0194135438606669,-0.0133726332967142,-0.0002330187590643,-0.0055762226274361,0.0182375875497807,-0.0166143987875936,0.0097948544278381,0.0089631674620856,0.0122162520322551,18.02,0.362003234750462,0.0047830634405995
2010-12-08,2200.5,206130.0,17.74,0.0047830634405995,-0.0002282844434066,0.0014847812675792,0.0001143053096061,0.0131172056812355,0.0194135438606669,-0.0133726332967142,-0.0002330187590643,-0.0055762226274361,0.0182375875497807,-0.0166143987875936,0.0055437734936664,0.0104043071354873,17.99,-0.1257898977904067,0.0003407735592696
2010-12-09,2201.25,161290.0,17.25,0.0003407735592696,0.0047830634405995,-0.0002282844434066,0.0014847812675792,0.0001143053096061,0.0131172056812355,0.0194135438606669,-0.0133726332967142,-0.0002330187590643,-0.0055762226274361,0.0182375875497807,0.0020510673991666,0.009097067418665,17.74,-0.2175326250424489,0.0069039943746923
2010-12-10,2216.5,98940.0,17.61,0.0069039943746923,0.0003407735592696,0.0047830634405995,-0.0002282844434066,0.0014847812675792,0.0001143053096061,0.0131172056812355,0.0194135438606669,-0.0133726332967142,-0.0002330187590643,-0.0055762226274361,0.0030667969806706,0.0087956728397095,17.25,-0.3865707731415463,-0.0021453178216129
2010-12-13,2211.75,110950.0,17.55,-0.0021453178216129,0.0069039943746923,0.0003407735592696,0.0047830634405995,-0.0002282844434066,0.0014847812675792,0.0001143053096061,0.0131172056812355,0.0194135438606669,-0.0133726332967142,-0.0002330187590643,0.0037640614774538,0.0088995610158141,17.61,0.1213866990095007,0.0015812065639164
2010-12-14,2215.25,86260.0,17.61,0.0015812065639164,-0.0021453178216129,0.0069039943746923,0.0003407735592696,0.0047830634405995,-0.0002282844434066,0.0014847812675792,0.0001143053096061,0.0131172056812355,0.0194135438606669,-0.0133726332967142,0.0035874150788284,0.0068570912209427,17.55,-0.2225326723749436,-0.0058856989375067
2010-12-15,2202.25,101020.0,17.94,-0.0058856989375067,0.0015812065639164,-0.0021453178216129,0.0069039943746923,0.0003407735592696,0.0047830634405995,-0.0002282844434066,0.0014847812675792,0.0001143053096061,0.0131172056812355,0.0194135438606669,0.0047275503201888,0.0052331136194298,17.61,0.1711105958729422,0.0081402371487083
2010-12-16,2220.25,66670.0,17.39,0.0081402371487083,-0.0058856989375067,0.0015812065639164,-0.0021453178216129,0.0069039943746923,0.0003407735592696,0.0047830634405995,-0.0002282844434066,0.0014847812675792,0.0001143053096061,0.0131172056812355,0.0059350618848111,0.004192165400897,17.94,-0.3400316768956642,0.0012018447736125
2010-12-17,2222.92,158390.0,16.11,0.0012018447736125,0.0081402371487083,-0.0058856989375067,0.0015812065639164,-0.0021453178216129,0.0069039943746923,0.0003407735592696,0.0047830634405995,-0.0002282844434066,0.0014847812675792,0.0001143053096061,0.0051908308411285,0.0041659913844576,17.39,1.375731213439328,-0.0012018447736124
2010-12-20,2220.25,172360.0,16.41,-0.0012018447736124,0.0012018447736125,0.0081402371487083,-0.0058856989375067,0.0015812065639164,-0.0021453178216129,0.0069039943746923,0.0003407735592696,0.0047830634405995,-0.0002282844434066,0.0014847812675792,0.0050830945579859,0.0042610576720511,16.11,0.0882000126270599,0.006733276476814
2010-12-21,2235.25,103150.0,16.49,0.006733276476814,-0.0012018447736124,0.0012018447736125,0.0081402371487083,-0.0058856989375067,0.0015812065639164,-0.0021453178216129,0.0069039943746923,0.0003407735592696,0.0047830634405995,-0.0002282844434066,0.0057657311782612,0.0045346299939757,16.41,-0.4015432815038292,0.0003354766595622
2010-12-22,2236.0,89780.0,15.45,0.0003354766595622,0.006733276476814,-0.0012018447736124,0.0012018447736125,0.0081402371487083,-0.0058856989375067,0.0015812065639164,-0.0021453178216129,0.0069039943746923,0.0003407735592696,0.0047830634405995,0.0041333764092114,0.0044536447459135,16.49,-0.1296170625302957,-0.0024627797066703
2010-12-23,2230.5,87910.0,16.47,-0.0024627797066703,0.0003354766595622,0.006733276476814,-0.0012018447736124,0.0012018447736125,0.0081402371487083,-0.0058856989375067,0.0015812065639164,-0.0021453178216129,0.0069039943746923,0.0003407735592696,0.0035412110943364,0.0046266296111467,15.45,-0.0208286923591,-0.000224190114155
2010-12-27,2230.0,139750.0,17.67,-0.000224190114155,-0.0024627797066703,0.0003354766595622,0.006733276476814,-0.0012018447736124,0.0012018447736125,0.0081402371487083,-0.0058856989375067,0.0015812065639164,-0.0021453178216129,0.0069039943746923,0.0035702636746801,0.0042001892196985,16.47,0.5896940052326243,-0.0020199759982554
2010-12-28,2225.5,80280.0,17.52,-0.0020199759982554,-0.000224190114155,-0.0024627797066703,0.0003354766595622,0.006733276476814,-0.0012018447736124,0.0012018447736125,0.0081402371487083,-0.0058856989375067,0.0015812065639164,-0.0021453178216129,0.0036922140399063,0.0041912399169191,17.67,-0.4255456171735241,0.0013471039307015
2010-12-29,2228.5,64610.0,17.28,0.0013471039307015,-0.0020199759982554,-0.000224190114155,-0.0024627797066703,0.0003354766595622,0.006733276476814,-0.0012018447736124,0.0012018447736125,0.0081402371487083,-0.0058856989375067,0.0015812065639164,0.0016041917517998,0.0041859234401543,17.52,-0.1951918285999003,-0.001796542140514
2010-12-30,2224.5,85960.0,17.52,-0.001796542140514,0.0013471039307015,-0.0020199759982554,-0.000224190114155,-0.0024627797066703,0.0003354766595622,0.006733276476814,-0.0012018447736124,0.0012018447736125,0.0081402371487083,-0.0058856989375067,0.0015748366214049,0.0036474418857943,17.28,0.3304442036836403,-0.003828402378922
2010-12-31,2216.0,100070.0,17.75,-0.003828402378922,-0.001796542140514,0.0013471039307015,-0.0020199759982554,-0.000224190114155,-0.0024627797066703,0.0003354766595622,0.006733276476814,-0.0012018447736124,0.0012018447736125,0.0081402371487083,0.0019571770101698,0.0029413916894033,17.52,0.1641461144718474,0.0154486448658129
2011-01-03,2250.5,276750.0,17.61,0.0154486448658129,-0.003828402378922,-0.001796542140514,0.0013471039307015,-0.0020199759982554,-0.000224190114155,-0.0024627797066703,0.0003354766595622,0.006733276476814,-0.0012018447736124,0.0012018447736125,0.0078372877486973,0.0057758558795837,17.75,1.7655641051264117,-0.0022242002051946
2011-01-04,2245.5,216370.0,17.38,-0.0022242002051946,0.0154486448658129,-0.003828402378922,-0.001796542140514,0.0013471039307015,-0.0020199759982554,-0.000224190114155,-0.0024627797066703,0.0003354766595622,0.006733276476814,-0.0012018447736124,0.0078628599646801,0.0058325142300396,17.61,-0.2181752484191508,0.0107414797240737
2011-01-05,2269.75,213120.0,17.02,0.0107414797240737,-0.0022242002051946,0.0154486448658129,-0.003828402378922,-0.001796542140514,0.0013471039307015,-0.0020199759982554,-0.000224190114155,-0.0024627797066703,0.0003354766595622,0.006733276476814,0.0087976275404156,0.0063729857224291,17.38,-0.0150205666219901,0.0028596587899512
2011-01-06,2276.25,177330.0,17.4,0.0028596587899512,0.0107414797240737,-0.0022242002051946,0.0154486448658129,-0.003828402378922,-0.001796542140514,0.0013471039307015,-0.0020199759982554,-0.000224190114155,-0.0024627797066703,0.0003354766595622,0.0083073360601511,0.006370331340022,17.02,-0.1679335585585585,-0.0014288071892745
2011-01-07,2273.0,279360.0,17.14,-0.0014288071892745,0.0028596587899512,0.0107414797240737,-0.0022242002051946,0.0154486448658129,-0.003828402378922,-0.001796542140514,0.0013471039307015,-0.0020199759982554,-0.000224190114155,-0.0024627797066703,0.0077493059962546,0.0063017635089957,17.4,0.5753679580443241,0.0041707886165803
2011-01-10,2282.5,197990.0,17.54,0.0041707886165803,-0.0014288071892745,0.0028596587899512,0.0107414797240737,-0.0022242002051946,0.0154486448658129,-0.003828402378922,-0.001796542140514,0.0013471039307015,-0.0020199759982554,-0.000224190114155,0.0051978911679558,0.0062913768204495,17.14,-0.2912729095074455,0.0013134853026755
2011-01-11,2285.5,208380.0,16.89,0.0013134853026755,0.0041707886165803,-0.0014288071892745,0.0028596587899512,0.0107414797240737,-0.0022242002051946,0.0154486448658129,-0.003828402378922,-0.001796542140514,0.0013471039307015,-0.0020199759982554,0.0045378437781,0.0061214811566073,17.54,0.0524773978483761,0.0082789143887639
2011-01-12,2304.5,176800.0,16.24,0.0082789143887639,0.0013134853026755,0.0041707886165803,-0.0014288071892745,0.0028596587899512,0.0107414797240737,-0.0022242002051946,0.0154486448658129,-0.003828402378922,-0.001796542140514,0.0013471039307015,0.00359543159477,0.0063446551248469,16.89,-0.1515500527881754,-0.000759672292218
2011-01-13,2302.75,185940.0,16.39,-0.000759672292218,0.0082789143887639,0.0013134853026755,0.0041707886165803,-0.0014288071892745,0.0028596587899512,0.0107414797240737,-0.0022242002051946,0.0154486448658129,-0.003828402378922,-0.001796542140514,0.0039838724839324,0.006259034147417,16.24,0.0516968325791855,0.0074631247920106
2011-01-14,2320.0,177970.0,15.46,0.0074631247920106,-0.000759672292218,0.0082789143887639,0.0013134853026755,0.0041707886165803,-0.0014288071892745,0.0028596587899512,0.0107414797240737,-0.0022242002051946,0.0154486448658129,-0.003828402378922,0.0038781374795934,0.0058003582094726,16.39,-0.0428632892330859,0.0046229185164473
2011-01-18,2330.75,289650.0,15.87,0.0046229185164473,0.0074631247920106,-0.000759672292218,0.0082789143887639,0.0013134853026755,0.0041707886165803,-0.0014288071892745,0.0028596587899512,0.0107414797240737,-0.0022242002051946,0.0154486448658129,0.0038856589780607,0.0043854490518115,15.46,0.6275214923863572,-0.0156751493419147
2011-01-19,2294.5,293320.0,17.31,-0.0156751493419147,0.0046229185164473,0.0074631247920106,-0.000759672292218,0.0082789143887639,0.0013134853026755,0.0041707886165803,-0.0014288071892745,0.0028596587899512,0.0107414797240737,-0.0022242002051946,0.0098591105800084,0.0073787829917238,15.87,0.01267046435353,-0.0056818334674309
2011-01-20,2281.5,351070.0,17.99,-0.0056818334674309,-0.0156751493419147,0.0046229185164473,0.0074631247920106,-0.000759672292218,0.0082789143887639,0.0013134853026755,0.0041707886165803,-0.0014288071892745,0.0028596587899512,0.0107414797240737,0.0091585699363567,0.0070777776791162,17.31,0.1968839492704213,-0.0054939155876155
2011-01-21,2269.0,252570.0,18.47,-0.0054939155876155,-0.0056818334674309,-0.0156751493419147,0.0046229185164473,0.0074631247920106,-0.000759672292218,0.0082789143887639,0.0013134853026755,0.0041707886165803,-0.0014288071892745,0.0028596587899512,0.0092418351132328,0.0072610703805145,17.99,-0.2805708263309311,0.0126999736288593
2011-01-24,2298.0,222970.0,17.65,0.0126999736288593,-0.0054939155876155,-0.0056818334674309,-0.0156751493419147,0.0046229185164473,0.0074631247920106,-0.000759672292218,0.0082789143887639,0.0013134853026755,0.0041707886165803,-0.0014288071892745,0.0108706114373101,0.0083187102268763,18.47,-0.1171952330047115,0.0014132741385865
2011-01-25,2301.25,250700.0,17.59,0.0014132741385865,0.0126999736288593,-0.0054939155876155,-0.0056818334674309,-0.0156751493419147,0.0046229185164473,0.0074631247920106,-0.000759672292218,0.0082789143887639,0.0013134853026755,0.0041707886165803,0.0104763277461546,0.0082508088807314,17.65,0.1243665067049379,0.0074679712842278
2011-01-26,2318.5,218230.0,16.64,0.0074679712842278,0.0014132741385865,0.0126999736288593,-0.0054939155876155,-0.0056818334674309,-0.0156751493419147,0.0046229185164473,0.0074631247920106,-0.000759672292218,0.0082789143887639,0.0013134853026755,0.0080602240653082,0.0085171075463336,17.59,-0.1295173514160351,0.0019390289388936
2011-01-27,2323.0,242550.0,16.15,0.0019390289388936,0.0074679712842278,0.0014132741385865,0.0126999736288593,-0.0054939155876155,-0.0056818334674309,-0.0156751493419147,0.0046229185164473,0.0074631247920106,-0.000759672292218,0.0082789143887639,0.0068558456589239,0.00818024248265,16.64,0.111442056545846,-0.0239610679227664
2011-01-28,2268.0,434900.0,20.04,-0.0239610679227664,0.0019390289388936,0.0074679712842278,0.0014132741385865,0.0126999736288593,-0.0054939155876155,-0.0056818334674309,-0.0156751493419147,0.0046229185164473,0.0074631247920106,-0.000759672292218,0.0141148061787024,0.0113483962508951,16.15,0.7930323644609358,0.0052770571008438
2011-01-31,2280.0,316720.0,19.53,0.0052770571008438,-0.0239610679227664,0.0019390289388936,0.0074679712842278,0.0014132741385865,0.0126999736288593,-0.0054939155876155,-0.0056818334674309,-0.0156751493419147,0.0046229185164473,0.0074631247920106,0.0127587245594981,0.0111758567209178,20.04,-0.2717406300298919,0.0184687487395072
2011-02-01,2322.5,300510.0,17.63,0.0184687487395072,0.0052770571008438,-0.0239610679227664,0.0019390289388936,0.0074679712842278,0.0014132741385865,0.0126999736288593,-0.0054939155876155,-0.0056818334674309,-0.0156751493419147,0.0046229185164473,0.0156979903647449,0.0127924074153792,19.53,-0.0511808537509471,-0.0011847704547049
2011-02-02,2319.75,193310.0,17.3,-0.0011847704547049,0.0184687487395072,0.0052770571008438,-0.0239610679227664,0.0019390289388936,0.0074679712842278,0.0014132741385865,0.0126999736288593,-0.0054939155876155,-0.0056818334674309,-0.0156751493419147,0.015396267392456,0.0116322529418648,17.63,-0.3567268976074007,0.000861790422829
2011-02-03,2321.75,258040.00000000003,16.69,0.000861790422829,-0.0011847704547049,0.0184687487395072,0.0052770571008438,-0.0239610679227664,0.0019390289388936,0.0074679712842278,0.0014132741385865,0.0126999736288593,-0.0054939155876155,-0.0056818334674309,0.0153717534010969,0.0113902396423581,17.3,0.3348507578500854,0.0067607705067243
2011-02-04,2337.5,224140.0,15.93,0.0067607705067243,0.000861790422829,-0.0011847704547049,0.0184687487395072,0.0052770571008438,-0.0239610679227664,0.0019390289388936,0.0074679712842278,0.0014132741385865,0.0126999736288593,-0.0054939155876155,0.00765810838185,0.0111817460217355,16.69,-0.1313749806231593,0.0032034197175376
2011-02-07,2345.0,240700.0,16.28,0.0032034197175376,0.0067607705067243,0.000861790422829,-0.0011847704547049,0.0184687487395072,0.0052770571008438,-0.0239610679227664,0.0019390289388936,0.0074679712842278,0.0014132741385865,0.0126999736288593,0.00776493723843,0.0106548261721261,15.93,0.073882394931739,0.0075407929947857
2011-02-08,2362.75,187540.0,15.81,0.0075407929947857,0.0032034197175376,0.0067607705067243,0.000861790422829,-0.0011847704547049,0.0184687487395072,0.0052770571008438,-0.0239610679227664,0.0019390289388936,0.0074679712842278,0.0014132741385865,0.0037395050401069,0.0107910849588276,16.28,-0.2208558371416701,-0.0002116402124302
2011-02-09,2362.25,198570.0,15.87,-0.0002116402124302,0.0075407929947857,0.0032034197175376,0.0067607705067243,0.000861790422829,-0.0011847704547049,0.0184687487395072,0.0052770571008438,-0.0239610679227664,0.0019390289388936,0.0074679712842278,0.0034532294691241,0.0106818236162782,15.81,0.0588141196544738,-0.0002116850134915
2011-02-10,2361.75,334190.0,16.09,-0.0002116850134915,-0.0002116402124302,0.0075407929947857,0.0032034197175376,0.0067607705067243,0.000861790422829,-0.0011847704547049,0.0184687487395072,0.0052770571008438,-0.0239610679227664,0.0019390289388936,0.0036934559997089,0.0107018989351486,15.87,0.6829833308153297,0.0069620534373227
2011-02-11,2378.25,191880.0,15.69,0.0069620534373227,-0.0002116850134915,-0.0002116402124302,0.0075407929947857,0.0032034197175376,0.0067607705067243,0.000861790422829,-0.0011847704547049,0.0184687487395072,0.0052770571008438,-0.0239610679227664,0.0037398274582834,0.005842130743112,16.09,-0.4258356025015709,0.0014705885003224
2011-02-14,2381.75,153280.0,15.95,0.0014705885003224,0.0069620534373227,-0.0002116850134915,-0.0002116402124302,0.0075407929947857,0.0032034197175376,0.0067607705067243,0.000861790422829,-0.0011847704547049,0.0184687487395072,0.0052770571008438,0.0038478824481521,0.0059271201538414,15.69,-0.2011673962893475,-0.0001049703459736
2011-02-15,2381.5,166710.0,16.37,-0.0001049703459736,0.0014705885003224,0.0069620534373227,-0.0002116850134915,-0.0002116402124302,0.0075407929947857,0.0032034197175376,0.0067607705067243,0.000861790422829,-0.0011847704547049,0.0184687487395072,0.0030918320299403,0.0033793619482416,15.95,0.0876174321503131,0.0043992948296073
2011-02-16,2392.0,230670.0,16.72,0.0043992948296073,-0.0001049703459736,0.0014705885003224,0.0069620534373227,-0.0002116850134915,-0.0002116402124302,0.0075407929947857,0.0032034197175376,0.0067607705067243,0.000861790422829,-0.0011847704547049,0.0031111086920292,0.0031551713692289,16.37,0.3836602483354328,0.0006268937620412
2011-02-17,2393.5,197730.0,16.59,0.0006268937620412,0.0043992948296073,-0.0001049703459736,0.0014705885003224,0.0069620534373227,-0.0002116850134915,-0.0002116402124302,0.0075407929947857,0.0032034197175376,0.0067607705067243,0.000861790422829,0.0029464178167106,0.0031742300613385,16.72,-0.1428014046039797,0.0006265010124518
2011-02-18,2395.0,183850.0,16.43,0.0006265010124518,0.0006268937620412,0.0043992948296073,-0.0001049703459736,0.0014705885003224,0.0069620534373227,-0.0002116850134915,-0.0002116402124302,0.0075407929947857,0.0032034197175376,0.0067607705067243,0.0017650506265866,0.0029616647332642,16.59,-0.0701967329186263,-0.0310620191888978
2011-02-22,2321.75,450250.0,20.8,-0.0310620191888978,0.0006265010124518,0.0006268937620412,0.0043992948296073,-0.0001049703459736,0.0014705885003224,0.0069620534373227,-0.0002116850134915,-0.0002116402124302,0.0075407929947857,0.0032034197175376,0.0146185109448502,0.0109679169510382,16.43,1.4490073429426165,-0.007891506280146
2011-02-23,2303.5,407850.0,22.13,-0.007891506280146,-0.0310620191888978,0.0006265010124518,0.0006268937620412,0.0043992948296073,-0.0001049703459736,0.0014705885003224,0.0069620534373227,-0.0002116850134915,-0.0002116402124302,0.0075407929947857,0.0143655409566222,0.0107160288735949,20.8,-0.0941699056079955,0.0020599562767655
2011-02-24,2308.25,362550.0,21.32,0.0020599562767655,-0.007891506280146,-0.0310620191888978,0.0006265010124518,0.0006268937620412,0.0043992948296073,-0.0001049703459736,0.0014705885003224,0.0069620534373227,-0.0002116850134915,-0.0002116402124302,0.0139473063718831,0.0107946499190624,22.13,-0.1110702464141228,0.0161155185174218
2011-02-25,2345.75,244700.0,19.22,0.0161155185174218,0.0020599562767655,-0.007891506280146,-0.0310620191888978,0.0006265010124518,0.0006268937620412,0.0043992948296073,-0.0001049703459736,0.0014705885003224,0.0069620534373227,-0.0002116850134915,0.0173943509304596,0.0122802485401171,21.32,-0.3250586126051579,0.0021292459870272
2011-02-28,2350.75,232540.0,18.35,0.0021292459870272,0.0161155185174218,0.0020599562767655,-0.007891506280146,-0.0310620191888978,0.0006265010124518,0.0006268937620412,0.0043992948296073,-0.0001049703459736,0.0014705885003224,0.0069620534373227,0.0175075438713209,0.0120388170820501,19.22,-0.0496935022476502,-0.0168377617289061
2011-03-01,2311.5,349700.0,21.01,-0.0168377617289061,0.0021292459870272,0.0161155185174218,0.0020599562767655,-0.007891506280146,-0.0310620191888978,0.0006265010124518,0.0006268937620412,0.0043992948296073,-0.0001049703459736,0.0014705885003224,0.0123527103624625,0.0129513578399309,18.35,0.5038272985292853,0.0050704030091684
2011-03-02,2323.25,335530.0,20.7,0.0050704030091684,-0.0168377617289061,0.0021292459870272,0.0161155185174218,0.0020599562767655,-0.007891506280146,-0.0310620191888978,0.0006265010124518,0.0006268937620412,0.0043992948296073,-0.0001049703459736,0.0118651690036623,0.0131809942738292,21.01,-0.0405204460966542,0.0206610118355375
2011-03-03,2371.75,288790.0,18.6,0.0206610118355375,0.0050704030091684,-0.0168377617289061,0.0021292459870272,0.0161155185174218,0.0020599562767655,-0.007891506280146,-0.0310620191888978,0.0006265010124518,0.0006268937620412,0.0043992948296073,0.0146034370967544,0.0150009854569178,20.7,-0.1393019998211784,-0.0050723980679324
2011-03-04,2359.75,299220.0,19.06,-0.0050723980679324,0.0206610118355375,0.0050704030091684,-0.0168377617289061,0.0021292459870272,0.0161155185174218,0.0020599562767655,-0.007891506280146,-0.0310620191888978,0.0006265010124518,0.0006268937620412,0.0137774982752911,0.0150468280789266,18.6,0.0361162090100073,-0.0150507190744143
2011-03-07,2324.5,402340.0,20.66,-0.0150507190744143,-0.0050723980679324,0.0206610118355375,0.0050704030091684,-0.0168377617289061,0.0021292459870272,0.0161155185174218,0.0020599562767655,-0.007891506280146,-0.0310620191888978,0.0006265010124518,0.0155171663902823,0.015615842533731,19.06,0.344629369694539,0.0039714537252929
2011-03-08,2333.75,363780.0,19.82,0.0039714537252929,-0.0150507190744143,-0.0050723980679324,0.0206610118355375,0.0050704030091684,-0.0168377617289061,0.0021292459870272,0.0161155185174218,0.0020599562767655,-0.007891506280146,-0.0310620191888978,0.01325007434667,0.0121665649860952,20.66,-0.0958393398618083,-0.0100124645456113
2011-03-09,2310.5,374400.0,20.22,-0.0100124645456113,0.0039714537252929,-0.0150507190744143,-0.0050723980679324,0.0206610118355375,0.0050704030091684,-0.0168377617289061,0.0021292459870272,0.0161155185174218,0.0020599562767655,-0.007891506280146,0.0140454246147301,0.012346561622801,19.82,0.0291934685799108,-0.0119735837805255
2011-03-10,2283.0,346790.0,21.88,-0.0119735837805255,-0.0100124645456113,0.0039714537252929,-0.0150507190744143,-0.0050723980679324,0.0206610118355375,0.0050704030091684,-0.0168377617289061,0.0021292459870272,0.0161155185174218,0.0020599562767655,0.0074287440885673,0.012909444267049,20.22,-0.0737446581196581,0.009698762889455
2011-03-11,2305.25,108280.0,20.08,0.009698762889455,-0.0119735837805255,-0.0100124645456113,0.0039714537252929,-0.0150507190744143,-0.0050723980679324,0.0206610118355375,0.0050704030091684,-0.0168377617289061,0.0021292459870272,0.0161155185174218,0.0108487281125052,0.0120922674754691,21.88,-0.6877649297845958,-0.0057643315846204
2011-03-14,2292.0,108280.0,21.13,-0.0057643315846204,0.009698762889455,-0.0119735837805255,-0.0100124645456113,0.0039714537252929,-0.0150507190744143,-0.0050723980679324,0.0206610118355375,0.0050704030091684,-0.0168377617289061,0.0021292459870272,0.0093143963845409,0.0120691267280552,20.08,0.0,-0.0196063114888548
2011-03-15,2247.5,92080.0,24.32,-0.0196063114888548,-0.0057643315846204,0.009698762889455,-0.0119735837805255,-0.0100124645456113,0.0039714537252929,-0.0150507190744143,-0.0050723980679324,0.0206610118355375,0.0050704030091684,-0.0168377617289061,0.0108592496206286,0.0124592265260744,21.13,-0.1496121167343923,-0.016373585488329
2011-03-16,2211.0,103740.0,29.4,-0.016373585488329,-0.0196063114888548,-0.0057643315846204,0.009698762889455,-0.0119735837805255,-0.0100124645456113,0.0039714537252929,-0.0150507190744143,-0.0050723980679324,0.0206610118355375,0.0050704030091684,0.0115718045021863,0.0127935320471578,24.32,0.1266290182450042,0.0078838115291642
2011-03-17,2228.5,47080.0,26.37,0.0078838115291642,-0.016373585488329,-0.0196063114888548,-0.0057643315846204,0.009698762889455,-0.0119735837805255,-0.0100124645456113,0.0039714537252929,-0.0150507190744143,-0.0050723980679324,0.0206610118355375,0.0134647006110918,0.0103573410558401,29.4,-0.5461731251204935,0.0064677087155553
2011-03-18,2242.96,356860.0,24.44,0.0064677087155553,0.0078838115291642,-0.016373585488329,-0.0196063114888548,-0.0057643315846204,0.009698762889455,-0.0119735837805255,-0.0100124645456113,0.0039714537252929,-0.0150507190744143,-0.0050723980679324,0.0126455814123625,0.0111157721684583,26.37,6.579864061172472,0.0051317967589731
2011-03-21,2254.5,250480.0,20.61,0.0051317967589731,0.0064677087155553,0.0078838115291642,-0.016373585488329,-0.0196063114888548,-0.0057643315846204,0.009698762889455,-0.0119735837805255,-0.0100124645456113,0.0039714537252929,-0.0150507190744143,0.0134944006907432,0.0109342033546047,24.44,-0.2981000952754581,0.0012190393264497
2011-03-22,2257.25,214280.0,20.21,0.0012190393264497,0.0051317967589731,0.0064677087155553,0.0078838115291642,-0.016373585488329,-0.0196063114888548,-0.0057643315846204,0.009698762889455,-0.0119735837805255,-0.0100124645456113,0.0039714537252929,0.0099518061860011,0.0107710274295584,20.61,-0.1445225167678058,0.0034275007295457
2011-03-23,2265.0,277190.0,19.17,0.0034275007295457,0.0012190393264497,0.0051317967589731,0.0064677087155553,0.0078838115291642,-0.016373585488329,-0.0196063114888548,-0.0057643315846204,0.009698762889455,-0.0119735837805255,-0.0100124645456113,0.0026031181311234,0.0106831064960391,20.21,0.2935878290087736,0.0190232040299092
2011-03-24,2308.5,289370.0,18.0,0.0190232040299092,0.0034275007295457,0.0012190393264497,0.0051317967589731,0.0064677087155553,0.0078838115291642,-0.016373585488329,-0.0196063114888548,-0.0057643315846204,0.009698762889455,-0.0119735837805255,0.0069731397301983,0.0118925494532207,19.17,0.0439409791118006,0.0036752824853325
2011-03-25,2317.0,256980.00000000003,17.91,0.0036752824853325,0.0190232040299092,0.0034275007295457,0.0012190393264497,0.0051317967589731,0.0064677087155553,0.0078838115291642,-0.016373585488329,-0.0196063114888548,-0.0057643315846204,0.009698762889455,0.0071416093825566,0.0115570533407356,18.0,-0.1119328195735562,-0.0092136579387446
2011-03-28,2295.75,205810.0,19.44,-0.0092136579387446,0.0036752824853325,0.0190232040299092,0.0034275007295457,0.0012190393264497,0.0051317967589731,0.0064677087155553,0.0078838115291642,-0.016373585488329,-0.0196063114888548,-0.0057643315846204,0.0100966083161097,0.0118136967609209,17.91,-0.1991205541287261,0.011584604194362
2011-03-29,2322.5,221150.0,18.16,0.011584604194362,-0.0092136579387446,0.0036752824853325,0.0190232040299092,0.0034275007295457,0.0012190393264497,0.0051317967589731,0.0064677087155553,0.0078838115291642,-0.016373585488329,-0.0196063114888548,0.0105334853838664,0.0099910017927947,19.44,0.0745347650745833,0.0051535437229981
2011-03-30,2334.5,181620.0,17.71,0.0051535437229981,0.011584604194362,-0.0092136579387446,0.0036752824853325,0.0190232040299092,0.0034275007295457,0.0012190393264497,0.0051317967589731,0.0064677087155553,0.0078838115291642,-0.016373585488329,0.0104684990702819,0.007220152334498,18.16,-0.178747456477504,0.0007493443587809
2011-03-31,2336.25,177990.0,17.74,0.0007493443587809,0.0051535437229981,0.011584604194362,-0.0092136579387446,0.0036752824853325,0.0190232040299092,0.0034275007295457,0.0012190393264497,0.0051317967589731,0.0064677087155553,0.0078838115291642,0.0076020803008693,0.0073033331011818,17.71,-0.0199867855962999,0.0009626183961684
2011-04-01,2338.5,227990.0,17.4,0.0009626183961684,0.0007493443587809,0.0051535437229981,0.011584604194362,-0.0092136579387446,0.0036752824853325,0.0190232040299092,0.0034275007295457,0.0012190393264497,0.0051317967589731,0.0064677087155553,0.0075841825396986,0.0073643368866518,17.74,0.2809146581268611,0.0008548835741843
2011-04-04,2340.5,213560.0,17.5,0.0008548835741843,0.0009626183961684,0.0007493443587809,0.0051535437229981,0.011584604194362,-0.0092136579387446,0.0036752824853325,0.0190232040299092,0.0034275007295457,0.0012190393264497,0.0051317967589731,0.0047022463712448,0.0074262912936814,17.4,-0.0632922496600728,-0.0073975143026765
2011-04-05,2323.25,246330.0,17.25,-0.0073975143026765,0.0008548835741843,0.0009626183961684,0.0007493443587809,0.0051535437229981,0.011584604194362,-0.0092136579387446,0.0036752824853325,0.0190232040299092,0.0034275007295457,0.0012190393264497,0.0045683793100872,0.0082102603046244,17.5,0.1534463382655928,0.0009680022267029
2011-04-06,2325.5,260050.0,16.9,0.0009680022267029,-0.0073975143026765,0.0008548835741843,0.0009626183961684,0.0007493443587809,0.0051535437229981,0.011584604194362,-0.0092136579387446,0.0036752824853325,0.0190232040299092,0.0034275007295457,0.0037045642761644,0.0082289203945528,17.25,0.0556976413753906,0.0016112576663825
2011-04-07,2329.25,299970.0,17.11,0.0016112576663825,0.0009680022267029,-0.0073975143026765,0.0008548835741843,0.0009626183961684,0.0007493443587809,0.0051535437229981,0.011584604194362,-0.0092136579387446,0.0036752824853325,0.0190232040299092,0.0038115926624712,0.0058843418700902,16.9,0.1535089405883483,-0.0048415824308372
2011-04-08,2318.0,231050.0,17.87,-0.0048415824308372,0.0016112576663825,0.0009680022267029,-0.0073975143026765,0.0008548835741843,0.0009626183961684,0.0007493443587809,0.0051535437229981,0.011584604194362,-0.0092136579387446,0.0036752824853325,0.0040903148837387,0.0060511820297949,17.11,-0.2297563089642297,-0.0043233962717068
2011-04-11,2308.0,224000.0,16.59,-0.0043233962717068,-0.0048415824308372,0.0016112576663825,0.0009680022267029,-0.0073975143026765,0.0008548835741843,0.0009626183961684,0.0007493443587809,0.0051535437229981,0.011584604194362,-0.0092136579387446,0.0039141701400112,0.0053803965503518,17.87,-0.0305128760008656,-0.0065203447700856
2011-04-12,2293.0,288990.0,17.09,-0.0065203447700856,-0.0043233962717068,-0.0048415824308372,0.0016112576663825,0.0009680022267029,-0.0073975143026765,0.0008548835741843,0.0009626183961684,0.0007493443587809,0.0051535437229981,0.011584604194362,0.0036683433163266,0.0041545285864314,16.59,0.2901339285714286,0.0067369590891391
2011-04-13,2308.5,287480.0,16.92,0.0067369590891391,-0.0065203447700856,-0.0043233962717068,-0.0048415824308372,0.0016112576663825,0.0009680022267029,-0.0073975143026765,0.0008548835741843,0.0009626183961684,0.0007493443587809,0.0051535437229981,0.0055195949515827,0.0044467975196723,17.09,-0.0052250942939201,-0.0033628062280773
2011-04-14,2300.75,291380.0,16.27,-0.0033628062280773,0.0067369590891391,-0.0065203447700856,-0.0043233962717068,-0.0048415824308372,0.0016112576663825,0.0009680022267029,-0.0073975143026765,0.0008548835741843,0.0009626183961684,0.0007493443587809,0.0052685308865112,0.0044448598773224,16.92,0.0135661611242521,0.0039041368318881
2011-04-15,2309.75,237000.0,15.32,0.0039041368318881,-0.0033628062280773,0.0067369590891391,-0.0065203447700856,-0.0043233962717068,-0.0048415824308372,0.0016112576663825,0.0009680022267029,-0.0073975143026765,0.0008548835741843,0.0009626183961684,0.0057140513315256,0.0047172198957534,16.27,-0.1866291440730317,-0.0085874760025691
2011-04-18,2290.0,376030.0,16.96,-0.0085874760025691,0.0039041368318881,-0.0033628062280773,0.0067369590891391,-0.0065203447700856,-0.0043233962717068,-0.0048415824308372,0.0016112576663825,0.0009680022267029,-0.0073975143026765,0.0008548835741843,0.0066320565537454,0.0051747937472428,15.32,0.5866244725738397,0.0091285137260954
2011-04-19,2311.0,226900.0,15.83,0.0091285137260954,-0.0085874760025691,0.0039041368318881,-0.0033628062280773,0.0067369590891391,-0.0065203447700856,-0.0043233962717068,-0.0048415824308372,0.0016112576663825,0.0009680022267029,-0.0073975143026765,0.0073617847460966,0.0059104208176071,16.96,-0.3965906975507273,0.0188603961761373
2011-04-20,2355.0,307350.0,15.07,0.0188603961761373,0.0091285137260954,-0.0085874760025691,0.0039041368318881,-0.0033628062280773,0.0067369590891391,-0.0065203447700856,-0.0043233962717068,-0.0048415824308372,0.0016112576663825,0.0009680022267029,0.0107214391499528,0.0085380187715097,15.83,0.3545614808285589,0.008667214176458
2011-04-21,2375.5,242220.0,14.69,0.008667214176458,0.0188603961761373,0.0091285137260954,-0.0085874760025691,0.0039041368318881,-0.0033628062280773,0.0067369590891391,-0.0065203447700856,-0.0043233962717068,-0.0048415824308372,0.0016112576663825,0.0099837385519028,0.0088558623668511,15.07,-0.2119082479258174,0.0008415737925694
2011-04-25,2377.5,115170.0,15.77,0.0008415737925694,0.008667214176458,0.0188603961761373,0.0091285137260954,-0.0085874760025691,0.0039041368318881,-0.0033628062280773,0.0067369590891391,-0.0065203447700856,-0.0043233962717068,-0.0048415824308372,0.0102647176433721,0.0085474244253463,14.69,-0.5245231607629428,0.003044781605772
2011-04-26,2384.75,226450.0,15.62,0.003044781605772,0.0008415737925694,0.008667214176458,0.0188603961761373,0.0091285137260954,-0.0085874760025691,0.0039041368318881,-0.0033628062280773,0.0067369590891391,-0.0065203447700856,-0.0043233962717068,0.0069893726720471,0.008201132431652,15.77,0.966223843014674,0.0101174265895538
2011-04-27,2409.0,213500.0,15.35,0.0101174265895538,0.003044781605772,0.0008415737925694,0.008667214176458,0.0188603961761373,0.0091285137260954,-0.0085874760025691,0.0039041368318881,-0.0033628062280773,0.0067369590891391,-0.0065203447700856,0.0070392666134992,0.0076640497603293,15.62,-0.0571870170015456,-0.0030140853250235
2011-04-28,2401.75,229280.0,14.62,-0.0030140853250235,0.0101174265895538,0.003044781605772,0.0008415737925694,0.008667214176458,0.0188603961761373,0.0091285137260954,-0.0085874760025691,0.0039041368318881,-0.0033628062280773,0.0067369590891391,0.0054604886559777,0.0080213115196993,15.35,0.0739110070257611,-0.0004164497717657
2011-04-29,2400.75,164130.0,14.75,-0.0004164497717657,-0.0030140853250235,0.0101174265895538,0.003044781605772,0.0008415737925694,0.008667214176458,0.0188603961761373,0.0091285137260954,-0.0085874760025691,0.0039041368318881,-0.0033628062280773,0.0049809811549801,0.0077727076484164,14.62,-0.2841503838101884,0.0003123535867968
2011-05-02,2401.5,286550.0,15.99,0.0003123535867968,-0.0004164497717657,-0.0030140853250235,0.0101174265895538,0.003044781605772,0.0008415737925694,0.008667214176458,0.0188603961761373,0.0091285137260954,-0.0085874760025691,0.0039041368318881,0.0050202646078875,0.0078730431233214,14.75,0.7458721744958265,-0.004904784161007
2011-05-03,2389.75,287250.0,16.7,-0.004904784161007,0.0003123535867968,-0.0004164497717657,-0.0030140853250235,0.0101174265895538,0.003044781605772,0.0008415737925694,0.008667214176458,0.0188603961761373,0.0091285137260954,-0.0085874760025691,0.0058072708881909,0.0072887120884714,15.99,0.0024428546501482,-0.0024090087586315
2011-05-04,2384.0,300760.0,17.08,-0.0024090087586315,-0.004904784161007,0.0003123535867968,-0.0004164497717657,-0.0030140853250235,0.0101174265895538,0.003044781605772,0.0008415737925694,0.008667214176458,0.0188603961761373,0.0091285137260954,0.002088702844306,0.0073460115007288,16.7,0.0470322019147084,-0.0020995178822826
2011-05-05,2379.0,393340.0,18.2,-0.0020995178822826,-0.0024090087586315,-0.004904784161007,0.0003123535867968,-0.0004164497717657,-0.0030140853250235,0.0101174265895538,0.003044781605772,0.0008415737925694,0.008667214176458,0.0188603961761373,0.002026264680886,0.0049531675806587,17.08,0.3078201888549008,-0.0023145723115849
2011-05-06,2373.5,358940.0,18.4,-0.0023145723115849,-0.0020995178822826,-0.0024090087586315,-0.004904784161007,0.0003123535867968,-0.0004164497717657,-0.0030140853250235,0.0101174265895538,0.003044781605772,0.0008415737925694,0.008667214176458,0.0018479822156181,0.004232827725414,18.2,-0.0874561448111048,0.0054621984545786
2011-05-09,2386.5,265720.0,17.16,0.0054621984545786,-0.0023145723115849,-0.0020995178822826,-0.0024090087586315,-0.004904784161007,0.0003123535867968,-0.0004164497717657,-0.0030140853250235,0.0101174265895538,0.003044781605772,0.0008415737925694,0.0039245796684801,0.00458284479388,18.4,-0.2597091435894578,0.0094876382854455
2011-05-10,2409.25,291890.0,15.91,0.0094876382854455,0.0054621984545786,-0.0023145723115849,-0.0020995178822826,-0.0024090087586315,-0.004904784161007,0.0003123535867968,-0.0004164497717657,-0.0030140853250235,0.0101174265895538,0.003044781605772,0.0055274465692117,0.0053825549426898,17.16,0.098487129309047,-0.006558765898833
2011-05-11,2393.5,297720.0,16.95,-0.006558765898833,0.0094876382854455,0.0054621984545786,-0.0023145723115849,-0.0020995178822826,-0.0024090087586315,-0.004904784161007,0.0003123535867968,-0.0004164497717657,-0.0030140853250235,0.0101174265895538,0.006509036941401,0.004803734248204,15.91,0.0199732776045771,0.0056244289505083
2011-05-12,2407.0,288510.0,16.03,0.0056244289505083,-0.006558765898833,0.0094876382854455,0.0054621984545786,-0.0023145723115849,-0.0020995178822826,-0.0024090087586315,-0.004904784161007,0.0003123535867968,-0.0004164497717657,-0.0030140853250235,0.0065665327139641,0.0050981714970242,16.95,-0.0309351068117694,-0.0154912036538951
2011-05-13,2370.0,300840.0,17.07,-0.0154912036538951,0.0056244289505083,-0.006558765898833,0.0094876382854455,0.0054621984545786,-0.0023145723115849,-0.0020995178822826,-0.0024090087586315,-0.004904784161007,0.0003123535867968,-0.0004164497717657,0.0104168655745903,0.0071304084353749,16.03,0.042736820214204,-0.0150922197181851
2011-05-16,2334.5,405610.0,18.24,-0.0150922197181851,-0.0154912036538951,0.0056244289505083,-0.006558765898833,0.0094876382854455,0.0054621984545786,-0.0023145723115849,-0.0020995178822826,-0.0024090087586315,-0.004904784161007,0.0003123535867968,0.0115688603875214,0.0083120740394729,17.07,0.348258210344369,0.0011772891604333
2011-05-17,2337.25,338040.0,17.55,0.0011772891604333,-0.0150922197181851,-0.0154912036538951,0.0056244289505083,-0.006558765898833,0.0094876382854455,0.0054621984545786,-0.0023145723115849,-0.0020995178822826,-0.0024090087586315,-0.004904784161007,0.0094826324078404,0.0083657007958548,18.24,-0.1665885949557456,0.0103219857647467
2011-05-18,2361.5,232300.0,16.23,0.0103219857647467,0.0011772891604333,-0.0150922197181851,-0.0154912036538951,0.0056244289505083,-0.006558765898833,0.0094876382854455,0.0054621984545786,-0.0023145723115849,-0.0020995178822826,-0.0024090087586315,0.0119486743804317,0.0092553730737377,17.55,-0.3128032185540172,0.0031709148226137
2011-05-19,2369.0,228800.0,15.52,0.0031709148226137,0.0103219857647467,0.0011772891604333,-0.0150922197181851,-0.0154912036538951,0.0056244289505083,-0.006558765898833,0.0094876382854455,0.0054621984545786,-0.0023145723115849,-0.0020995178822826,0.0115660104022453,0.0093322736504599,16.23,-0.0150667240637106,-0.0108223867960246
2011-05-20,2343.5,257420.00000000003,17.43,-0.0108223867960246,0.0031709148226137,0.0103219857647467,0.0011772891604333,-0.0150922197181851,-0.0154912036538951,0.0056244289505083,-0.006558765898833,0.0094876382854455,0.0054621984545786,-0.0023145723115849,0.01045939614663,0.0098949089029853,15.52,0.1250874125874126,-0.0120198914419541
2011-05-23,2315.5,247590.0,18.27,-0.0120198914419541,-0.0108223867960246,0.0031709148226137,0.0103219857647467,0.0011772891604333,-0.0150922197181851,-0.0154912036538951,0.0056244289505083,-0.006558765898833,0.0094876382854455,0.0054621984545786,0.0095685597255808,0.01011482944836,17.43,-0.0381866210861627,-0.0059559437528514
2011-05-24,2301.75,244140.0,17.82,-0.0059559437528514,-0.0120198914419541,-0.0108223867960246,0.0031709148226137,0.0103219857647467,0.0011772891604333,-0.0150922197181851,-0.0154912036538951,0.0056244289505083,-0.006558765898833,0.0094876382854455,0.0095763070976429,0.0091232881064669,18.27,-0.0139343269114261,0.0033613477027049
2011-05-25,2309.5,261110.0,17.07,0.0033613477027049,-0.0059559437528514,-0.0120198914419541,-0.0108223867960246,0.0031709148226137,0.0103219857647467,0.0011772891604333,-0.0150922197181851,-0.0154912036538951,0.0056244289505083,-0.006558765898833,0.0074039496424721,0.0094169595545647,17.82,0.0695092979438027,0.0067965092519161
2011-05-26,2325.25,246270.0,16.09,0.0067965092519161,0.0033613477027049,-0.0059559437528514,-0.0120198914419541,-0.0108223867960246,0.0031709148226137,0.0103219857647467,0.0011772891604333,-0.0150922197181851,-0.0154912036538951,0.0056244289505083,0.0084420623499163,0.0095504960775907,17.07,-0.0568342844012101,0.0031130935989224
2011-05-27,2332.5,154910.0,15.98,0.0031130935989224,0.0067965092519161,0.0033613477027049,-0.0059559437528514,-0.0120198914419541,-0.0108223867960246,0.0031709148226137,0.0103219857647467,0.0011772891604333,-0.0150922197181851,-0.0154912036538951,0.0077895188636958,0.0087214858288255,16.09,-0.3709749461972631,0.0166874255514872
2011-05-31,2371.75,251030.0,15.45,0.0166874255514872,0.0031130935989224,0.0067965092519161,0.0033613477027049,-0.0059559437528514,-0.0120198914419541,-0.0108223867960246,0.0031709148226137,0.0103219857647467,0.0011772891604333,-0.0150922197181851,0.0081532606039683,0.0090409681999741,15.98,0.6204893163772514,-0.0222764340811878
2011-06-01,2319.5,325410.0,18.3,-0.0222764340811878,0.0166874255514872,0.0031130935989224,0.0067965092519161,0.0033613477027049,-0.0059559437528514,-0.0120198914419541,-0.0108223867960246,0.0031709148226137,0.0103219857647467,0.0011772891604333,0.0144056394200666,0.0117839525858264,15.45,0.2962992471019401,0.0027984088868112
2011-06-02,2326.0,278600.0,18.09,0.0027984088868112,-0.0222764340811878,0.0166874255514872,0.0031130935989224,0.0067965092519161,0.0033613477027049,-0.0059559437528514,-0.0120198914419541,-0.0108223867960246,0.0031709148226137,0.0103219857647467,0.0143900019774129,0.0112245272704462,18.3,-0.1438492978089179,-0.0166905359289333
2011-06-03,2287.5,288850.0,17.95,-0.0166905359289333,0.0027984088868112,-0.0222764340811878,0.0166874255514872,0.0031130935989224,0.0067965092519161,0.0033613477027049,-0.0059559437528514,-0.0120198914419541,-0.0108223867960246,0.0031709148226137,0.0159469711932475,0.0120315029681017,18.09,0.0367910983488872,-0.0059191228391949
2011-06-06,2274.0,222240.0,18.49,-0.0059191228391949,-0.0166905359289333,0.0027984088868112,-0.0222764340811878,0.0166874255514872,0.0031130935989224,0.0067965092519161,0.0033613477027049,-0.0059559437528514,-0.0120198914419541,-0.0108223867960246,0.0155492456289599,0.0117976100431749,17.95,-0.2306041197853556,-0.0001099444781493
2011-06-07,2273.75,226060.0,18.07,-0.0001099444781493,-0.0059191228391949,-0.0166905359289333,0.0027984088868112,-0.0222764340811878,0.0166874255514872,0.0031130935989224,0.0067965092519161,0.0033613477027049,-0.0059559437528514,-0.0120198914419541,0.0107420288008942,0.0113808424304439,18.49,0.0171886249100072,-0.0113895188187502
2011-06-08,2248.0,274210.0,18.79,-0.0113895188187502,-0.0001099444781493,-0.0059191228391949,-0.0166905359289333,0.0027984088868112,-0.0222764340811878,0.0166874255514872,0.0031130935989224,0.0067965092519161,0.0033613477027049,-0.0059559437528514,0.0079859591133988,0.011724782282831,18.07,0.2129965495886048,0.0019997784689113
2011-06-09,2252.5,186590.0,17.77,0.0019997784689113,-0.0113895188187502,-0.0001099444781493,-0.0059191228391949,-0.0166905359289333,0.0027984088868112,-0.0222764340811878,0.0166874255514872,0.0031130935989224,0.0067965092519161,0.0033613477027049,0.0077643473032423,0.0116586415404543,18.79,-0.31953612195033,-0.0139706100136319
2011-06-10,2221.25,136080.0,18.86,-0.0139706100136319,0.0019997784689113,-0.0113895188187502,-0.0001099444781493,-0.0059191228391949,-0.0166905359289333,0.0027984088868112,-0.0222764340811878,0.0166874255514872,0.0031130935989224,0.0067965092519161,0.0069137313668282,0.0116684660952138,17.77,-0.2707004662629294,0.0008999888108884
2011-06-13,2223.25,91590.0,19.61,0.0008999888108884,-0.0139706100136319,0.0019997784689113,-0.0113895188187502,-0.0001099444781493,-0.0059191228391949,-0.0166905359289333,0.0027984088868112,-0.0222764340811878,0.0166874255514872,0.0031130935989224,0.0075471272975915,0.0115265565029948,18.86,-0.3269400352733685,0.0122934047088366
2011-06-14,2250.75,119160.0,18.26,0.0122934047088366,0.0008999888108884,-0.0139706100136319,0.0019997784689113,-0.0113895188187502,-0.0001099444781493,-0.0059191228391949,-0.0166905359289333,0.0027984088868112,-0.0222764340811878,0.0166874255514872,0.0107257001391848,0.0106683524565505,19.61,0.3010153946937439,-0.018723569568469
2011-06-15,2209.0,71820.0,21.32,-0.018723569568469,0.0122934047088366,0.0008999888108884,-0.0139706100136319,0.0019997784689113,-0.0113895188187502,-0.0001099444781493,-0.0059191228391949,-0.0166905359289333,0.0027984088868112,-0.0222764340811878,0.0126533576700088,0.0100808002877745,18.26,-0.3972809667673715,-0.0044235312873332
2011-06-16,2199.25,44960.0,22.73,-0.0044235312873332,-0.018723569568469,0.0122934047088366,0.0008999888108884,-0.0139706100136319,0.0019997784689113,-0.0113895188187502,-0.0001099444781493,-0.0059191228391949,-0.0166905359289333,0.0027984088868112,0.0122757975062046,0.0097218004693933,21.32,-0.3739905318852687,0.0119910228328794
2011-06-17,2225.78,308530.0,21.85,0.0119910228328794,-0.0044235312873332,-0.018723569568469,0.0122934047088366,0.0008999888108884,-0.0139706100136319,0.0019997784689113,-0.0113895188187502,-0.0001099444781493,-0.0059191228391949,-0.0166905359289333,0.0128941068256221,0.0103009958784715,22.73,5.862322064056939,-0.011650055619256
2011-06-20,2200.0,215130.0,19.99,-0.011650055619256,0.0119910228328794,-0.0044235312873332,-0.018723569568469,0.0122934047088366,0.0008999888108884,-0.0139706100136319,0.0019997784689113,-0.0113895188187502,-0.0001099444781493,-0.0059191228391949,0.0139523512028956,0.0106512777255748,21.85,-0.3027258289307361,0.0198026272961797
2011-06-21,2244.0,339990.0,18.86,0.0198026272961797,-0.011650055619256,0.0119910228328794,-0.0044235312873332,-0.018723569568469,0.0122934047088366,0.0008999888108884,-0.0139706100136319,0.0019997784689113,-0.0113895188187502,-0.0001099444781493,0.0161244220726126,0.0129326547283706,19.99,0.580393250592665,-0.0064826425750556
2011-06-22,2229.5,223750.0,18.52,-0.0064826425750556,0.0198026272961797,-0.011650055619256,0.0119910228328794,-0.0044235312873332,-0.018723569568469,0.0122934047088366,0.0008999888108884,-0.0139706100136319,0.0019997784689113,-0.0113895188187502,0.0133807582754517,0.0125967498624942,18.86,-0.3418924086002529,0.0035818260814791
2011-06-23,2237.5,415540.0,19.29,0.0035818260814791,-0.0064826425750556,0.0198026272961797,-0.011650055619256,0.0119910228328794,-0.0044235312873332,-0.018723569568469,0.0122934047088366,0.0008999888108884,-0.0139706100136319,0.0019997784689113,0.0129135967727074,0.0126460258059926,18.52,0.8571620111731844,-0.0133852738000988
2011-06-24,2207.75,316080.0,21.1,-0.0133852738000988,0.0035818260814791,-0.0064826425750556,0.0198026272961797,-0.011650055619256,0.0119910228328794,-0.0044235312873332,-0.018723569568469,0.0122934047088366,0.0008999888108884,-0.0139706100136319,0.0136807959041392,0.0125787883900796,19.29,-0.2393512056601049,0.018511775610404
2011-06-27,2249.0,287430.0,20.56,0.018511775610404,-0.0133852738000988,0.0035818260814791,-0.0064826425750556,0.0198026272961797,-0.011650055619256,0.0119910228328794,-0.0044235312873332,-0.018723569568469,0.0122934047088366,0.0008999888108884,0.0147631319534884,0.0139696679955446,21.1,-0.0906416097190584,0.0154426188165851
2011-06-28,2284.0,237750.0,19.17,0.0154426188165851,0.018511775610404,-0.0133852738000988,0.0035818260814791,-0.0064826425750556,0.0198026272961797,-0.011650055619256,0.0119910228328794,-0.0044235312873332,-0.018723569568469,0.0122934047088366,0.013718110342831,0.0142807816820938,20.56,-0.1728420832898445,0.0043687269134151
2011-06-29,2294.0,252700.0,17.27,0.0043687269134151,0.0154426188165851,0.018511775610404,-0.0133852738000988,0.0035818260814791,-0.0064826425750556,0.0198026272961797,-0.011650055619256,0.0119910228328794,-0.0044235312873332,-0.018723569568469,0.0125455845129995,0.0123959046067297,19.17,0.0628811777076761,0.011701108585121
2011-06-30,2321.0,201940.0,16.52,0.011701108585121,0.0043687269134151,0.0154426188165851,0.018511775610404,-0.0133852738000988,0.0035818260814791,-0.0064826425750556,0.0198026272961797,-0.011650055619256,0.0119910228328794,-0.0044235312873332,0.012726399359604,0.0122588292970015,17.27,-0.2008705975464978,0.01464875165434
2011-07-01,2355.25,238610.0,15.87,0.01464875165434,0.011701108585121,0.0043687269134151,0.0154426188165851,0.018511775610404,-0.0133852738000988,0.0035818260814791,-0.0064826425750556,0.0198026272961797,-0.011650055619256,0.0119910228328794,0.0053672396274458,0.0124452775436421,16.52,0.1815885906704961,0.0070866021888389
2011-07-05,2372.0,249550.0,16.06,0.0070866021888389,0.01464875165434,0.011701108585121,0.0043687269134151,0.0154426188165851,0.018511775610404,-0.0133852738000988,0.0035818260814791,-0.0064826425750556,0.0198026272961797,-0.011650055619256,0.0048014641975104,0.0108601319015686,15.87,0.0458488747328276,0.0013692139692428
2011-07-06,2375.25,257900.0,16.34,0.0013692139692428,0.0070866021888389,0.01464875165434,0.011701108585121,0.0043687269134151,0.0154426188165851,0.018511775610404,-0.0133852738000988,0.0035818260814791,-0.0064826425750556,0.0198026272961797,0.0053794875340926,0.0100816278459276,16.06,0.03346022841114,0.0168036099076024
2011-07-07,2415.5,214750.0,15.95,0.0168036099076024,0.0013692139692428,0.0070866021888389,0.01464875165434,0.011701108585121,0.0043687269134151,0.0154426188165851,0.018511775610404,-0.0133852738000988,0.0035818260814791,-0.0064826425750556,0.0061897932915675,0.0096386602829286,16.34,-0.1673129119813881,-0.0029021579241859
2011-07-08,2408.5,283490.0,15.95,-0.0029021579241859,0.0168036099076024,0.0013692139692428,0.0070866021888389,0.01464875165434,0.011701108585121,0.0043687269134151,0.0154426188165851,0.018511775610404,-0.0133852738000988,0.0035818260814791,0.0084198475168015,0.0101731332715097,15.95,0.320093131548312,-0.0173808165562915
2011-07-11,2367.0,280080.0,18.39,-0.0173808165562915,-0.0029021579241859,0.0168036099076024,0.0013692139692428,0.0070866021888389,0.01464875165434,0.011701108585121,0.0043687269134151,0.0154426188165851,0.018511775610404,-0.0133852738000988,0.0126492912262673,0.0111136297117134,15.95,-0.0120286429856432,-0.0095511709843429
2011-07-12,2344.5,304900.0,19.87,-0.0095511709843429,-0.0173808165562915,-0.0029021579241859,0.0168036099076024,0.0013692139692428,0.0070866021888389,0.01464875165434,0.011701108585121,0.0043687269134151,0.0154426188165851,0.018511775610404,0.0128333446589084,0.0114130270925578,18.39,0.0886175378463296,0.0
2011-07-13,2344.5,267290.0,19.91,0.0,-0.0095511709843429,-0.0173808165562915,-0.0029021579241859,0.0168036099076024,0.0013692139692428,0.0070866021888389,0.01464875165434,0.011701108585121,0.0043687269134151,0.0154426188165851,0.0127489460985783,0.0107415786923661,19.87,-0.1233519186618563,-0.0044886256831397
2011-07-14,2334.0,344080.0,20.8,-0.0044886256831397,0.0,-0.0095511709843429,-0.0173808165562915,-0.0029021579241859,0.0168036099076024,0.0013692139692428,0.0070866021888389,0.01464875165434,0.011701108585121,0.0043687269134151,0.0068241741005931,0.0109441177625372,19.91,0.2872909573871076,0.0091694852935946
2011-07-15,2355.5,254820.0,19.53,0.0091694852935946,-0.0044886256831397,0.0,-0.0095511709843429,-0.0173808165562915,-0.0029021579241859,0.0168036099076024,0.0013692139692428,0.0070866021888389,0.01464875165434,0.011701108585121,0.0099815120795318,0.0107146764251574,20.8,-0.2594164147872587,-0.0066020897883486
2011-07-18,2340.0,249080.0,20.95,-0.0066020897883486,0.0091694852935946,-0.0044886256831397,0.0,-0.0095511709843429,-0.0173808165562915,-0.0029021579241859,0.0168036099076024,0.0013692139692428,0.0070866021888389,0.01464875165434,0.0072924015271532,0.0098870916401769,19.53,-0.0225257044188054,0.0207239389740623
2011-07-19,2389.0,275590.0,19.21,0.0207239389740623,-0.0066020897883486,0.0091694852935946,-0.0044886256831397,0.0,-0.0095511709843429,-0.0173808165562915,-0.0029021579241859,0.0168036099076024,0.0013692139692428,0.0070866021888389,0.0112537558800625,0.0118235769211544,20.95,0.106431668540228,-0.0030393567389208
2011-07-20,2381.75,253750.0,19.09,-0.0030393567389208,0.0207239389740623,-0.0066020897883486,0.0091694852935946,-0.0044886256831397,0.0,-0.0095511709843429,-0.0173808165562915,-0.0029021579241859,0.0168036099076024,0.0013692139692428,0.0115848769201181,0.0118784996990847,19.21,-0.0792481584963169,0.0117912358978118
2011-07-21,2410.0,278950.0,17.56,0.0117912358978118,-0.0030393567389208,0.0207239389740623,-0.0066020897883486,0.0091694852935946,-0.0044886256831397,0.0,-0.0095511709843429,-0.0173808165562915,-0.0029021579241859,0.0168036099076024,0.0111810791301101,0.0111892206279061,19.09,0.0993103448275862,0.0074411256946881
2011-07-22,2428.0,184220.0,17.52,0.0074411256946881,0.0117912358978118,-0.0030393567389208,0.0207239389740623,-0.0066020897883486,0.0091694852935946,-0.0044886256831397,0.0,-0.0095511709843429,-0.0173808165562915,-0.0029021579241859,0.01110081580423,0.0113908005069131,17.56,-0.339594909481986,-0.0018550968939582
2011-07-25,2423.5,195170.0,19.35,-0.0018550968939582,0.0074411256946881,0.0117912358978118,-0.0030393567389208,0.0207239389740623,-0.0066020897883486,0.0091694852935946,-0.0044886256831397,0.0,-0.0095511709843429,-0.0173808165562915,0.0098830371596342,0.0095449684168793,17.52,0.0594398002388447,0.0
2011-07-26,2423.5,185140.0,20.23,0.0,-0.0018550968939582,0.0074411256946881,0.0117912358978118,-0.0030393567389208,0.0207239389740623,-0.0066020897883486,0.0091694852935946,-0.0044886256831397,0.0,-0.0095511709843429,0.0064414196521939,0.0086573608939051,19.35,-0.0513910949428703,-0.0275050018614364
2011-07-27,2357.75,328560.0,22.98,-0.0275050018614364,0.0,-0.0018550968939582,0.0074411256946881,0.0117912358978118,-0.0030393567389208,0.0207239389740623,-0.0066020897883486,0.0091694852935946,-0.0044886256831397,0.0,0.0152795279334593,0.0130712927125528,20.23,0.7746570163119801,0.0051821807051825
2011-07-28,2370.0,287070.0,23.74,0.0051821807051825,-0.0275050018614364,0.0,-0.0018550968939582,0.0074411256946881,0.0117912358978118,-0.0030393567389208,0.0207239389740623,-0.0066020897883486,0.0091694852935946,-0.0044886256831397,0.0140193421446811,0.0130135947600467,22.98,-0.1262783053323594,-0.0045461832277344
2011-07-29,2359.25,335800.0,25.25,-0.0045461832277344,0.0051821807051825,-0.0275050018614364,0.0,-0.0018550968939582,0.0074411256946881,0.0117912358978118,-0.0030393567389208,0.0207239389740623,-0.0066020897883486,0.0091694852935946,0.0126735402693934,0.012840676524288,23.74,0.1697495384401017,-0.0056320216880216
2011-08-01,2346.0,356650.0,23.66,-0.0056320216880216,-0.0045461832277344,0.0051821807051825,-0.0275050018614364,0.0,-0.0018550968939582,0.0074411256946881,0.0117912358978118,-0.0030393567389208,0.0207239389740623,-0.0066020897883486,0.0124950413699453,0.0127874769912675,25.25,0.062090530077427,-0.024924416948532
2011-08-02,2288.25,340610.0,24.79,-0.024924416948532,-0.0056320216880216,-0.0045461832277344,0.0051821807051825,-0.0275050018614364,0.0,-0.0018550968939582,0.0074411256946881,0.0117912358978118,-0.0030393567389208,0.0207239389740623,0.0141196479550345,0.0128167565511773,23.66,-0.0449740642086078,0.0062081558645731
2011-08-03,2302.5,448370.0,23.38,0.0062081558645731,-0.024924416948532,-0.0056320216880216,-0.0045461832277344,0.0051821807051825,-0.0275050018614364,0.0,-0.0018550968939582,0.0074411256946881,0.0117912358978118,-0.0030393567389208,0.0125155474488822,0.0132449806092405,24.79,0.3163735650744252,-0.0412292435586672
2011-08-04,2209.5,536230.0,31.66,-0.0412292435586672,0.0062081558645731,-0.024924416948532,-0.0056320216880216,-0.0045461832277344,0.0051821807051825,-0.0275050018614364,0.0,-0.0018550968939582,0.0074411256946881,0.0117912358978118,0.0188980078690309,0.0166657430250493,23.38,0.195954234226197,-0.0102355038940268
2011-08-05,2187.0,683270.0,32.0,-0.0102355038940268,-0.0412292435586672,0.0062081558645731,-0.024924416948532,-0.0056320216880216,-0.0045461832277344,0.0051821807051825,-0.0275050018614364,0.0,-0.0018550968939582,0.0074411256946881,0.018347890762786,0.0156730185582571,31.66,0.2742106931727057,-0.0705618068940977
2011-08-08,2038.0,731050.0,48.0,-0.0705618068940977,-0.0102355038940268,-0.0412292435586672,0.0062081558645731,-0.024924416948532,-0.0056320216880216,-0.0045461832277344,0.0051821807051825,-0.0275050018614364,0.0,-0.0018550968939582,0.0295027303691231,0.0242161037526626,32.0,0.0699284323912947,0.0558217887551781
2011-08-09,2155.0,715540.0,35.06,0.0558217887551781,-0.0705618068940977,-0.0102355038940268,-0.0412292435586672,0.0062081558645731,-0.024924416948532,-0.0056320216880216,-0.0045461832277344,0.0051821807051825,-0.0275050018614364,0.0,0.0480059353618469,0.0333606525435496,48.0,-0.0212160590930853,-0.0330218683049463
2011-08-10,2085.0,543270.0,42.99,-0.0330218683049463,0.0558217887551781,-0.0705618068940977,-0.0102355038940268,-0.0412292435586672,0.0062081558645731,-0.024924416948532,-0.0056320216880216,-0.0045461832277344,0.0051821807051825,-0.0275050018614364,0.047489250277913,0.0336942345283989,35.06,-0.2407552338094306,0.034413011585178
2011-08-11,2158.0,421380.0,39.0,0.034413011585178,-0.0330218683049463,0.0558217887551781,-0.0705618068940977,-0.0102355038940268,-0.0412292435586672,0.0062081558645731,-0.024924416948532,-0.0056320216880216,-0.0045461832277344,0.0051821807051825,0.0509000510815874,0.0365276007322447,42.99,-0.2243635761223701,0.0089955629085777
2011-08-12,2177.5,292340.0,36.36,0.0089955629085777,0.034413011585178,-0.0330218683049463,0.0558217887551781,-0.0705618068940977,-0.0102355038940268,-0.0412292435586672,0.0062081558645731,-0.024924416948532,-0.0056320216880216,-0.0045461832277344,0.051104964856053,0.0369746147859344,39.0,-0.3062319046941003,0.013230119982944
2011-08-15,2206.5,224280.0,31.87,0.013230119982944,0.0089955629085777,0.034413011585178,-0.0330218683049463,0.0558217887551781,-0.0705618068940977,-0.0102355038940268,-0.0412292435586672,0.0062081558645731,-0.024924416948532,-0.0056320216880216,0.0331082647198624,0.0375858415946604,36.36,-0.2328111103509612,-0.0034048381548407
2011-08-16,2199.0,294930.0,32.85,-0.0034048381548407,0.013230119982944,0.0089955629085777,0.034413011585178,-0.0330218683049463,0.0558217887551781,-0.0705618068940977,-0.0102355038940268,-0.0412292435586672,0.0062081558645731,-0.024924416948532,0.0248019324370984,0.0370017486756835,31.87,0.315008025682183,-0.0108591111086274
2011-08-17,2175.25,273530.0,31.58,-0.0108591111086274,-0.0034048381548407,0.013230119982944,0.0089955629085777,0.034413011585178,-0.0330218683049463,0.0558217887551781,-0.0705618068940977,-0.0102355038940268,-0.0412292435586672,0.0062081558645731,0.0173968460052375,0.03687307302405,32.85,-0.072559590411284,-0.0438146302712196
2011-08-18,2082.0,444400.0,42.67,-0.0438146302712196,-0.0108591111086274,-0.0034048381548407,0.013230119982944,0.0089955629085777,0.034413011585178,-0.0330218683049463,0.0558217887551781,-0.0705618068940977,-0.0102355038940268,-0.0412292435586672,0.0226279983096054,0.0371579476821636,31.58,0.6246846780974664,-0.0198890863650694
2011-08-19,2041.0,374570.0,43.05,-0.0198890863650694,-0.0438146302712196,-0.0108591111086274,-0.0034048381548407,0.013230119982944,0.0089955629085777,0.034413011585178,-0.0330218683049463,0.0558217887551781,-0.0705618068940977,-0.0102355038940268,0.0211048389218435,0.0374064049871974,42.67,-0.1571332133213321,0.0014687885137501
2011-08-22,2044.0,254180.0,42.44,0.0014687885137501,-0.0198890863650694,-0.0438146302712196,-0.0108591111086274,-0.0034048381548407,0.013230119982944,0.0089955629085777,0.034413011585178,-0.0330218683049463,0.0558217887551781,-0.0705618068940977,0.0178644373729296,0.0299867218995564,43.05,-0.321408548468911,0.0383924310382344
2011-08-23,2124.0,273710.0,36.27,0.0383924310382344,0.0014687885137501,-0.0198890863650694,-0.0438146302712196,-0.0108591111086274,-0.0034048381548407,0.013230119982944,0.0089955629085777,0.034413011585178,-0.0330218683049463,0.0558217887551781,0.0302841280822105,0.0267303559649705,42.44,0.0768353135573216,0.007037326720576
2011-08-24,2139.0,270380.0,35.9,0.007037326720576,0.0383924310382344,0.0014687885137501,-0.0198890863650694,-0.0438146302712196,-0.0108591111086274,-0.0034048381548407,0.013230119982944,0.0089955629085777,0.034413011585178,-0.0330218683049463,0.0307590429798536,0.0243705244201891,36.27,-0.012166161265573,-0.013176661234085
2011-08-25,2111.0,308470.0,39.76,-0.013176661234085,0.007037326720576,0.0383924310382344,0.0014687885137501,-0.0198890863650694,-0.0438146302712196,-0.0108591111086274,-0.0034048381548407,0.013230119982944,0.0089955629085777,0.034413011585178,0.0226748261403647,0.0219887926602273,35.9,0.1408758044234042,0.0247965921180515
2011-08-26,2164.0,344090.0,35.59,0.0247965921180515,-0.013176661234085,0.007037326720576,0.0383924310382344,0.0014687885137501,-0.0198890863650694,-0.0438146302712196,-0.0108591111086274,-0.0034048381548407,0.013230119982944,0.0089955629085777,0.0201821270949007,0.0234049725066949,39.76,0.1154731416345187,0.025548834899953
2011-08-29,2220.0,198320.0,32.28,0.025548834899953,0.0247965921180515,-0.013176661234085,0.007037326720576,0.0383924310382344,0.0014687885137501,-0.0198890863650694,-0.0438146302712196,-0.0108591111086274,-0.0034048381548407,0.013230119982944,0.0200014865497658,0.0245130093479521,35.59,-0.4236391641721643,0.0031481923910425
2011-08-30,2227.0,254840.0,32.89,0.0031481923910425,0.025548834899953,0.0247965921180515,-0.013176661234085,0.007037326720576,0.0383924310382344,0.0014687885137501,-0.0198890863650694,-0.0438146302712196,-0.0108591111086274,-0.0034048381548407,0.0162187219733978,0.0244813270874288,32.28,0.2849939491730535,0.0061552429801034
2011-08-31,2240.75,285780.0,31.62,0.0061552429801034,0.0031481923910425,0.025548834899953,0.0247965921180515,-0.013176661234085,0.007037326720576,0.0383924310382344,0.0014687885137501,-0.0198890863650694,-0.0438146302712196,-0.0108591111086274,0.0162565631525214,0.0241338417462707,32.89,0.1214095118505729,-0.0105429419809093
2011-09-01,2217.25,262320.0,31.82,-0.0105429419809093,0.0061552429801034,0.0031481923910425,0.025548834899953,0.0247965921180515,-0.013176661234085,0.007037326720576,0.0383924310382344,0.0014687885137501,-0.0198890863650694,-0.0438146302712196,0.0153646299880108,0.0186347873384671,31.62,-0.0820911190426202,-0.0239628079286511
2011-09-02,2164.75,271650.0,33.92,-0.0239628079286511,-0.0105429419809093,0.0061552429801034,0.0031481923910425,0.025548834899953,0.0247965921180515,-0.013176661234085,0.007037326720576,0.0383924310382344,0.0014687885137501,-0.0198890863650694,0.018613750766478,0.0193033029482894,31.82,0.0355672461116194,0.0002309468832436
2011-09-06,2165.25,341290.0,37.0,0.0002309468832436,-0.0239628079286511,-0.0105429419809093,0.0061552429801034,0.0031481923910425,0.025548834899953,0.0247965921180515,-0.013176661234085,0.007037326720576,0.0383924310382344,0.0014687885137501,0.0123339715507852,0.0193387159831629,33.92,0.2563592858457575,0.025871862988421
2011-09-07,2222.0,252550.0,33.38,0.025871862988421,0.0002309468832436,-0.0239628079286511,-0.0105429419809093,0.0061552429801034,0.0031481923910425,0.025548834899953,0.0247965921180515,-0.013176661234085,0.007037326720576,0.0383924310382344,0.01865243287164,0.0172880062448428,37.0,-0.260013478273609,-0.0023655319394589
2011-09-08,2216.75,254050.0,34.32,-0.0023655319394589,0.025871862988421,0.0002309468832436,-0.0239628079286511,-0.0105429419809093,0.0061552429801034,0.0031481923910425,0.025548834899953,0.0247965921180515,-0.013176661234085,0.007037326720576,0.01828373706333,0.0173907159529218,33.38,0.0059394179370422,-0.021775927433242
2011-09-09,2169.0,143420.0,38.52,-0.021775927433242,-0.0023655319394589,0.025871862988421,0.0002309468832436,-0.0239628079286511,-0.0105429419809093,0.0061552429801034,0.0031481923910425,0.025548834899953,0.0247965921180515,-0.013176661234085,0.020165544413109,0.0184887655464393,34.32,-0.4354654595552056,0.0119158146823973
2011-09-12,2195.0,125380.0,38.59,0.0119158146823973,-0.021775927433242,-0.0023655319394589,0.025871862988421,0.0002309468832436,-0.0239628079286511,-0.0105429419809093,0.0061552429801034,0.0031481923910425,0.025548834899953,0.0247965921180515,0.0176965030778683,0.0171815779577051,38.52,-0.1257844094268582,0.0116629301405386
2011-09-13,2220.75,114570.0,36.91,0.0116629301405386,0.0119158146823973,-0.021775927433242,-0.0023655319394589,0.025871862988421,0.0002309468832436,-0.0239628079286511,-0.0105429419809093,0.0061552429801034,0.0031481923910425,0.025548834899953,0.0180210989641059,0.0154932260403086,38.59,-0.0862178975913223,0.0139737336097707
2011-09-14,2252.0,94260.0,34.6,0.0139737336097707,0.0116629301405386,0.0119158146823973,-0.021775927433242,-0.0023655319394589,0.025871862988421,0.0002309468832436,-0.0239628079286511,-0.0105429419809093,0.0061552429801034,0.0031481923910425,0.0151417591489068,0.016101290588935,36.91,-0.1772715370515841,0.0167331072887044
2011-09-15,2290.0,68390.0,31.97,0.0167331072887044,0.0139737336097707,0.0116629301405386,0.0119158146823973,-0.021775927433242,-0.0023655319394589,0.025871862988421,0.0002309468832436,-0.0239628079286511,-0.0105429419809093,0.0061552429801034,0.0159380686464481,0.0168013489823733,34.6,-0.2744536388712073,0.0012175990366969
2011-09-16,2292.79,313380.0,30.98,0.0012175990366969,0.0167331072887044,0.0139737336097707,0.0116629301405386,0.0119158146823973,-0.021775927433242,-0.0023655319394589,0.025871862988421,0.0002309468832436,-0.0239628079286511,-0.0105429419809093,0.0058871583403218,0.0162136027090773,31.97,3.5822488667933907,0.0035743944503836
2011-09-19,2301.0,317740.0,32.73,0.0035743944503836,0.0012175990366969,0.0167331072887044,0.0139737336097707,0.0116629301405386,0.0119158146823973,-0.021775927433242,-0.0023655319394589,0.025871862988421,0.0002309468832436,-0.0239628079286511,0.0067212068569075,0.0130985572850487,30.98,0.0139128214946711,-0.0019575862695177
2011-09-20,2296.5,325790.0,32.86,-0.0019575862695177,0.0035743944503836,0.0012175990366969,0.0167331072887044,0.0139737336097707,0.0116629301405386,0.0119158146823973,-0.021775927433242,-0.0023655319394589,0.025871862988421,0.0002309468832436,0.0081906964386356,0.0132252570258818,32.73,0.0253351797066783,-0.0224580112380554
2011-09-21,2245.5,353500.0,37.32,-0.0224580112380554,-0.0019575862695177,0.0035743944503836,0.0012175990366969,0.0167331072887044,0.0139737336097707,0.0116629301405386,0.0119158146823973,-0.021775927433242,-0.0023655319394589,0.025871862988421,0.0141490206475247,0.0139221827923855,32.86,0.0850547898953313,-0.0321294604900996
2011-09-22,2174.5,581140.0,41.35,-0.0321294604900996,-0.0224580112380554,-0.0019575862695177,0.0035743944503836,0.0012175990366969,0.0167331072887044,0.0139737336097707,0.0116629301405386,0.0119158146823973,-0.021775927433242,-0.0023655319394589,0.0159615126946798,0.0174648482643514,37.32,0.6439603960396039,0.012567285244932
2011-09-23,2202.0,398450.0,41.25,0.012567285244932,-0.0321294604900996,-0.0224580112380554,-0.0019575862695177,0.0035743944503836,0.0012175990366969,0.0167331072887044,0.0139737336097707,0.0116629301405386,0.0119158146823973,-0.021775927433242,0.0186059332110879,0.0164761255549592,41.35,-0.314364869050487,0.0108402145528648
2011-09-26,2226.0,390100.0,39.02,0.0108402145528648,0.012567285244932,-0.0321294604900996,-0.0224580112380554,-0.0019575862695177,0.0035743944503836,0.0012175990366969,0.0167331072887044,0.0139737336097707,0.0116629301405386,0.0119158146823973,0.0199770117975994,0.0164039988719689,41.25,-0.0209562052955201,0.0125001627642314
2011-09-27,2254.0,351570.0,37.71,0.0125001627642314,0.0108402145528648,0.012567285244932,-0.0321294604900996,-0.0224580112380554,-0.0019575862695177,0.0035743944503836,0.0012175990366969,0.0167331072887044,0.0139737336097707,0.0116629301405386,0.0217863399012364,0.0164642114908369,39.02,-0.098769546270187,-0.0158751237807574
2011-09-28,2218.5,325690.0,41.08,-0.0158751237807574,0.0125001627642314,0.0108402145528648,0.012567285244932,-0.0321294604900996,-0.0224580112380554,-0.0019575862695177,0.0035743944503836,0.0012175990366969,0.0167331072887044,0.0139737336097707,0.0205350655135627,0.0166533634567627,37.71,-0.0736126518189834,-0.013158084577511
2011-09-29,2189.5,405110.0,38.84,-0.013158084577511,-0.0158751237807574,0.0125001627642314,0.0108402145528648,0.012567285244932,-0.0321294604900996,-0.0224580112380554,-0.0019575862695177,0.0035743944503836,0.0012175990366969,0.0167331072887044,0.0145551030552457,0.0156709293664173,41.08,0.2438515152445577,-0.0254407800434363
2011-09-30,2134.5,386660.0,42.96,-0.0254407800434363,-0.013158084577511,-0.0158751237807574,0.0125001627642314,0.0108402145528648,0.012567285244932,-0.0321294604900996,-0.0224580112380554,-0.0019575862695177,0.0035743944503836,0.0012175990366969,0.0169727134459454,0.0168180057871902,38.84,-0.0455431858013872,-0.0329811427554021
2011-10-03,2065.25,453780.0,45.45,-0.0329811427554021,-0.0254407800434363,-0.013158084577511,-0.0158751237807574,0.0125001627642314,0.0108402145528648,0.012567285244932,-0.0321294604900996,-0.0224580112380554,-0.0019575862695177,0.0035743944503836,0.0172680950255877,0.0181473659068734,42.96,0.1735891998137899,0.0230940565642298
2011-10-04,2113.5,537720.0,40.82,0.0230940565642298,-0.0329811427554021,-0.0254407800434363,-0.013158084577511,-0.0158751237807574,0.0125001627642314,0.0108402145528648,0.012567285244932,-0.0321294604900996,-0.0224580112380554,-0.0019575862695177,0.0215928788927965,0.0210086381751878,45.45,0.1849795054872405,0.0252290886478523
2011-10-05,2167.5,402320.0,37.81,0.0252290886478523,0.0230940565642298,-0.0329811427554021,-0.0254407800434363,-0.013158084577511,-0.0158751237807574,0.0125001627642314,0.0108402145528648,0.012567285244932,-0.0321294604900996,-0.0224580112380554,0.0272478911636623,0.0227766946708186,40.82,-0.2518039128170795,0.0170396941135932
2011-10-06,2204.75,386530.0,36.27,0.0170396941135932,0.0252290886478523,0.0230940565642298,-0.0329811427554021,-0.0254407800434363,-0.013158084577511,-0.0158751237807574,0.0125001627642314,0.0108402145528648,0.012567285244932,-0.0321294604900996,0.0282203266294974,0.0211685087960116,37.81,-0.039247365281368,-0.0013616250827212
2011-10-07,2201.75,354160.0,36.2,-0.0013616250827212,0.0170396941135932,0.0252290886478523,0.0230940565642298,-0.0329811427554021,-0.0254407800434363,-0.013158084577511,-0.0158751237807574,0.0125001627642314,0.0108402145528648,0.012567285244932,0.0242762969343422,0.020805860296182,36.27,-0.0837451168085271,0.033496488762359
2011-10-10,2276.75,223260.0,33.02,0.033496488762359,-0.0013616250827212,0.0170396941135932,0.0252290886478523,0.0230940565642298,-0.0329811427554021,-0.0254407800434363,-0.013158084577511,-0.0158751237807574,0.0125001627642314,0.0108402145528648,0.0130661959086047,0.0232131253881559,36.2,-0.3696069573074316,0.0051475936457687
2011-10-11,2288.5,243140.0,32.86,0.0051475936457687,0.033496488762359,-0.0013616250827212,0.0170396941135932,0.0252290886478523,0.0230940565642298,-0.0329811427554021,-0.0254407800434363,-0.013158084577511,-0.0158751237807574,0.0125001627642314,0.014243811219522,0.0229676819789923,33.02,0.089044163755263,0.0034896436721513
2011-10-12,2296.5,304870.0,31.26,0.0034896436721513,0.0051475936457687,0.033496488762359,-0.0013616250827212,0.0170396941135932,0.0252290886478523,0.0230940565642298,-0.0329811427554021,-0.0254407800434363,-0.013158084577511,-0.0158751237807574,0.0140040579856641,0.0221396014492243,32.86,0.2538866496668586,0.0127638293127616
2011-10-13,2326.0,315720.0,30.7,0.0127638293127616,0.0034896436721513,0.0051475936457687,0.033496488762359,-0.0013616250827212,0.0170396941135932,0.0252290886478523,0.0230940565642298,-0.0329811427554021,-0.0254407800434363,-0.013158084577511,0.0137134996213615,0.0214861639167336,31.26,0.035588939548004,0.0175788897849996
2011-10-14,2367.25,274440.0,28.24,0.0175788897849996,0.0127638293127616,0.0034896436721513,0.0051475936457687,0.033496488762359,-0.0013616250827212,0.0170396941135932,0.0252290886478523,0.0230940565642298,-0.0329811427554021,-0.0254407800434363,0.0120629160692675,0.0185929294796308,30.7,-0.1307487647282402,-0.0197308165891724
2011-10-17,2321.0,314780.0,33.39,-0.0197308165891724,0.0175788897849996,0.0127638293127616,0.0034896436721513,0.0051475936457687,0.033496488762359,-0.0013616250827212,0.0170396941135932,0.0252290886478523,0.0230940565642298,-0.0329811427554021,0.0143684314084949,0.0153514130750428,28.24,0.1469902346596705,0.0182512136982302
2011-10-18,2363.75,381900.0,31.56,0.0182512136982302,-0.0197308165891724,0.0175788897849996,0.0127638293127616,0.0034896436721513,0.0051475936457687,0.033496488762359,-0.0013616250827212,0.0170396941135932,0.0252290886478523,0.0230940565642298,0.0157890945602798,0.0150240411554161,33.39,0.2132282864222632,-0.0195445960729702
2011-10-19,2318.0,332870.0,34.44,-0.0195445960729702,0.0182512136982302,-0.0197308165891724,0.0175788897849996,0.0127638293127616,0.0034896436721513,0.0051475936457687,0.033496488762359,-0.0013616250827212,0.0170396941135932,0.0252290886478523,0.0197418901177869,0.0169265840675314,31.56,-0.1283843938203718,-0.0073609338643311
2011-10-20,2301.0,351190.0,34.78,-0.0073609338643311,-0.0195445960729702,0.0182512136982302,-0.0197308165891724,0.0175788897849996,0.0127638293127616,0.0034896436721513,0.0051475936457687,0.033496488762359,-0.0013616250827212,0.0170396941135932,0.0190016374036284,0.0170309545329223,34.44,0.0550365007360231,0.0143468293286693
2011-10-21,2334.25,259720.00000000003,31.32,0.0143468293286693,-0.0073609338643311,-0.0195445960729702,0.0182512136982302,-0.0197308165891724,0.0175788897849996,0.0127638293127616,0.0034896436721513,0.0051475936457687,0.033496488762359,-0.0013616250827212,0.0182002968828903,0.017177307953464,34.78,-0.2604573023149861,0.0172015284062566
2011-10-24,2374.75,241760.0,29.26,0.0172015284062566,0.0143468293286693,-0.0073609338643311,-0.0195445960729702,0.0182512136982302,-0.0197308165891724,0.0175788897849996,0.0127638293127616,0.0034896436721513,0.0051475936457687,0.033496488762359,0.0170746745837478,0.014882181231795,31.32,-0.0691513938087171,-0.022570957114174
2011-10-25,2321.75,325020.0,32.22,-0.022570957114174,0.0172015284062566,0.0143468293286693,-0.0073609338643311,-0.0195445960729702,0.0182512136982302,-0.0197308165891724,0.0175788897849996,0.0127638293127616,0.0034896436721513,0.0051475936457687,0.0185947789392584,0.0171044569408177,29.26,0.3443911317008603,0.0020437806285854
2011-10-26,2326.5,322350.0,29.86,0.0020437806285854,-0.022570957114174,0.0172015284062566,0.0143468293286693,-0.0073609338643311,-0.0195445960729702,0.0182512136982302,-0.0197308165891724,0.0175788897849996,0.0127638293127616,0.0034896436721513,0.0163313586450734,0.0170913350610353,32.22,-0.008214879084364,0.0284961816442529
2011-10-27,2393.75,329380.0,25.46,0.0284961816442529,0.0020437806285854,-0.022570957114174,0.0172015284062566,0.0143468293286693,-0.0073609338643311,-0.0195445960729702,0.0182512136982302,-0.0197308165891724,0.0175788897849996,0.0127638293127616,0.0194618679081326,0.0188931281964248,29.86,0.0218085931440981,0.0011481656707299
2011-10-28,2396.5,213790.0,24.53,0.0011481656707299,0.0284961816442529,0.0020437806285854,-0.022570957114174,0.0172015284062566,0.0143468293286693,-0.0073609338643311,-0.0195445960729702,0.0182512136982302,-0.0197308165891724,0.0175788897849996,0.0192635250579774,0.0181726460621934,25.46,-0.3509320541623656,-0.0170440738282087
2011-10-31,2356.0,243860.0,29.96,-0.0170440738282087,0.0011481656707299,0.0284961816442529,0.0020437806285854,-0.022570957114174,0.0172015284062566,0.0143468293286693,-0.0073609338643311,-0.0195445960729702,0.0182512136982302,-0.0197308165891724,0.0200306583232321,0.0178452614375362,24.53,0.1406520417231862,-0.0225355603955056
2011-11-01,2303.5,445640.0,34.77,-0.0225355603955056,-0.0170440738282087,0.0011481656707299,0.0284961816442529,0.0020437806285854,-0.022570957114174,0.0172015284062566,0.0143468293286693,-0.0073609338643311,-0.0195445960729702,0.0182512136982302,0.0200213913895518,0.0182469511854918,29.96,0.8274419749036332,0.0047639760953536
2011-11-02,2314.5,285450.0,32.74,0.0047639760953536,-0.0225355603955056,-0.0170440738282087,0.0011481656707299,0.0284961816442529,0.0020437806285854,-0.022570957114174,0.0172015284062566,0.0143468293286693,-0.0073609338643311,-0.0195445960729702,0.0201807430787496,0.0173323791648886,34.77,-0.359460551117494,0.0198915766141877
2011-11-03,2361.0,322420.0,30.5,0.0198915766141877,0.0047639760953536,-0.0225355603955056,-0.0170440738282087,0.0011481656707299,0.0284961816442529,0.0020437806285854,-0.022570957114174,0.0172015284062566,0.0143468293286693,-0.0073609338643311,0.0171761850855948,0.0181938936707626,32.74,0.1295148011911018,-0.0042444885454434
2011-11-04,2351.0,235040.0,30.16,-0.0042444885454434,0.0198915766141877,0.0047639760953536,-0.0225355603955056,-0.0170440738282087,0.0011481656707299,0.0284961816442529,0.0020437806285854,-0.022570957114174,0.0172015284062566,0.0143468293286693,0.0170385672139886,0.0178029143939154,30.5,-0.2710129644562992,0.0079436947930814
2011-11-07,2369.75,245860.0,29.85,0.0079436947930814,-0.0042444885454434,0.0198915766141877,0.0047639760953536,-0.0225355603955056,-0.0170440738282087,0.0011481656707299,0.0284961816442529,0.0020437806285854,-0.022570957114174,0.0172015284062566,0.0158158711929874,0.0170762074524503,30.16,0.0460347174948945,0.0103899764495129
2011-11-08,2394.5,251310.0,27.48,0.0103899764495129,0.0079436947930814,-0.0042444885454434,0.0198915766141877,0.0047639760953536,-0.0225355603955056,-0.0170440738282087,0.0011481656707299,0.0284961816442529,0.0020437806285854,-0.022570957114174,0.0087636887879441,0.0153772101257006,29.85,0.0221670869600585,-0.0354941095082833
2011-11-09,2311.0,337140.0,36.16,-0.0354941095082833,0.0103899764495129,0.0079436947930814,-0.0042444885454434,0.0198915766141877,0.0047639760953536,-0.0225355603955056,-0.0170440738282087,0.0011481656707299,0.0284961816442529,0.0020437806285854,0.0214715984781051,0.019648312896896,27.48,0.341530380804584,-0.003250625898409
2011-11-10,2303.5,301450.0,32.81,-0.003250625898409,-0.0354941095082833,0.0103899764495129,0.0079436947930814,-0.0042444885454434,0.0198915766141877,0.0047639760953536,-0.0225355603955056,-0.0170440738282087,0.0011481656707299,0.0284961816442529,0.0182885804754927,0.0167657411588384,36.16,-0.1058610666192086,0.0200920000826886
2011-11-11,2350.25,187760.0,30.04,0.0200920000826886,-0.003250625898409,-0.0354941095082833,0.0103899764495129,0.0079436947930814,-0.0042444885454434,0.0198915766141877,0.0047639760953536,-0.0225355603955056,-0.0170440738282087,0.0011481656707299,0.021477432243227,0.0183844797509998,32.81,-0.3771438049427765,-0.0030895459508645
2011-11-14,2343.0,184830.0,31.13,-0.0030895459508645,0.0200920000826886,-0.003250625898409,-0.0354941095082833,0.0103899764495129,0.0079436947930814,-0.0042444885454434,0.0198915766141877,0.0047639760953536,-0.0225355603955056,-0.0170440738282087,0.0210107638228276,0.0176253036692651,30.04,-0.0156050276949296,0.007123521697258
2011-11-15,2359.75,257280.0,31.22,0.007123521697258,-0.0030895459508645,0.0200920000826886,-0.003250625898409,-0.0354941095082833,0.0103899764495129,0.0079436947930814,-0.0042444885454434,0.0198915766141877,0.0047639760953536,-0.0225355603955056,0.0205647457744826,0.0159290450974805,31.13,0.3919818211329329,-0.0196860963173465
2011-11-16,2313.75,285490.0,33.51,-0.0196860963173465,0.007123521697258,-0.0030895459508645,0.0200920000826886,-0.003250625898409,-0.0354941095082833,0.0103899764495129,0.0079436947930814,-0.0042444885454434,0.0198915766141877,0.0047639760953536,0.014678252748475,0.0173418344106827,31.22,0.1096470771144277,-0.0198609758379689
2011-11-17,2268.25,369830.0,34.51,-0.0198609758379689,-0.0196860963173465,0.007123521697258,-0.0030895459508645,0.0200920000826886,-0.003250625898409,-0.0354941095082833,0.0103899764495129,0.0079436947930814,-0.0042444885454434,0.0198915766141877,0.0173090802033803,0.0168154467732367,33.51,0.2954219061963641,-0.0081895101356804
2011-11-18,2249.75,257930.0,32.0,-0.0081895101356804,-0.0198609758379689,-0.0196860963173465,0.007123521697258,-0.0030895459508645,0.0200920000826886,-0.003250625898409,-0.0354941095082833,0.0103899764495129,0.0079436947930814,-0.0042444885454434,0.0114823246504137,0.0168678150999838,34.51,-0.3025714517481005,-0.0162441257418622
2011-11-21,2213.5,300990.0,32.91,-0.0162441257418622,-0.0081895101356804,-0.0198609758379689,-0.0196860963173465,0.007123521697258,-0.0030895459508645,0.0200920000826886,-0.003250625898409,-0.0354941095082833,0.0103899764495129,0.0079436947930814,0.0113703241005166,0.0166333510033435,32.0,0.1669445198309618,0.0003387725174967
2011-11-22,2214.25,264160.0,31.97,0.0003387725174967,-0.0162441257418622,-0.0081895101356804,-0.0198609758379689,-0.0196860963173465,0.007123521697258,-0.0030895459508645,0.0200920000826886,-0.003250625898409,-0.0354941095082833,0.0103899764495129,0.0087033904661116,0.0157584484409727,32.91,-0.1223628691983121,-0.0243426681828063
2011-11-23,2161.0,252320.0,33.98,-0.0243426681828063,0.0003387725174967,-0.0162441257418622,-0.0081895101356804,-0.0198609758379689,-0.0196860963173465,0.007123521697258,-0.0030895459508645,0.0200920000826886,-0.003250625898409,-0.0354941095082833,0.0098125060204241,0.0138636230850295,31.97,-0.0448213204118715,-0.0062667026484755
2011-11-25,2147.5,162260.0,34.47,-0.0062667026484755,-0.0243426681828063,0.0003387725174967,-0.0162441257418622,-0.0081895101356804,-0.0198609758379689,-0.0196860963173465,0.007123521697258,-0.0030895459508645,0.0200920000826886,-0.003250625898409,0.0095443814997248,0.01381269301464,33.98,-0.3569277108433735,0.0336531700360169
2011-11-28,2221.0,288250.0,32.13,0.0336531700360169,-0.0062667026484755,-0.0243426681828063,0.0003387725174967,-0.0162441257418622,-0.0081895101356804,-0.0198609758379689,-0.0196860963173465,0.007123521697258,-0.0030895459508645,0.0200920000826886,0.0223342527488148,0.0170547078967349,34.47,0.7764698631825466,-0.0038344470123428
2011-11-29,2212.5,272610.0,30.64,-0.0038344470123428,0.0336531700360169,-0.0062667026484755,-0.0243426681828063,0.0003387725174967,-0.0162441257418622,-0.0081895101356804,-0.0198609758379689,-0.0196860963173465,0.007123521697258,-0.0030895459508645,0.0210899847218366,0.0170438741497289,32.13,-0.0542584562012142,0.036609745612561
2011-11-30,2295.0,296700.0,27.8,0.036609745612561,-0.0038344470123428,0.0336531700360169,-0.0062667026484755,-0.0243426681828063,0.0003387725174967,-0.0162441257418622,-0.0081895101356804,-0.0198609758379689,-0.0196860963173465,0.007123521697258,0.0267523261325554,0.021486413152262,30.64,0.0883679982392429,0.0061899529780738
2011-12-01,2309.25,226160.0,27.41,0.0061899529780738,0.036609745612561,-0.0038344470123428,0.0336531700360169,-0.0062667026484755,-0.0243426681828063,0.0003387725174967,-0.0162441257418622,-0.0081895101356804,-0.0198609758379689,-0.0196860963173465,0.0205218741175785,0.0207707024230309,27.8,-0.2377485675766767,-0.0026016274836779
2011-12-02,2303.25,201370.0,27.52,-0.0026016274836779,0.0061899529780738,0.036609745612561,-0.0038344470123428,0.0336531700360169,-0.0062667026484755,-0.0243426681828063,0.0003387725174967,-0.0162441257418622,-0.0081895101356804,-0.0198609758379689,0.01969851518864,0.0196413406590571,27.41,-0.1096126636009904,0.0093988700324153
2011-12-05,2325.0,228280.0,27.84,0.0093988700324153,-0.0026016274836779,0.0061899529780738,0.036609745612561,-0.0038344470123428,0.0336531700360169,-0.0062667026484755,-0.0243426681828063,0.0003387725174967,-0.0162441257418622,-0.0081895101356804,0.0163520489945637,0.019460819072589,27.52,0.1336346029696578,-0.0015065105614802
2011-12-06,2321.5,212670.0,28.13,-0.0015065105614802,0.0093988700324153,-0.0026016274836779,0.0061899529780738,0.036609745612561,-0.0038344470123428,0.0336531700360169,-0.0062667026484755,-0.0243426681828063,0.0003387725174967,-0.0162441257418622,0.0159171910726712,0.0183430678845145,27.84,-0.0683809356930086,0.0
2011-12-07,2321.5,265640.0,28.67,0.0,-0.0015065105614802,0.0093988700324153,-0.0026016274836779,0.0061899529780738,0.036609745612561,-0.0038344470123428,0.0336531700360169,-0.0062667026484755,-0.0243426681828063,0.0003387725174967,0.0052280754092221,0.0183524589266932,28.13,0.2490713311703578,-0.0157381009260483
2011-12-08,2285.25,215990.0,30.59,-0.0157381009260483,0.0,-0.0015065105614802,0.0093988700324153,-0.0026016274836779,0.0061899529780738,0.036609745612561,-0.0038344470123428,0.0336531700360169,-0.0062667026484755,-0.0243426681828063,0.0089893703162646,0.0169889976626081,28.67,-0.1869070923053757,0.0159534557239085
2011-12-09,2322.0,124580.0,26.38,0.0159534557239085,-0.0157381009260483,0.0,-0.0015065105614802,0.0093988700324153,-0.0026016274836779,0.0061899529780738,0.036609745612561,-0.0038344470123428,0.0336531700360169,-0.0062667026484755,0.0120380843172658,0.0167167956645094,30.59,-0.42321403768693,-0.0121318645685208
2011-12-12,2294.0,95710.0,25.67,-0.0121318645685208,0.0159534557239085,-0.0157381009260483,0.0,-0.0015065105614802,0.0093988700324153,-0.0026016274836779,0.0061899529780738,0.036609745612561,-0.0038344470123428,0.0336531700360169,0.01240581302562,0.0150387179003201,26.38,-0.2317386418365709,-0.0100767555837575
2011-12-13,2271.0,101720.0,25.41,-0.0100767555837575,-0.0121318645685208,0.0159534557239085,-0.0157381009260483,0.0,-0.0015065105614802,0.0093988700324153,-0.0026016274836779,0.0061899529780738,0.036609745612561,-0.0038344470123428,0.0127885003724728,0.0154875695576804,25.67,0.0627938564413332,-0.0172102177082326
2011-12-14,2232.25,80080.0,26.04,-0.0172102177082326,-0.0100767555837575,-0.0121318645685208,0.0159534557239085,-0.0157381009260483,0.0,-0.0015065105614802,0.0093988700324153,-0.0026016274836779,0.0061899529780738,0.036609745612561,0.0135990136408213,0.0110852868795629,25.41,-0.2127408572552104,-0.0023546571399581
2011-12-15,2227.0,39570.0,25.11,-0.0023546571399581,-0.0172102177082326,-0.0100767555837575,-0.0121318645685208,0.0159534557239085,-0.0157381009260483,0.0,-0.0015065105614802,0.0093988700324153,-0.0026016274836779,0.0061899529780738,0.0129579802506152,0.0106380032731944,26.04,-0.5058691308691309,0.0068244377407448
2011-12-16,2242.25,214930.0,24.29,0.0068244377407448,-0.0023546571399581,-0.0172102177082326,-0.0100767555837575,-0.0121318645685208,0.0159534557239085,-0.0157381009260483,0.0,-0.0015065105614802,0.0093988700324153,-0.0026016274836779,0.0093907504309274,0.0111444815850125,25.11,4.431640131412687,-0.0133567281160279
2011-12-19,2212.5,183910.0,24.92,-0.0133567281160279,0.0068244377407448,-0.0023546571399581,-0.0172102177082326,-0.0100767555837575,-0.0121318645685208,0.0159534557239085,-0.0157381009260483,0.0,-0.0015065105614802,0.0093988700324153,0.0095726385343271,0.010718202422799,24.29,-0.144326059647327,0.0242239896440809
2011-12-20,2266.75,227830.0,23.22,0.0242239896440809,-0.0133567281160279,0.0068244377407448,-0.0023546571399581,-0.0172102177082326,-0.0100767555837575,-0.0121318645685208,0.0159534557239085,-0.0157381009260483,0.0,-0.0015065105614802,0.0166794113893492,0.0141714730103318,24.92,0.2388124626175847,-0.0123177499274106
2011-12-21,2239.0,248780.0,21.43,-0.0123177499274106,0.0242239896440809,-0.0133567281160279,0.0068244377407448,-0.0023546571399581,-0.0172102177082326,-0.0100767555837575,-0.0121318645685208,0.0159534557239085,-0.0157381009260483,0.0,0.0155501202500237,0.0144730935120383,23.22,0.0919545274985735,0.0096672790218346
2011-12-22,2260.75,128980.0,21.16,0.0096672790218346,-0.0123177499274106,0.0242239896440809,-0.0133567281160279,0.0068244377407448,-0.0023546571399581,-0.0172102177082326,-0.0100767555837575,-0.0121318645685208,0.0159534557239085,-0.0157381009260483,0.0159037129905617,0.0143384241949888,21.43,-0.4815499638234585,0.0078207150833477
2011-12-23,2278.5,72450.0,20.73,0.0078207150833477,0.0096672790218346,-0.0123177499274106,0.0242239896440809,-0.0133567281160279,0.0068244377407448,-0.0023546571399581,-0.0172102177082326,-0.0100767555837575,-0.0121318645685208,0.0159534557239085,0.0159695833834535,0.0134693813628958,21.16,-0.438285005427198,0.0026298502993889
2011-12-27,2284.5,73760.0,21.91,0.0026298502993889,0.0078207150833477,0.0096672790218346,-0.0123177499274106,0.0242239896440809,-0.0133567281160279,0.0068244377407448,-0.0023546571399581,-0.0172102177082326,-0.0100767555837575,-0.0121318645685208,0.0131810112044562,0.0130238868031267,20.73,0.0180814354727398,-0.0110036321519918
2011-12-28,2259.5,128310.0,23.52,-0.0110036321519918,0.0026298502993889,0.0078207150833477,0.0096672790218346,-0.0123177499274106,0.0242239896440809,-0.0133567281160279,0.0068244377407448,-0.0023546571399581,-0.0172102177082326,-0.0100767555837575,0.0103957964315134,0.0131033429886039,21.91,0.7395607375271149,0.0078250247735849
2011-12-29,2277.25,100730.0,22.65,0.0078250247735849,-0.0110036321519918,0.0026298502993889,0.0078207150833477,0.0096672790218346,-0.0123177499274106,0.0242239896440809,-0.0133567281160279,0.0068244377407448,-0.0023546571399581,-0.0172102177082326,0.0084625552248709,0.0118933259028803,23.52,-0.2149481723949808,-0.0012083266148604
2011-12-30,2274.5,69030.0,23.4,-0.0012083266148604,0.0078250247735849,-0.0110036321519918,0.0026298502993889,0.0078207150833477,0.0096672790218346,-0.0123177499274106,0.0242239896440809,-0.0133567281160279,0.0068244377407448,-0.0023546571399581,0.0078182024522645,0.0118521879397169,22.65,-0.3147026705053112,0.0180813116828269
2012-01-03,2316.0,177460.0,22.97,0.0180813116828269,-0.0012083266148604,0.0078250247735849,-0.0110036321519918,0.0026298502993889,0.0078207150833477,0.0096672790218346,-0.0123177499274106,0.0242239896440809,-0.0133567281160279,0.0068244377407448,0.0107740991193399,0.0128428252432784,23.4,1.5707663334781978,0.0054900832229123
2012-01-04,2328.75,142880.0,22.22,0.0054900832229123,0.0180813116828269,-0.0012083266148604,0.0078250247735849,-0.0110036321519918,0.0026298502993889,0.0078207150833477,0.0096672790218346,-0.0123177499274106,0.0242239896440809,-0.0133567281160279,0.0108078342455526,0.0114439646501244,22.97,-0.1948608137044968,0.0046055883904727
2012-01-05,2339.5,195110.0,21.48,0.0046055883904727,0.0054900832229123,0.0180813116828269,-0.0012083266148604,0.0078250247735849,-0.0110036321519918,0.0026298502993889,0.0078207150833477,0.0096672790218346,-0.0123177499274106,0.0242239896440809,0.007050838646331,0.0092827588236819,22.22,0.3655515117581187,0.0054350855806039
2012-01-06,2352.25,158880.0,20.63,0.0054350855806039,0.0046055883904727,0.0054900832229123,0.0180813116828269,-0.0012083266148604,0.0078250247735849,-0.0110036321519918,0.0026298502993889,0.0078207150833477,0.0096672790218346,-0.0123177499274106,0.0070584346060107,0.0075252202057411,21.48,-0.1856901235200656,-0.0023409246697738
2012-01-09,2346.75,152190.0,21.07,-0.0023409246697738,0.0054350855806039,0.0046055883904727,0.0054900832229123,0.0180813116828269,-0.0012083266148604,0.0078250247735849,-0.0110036321519918,0.0026298502993889,0.0078207150833477,0.0096672790218346,0.0073778296599172,0.0076432142056874,20.63,-0.0421072507552869,0.0071121790161898
2012-01-10,2363.5,147330.0,20.69,0.0071121790161898,-0.0023409246697738,0.0054350855806039,0.0046055883904727,0.0054900832229123,0.0180813116828269,-0.0012083266148604,0.0078250247735849,-0.0110036321519918,0.0026298502993889,0.0078207150833477,0.0036919269235723,0.0076043001078166,21.07,-0.031933767001774,0.0014797592806929
2012-01-11,2367.0,173540.0,21.05,0.0014797592806929,0.0071121790161898,-0.0023409246697738,0.0054350855806039,0.0046055883904727,0.0054900832229123,0.0180813116828269,-0.0012083266148604,0.0078250247735849,-0.0110036321519918,0.0026298502993889,0.0037390001647586,0.007630308185056,20.69,0.1778999524876128,0.0048467063583523
2012-01-12,2378.5,160560.0,20.47,0.0048467063583523,0.0014797592806929,0.0071121790161898,-0.0023409246697738,0.0054350855806039,0.0046055883904727,0.0054900832229123,0.0180813116828269,-0.0012083266148604,0.0078250247735849,-0.0110036321519918,0.0037622032112914,0.005664901227946,21.05,-0.0747954362106718,-0.0021043778809634
2012-01-13,2373.5,199240.0,20.91,-0.0021043778809634,0.0048467063583523,0.0014797592806929,0.0071121790161898,-0.0023409246697738,0.0054350855806039,0.0046055883904727,0.0054900832229123,0.0180813116828269,-0.0012083266148604,0.0078250247735849,0.0041831696877178,0.0060007991546266,20.47,0.2409068261086198,0.0068230989524993
2012-01-17,2389.75,190240.0,22.2,0.0068230989524993,-0.0021043778809634,0.0048467063583523,0.0014797592806929,0.0071121790161898,-0.0023409246697738,0.0054350855806039,0.0046055883904727,0.0054900832229123,0.0180813116828269,-0.0012083266148604,0.0039149853117722,0.005737159968443,20.91,-0.0451716522786589,0.012785372435877
2012-01-18,2420.5,214770.0,20.89,0.012785372435877,0.0068230989524993,-0.0021043778809634,0.0048467063583523,0.0014797592806929,0.0071121790161898,-0.0023409246697738,0.0054350855806039,0.0046055883904727,0.0054900832229123,0.0180813116828269,0.0056247216400435,0.004500818895474,22.2,0.1289423885618166,0.0019604814616438
2012-01-19,2425.25,185080.0,19.87,0.0019604814616438,0.012785372435877,0.0068230989524993,-0.0021043778809634,0.0048467063583523,0.0014797592806929,0.0071121790161898,-0.0023409246697738,0.0054350855806039,0.0046055883904727,0.0054900832229123,0.0055582192300014,0.0045451693688215,20.89,-0.1382409088792662,0.0039094699999156
2012-01-20,2434.75,153100.0,18.28,0.0039094699999156,0.0019604814616438,0.012785372435877,0.0068230989524993,-0.0021043778809634,0.0048467063583523,0.0014797592806929,0.0071121790161898,-0.0023409246697738,0.0054350855806039,0.0046055883904727,0.0055746542831138,0.004541218989238,19.87,-0.1727901448022476,0.0001026746753815
2012-01-23,2435.0,165320.0,18.67,0.0001026746753815,0.0039094699999156,0.0019604814616438,0.012785372435877,0.0068230989524993,-0.0021043778809634,0.0048467063583523,0.0014797592806929,0.0071121790161898,-0.0023409246697738,0.0054350855806039,0.0049568110426559,0.0046641767212735,18.28,0.0798171129980405,0.0010261673553121
2012-01-24,2437.5,146670.0,18.91,0.0010261673553121,0.0001026746753815,0.0039094699999156,0.0019604814616438,0.012785372435877,0.0068230989524993,-0.0021043778809634,0.0048467063583523,0.0014797592806929,0.0071121790161898,-0.0023409246697738,0.005132594587572,0.0043069349330349,18.67,-0.1128115170578272,0.0093916574340306
2012-01-25,2460.5,249740.0,18.31,0.0093916574340306,0.0010261673553121,0.0001026746753815,0.0039094699999156,0.0019604814616438,0.012785372435877,0.0068230989524993,-0.0021043778809634,0.0048467063583523,0.0014797592806929,0.0071121790161898,0.0036967843396852,0.0045552210942957,18.91,0.7027340287720734,-0.0029509052194298
2012-01-26,2453.25,186800.0,18.57,-0.0029509052194298,0.0093916574340306,0.0010261673553121,0.0001026746753815,0.0039094699999156,0.0019604814616438,0.012785372435877,0.0068230989524993,-0.0021043778809634,0.0048467063583523,0.0014797592806929,0.004661137334209,0.0050215821826383,18.31,-0.2520221029871066,0.0012221205309683
2012-01-27,2456.25,169930.0,18.53,0.0012221205309683,-0.0029509052194298,0.0093916574340306,0.0010261673553121,0.0001026746753815,0.0039094699999156,0.0019604814616438,0.012785372435877,0.0068230989524993,-0.0021043778809634,0.0048467063583523,0.0045828310396823,0.0050506421840634,18.57,-0.0903104925053532,0.0023382311268274
2012-01-30,2462.0,182360.0,19.4,0.0023382311268274,0.0012221205309683,-0.0029509052194298,0.0093916574340306,0.0010261673553121,0.0001026746753815,0.0039094699999156,0.0019604814616438,0.012785372435877,0.0068230989524993,-0.0021043778809634,0.0044890102378515,0.004714824616776,18.53,0.073147766727476,0.0009134738011495
2012-01-31,2464.25,271820.0,19.44,0.0009134738011495,0.0023382311268274,0.0012221205309683,-0.0029509052194298,0.0093916574340306,0.0010261673553121,0.0001026746753815,0.0039094699999156,0.0019604814616438,0.012785372435877,0.0068230989524993,0.004496687880928,0.0046442542276094,19.4,0.4905681070410177,0.0093906884871994
2012-02-01,2487.5,206690.0,18.55,0.0093906884871994,0.0009134738011495,0.0023382311268274,0.0012221205309683,-0.0029509052194298,0.0093916574340306,0.0010261673553121,0.0001026746753815,0.0039094699999156,0.0019604814616438,0.012785372435877,0.0044962995499017,0.0039233103430966,19.44,-0.2396070929291442,0.0016067486887114
2012-02-02,2491.5,191480.0,17.98,0.0016067486887114,0.0093906884871994,0.0009134738011495,0.0023382311268274,0.0012221205309683,-0.0029509052194298,0.0093916574340306,0.0010261673553121,0.0001026746753815,0.0039094699999156,0.0019604814616438,0.0035598460601909,0.0039326070753336,18.55,-0.0735884658183753,0.0125637309195985
2012-02-03,2523.0,168430.0,17.1,0.0125637309195985,0.0016067486887114,0.0093906884871994,0.0009134738011495,0.0023382311268274,0.0012221205309683,-0.0029509052194298,0.0093916574340306,0.0010261673553121,0.0001026746753815,0.0039094699999156,0.0052709044163575,0.0050289750366777,17.98,-0.1203781073741383,0.0010893786667839
2012-02-06,2525.75,156420.0,17.76,0.0010893786667839,0.0125637309195985,0.0016067486887114,0.0093906884871994,0.0009134738011495,0.0023382311268274,0.0012221205309683,-0.0029509052194298,0.0093916574340306,0.0010261673553121,0.0001026746753815,0.0054756587965235,0.0049628387576614,17.1,-0.0713055868906964,0.0013847677781581
2012-02-07,2529.25,176250.0,17.65,0.0013847677781581,0.0010893786667839,0.0125637309195985,0.0016067486887114,0.0093906884871994,0.0009134738011495,0.0023382311268274,0.0012221205309683,-0.0029509052194298,0.0093916574340306,0.0010261673553121,0.0053886643351437,0.0049429555845909,17.76,0.1267740698120445,0.0061095972464494
2012-02-08,2544.75,198950.0,18.16,0.0061095972464494,0.0013847677781581,0.0010893786667839,0.0125637309195985,0.0016067486887114,0.0093906884871994,0.0009134738011495,0.0023382311268274,0.0012221205309683,-0.0029509052194298,0.0093916574340306,0.0049322800652212,0.0046211638803744,17.65,0.1287943262411348,0.0063653938670759
2012-02-09,2561.0,244810.0,18.63,0.0063653938670759,0.0061095972464494,0.0013847677781581,0.0010893786667839,0.0125637309195985,0.0016067486887114,0.0093906884871994,0.0009134738011495,0.0023382311268274,0.0012221205309683,-0.0029509052194298,0.0046745452591057,0.0041176521969449,18.16,0.2305101784367931,-0.0048928564194288
2012-02-10,2548.5,228660.0,20.79,-0.0048928564194288,0.0063653938670759,0.0061095972464494,0.0013847677781581,0.0010893786667839,0.0125637309195985,0.0016067486887114,0.0093906884871994,0.0009134738011495,0.0023382311268274,0.0012221205309683,0.0046006529739694,0.0049874520523595,18.63,-0.065969527388587,0.0075250782658173
2012-02-13,2567.75,165760.0,19.04,0.0075250782658173,-0.0048928564194288,0.0063653938670759,0.0061095972464494,0.0013847677781581,0.0010893786667839,0.0125637309195985,0.0016067486887114,0.0093906884871994,0.0009134738011495,0.0023382311268274,0.0051461820923646,0.0051000469300039,20.79,-0.2750809061488672,0.0032077791783304
2012-02-14,2576.0,193340.0,19.54,0.0032077791783304,0.0075250782658173,-0.0048928564194288,0.0063653938670759,0.0061095972464494,0.0013847677781581,0.0010893786667839,0.0125637309195985,0.0016067486887114,0.0093906884871994,0.0009134738011495,0.005040196531307,0.0049858185036672,19.04,0.1663851351351351,-0.0072075893984627
2012-02-15,2557.5,393390.0,21.14,-0.0072075893984627,0.0032077791783304,0.0075250782658173,-0.0048928564194288,0.0063653938670759,0.0061095972464494,0.0013847677781581,0.0010893786667839,0.0125637309195985,0.0016067486887114,0.0093906884871994,0.006676987834622,0.0058420625170045,19.54,1.034705699803455,0.0139780959656734
2012-02-16,2593.5,313170.0,19.22,0.0139780959656734,-0.0072075893984627,0.0032077791783304,0.0075250782658173,-0.0048928564194288,0.0063653938670759,0.0061095972464494,0.0013847677781581,0.0010893786667839,0.0125637309195985,0.0016067486887114,0.0087519744275498,0.0067987070260757,21.14,-0.2039197742698085,-0.004444022384867
2012-02-17,2582.0,216110.0,17.78,-0.004444022384867,0.0139780959656734,-0.0072075893984627,0.0032077791783304,0.0075250782658173,-0.0048928564194288,0.0063653938670759,0.0061095972464494,0.0013847677781581,0.0010893786667839,0.0125637309195985,0.008658712608404,0.0065443706472427,19.22,-0.3099275154069675,0.0034796091555221
2012-02-21,2591.0,187250.0,18.19,0.0034796091555221,-0.004444022384867,0.0139780959656734,-0.0072075893984627,0.0032077791783304,0.0075250782658173,-0.0048928564194288,0.0063653938670759,0.0061095972464494,0.0013847677781581,0.0010893786667839,0.0082648864829483,0.0065384194919379,17.78,-0.133543103049373,-0.0047391161766484
2012-02-22,2578.75,186680.0,18.19,-0.0047391161766484,0.0034796091555221,-0.004444022384867,0.0139780959656734,-0.0072075893984627,0.0032077791783304,0.0075250782658173,-0.0048928564194288,0.0063653938670759,0.0061095972464494,0.0013847677781581,0.0086807986481381,0.0069345254346929,18.19,-0.0030440587449933,0.0084950795655429
2012-02-23,2600.75,229550.0,16.8,0.0084950795655429,-0.0047391161766484,0.0034796091555221,-0.004444022384867,0.0139780959656734,-0.0072075893984627,0.0032077791783304,0.0075250782658173,-0.0048928564194288,0.0063653938670759,0.0061095972464494,0.0081490118171715,0.0071321795308822,18.19,0.2296443111206343,0.0002883367793536
2012-02-24,2601.5,147650.0,17.31,0.0002883367793536,0.0084950795655429,-0.0047391161766484,0.0034796091555221,-0.004444022384867,0.0139780959656734,-0.0072075893984627,0.0032077791783304,0.0075250782658173,-0.0048928564194288,0.0063653938670759,0.0055827549467113,0.0069931721438783,16.8,-0.3567850141581354,0.0024954423161854
2012-02-27,2608.0,209200.0,18.19,0.0024954423161854,0.0002883367793536,0.0084950795655429,-0.0047391161766484,0.0034796091555221,-0.004444022384867,0.0139780959656734,-0.0072075893984627,0.0032077791783304,0.0075250782658173,-0.0048928564194288,0.0048209482425814,0.0066146599633956,17.31,0.4168642058923129,0.0091603693986641
2012-02-28,2632.0,199720.0,17.96,0.0091603693986641,0.0024954423161854,0.0002883367793536,0.0084950795655429,-0.0047391161766484,0.0034796091555221,-0.004444022384867,0.0139780959656734,-0.0072075893984627,0.0032077791783304,0.0075250782658173,0.0058212892537659,0.0067762133665022,18.19,-0.0453154875717016,-0.0034253125783341
2012-02-29,2623.0,258510.0,18.43,-0.0034253125783341,0.0091603693986641,0.0024954423161854,0.0002883367793536,0.0084950795655429,-0.0047391161766484,0.0034796091555221,-0.004444022384867,0.0139780959656734,-0.0072075893984627,0.0032077791783304,0.0053904363704202,0.0070165103855205,17.96,0.2943621069497295,0.0076905197457622
2012-03-01,2643.25,257370.0,17.26,0.0076905197457622,-0.0034253125783341,0.0091603693986641,0.0024954423161854,0.0002883367793536,0.0084950795655429,-0.0047391161766484,0.0034796091555221,-0.004444022384867,0.0139780959656734,-0.0072075893984627,0.0052093895035293,0.0064481515260308,18.43,-0.0044098874318208,9.45760628690214e-05
2012-03-02,2643.5,179760.0,17.29,9.45760628690214e-05,0.0076905197457622,-0.0034253125783341,0.0091603693986641,0.0024954423161854,0.0002883367793536,0.0084950795655429,-0.0047391161766484,0.0034796091555221,-0.004444022384867,0.0139780959656734,0.0052374981726707,0.0052823333835773,17.26,-0.3015502972374403,-0.0104573630984155
2012-03-05,2616.0,223080.0,18.05,-0.0104573630984155,9.45760628690214e-05,0.0076905197457622,-0.0034253125783341,0.0091603693986641,0.0024954423161854,0.0002883367793536,0.0084950795655429,-0.0047391161766484,0.0034796091555221,-0.004444022384867,0.0080975070145281,0.0063252933429571,17.29,0.2409879839786382,-0.0101816267131431
2012-03-06,2589.5,285520.0,20.87,-0.0101816267131431,-0.0104573630984155,9.45760628690214e-05,0.0076905197457622,-0.0034253125783341,0.0091603693986641,0.0024954423161854,0.0002883367793536,0.0084950795655429,-0.0047391161766484,0.0034796091555221,0.0075977835084606,0.0072166672225886,18.05,0.2798995875918952,0.0074063725274643
2012-03-07,2608.75,260570.0,19.07,0.0074063725274643,-0.0101816267131431,-0.0104573630984155,9.45760628690214e-05,0.0076905197457622,-0.0034253125783341,0.0091603693986641,0.0024954423161854,0.0002883367793536,0.0084950795655429,-0.0047391161766484,0.0089595516079207,0.0073618618729755,20.87,-0.0873844214065564,0.0110551016307909
2012-03-08,2637.75,286630.0,17.95,0.0110551016307909,0.0074063725274643,-0.0101816267131431,-0.0104573630984155,9.45760628690214e-05,0.0076905197457622,-0.0034253125783341,0.0091603693986641,0.0024954423161854,0.0002883367793536,0.0084950795655429,0.0098644919882473,0.0076829144593093,19.07,0.1000115132210155,0.0040671609623799
2012-03-09,2648.5,122330.0,17.11,0.0040671609623799,0.0110551016307909,0.0074063725274643,-0.0101816267131431,-0.0104573630984155,9.45760628690214e-05,0.0076905197457622,-0.0034253125783341,0.0091603693986641,0.0024954423161854,0.0002883367793536,0.0100737187522245,0.0077143375300127,17.95,-0.5732128528067544,0.0011320755926032
2012-03-12,2651.5,122350.0,15.64,0.0011320755926032,0.0040671609623799,0.0110551016307909,0.0074063725274643,-0.0101816267131431,-0.0104573630984155,9.45760628690214e-05,0.0076905197457622,-0.0034253125783341,0.0091603693986641,0.0024954423161854,0.0080966258551547,0.0077125424501075,17.11,0.0001634921932478,0.0172925746666583
2012-03-13,2697.75,147070.0,14.8,0.0172925746666583,0.0011320755926032,0.0040671609623799,0.0110551016307909,0.0074063725274643,-0.0101816267131431,-0.0104573630984155,9.45760628690214e-05,0.0076905197457622,-0.0034253125783341,0.0091603693986641,0.0062946771451059,0.0089253254657034,15.64,0.2020433183489987,0.003145820506957
2012-03-14,2706.25,86540.0,15.31,0.003145820506957,0.0172925746666583,0.0011320755926032,0.0040671609623799,0.0110551016307909,0.0074063725274643,-0.0101816267131431,-0.0104573630984155,9.45760628690214e-05,0.0076905197457622,-0.0034253125783341,0.0067025490392777,0.008681852223718,14.8,-0.411572720473244,0.0035042455630602
2012-03-15,2715.75,59060.0,15.42,0.0035042455630602,0.003145820506957,0.0172925746666583,0.0011320755926032,0.0040671609623799,0.0110551016307909,0.0074063725274643,-0.0101816267131431,-0.0104573630984155,9.45760628690214e-05,0.0076905197457622,0.006503511614025,0.0085369418212315,15.31,-0.3175410214929512,-0.0009910091604436
2012-03-16,2713.06,196870.0,14.47,-0.0009910091604436,0.0035042455630602,0.003145820506957,0.0172925746666583,0.0011320755926032,0.0040671609623799,0.0110551016307909,0.0074063725274643,-0.0101816267131431,-0.0104573630984155,9.45760628690214e-05,0.0072018707002901,0.0085806283278993,15.42,2.3333897731120894,0.0053999443817914
2012-03-19,2727.75,229820.0,15.04,0.0053999443817914,-0.0009910091604436,0.0035042455630602,0.003145820506957,0.0172925746666583,0.0011320755926032,0.0040671609623799,0.0110551016307909,0.0074063725274643,-0.0101816267131431,-0.0104573630984155,0.0069026840586106,0.0072642862424427,14.47,0.1673693300147305,0.0028371409686724
2012-03-20,2735.5,212360.0,15.58,0.0028371409686724,0.0053999443817914,-0.0009910091604436,0.0035042455630602,0.003145820506957,0.0172925746666583,0.0011320755926032,0.0040671609623799,0.0110551016307909,0.0074063725274643,-0.0101816267131431,0.0023316430389657,0.0053066727163905,15.04,-0.0759725002175615,-9.139514698130204e-05
2012-03-21,2735.25,210540.0,15.13,-9.139514698130204e-05,0.0028371409686724,0.0053999443817914,-0.0009910091604436,0.0035042455630602,0.003145820506957,0.0172925746666583,0.0011320755926032,0.0040671609623799,0.0110551016307909,0.0074063725274643,0.0026342178212387,0.0055300088207823,15.58,-0.0085703522320588,-0.001463459512999
2012-03-22,2731.25,233140.0,15.57,-0.001463459512999,-9.139514698130204e-05,0.0028371409686724,0.0053999443817914,-0.0009910091604436,0.0035042455630602,0.003145820506957,0.0172925746666583,0.0011320755926032,0.0040671609623799,0.0110551016307909,0.002909593342588,0.005354529883887,15.13,0.1073430227035243,-0.0009157509797466
2012-03-23,2728.75,198240.0,14.82,-0.0009157509797466,-0.001463459512999,-9.139514698130204e-05,0.0028371409686724,0.0053999443817914,-0.0009910091604436,0.0035042455630602,0.003145820506957,0.0172925746666583,0.0011320755926032,0.0040671609623799,0.0028959876220248,0.0055233527030201,15.57,-0.1496954619541906,0.0175275794426459
2012-03-26,2777.0,202380.0,14.26,0.0175275794426459,-0.0009157509797466,-0.001463459512999,-9.139514698130204e-05,0.0028371409686724,0.0053999443817914,-0.0009910091604436,0.0035042455630602,0.003145820506957,0.0172925746666583,0.0011320755926032,0.007972048168109,0.0071160089179036,14.82,0.0208837772397094,-0.0004502273724245
2012-03-27,2775.75,179110.0,15.59,-0.0004502273724245,0.0175275794426459,-0.0009157509797466,-0.001463459512999,-9.139514698130204e-05,0.0028371409686724,0.0053999443817914,-0.0009910091604436,0.0035042455630602,0.003145820506957,0.0172925746666583,0.0081813202514048,0.0056718871746488,14.26,-0.1149817175610238,-0.0027959431968148
2012-03-28,2768.0,238250.0,15.47,-0.0027959431968148,-0.0004502273724245,0.0175275794426459,-0.0009157509797466,-0.001463459512999,-9.139514698130204e-05,0.0028371409686724,0.0053999443817914,-0.0009910091604436,0.0035042455630602,0.003145820506957,0.0085129884956685,0.0059422674226351,15.59,0.3301881525319636,-0.0035286170971447
2012-03-29,2758.25,246570.0,15.48,-0.0035286170971447,-0.0027959431968148,-0.0004502273724245,0.0175275794426459,-0.0009157509797466,-0.001463459512999,-9.139514698130204e-05,0.0028371409686724,0.0053999443817914,-0.0009910091604436,0.0035042455630602,0.0087916481434608,0.0061891843272458,15.47,0.0349213011542497,-0.0027228188903934
2012-03-30,2750.75,209240.0,15.5,-0.0027228188903934,-0.0035286170971447,-0.0027959431968148,-0.0004502273724245,0.0175275794426459,-0.0009157509797466,-0.001463459512999,-9.139514698130204e-05,0.0028371409686724,0.0053999443817914,-0.0009910091604436,0.0089750324871773,0.0062916536418992,15.48,-0.1513971691608874,0.0094976065567774
2012-04-02,2777.0,210980.0,15.64,0.0094976065567774,-0.0027228188903934,-0.0035286170971447,-0.0027959431968148,-0.0004502273724245,0.0175275794426459,-0.0009157509797466,-0.001463459512999,-9.139514698130204e-05,0.0028371409686724,0.0053999443817914,0.0054334476780905,0.0067025994709073,15.5,0.0083158095966353,0.0007199424357041
2012-04-03,2779.0,252460.0,15.66,0.0007199424357041,0.0094976065567774,-0.0027228188903934,-0.0035286170971447,-0.0027959431968148,-0.0004502273724245,0.0175275794426459,-0.0009157509797466,-0.001463459512999,-9.139514698130204e-05,0.0028371409686724,0.0054344081469389,0.0066992647273754,15.64,0.1966063133946345,-0.0154114191585308
2012-04-04,2736.5,273620.0,16.44,-0.0154114191585308,0.0007199424357041,0.0094976065567774,-0.0027228188903934,-0.0035286170971447,-0.0027959431968148,-0.0004502273724245,0.0175275794426459,-0.0009157509797466,-0.001463459512999,-9.139514698130204e-05,0.0089707937585851,0.0086042305611412,15.66,0.0838152578626316,0.0062838875325801
2012-04-05,2753.75,225940.0,16.7,0.0062838875325801,-0.0154114191585308,0.0007199424357041,0.0094976065567774,-0.0027228188903934,-0.0035286170971447,-0.0027959431968148,-0.0004502273724245,0.0175275794426459,-0.0009157509797466,-0.001463459512999,0.0096773248494449,0.008799813770541,16.44,-0.17425626781668,-0.0092116114902662
2012-04-09,2728.5,192710.0,18.81,-0.0092116114902662,0.0062838875325801,-0.0154114191585308,0.0007199424357041,0.0094976065567774,-0.0027228188903934,-0.0035286170971447,-0.0027959431968148,-0.0004502273724245,0.0175275794426459,-0.0009157509797466,0.0104807401747871,0.0093551875253828,16.7,-0.1470744445427989,-0.0116119634865566
2012-04-10,2697.0,383510.0,20.39,-0.0116119634865566,-0.0092116114902662,0.0062838875325801,-0.0154114191585308,0.0007199424357041,0.0094976065567774,-0.0027228188903934,-0.0035286170971447,-0.0027959431968148,-0.0004502273724245,0.0175275794426459,0.0090321189465855,0.0076728395525999,18.81,0.9900887343677028,0.0026845653706689
2012-04-11,2704.25,270040.0,20.02,0.0026845653706689,-0.0116119634865566,-0.0092116114902662,0.0062838875325801,-0.0154114191585308,0.0007199424357041,0.0094976065567774,-0.0027228188903934,-0.0035286170971447,-0.0027959431968148,-0.0004502273724245,0.0094234362408275,0.0078471539316875,20.39,-0.2958723370968162,0.0126770023992773
2012-04-12,2738.75,283700.0,17.2,0.0126770023992773,0.0026845653706689,-0.0116119634865566,-0.0092116114902662,0.0062838875325801,-0.0154114191585308,0.0007199424357041,0.0094976065567774,-0.0027228188903934,-0.0035286170971447,-0.0027959431968148,0.0103314678094351,0.0092129489635067,20.02,0.0505850985039253,-0.0166601487890877
2012-04-13,2693.5,293030.0,19.55,-0.0166601487890877,0.0126770023992773,0.0026845653706689,-0.0116119634865566,-0.0092116114902662,0.0062838875325801,-0.0154114191585308,0.0007199424357041,0.0094976065567774,-0.0027228188903934,-0.0035286170971447,0.0119088975540769,0.0104555737046965,17.2,0.0328868523087768,-0.0111065587077615
2012-04-16,2663.75,397000.0,19.55,-0.0111065587077615,-0.0166601487890877,0.0126770023992773,0.0026845653706689,-0.0116119634865566,-0.0092116114902662,0.0062838875325801,-0.0154114191585308,0.0007199424357041,0.0094976065567774,-0.0027228188903934,0.0121274784242656,0.010816414024229,19.55,0.3548100877043305,0.01822797608749
2012-04-17,2712.75,300860.0,18.46,0.01822797608749,-0.0111065587077615,-0.0166601487890877,0.0126770023992773,0.0026845653706689,-0.0116119634865566,-0.0092116114902662,0.0062838875325801,-0.0154114191585308,0.0007199424357041,0.0094976065567774,0.0149524873570741,0.0122179399000641,19.55,-0.2421662468513854,-0.0067502221267656
2012-04-18,2694.5,285990.0,18.64,-0.0067502221267656,0.01822797608749,-0.0111065587077615,-0.0166601487890877,0.0126770023992773,0.0026845653706689,-0.0116119634865566,-0.0092116114902662,0.0062838875325801,-0.0154114191585308,0.0007199424357041,0.0153039044580016,0.012238357425351,18.46,-0.0494249817190719,-0.0040907457566677
2012-04-19,2683.5,435460.0,18.36,-0.0040907457566677,-0.0067502221267656,0.01822797608749,-0.0111065587077615,-0.0166601487890877,0.0126770023992773,0.0026845653706689,-0.0116119634865566,-0.0092116114902662,0.0062838875325801,-0.0154114191585308,0.0133454916282901,0.0114712984512776,18.64,0.5226406517710409,-0.0034529454306433
2012-04-20,2674.25,292570.0,17.44,-0.0034529454306433,-0.0040907457566677,-0.0067502221267656,0.01822797608749,-0.0111065587077615,-0.0166601487890877,0.0126770023992773,0.0026845653706689,-0.0116119634865566,-0.0092116114902662,0.0062838875325801,0.0113968016428162,0.0111014761188299,18.36,-0.3281357644789417,-0.0090149920330331
2012-04-23,2650.25,318640.0,18.97,-0.0090149920330331,-0.0034529454306433,-0.0040907457566677,-0.0067502221267656,0.01822797608749,-0.0111065587077615,-0.0166601487890877,0.0126770023992773,0.0026845653706689,-0.0116119634865566,-0.0092116114902662,0.0109839491637444,0.0110892808956918,17.44,0.0891068804046895,-0.0067200101450764
2012-04-24,2632.5,265560.0,18.1,-0.0067200101450764,-0.0090149920330331,-0.0034529454306433,-0.0040907457566677,-0.0067502221267656,0.01822797608749,-0.0111065587077615,-0.0166601487890877,0.0126770023992773,0.0026845653706689,-0.0116119634865566,0.0022529977991327,0.0107659252586663,18.97,-0.1665829776550339,0.0269830873033509
2012-04-25,2704.5,339630.0,16.82,0.0269830873033509,-0.0067200101450764,-0.0090149920330331,-0.0034529454306433,-0.0040907457566677,-0.0067502221267656,0.01822797608749,-0.0111065587077615,-0.0166601487890877,0.0126770023992773,0.0026845653706689,0.0148360047201821,0.014230714050145,18.1,0.2789200180750113,0.0058067355196397
2012-04-26,2720.25,206890.0,16.24,0.0058067355196397,0.0269830873033509,-0.0067200101450764,-0.0090149920330331,-0.0034529454306433,-0.0040907457566677,-0.0067502221267656,0.01822797608749,-0.0111065587077615,-0.0166601487890877,0.0126770023992773,0.0146897449416179,0.0137074098112415,16.82,-0.3908370874186615,0.0060472971535453
2012-04-27,2736.75,212000.0,16.32,0.0060472971535453,0.0058067355196397,0.0269830873033509,-0.0067200101450764,-0.0090149920330331,-0.0034529454306433,-0.0040907457566677,-0.0067502221267656,0.01822797608749,-0.0111065587077615,-0.0166601487890877,0.0143008918343376,0.0126018764186544,16.24,0.0246991154719899,-0.0064149780107071
2012-04-30,2719.25,198660.0,17.15,-0.0064149780107071,0.0060472971535453,0.0058067355196397,0.0269830873033509,-0.0067200101450764,-0.0090149920330331,-0.0034529454306433,-0.0040907457566677,-0.0067502221267656,0.01822797608749,-0.0111065587077615,0.0137164640476336,0.0121559943409495,16.32,-0.0629245283018867,-0.0002758493879842
2012-05-01,2718.5,180910.0,16.6,-0.0002758493879842,-0.0064149780107071,0.0060472971535453,0.0058067355196397,0.0269830873033509,-0.0067200101450764,-0.0090149920330331,-0.0034529454306433,-0.0040907457566677,-0.0067502221267656,0.01822797608749,0.012579012194338,0.0107486734960798,17.15,-0.0893486358602637,0.0033051811212504
2012-05-02,2727.5,221310.0,16.88,0.0033051811212504,-0.0002758493879842,-0.0064149780107071,0.0060472971535453,0.0058067355196397,0.0269830873033509,-0.0067200101450764,-0.0090149920330331,-0.0034529454306433,-0.0040907457566677,-0.0067502221267656,0.0051984979714284,0.0104922999876557,16.6,0.2233154607263279,-0.0131010269426074
2012-05-03,2692.0,274370.0,17.56,-0.0131010269426074,0.0033051811212504,-0.0002758493879842,-0.0064149780107071,0.0060472971535453,0.0058067355196397,0.0269830873033509,-0.0067200101450764,-0.0090149920330331,-0.0034529454306433,-0.0040907457566677,0.0077227400139071,0.0113505528764174,16.88,0.2397541909538656,-0.0250130576867044
2012-05-04,2625.5,320110.0,19.16,-0.0250130576867044,-0.0131010269426074,0.0033051811212504,-0.0002758493879842,-0.0064149780107071,0.0060472971535453,0.0058067355196397,0.0269830873033509,-0.0067200101450764,-0.0090149920330331,-0.0034529454306433,0.0112360656674137,0.0139060282746253,17.56,0.1667091883223384,0.0041809258926104
2012-05-07,2636.5,238010.0,18.94,0.0041809258926104,-0.0250130576867044,-0.0131010269426074,0.0033051811212504,-0.0002758493879842,-0.0064149780107071,0.0060472971535453,0.0058067355196397,0.0269830873033509,-0.0067200101450764,-0.0090149920330331,0.01259723296548,0.0137749777772233,19.16,-0.2564743369466745,-0.0052288943589295
2012-05-08,2622.75,328110.0,19.05,-0.0052288943589295,0.0041809258926104,-0.0250130576867044,-0.0131010269426074,0.0033051811212504,-0.0002758493879842,-0.0064149780107071,0.0060472971535453,0.0058067355196397,0.0269830873033509,-0.0067200101450764,0.0122054558293876,0.0137083179860722,18.94,0.3785555228771899,-0.0013353683785206
2012-05-09,2619.25,373580.0,20.08,-0.0013353683785206,-0.0052288943589295,0.0041809258926104,-0.0250130576867044,-0.0131010269426074,0.0033051811212504,-0.0002758493879842,-0.0064149780107071,0.0060472971535453,0.0058067355196397,0.0269830873033509,0.0113565665896544,0.0097965355412113,19.05,0.1385815732528725,-0.0001909125626264
2012-05-10,2618.75,312500.0,18.83,-0.0001909125626264,-0.0013353683785206,-0.0052288943589295,0.0041809258926104,-0.0250130576867044,-0.0131010269426074,0.0033051811212504,-0.0002758493879842,-0.0064149780107071,0.0060472971535453,0.0058067355196397,0.0114026563368592,0.0093574111643518,20.08,-0.1634991166550672,-0.0030595683107898
2012-05-11,2610.75,266270.0,19.89,-0.0030595683107898,-0.0001909125626264,-0.0013353683785206,-0.0052288943589295,0.0041809258926104,-0.0250130576867044,-0.0131010269426074,0.0033051811212504,-0.0002758493879842,-0.0064149780107071,0.0060472971535453,0.0035232836843332,0.0087132540884904,18.83,-0.1479359999999999,-0.0099120284171284
2012-05-14,2585.0,245850.0,21.87,-0.0099120284171284,-0.0030595683107898,-0.0001909125626264,-0.0013353683785206,-0.0052288943589295,0.0041809258926104,-0.0250130576867044,-0.0131010269426074,0.0033051811212504,-0.0002758493879842,-0.0064149780107071,0.0038386570304999,0.0088581094078309,19.89,-0.076689074999061,-0.0026146337463511
2012-05-15,2578.25,324950.0,21.97,-0.0026146337463511,-0.0099120284171284,-0.0030595683107898,-0.0001909125626264,-0.0013353683785206,-0.0052288943589295,0.0041809258926104,-0.0250130576867044,-0.0131010269426074,0.0033051811212504,-0.0002758493879842,0.0037979475424986,0.0087478590106459,21.87,0.3217408989221069,-0.0080806553703968
2012-05-16,2557.5,283940.0,22.27,-0.0080806553703968,-0.0026146337463511,-0.0099120284171284,-0.0030595683107898,-0.0001909125626264,-0.0013353683785206,-0.0052288943589295,0.0041809258926104,-0.0250130576867044,-0.0131010269426074,0.0033051811212504,0.0040601756449384,0.0082294473249877,21.97,-0.1262040313894445,-0.0208412896864091
2012-05-17,2504.75,348700.0,24.49,-0.0208412896864091,-0.0080806553703968,-0.0026146337463511,-0.0099120284171284,-0.0030595683107898,-0.0001909125626264,-0.0013353683785206,-0.0052288943589295,0.0041809258926104,-0.0250130576867044,-0.0131010269426074,0.0073808262478678,0.0092293026666687,22.27,0.2280763541593293,-0.0146795316478133
2012-05-18,2468.25,421400.0,25.1,-0.0146795316478133,-0.0208412896864091,-0.0080806553703968,-0.0026146337463511,-0.0099120284171284,-0.0030595683107898,-0.0001909125626264,-0.0013353683785206,-0.0052288943589295,0.0041809258926104,-0.0250130576867044,0.0068948534940437,0.0074145336058971,24.49,0.2084886722110697,0.0300316877712608
2012-05-21,2543.5,299360.0,22.01,0.0300316877712608,-0.0146795316478133,-0.0208412896864091,-0.0080806553703968,-0.0026146337463511,-0.0099120284171284,-0.0030595683107898,-0.0001909125626264,-0.0013353683785206,-0.0052288943589295,0.0041809258926104,0.019821052374496,0.0134647376671718,25.1,-0.2896060749881348,-0.0032488337707139
2012-05-22,2535.25,293160.0,22.48,-0.0032488337707139,0.0300316877712608,-0.0146795316478133,-0.0208412896864091,-0.0080806553703968,-0.0026146337463511,-0.0099120284171284,-0.0030595683107898,-0.0001909125626264,-0.0013353683785206,-0.0052288943589295,0.0198181039313486,0.0134525306703678,22.01,-0.0207108498129342,0.0020686605416807
2012-05-23,2540.5,313140.0,22.33,0.0020686605416807,-0.0032488337707139,0.0300316877712608,-0.0146795316478133,-0.0208412896864091,-0.0080806553703968,-0.0026146337463511,-0.0099120284171284,-0.0030595683107898,-0.0001909125626264,-0.0013353683785206,0.0197337820898058,0.0135530773534757,22.48,0.0681539091281211,-0.0016742998937621
2012-05-24,2536.25,287390.0,21.54,-0.0016742998937621,0.0020686605416807,-0.0032488337707139,0.0300316877712608,-0.0146795316478133,-0.0208412896864091,-0.0080806553703968,-0.0026146337463511,-0.0099120284171284,-0.0030595683107898,-0.0001909125626264,0.0166116680465372,0.0135263661715109,22.33,-0.0822315897042855,-0.0048416674789206
2012-05-25,2524.0,186910.0,21.76,-0.0048416674789206,-0.0016742998937621,0.0020686605416807,-0.0032488337707139,0.0300316877712608,-0.0146795316478133,-0.0208412896864091,-0.0080806553703968,-0.0026146337463511,-0.0099120284171284,-0.0030595683107898,0.0145190068387531,0.0135360311753225,21.54,-0.3496294234315737,0.0139669822365342
2012-05-29,2559.5,289940.0,21.03,0.0139669822365342,-0.0048416674789206,-0.0016742998937621,0.0020686605416807,-0.0032488337707139,0.0300316877712608,-0.0146795316478133,-0.0208412896864091,-0.0080806553703968,-0.0026146337463511,-0.0099120284171284,0.0075546542483922,0.0143380285399996,21.76,0.5512278636777059,-0.0112962254187768
2012-05-30,2530.75,307810.0,24.14,-0.0112962254187768,0.0139669822365342,-0.0048416674789206,-0.0016742998937621,0.0020686605416807,-0.0032488337707139,0.0300316877712608,-0.0146795316478133,-0.0208412896864091,-0.0080806553703968,-0.0026146337463511,0.0093884830519228,0.0147053649502619,21.03,0.0616334414016692,-0.0026707568177572
2012-05-31,2524.0,307420.0,24.06,-0.0026707568177572,-0.0112962254187768,0.0139669822365342,-0.0048416674789206,-0.0016742998937621,0.0020686605416807,-0.0032488337707139,0.0300316877712608,-0.0146795316478133,-0.0208412896864091,-0.0080806553703968,0.0093215838439264,0.0145497562981,24.14,-0.0012670153666222,-0.0277181834324828
2012-06-01,2455.0,362790.0,26.66,-0.0277181834324828,-0.0026707568177572,-0.0112962254187768,0.0139669822365342,-0.0048416674789206,-0.0016742998937621,0.0020686605416807,-0.0032488337707139,0.0300316877712608,-0.0146795316478133,-0.0208412896864091,0.0150791652785037,0.015692649019924,24.06,0.180111899030642,0.0056864491165586
2012-06-04,2469.0,283660.0,26.12,0.0056864491165586,-0.0277181834324828,-0.0026707568177572,-0.0112962254187768,0.0139669822365342,-0.0048416674789206,-0.0016742998937621,0.0020686605416807,-0.0032488337707139,0.0300316877712608,-0.0146795316478133,0.0160730222457194,0.0151782738786642,26.66,-0.2181151630419802,0.0079673660332264
2012-06-05,2488.75,209960.0,24.68,0.0079673660332264,0.0056864491165586,-0.0277181834324828,-0.0026707568177572,-0.0112962254187768,0.0139669822365342,-0.0048416674789206,-0.0016742998937621,0.0020686605416807,-0.0032488337707139,0.0300316877712608,0.0145060215614447,0.0114874515502435,26.12,-0.2598180920820701,0.0243127827740658
2012-06-06,2550.0,279490.0,22.16,0.0243127827740658,0.0079673660332264,0.0056864491165586,-0.0277181834324828,-0.0026707568177572,-0.0112962254187768,0.0139669822365342,-0.0048416674789206,-0.0016742998937621,0.0020686605416807,-0.0032488337707139,0.019045160060329,0.0141899693175772,24.68,0.3311583158696893,-0.0054067470124473
2012-06-07,2536.25,274330.0,21.72,-0.0054067470124473,0.0243127827740658,0.0079673660332264,0.0056864491165586,-0.0277181834324828,-0.0026707568177572,-0.0112962254187768,0.0139669822365342,-0.0048416674789206,-0.0016742998937621,0.0020686605416807,0.0192338782395778,0.0142993223495973,22.16,-0.0184621990053311,0.0102967323066391
2012-06-08,2562.5,131000.0,21.23,0.0102967323066391,-0.0054067470124473,0.0243127827740658,0.0079673660332264,0.0056864491165586,-0.0277181834324828,-0.0026707568177572,-0.0112962254187768,0.0139669822365342,-0.0048416674789206,-0.0016742998937621,0.0106635394652494,0.0146558029893871,21.72,-0.522472934057522,-0.0186111422745035
2012-06-11,2515.25,152740.0,23.56,-0.0186111422745035,0.0102967323066391,-0.0054067470124473,0.0243127827740658,0.0079673660332264,0.0056864491165586,-0.0277181834324828,-0.0026707568177572,-0.0112962254187768,0.0139669822365342,-0.0048416674789206,0.0163350338108966,0.015865623914401,21.23,0.1659541984732824,0.0138191913904682
2012-06-12,2550.25,103670.0,22.09,0.0138191913904682,-0.0186111422745035,0.0102967323066391,-0.0054067470124473,0.0243127827740658,0.0079673660332264,0.0056864491165586,-0.0277181834324828,-0.0026707568177572,-0.0112962254187768,0.0139669822365342,0.0169154816957573,0.0158508703774557,23.56,-0.3212648945921174,-0.0087629172958802
2012-06-13,2528.0,78440.0,24.27,-0.0087629172958802,0.0138191913904682,-0.0186111422745035,0.0102967323066391,-0.0054067470124473,0.0243127827740658,0.0079673660332264,0.0056864491165586,-0.0277181834324828,-0.0026707568177572,-0.0112962254187768,0.0135496582738198,0.0156759811198376,22.09,-0.243368380437928,0.0049324357670386
2012-06-14,2540.5,47890.0,21.68,0.0049324357670386,-0.0087629172958802,0.0138191913904682,-0.0186111422745035,0.0102967323066391,-0.0054067470124473,0.0243127827740658,0.0079673660332264,0.0056864491165586,-0.0277181834324828,-0.0026707568177572,0.0136374883111438,0.0157222272242831,24.27,-0.3894696583375828,0.0027515740630933
2012-06-15,2547.5,223670.0,21.11,0.0027515740630933,0.0049324357670386,-0.0087629172958802,0.0138191913904682,-0.0186111422745035,0.0102967323066391,-0.0054067470124473,0.0243127827740658,0.0079673660332264,0.0056864491165586,-0.0277181834324828,0.012640609892828,0.012162879436735,21.68,3.670494884109418,0.0155796724767445
2012-06-18,2587.5,215740.0,18.32,0.0155796724767445,0.0027515740630933,0.0049324357670386,-0.0087629172958802,0.0138191913904682,-0.0186111422745035,0.0102967323066391,-0.0054067470124473,0.0243127827740658,0.0079673660332264,0.0056864491165586,0.0097721678890605,0.0127315968378018,21.11,-0.035454017078732,0.0096154586994419
2012-06-19,2612.5,218310.0,18.38,0.0096154586994419,0.0155796724767445,0.0027515740630933,0.0049324357670386,-0.0087629172958802,0.0138191913904682,-0.0186111422745035,0.0102967323066391,-0.0054067470124473,0.0243127827740658,0.0079673660332264,0.0090492208674009,0.0127893026295742,18.32,0.011912487253175,0.0018165309263977
2012-06-20,2617.25,257550.0,17.24,0.0018165309263977,0.0096154586994419,0.0155796724767445,0.0027515740630933,0.0049324357670386,-0.0087629172958802,0.0138191913904682,-0.0186111422745035,0.0102967323066391,-0.0054067470124473,0.0243127827740658,0.0056926526623795,0.0108115776734606,18.38,0.1797444001649031,-0.0253447499158565
2012-06-21,2551.75,289050.0,20.08,-0.0253447499158565,0.0018165309263977,0.0096154586994419,0.0155796724767445,0.0027515740630933,0.0049324357670386,-0.0087629172958802,0.0138191913904682,-0.0186111422745035,0.0102967323066391,-0.0054067470124473,0.0156884187305787,0.0138611500833,17.24,0.1223063482818869,0.0084874418092013
2012-06-22,2573.5,253680.0,18.11,0.0084874418092013,-0.0253447499158565,0.0018165309263977,0.0096154586994419,0.0155796724767445,0.0027515740630933,0.0049324357670386,-0.0087629172958802,0.0138191913904682,-0.0186111422745035,0.0102967323066391,0.0160643538684009,0.013731855413033,20.08,-0.1223663725998962,-0.0184318943608458
2012-06-25,2526.5,186960.0,20.38,-0.0184318943608458,0.0084874418092013,-0.0253447499158565,0.0018165309263977,0.0096154586994419,0.0155796724767445,0.0027515740630933,0.0049324357670386,-0.0087629172958802,0.0138191913904682,-0.0186111422745035,0.0160938750475456,0.0137043302816403,18.11,-0.2630085146641437,0.0085719033165589
2012-06-26,2548.25,194180.0,19.72,0.0085719033165589,-0.0184318943608458,0.0084874418092013,-0.0253447499158565,0.0018165309263977,0.0096154586994419,0.0155796724767445,0.0027515740630933,0.0049324357670386,-0.0087629172958802,0.0138191913904682,0.0158658076215156,0.0132275619194468,20.38,0.0386178861788617,0.0037211167105272
2012-06-27,2557.75,184610.0,19.45,0.0037211167105272,0.0085719033165589,-0.0184318943608458,0.0084874418092013,-0.0253447499158565,0.0018165309263977,0.0096154586994419,0.0155796724767445,0.0027515740630933,0.0049324357670386,-0.0087629172958802,0.0160910464324613,0.0129019692063117,19.72,-0.0492841693274281,-0.0117983867875408
2012-06-28,2527.75,264990.0,19.71,-0.0117983867875408,0.0037211167105272,0.0085719033165589,-0.0184318943608458,0.0084874418092013,-0.0253447499158565,0.0018165309263977,0.0096154586994419,0.0155796724767445,0.0027515740630933,0.0049324357670386,0.0124542939183432,0.0134336917528598,19.45,0.4354043659606739,0.0319248523168994
2012-06-29,2609.75,252210.0,17.08,0.0319248523168994,-0.0117983867875408,0.0037211167105272,0.0085719033165589,-0.0184318943608458,0.0084874418092013,-0.0253447499158565,0.0018165309263977,0.0096154586994419,0.0155796724767445,0.0027515740630933,0.0196616794204132,0.016931396812182,19.71,-0.0482282350277368,0.0017228181902902
2012-07-02,2614.25,187660.0,16.74,0.0017228181902902,0.0319248523168994,-0.0117983867875408,0.0037211167105272,0.0085719033165589,-0.0184318943608458,0.0084874418092013,-0.0253447499158565,0.0018165309263977,0.0096154586994419,0.0155796724767445,0.0159338561228598,0.0162890444860232,17.08,-0.2559375123904682,0.0103696881256724
2012-07-03,2641.5,105730.0,16.66,0.0103696881256724,0.0017228181902902,0.0319248523168994,-0.0117983867875408,0.0037211167105272,0.0085719033165589,-0.0184318943608458,0.0084874418092013,-0.0253447499158565,0.0018165309263977,0.0096154586994419,0.0160031666950457,0.0163349038985939,16.74,-0.4365874453799424,0.0003785011400222
2012-07-05,2642.5,219470.0,17.5,0.0003785011400222,0.0103696881256724,0.0017228181902902,0.0319248523168994,-0.0117983867875408,0.0037211167105272,0.0085719033165589,-0.0184318943608458,0.0084874418092013,-0.0253447499158565,0.0018165309263977,0.0162520835179041,0.0163342633348091,16.66,1.0757590087959898,-0.0127584326076642
2012-07-06,2609.0,253560.0,17.1,-0.0127584326076642,0.0003785011400222,0.0103696881256724,0.0017228181902902,0.0319248523168994,-0.0117983867875408,0.0037211167105272,0.0085719033165589,-0.0184318943608458,0.0084874418092013,-0.0253447499158565,0.0165259662046333,0.0144594612098539,17.5,0.1553287465257211,-0.0011505274519379
2012-07-09,2606.0,163430.0,17.98,-0.0011505274519379,-0.0127584326076642,0.0003785011400222,0.0103696881256724,0.0017228181902902,0.0319248523168994,-0.0117983867875408,0.0037211167105272,0.0085719033165589,-0.0184318943608458,0.0084874418092013,0.008281448724973,0.0143156901592156,17.1,-0.3554582741757375,-0.0108025741856577
2012-07-10,2578.0,250300.0,18.72,-0.0108025741856577,-0.0011505274519379,-0.0127584326076642,0.0003785011400222,0.0103696881256724,0.0017228181902902,0.0319248523168994,-0.0117983867875408,0.0037211167105272,0.0085719033165589,-0.0184318943608458,0.009347133509687,0.0133185002788746,17.98,0.5315425564461849,-0.0064208801198756
2012-07-11,2561.5,228330.0,17.95,-0.0064208801198756,-0.0108025741856577,-0.0011505274519379,-0.0127584326076642,0.0003785011400222,0.0103696881256724,0.0017228181902902,0.0319248523168994,-0.0117983867875408,0.0037211167105272,0.0085719033165589,0.0057664385445843,0.0133425868655696,18.72,-0.0877746703955253,-0.0093151627147165
2012-07-12,2537.75,235270.0,18.33,-0.0093151627147165,-0.0064208801198756,-0.0108025741856577,-0.0011505274519379,-0.0127584326076642,0.0003785011400222,0.0103696881256724,0.0017228181902902,0.0319248523168994,-0.0117983867875408,0.0037211167105272,0.0045165137176799,0.0136287049732963,17.95,0.0303946043007927,0.0153480699878246
2012-07-13,2577.0,187070.0,16.74,0.0153480699878246,-0.0093151627147165,-0.0064208801198756,-0.0108025741856577,-0.0011505274519379,-0.0127584326076642,0.0003785011400222,0.0103696881256724,0.0017228181902902,0.0319248523168994,-0.0117983867875408,0.0106198176636326,0.0138922968485583,18.33,-0.2048709992774259,-0.0021365454373942
2012-07-16,2571.5,158600.0,17.11,-0.0021365454373942,0.0153480699878246,-0.0093151627147165,-0.0064208801198756,-0.0108025741856577,-0.0011505274519379,-0.0127584326076642,0.0003785011400222,0.0103696881256724,0.0017228181902902,0.0319248523168994,0.0105983650504393,0.0090539500500716,16.74,-0.1521890201528839,0.0060095169710581
2012-07-17,2587.0,269330.0,16.48,0.0060095169710581,-0.0021365454373942,0.0153480699878246,-0.0093151627147165,-0.0064208801198756,-0.0108025741856577,-0.0011505274519379,-0.0127584326076642,0.0003785011400222,0.0103696881256724,0.0017228181902902,0.0100226404670698,0.0093198317628504,17.11,0.6981715006305169,0.0126754145691133
2012-07-18,2620.0,244550.0,16.16,0.0126754145691133,0.0060095169710581,-0.0021365454373942,0.0153480699878246,-0.0093151627147165,-0.0064208801198756,-0.0108025741856577,-0.0011505274519379,-0.0127584326076642,0.0003785011400222,0.0103696881256724,0.0102676409386191,0.0096561407177483,16.48,-0.0920060891842721,0.0122340185842384
2012-07-19,2652.25,254510.0,15.45,0.0122340185842384,0.0126754145691133,0.0060095169710581,-0.0021365454373942,0.0153480699878246,-0.0093151627147165,-0.0064208801198756,-0.0108025741856577,-0.0011505274519379,-0.0127584326076642,0.0003785011400222,0.007019258493525,0.0105093621103893,16.16,0.0407278675117563,-0.0148136789265644
2012-07-20,2613.25,237990.0,16.27,-0.0148136789265644,0.0122340185842384,0.0126754145691133,0.0060095169710581,-0.0021365454373942,0.0153480699878246,-0.0093151627147165,-0.0064208801198756,-0.0108025741856577,-0.0011505274519379,-0.0127584326076642,0.0115264531547552,0.0108103816205764,15.45,-0.0649090409021256,-0.0130959984323312
2012-07-23,2579.25,276430.0,18.62,-0.0130959984323312,-0.0148136789265644,0.0122340185842384,0.0126754145691133,0.0060095169710581,-0.0021365454373942,0.0153480699878246,-0.0093151627147165,-0.0064208801198756,-0.0108025741856577,-0.0011505274519379,0.0135608881826314,0.0116025849758052,16.27,0.1615193915710744,-0.0119937082003888
2012-07-24,2548.5,282950.0,20.47,-0.0119937082003888,-0.0130959984323312,-0.0148136789265644,0.0122340185842384,0.0126754145691133,0.0060095169710581,-0.0021365454373942,0.0153480699878246,-0.0093151627147165,-0.0064208801198756,-0.0108025741856577,0.0141436639360452,0.0117195627962671,18.62,0.0235864414137394,-0.0019638655172766
2012-07-25,2543.5,270730.0,19.34,-0.0019638655172766,-0.0119937082003888,-0.0130959984323312,-0.0148136789265644,0.0122340185842384,0.0126754145691133,0.0060095169710581,-0.0021365454373942,0.0153480699878246,-0.0093151627147165,-0.0064208801198756,0.0113214572778383,0.0115808033328985,20.47,-0.0431878423749778,0.0113371034453849
2012-07-26,2572.5,290560.0,17.53,0.0113371034453849,-0.0019638655172766,-0.0119937082003888,-0.0130959984323312,-0.0148136789265644,0.0122340185842384,0.0126754145691133,0.0060095169710581,-0.0021365454373942,0.0153480699878246,-0.0093151627147165,0.0109632111411309,0.0117154636917192,19.34,0.0732464078602297,0.0266580173740658
2012-07-27,2642.0,284850.0,16.7,0.0266580173740658,0.0113371034453849,-0.0019638655172766,-0.0119937082003888,-0.0130959984323312,-0.0148136789265644,0.0122340185842384,0.0126754145691133,0.0060095169710581,-0.0021365454373942,0.0153480699878246,0.0168407785337837,0.0136088213054984,17.53,-0.0196517070484582,-0.0023684346252116
2012-07-30,2635.75,235410.0,18.03,-0.0023684346252116,0.0266580173740658,0.0113371034453849,-0.0019638655172766,-0.0119937082003888,-0.0130959984323312,-0.0148136789265644,0.0122340185842384,0.0126754145691133,0.0060095169710581,-0.0021365454373942,0.0149882037322923,0.0136177772680271,16.7,-0.1735650342285413,0.0002845085134654
2012-07-31,2636.5,215380.0,18.93,0.0002845085134654,-0.0023684346252116,0.0266580173740658,0.0113371034453849,-0.0019638655172766,-0.0119937082003888,-0.0130959984323312,-0.0148136789265644,0.0122340185842384,0.0126754145691133,0.0060095169710581,0.0124322440497762,0.0135726055429692,18.03,-0.0850855953442929,-0.0043713839448003
2012-08-01,2625.0,252190.0,18.96,-0.0043713839448003,0.0002845085134654,-0.0023684346252116,0.0266580173740658,0.0113371034453849,-0.0019638655172766,-0.0119937082003888,-0.0130959984323312,-0.0148136789265644,0.0122340185842384,0.0126754145691133,0.0128940615935824,0.013131569252093,18.93,0.170907233726437,-0.0024792613061817
2012-08-02,2618.5,303240.0,17.57,-0.0024792613061817,-0.0043713839448003,0.0002845085134654,-0.0023684346252116,0.0266580173740658,0.0113371034453849,-0.0019638655172766,-0.0119937082003888,-0.0130959984323312,-0.0148136789265644,0.0122340185842384,0.0130266260453154,0.0124382066791519,18.96,0.2024267417423371,0.0198512993904184
2012-08-03,2671.0,225450.0,15.64,0.0198512993904184,-0.0024792613061817,-0.0043713839448003,0.0002845085134654,-0.0023684346252116,0.0266580173740658,0.0113371034453849,-0.0019638655172766,-0.0119937082003888,-0.0130959984323312,-0.0148136789265644,0.0100148047810135,0.0130623828322633,17.57,-0.2565294815987337,0.0057862970589152
2012-08-06,2686.5,160450.0,15.95,0.0057862970589152,0.0198512993904184,-0.0024792613061817,-0.0043713839448003,0.0002845085134654,-0.0023684346252116,0.0266580173740658,0.0113371034453849,-0.0019638655172766,-0.0119937082003888,-0.0130959984323312,0.0097486907498593,0.011922936205375,15.64,-0.2883122643601685,0.0087094037048703
2012-08-07,2710.0,187000.0,15.99,0.0087094037048703,0.0057862970589152,0.0198512993904184,-0.0024792613061817,-0.0043713839448003,0.0002845085134654,-0.0023684346252116,0.0266580173740658,0.0113371034453849,-0.0019638655172766,-0.0119937082003888,0.0097140987958334,0.0105401830947572,15.95,0.1654721096914926,-0.0011999816827388
2012-08-08,2706.75,176850.0,15.32,-0.0011999816827388,0.0087094037048703,0.0057862970589152,0.0198512993904184,-0.0024792613061817,-0.0043713839448003,0.0002845085134654,-0.0023684346252116,0.0266580173740658,0.0113371034453849,-0.0019638655172766,0.0089846182555233,0.0104774721614945,15.99,-0.0542780748663102,0.0040556788931021
2012-08-09,2717.75,151550.0,15.28,0.0040556788931021,-0.0011999816827388,0.0087094037048703,0.0057862970589152,0.0198512993904184,-0.0024792613061817,-0.0043713839448003,0.0002845085134654,-0.0023684346252116,0.0266580173740658,0.0113371034453849,0.0078180781385101,0.0103344378492795,15.32,-0.143059089623975,0.0011951276991364
2012-08-10,2721.0,145600.0,14.74,0.0011951276991364,0.0040556788931021,-0.0011999816827388,0.0087094037048703,0.0057862970589152,0.0198512993904184,-0.0024792613061817,-0.0043713839448003,0.0002845085134654,-0.0023684346252116,0.0266580173740658,0.0038683666184375,0.0072023428410257,15.28,-0.0392609699769053,0.0025692801801065
2012-08-13,2728.0,148110.0,13.7,0.0025692801801065,0.0011951276991364,0.0040556788931021,-0.0011999816827388,0.0087094037048703,0.0057862970589152,0.0198512993904184,-0.0024792613061817,-0.0043713839448003,0.0002845085134654,-0.0023684346252116,0.0037004379167344,0.0069627665966495,14.74,0.017239010989011,-0.0004583161545004
2012-08-14,2726.75,188380.0,14.85,-0.0004583161545004,0.0025692801801065,0.0011951276991364,0.0040556788931021,-0.0011999816827388,0.0087094037048703,0.0057862970589152,0.0198512993904184,-0.0024792613061817,-0.0043713839448003,0.0002845085134654,0.0021525881692347,0.0070040129407754,13.7,0.2718925123219229,0.0042999014149237
2012-08-15,2738.5,162520.0,14.63,0.0042999014149237,-0.0004583161545004,0.0025692801801065,0.0011951276991364,0.0040556788931021,-0.0011999816827388,0.0087094037048703,0.0057862970589152,0.0198512993904184,-0.0024792613061817,-0.0043713839448003,0.0019986463607064,0.006454928669001,14.85,-0.1372757192907951,0.0090876670495417
2012-08-16,2763.5,208210.0,14.29,0.0090876670495417,0.0042999014149237,-0.0004583161545004,0.0025692801801065,0.0011951276991364,0.0040556788931021,-0.0011999816827388,0.0087094037048703,0.0057862970589152,0.0198512993904184,-0.0024792613061817,0.0036598760579237,0.0061475398398498,14.63,0.2811346295840511,0.0045130503533774
2012-08-17,2776.0,151380.0,13.45,0.0045130503533774,0.0090876670495417,0.0042999014149237,-0.0004583161545004,0.0025692801801065,0.0011951276991364,0.0040556788931021,-0.0011999816827388,0.0087094037048703,0.0057862970589152,0.0198512993904184,0.0034699075216364,0.0034678317475618,14.29,-0.2729455837856011,0.0014398850579875
2012-08-20,2780.0,187200.0,14.02,0.0014398850579875,0.0045130503533774,0.0090876670495417,0.0042999014149237,-0.0004583161545004,0.0025692801801065,0.0011951276991364,0.0040556788931021,-0.0011999816827388,0.0087094037048703,0.0057862970589152,0.0036200272140723,0.0034713670694962,13.45,0.2366230677764567,-0.0021606058099058
2012-08-21,2774.0,242250.0,15.02,-0.0021606058099058,0.0014398850579875,0.0045130503533774,0.0090876670495417,0.0042999014149237,-0.0004583161545004,0.0025692801801065,0.0011951276991364,0.0040556788931021,-0.0011999816827388,0.0087094037048703,0.0041579494648329,0.0033304752946687,14.02,0.2940705128205128,0.0026101450397733
2012-08-22,2781.25,247130.0,15.11,0.0026101450397733,-0.0021606058099058,0.0014398850579875,0.0045130503533774,0.0090876670495417,0.0042999014149237,-0.0004583161545004,0.0025692801801065,0.0011951276991364,0.0040556788931021,-0.0011999816827388,0.0041388030138576,0.0030905380445436,15.02,0.0201444788441691,-0.0073075339843959
2012-08-23,2761.0,213610.0,15.96,-0.0073075339843959,0.0026101450397733,-0.0021606058099058,0.0014398850579875,0.0045130503533774,0.0090876670495417,0.0042999014149237,-0.0004583161545004,0.0025692801801065,0.0011951276991364,0.0040556788931021,0.004667927632177,0.0043679191266464,15.11,-0.135637114069518,0.0050578142503804
2012-08-24,2775.0,188830.0,15.18,0.0050578142503804,-0.0073075339843959,0.0026101450397733,-0.0021606058099058,0.0014398850579875,0.0045130503533774,0.0090876670495417,0.0042999014149237,-0.0004583161545004,0.0025692801801065,0.0011951276991364,0.0048091038390073,0.0044990405678064,15.96,-0.1160058049716773,0.0027889001928003
2012-08-27,2782.75,140200.0,16.35,0.0027889001928003,0.0050578142503804,-0.0073075339843959,0.0026101450397733,-0.0021606058099058,0.0014398850579875,0.0045130503533774,0.0090876670495417,0.0042999014149237,-0.0004583161545004,0.0025692801801065,0.0049508853622298,0.0045028518299937,15.18,-0.2575332309484721,-0.0007189719011965
2012-08-28,2780.75,173040.0,16.49,-0.0007189719011965,0.0027889001928003,0.0050578142503804,-0.0073075339843959,0.0026101450397733,-0.0021606058099058,0.0014398850579875,0.0045130503533774,0.0090876670495417,0.0042999014149237,-0.0004583161545004,0.0048194386657468,0.0045193047329453,16.35,0.2342368045649072,0.0001797914424116
2012-08-29,2781.25,134170.0,17.06,0.0001797914424116,-0.0007189719011965,0.0027889001928003,0.0050578142503804,-0.0073075339843959,0.0026101450397733,-0.0021606058099058,0.0014398850579875,0.0045130503533774,0.0090876670495417,0.0042999014149237,0.0046719575064242,0.0044699236667285,16.49,-0.2246301433194637,-0.0099368477979975
2012-08-30,2753.75,165170.0,17.83,-0.0099368477979975,0.0001797914424116,-0.0007189719011965,0.0027889001928003,0.0050578142503804,-0.0073075339843959,0.0026101450397733,-0.0021606058099058,0.0014398850579875,0.0045130503533774,0.0090876670495417,0.0057285901574629,0.0049297563567647,17.06,0.2310501602444659,0.0062446467464255
2012-08-31,2771.0,293090.0,17.47,0.0062446467464255,-0.0099368477979975,0.0001797914424116,-0.0007189719011965,0.0027889001928003,0.0050578142503804,-0.0073075339843959,0.0026101450397733,-0.0021606058099058,0.0014398850579875,0.0045130503533774,0.0060342277161372,0.0051453824831831,17.83,0.7744747835563359,0.0012622849029774
2012-09-04,2774.5,239910.0,17.98,0.0012622849029774,0.0062446467464255,-0.0099368477979975,0.0001797914424116,-0.0007189719011965,0.0027889001928003,0.0050578142503804,-0.0073075339843959,0.0026101450397733,-0.0021606058099058,0.0014398850579875,0.0058761394416144,0.0051394720158166,17.47,-0.181445972226961,-0.0025261651831639
2012-09-05,2767.5,216610.0,17.74,-0.0025261651831639,0.0012622849029774,0.0062446467464255,-0.0099368477979975,0.0001797914424116,-0.0007189719011965,0.0027889001928003,0.0050578142503804,-0.0073075339843959,0.0026101450397733,-0.0021606058099058,0.0059409840682853,0.0051562550368407,17.98,-0.0971197532407985,0.0207409544871061
2012-09-06,2825.5,270230.0,15.6,0.0207409544871061,-0.0025261651831639,0.0012622849029774,0.0062446467464255,-0.0099368477979975,0.0001797914424116,-0.0007189719011965,0.0027889001928003,0.0050578142503804,-0.0073075339843959,0.0026101450397733,0.0114680663124527,0.0084214748616434,17.74,0.2475416647430866,-0.0008851908164086
2012-09-07,2823.0,194750.0,14.38,-0.0008851908164086,0.0207409544871061,-0.0025261651831639,0.0012622849029774,0.0062446467464255,-0.0099368477979975,0.0001797914424116,-0.0007189719011965,0.0027889001928003,0.0050578142503804,-0.0073075339843959,0.0094150225260701,0.0078970798810269,15.6,-0.2793176183251304,-0.013731825223766
2012-09-10,2784.5,188800.0,16.28,-0.013731825223766,-0.0008851908164086,0.0207409544871061,-0.0025261651831639,0.0012622849029774,0.0062446467464255,-0.0099368477979975,0.0001797914424116,-0.0007189719011965,0.0027889001928003,0.0050578142503804,0.012477826537761,0.0092640550117208,14.38,-0.0305519897304236,-0.0018872169159988
2012-09-11,2779.25,181220.0,16.41,-0.0018872169159988,-0.013731825223766,-0.0008851908164086,0.0207409544871061,-0.0025261651831639,0.0012622849029774,0.0062446467464255,-0.0099368477979975,0.0001797914424116,-0.0007189719011965,0.0027889001928003,0.0125388563813711,0.0092448042557118,16.28,-0.0401483050847457,0.0060981266906149
2012-09-12,2796.25,255190.0,15.8,0.0060981266906149,-0.0018872169159988,-0.013731825223766,-0.0008851908164086,0.0207409544871061,-0.0025261651831639,0.0012622849029774,0.0062446467464255,-0.0099368477979975,0.0001797914424116,-0.0007189719011965,0.0126384403612952,0.0094453781487925,16.41,0.4081779053084649,0.0111136951859361
2012-09-13,2827.5,389650.0,14.05,0.0111136951859361,0.0060981266906149,-0.0018872169159988,-0.013731825223766,-0.0008851908164086,0.0207409544871061,-0.0025261651831639,0.0012622849029774,0.0062446467464255,-0.0099368477979975,0.0001797914424116,0.0094009229314226,0.0100128142210516,15.8,0.5269015243544026,0.0102041701742416
2012-09-14,2856.5,179810.0,14.51,0.0102041701742416,0.0111136951859361,0.0060981266906149,-0.0018872169159988,-0.013731825223766,-0.0008851908164086,0.0207409544871061,-0.0025261651831639,0.0012622849029774,0.0062446467464255,-0.0099368477979975,0.0103575753073415,0.0094321620409546,14.05,-0.5385345823174643,-0.0015765966303306
2012-09-17,2852.0,111460.0,14.59,-0.0015765966303306,0.0102041701742416,0.0111136951859361,0.0060981266906149,-0.0018872169159988,-0.013731825223766,-0.0008851908164086,0.0207409544871061,-0.0025261651831639,0.0012622849029774,0.0062446467464255,0.0062476462041005,0.0095182156281244,14.51,-0.3801234636560814,0.0012264565707311
2012-09-18,2855.5,66700.0,14.18,0.0012264565707311,-0.0015765966303306,0.0102041701742416,0.0111136951859361,0.0060981266906149,-0.0018872169159988,-0.013731825223766,-0.0008851908164086,0.0207409544871061,-0.0025261651831639,0.0012622849029774,0.0055295624288546,0.0095188994563771,14.59,-0.4015790418087206,0.0012249542173941
2012-09-19,2859.0,61130.0,13.88,0.0012249542173941,0.0012264565707311,-0.0015765966303306,0.0102041701742416,0.0111136951859361,0.0060981266906149,-0.0018872169159988,-0.013731825223766,-0.0008851908164086,0.0207409544871061,-0.0025261651831639,0.0058014366816046,0.0093547859744635,14.18,-0.0835082458770615,0.0001748710330591
2012-09-20,2859.5,44740.0,14.07,0.0001748710330591,0.0012249542173941,0.0012264565707311,-0.0015765966303306,0.0102041701742416,0.0111136951859361,0.0060981266906149,-0.0018872169159988,-0.013731825223766,-0.0008851908164086,0.0207409544871061,0.0045911921707974,0.007062797396997,13.88,-0.2681171274333388,0.0055589216443824
2012-09-21,2875.44,170160.0,13.98,0.0055589216443824,0.0001748710330591,0.0012249542173941,0.0012264565707311,-0.0015765966303306,0.0102041701742416,0.0111136951859361,0.0060981266906149,-0.0018872169159988,-0.013731825223766,-0.0008851908164086,0.00263096077296,0.0071452950621885,14.07,2.803308001788109,-0.0130180409551102
2012-09-24,2838.25,204720.0,14.15,-0.0130180409551102,0.0055589216443824,0.0001748710330591,0.0012249542173941,0.0012264565707311,-0.0015765966303306,0.0102041701742416,0.0111136951859361,0.0060981266906149,-0.0018872169159988,-0.013731825223766,0.0070486705297888,0.0069739600729668,13.98,0.2031029619181945,-0.0124082067036529
2012-09-25,2803.25,235190.0,15.43,-0.0124082067036529,-0.0130180409551102,0.0055589216443824,0.0001748710330591,0.0012249542173941,0.0012264565707311,-0.0015765966303306,0.0102041701742416,0.0111136951859361,0.0060981266906149,-0.0018872169159988,0.0084802118130633,0.0082817660053631,14.15,0.1488374364986322,-0.010399017960317
2012-09-26,2774.25,253320.0,16.81,-0.010399017960317,-0.0124082067036529,-0.0130180409551102,0.0055589216443824,0.0001748710330591,0.0012249542173941,0.0012264565707311,-0.0015765966303306,0.0102041701742416,0.0111136951859361,0.0060981266906149,0.0083875711534332,0.0087521129483131,15.43,0.0770866108252901,0.0144041855234082
2012-09-27,2814.5,219260.0,14.84,0.0144041855234082,-0.010399017960317,-0.0124082067036529,-0.0130180409551102,0.0055589216443824,0.0001748710330591,0.0012249542173941,0.0012264565707311,-0.0015765966303306,0.0102041701742416,0.0111136951859361,0.012446215436257,0.0092944255543529,16.81,-0.1344544449707879,-0.0080264410218182
2012-09-28,2792.0,242770.0,15.73,-0.0080264410218182,0.0144041855234082,-0.010399017960317,-0.0124082067036529,-0.0130180409551102,0.0055589216443824,0.0001748710330591,0.0012249542173941,0.0012264565707311,-0.0015765966303306,0.0102041701742416,0.0115113593302983,0.008741585345505,14.84,0.1072242999179056,-0.0013440260076168
2012-10-01,2788.25,261990.0,16.32,-0.0013440260076168,-0.0080264410218182,0.0144041855234082,-0.010399017960317,-0.0124082067036529,-0.0130180409551102,0.0055589216443824,0.0001748710330591,0.0012249542173941,0.0012264565707311,-0.0015765966303306,0.0108700780333357,0.0087439852428398,15.73,0.0791695843802775,0.0025073891528312
2012-10-02,2795.25,222230.0,15.71,0.0025073891528312,-0.0013440260076168,-0.0080264410218182,0.0144041855234082,-0.010399017960317,-0.0124082067036529,-0.0130180409551102,0.0055589216443824,0.0001748710330591,0.0012249542173941,0.0012264565707311,0.0098298495233823,0.0088098787202523,16.32,-0.1517615176151762,0.0045509381182241
2012-10-03,2808.0,203390.0,15.43,0.0045509381182241,0.0025073891528312,-0.0013440260076168,-0.0080264410218182,0.0144041855234082,-0.010399017960317,-0.0124082067036529,-0.0130180409551102,0.0055589216443824,0.0001748710330591,0.0012249542173941,0.0082381012063092,0.0090112002555139,15.71,-0.0847770328038518,0.004796172263493
2012-10-04,2821.5,194750.0,14.55,0.004796172263493,0.0045509381182241,0.0025073891528312,-0.0013440260076168,-0.0080264410218182,0.0144041855234082,-0.010399017960317,-0.0124082067036529,-0.0130180409551102,0.0055589216443824,0.0001748710330591,0.0053618416702969,0.0092393408338299,15.43,-0.0424799646000294,-0.0061325348838619
2012-10-05,2804.25,209850.0,14.33,-0.0061325348838619,0.004796172263493,0.0045509381182241,0.0025073891528312,-0.0013440260076168,-0.0080264410218182,0.0144041855234082,-0.010399017960317,-0.0124082067036529,-0.0130180409551102,0.0055589216443824,0.0046255385405157,0.0090064432151253,14.55,0.077535301668806,-0.0095848810115477
2012-10-08,2777.5,191470.0,15.11,-0.0095848810115477,-0.0061325348838619,0.004796172263493,0.0045509381182241,0.0025073891528312,-0.0013440260076168,-0.0080264410218182,0.0144041855234082,-0.010399017960317,-0.0124082067036529,-0.0130180409551102,0.0066425674638248,0.0086183244487344,14.33,-0.0875863712175363,-0.0157855042298901
2012-10-09,2734.0,333500.0,16.37,-0.0157855042298901,-0.0095848810115477,-0.0061325348838619,0.004796172263493,0.0045509381182241,0.0025073891528312,-0.0013440260076168,-0.0080264410218182,0.0144041855234082,-0.010399017960317,-0.0124082067036529,0.0090027550916016,0.0091161825332031,15.11,0.7417872251527655,-0.004123339328099
2012-10-10,2722.75,258890.0,16.29,-0.004123339328099,-0.0157855042298901,-0.0095848810115477,-0.0061325348838619,0.004796172263493,0.0045509381182241,0.0025073891528312,-0.0013440260076168,-0.0080264410218182,0.0144041855234082,-0.010399017960317,0.0075592065104002,0.0087194712374673,16.37,-0.2237181409295352,-0.0034952206296715
2012-10-11,2713.25,248070.0,15.59,-0.0034952206296715,-0.004123339328099,-0.0157855042298901,-0.0095848810115477,-0.0061325348838619,0.004796172263493,0.0045509381182241,0.0025073891528312,-0.0013440260076168,-0.0080264410218182,0.0144041855234082,0.0050443167422832,0.0065817911927764,16.29,-0.0417938120437251,-0.0011985434523777
2012-10-12,2710.0,208150.0,16.14,-0.0011985434523777,-0.0034952206296715,-0.004123339328099,-0.0157855042298901,-0.0095848810115477,-0.0061325348838619,0.004796172263493,0.0045509381182241,0.0025073891528312,-0.0013440260076168,-0.0080264410218182,0.0058726104206075,0.0064313628934916,15.59,-0.1609223203128149,0.0078107449701536
2012-10-15,2731.25,217880.0,15.27,0.0078107449701536,-0.0011985434523777,-0.0034952206296715,-0.004123339328099,-0.0157855042298901,-0.0095848810115477,-0.0061325348838619,0.004796172263493,0.0045509381182241,0.0025073891528312,-0.0013440260076168,0.0084328457721545,0.0072851609192918,16.14,0.046745135719433,0.0123716669384632
2012-10-16,2765.25,235190.0,15.22,0.0123716669384632,0.0078107449701536,-0.0011985434523777,-0.0034952206296715,-0.004123339328099,-0.0157855042298901,-0.0095848810115477,-0.0061325348838619,0.004796172263493,0.0045509381182241,0.0025073891528312,0.0073974122712598,0.0085339307539643,15.27,0.0794474022397651,0.0018967625250407
2012-10-17,2770.5,228330.0,15.07,0.0018967625250407,0.0123716669384632,0.0078107449701536,-0.0011985434523777,-0.0034952206296715,-0.004123339328099,-0.0157855042298901,-0.0095848810115477,-0.0061325348838619,0.004796172263493,0.0045509381182241,0.0065357892205151,0.0083792468206017,15.22,-0.0291679067987584,-0.0137193811334595
2012-10-18,2732.75,332950.0,15.03,-0.0137193811334595,0.0018967625250407,0.0123716669384632,0.0078107449701536,-0.0011985434523777,-0.0034952206296715,-0.004123339328099,-0.0157855042298901,-0.0095848810115477,-0.0061325348838619,0.004796172263493,0.0099632426086745,0.0089010264557191,15.07,0.4581964700214602,-0.0254796755136651
2012-10-19,2664.0,338280.0,17.06,-0.0254796755136651,-0.0137193811334595,0.0018967625250407,0.0123716669384632,0.0078107449701536,-0.0011985434523777,-0.0034952206296715,-0.004123339328099,-0.0157855042298901,-0.0095848810115477,-0.0061325348838619,0.0157835420412184,0.0113703382585724,15.03,0.0160084096711217,0.0088756597050576
2012-10-22,2687.75,278350.0,16.62,0.0088756597050576,-0.0254796755136651,-0.0137193811334595,0.0018967625250407,0.0123716669384632,0.0078107449701536,-0.0011985434523777,-0.0034952206296715,-0.004123339328099,-0.0157855042298901,-0.0095848810115477,0.0159790180622269,0.0120453860491244,17.06,-0.1771609317724961,-0.0101903373289134
2012-10-23,2660.5,261590.0,18.83,-0.0101903373289134,0.0088756597050576,-0.0254796755136651,-0.0137193811334595,0.0018967625250407,0.0123716669384632,0.0078107449701536,-0.0011985434523777,-0.0034952206296715,-0.004123339328099,-0.0157855042298901,0.0134666179844354,0.0115186267837112,16.62,-0.0602119633554877,-0.0037657736085632
2012-10-24,2650.5,261590.0,18.33,-0.0037657736085632,-0.0101903373289134,0.0088756597050576,-0.0254796755136651,-0.0137193811334595,0.0018967625250407,0.0123716669384632,0.0078107449701536,-0.0011985434523777,-0.0034952206296715,-0.004123339328099,0.0126698626699726,0.0115143584628031,18.83,0.0,-0.0009436633709619
2012-10-25,2648.0,252970.0,18.12,-0.0009436633709619,-0.0037657736085632,-0.0101903373289134,0.0088756597050576,-0.0254796755136651,-0.0137193811334595,0.0018967625250407,0.0123716669384632,0.0078107449701536,-0.0011985434523777,-0.0034952206296715,0.0127319280495882,0.0115227856976478,18.33,-0.0329523299820329,0.0041454741861208
2012-10-26,2659.0,378540.0,17.81,0.0041454741861208,-0.0009436633709619,-0.0037657736085632,-0.0101903373289134,0.0088756597050576,-0.0254796755136651,-0.0137193811334595,0.0018967625250407,0.0123716669384632,0.0078107449701536,-0.0011985434523777,0.0073172904782099,0.0117088822048652,18.12,0.4963829703126852,-0.0069818190960319
2012-10-31,2640.5,326940.0,18.6,-0.0069818190960319,0.0041454741861208,-0.0009436633709619,-0.0037657736085632,-0.0101903373289134,0.0088756597050576,-0.0254796755136651,-0.0137193811334595,0.0018967625250407,0.0123716669384632,0.0078107449701536,0.0055211252348979,0.0112720401164751,17.81,-0.1363132033602789,0.016619320591338
2012-11-01,2684.75,285580.0,16.69,0.016619320591338,-0.0069818190960319,0.0041454741861208,-0.0009436633709619,-0.0037657736085632,-0.0101903373289134,0.0088756597050576,-0.0254796755136651,-0.0137193811334595,0.0018967625250407,0.0123716669384632,0.0092295490348778,0.0119887724326707,18.6,-0.1265063926102648,-0.0164299804411936
2012-11-02,2641.0,287860.0,17.59,-0.0164299804411936,0.016619320591338,-0.0069818190960319,0.0041454741861208,-0.0009436633709619,-0.0037657736085632,-0.0101903373289134,0.0088756597050576,-0.0254796755136651,-0.0137193811334595,0.0018967625250407,0.0123530234089259,0.0125523286802808,16.69,0.0079837523636108,0.008013996598361
2012-11-05,2662.25,251300.0,18.42,0.008013996598361,-0.0164299804411936,0.016619320591338,-0.0069818190960319,0.0041454741861208,-0.0009436633709619,-0.0037657736085632,-0.0101903373289134,0.0088756597050576,-0.0254796755136651,-0.0137193811334595,0.0129473940383058,0.0127143552865527,17.59,-0.1270061835614534,0.0050580849689918
2012-11-06,2675.75,248030.0,17.58,0.0050580849689918,0.008013996598361,-0.0164299804411936,0.016619320591338,-0.0069818190960319,0.0041454741861208,-0.0009436633709619,-0.0037657736085632,-0.0101903373289134,0.0088756597050576,-0.0254796755136651,0.0130078202951223,0.0099868814398282,18.42,-0.0130123358535614,-0.0248794935477458
2012-11-07,2610.0,401570.0,19.08,-0.0248794935477458,0.0050580849689918,0.008013996598361,-0.0164299804411936,0.016619320591338,-0.0069818190960319,0.0041454741861208,-0.0009436633709619,-0.0037657736085632,-0.0101903373289134,0.0088756597050576,0.0175210424905992,0.0122638677316358,17.58,0.6190380195944039,-0.014666414959229
2012-11-08,2572.0,384380.0,18.49,-0.014666414959229,-0.0248794935477458,0.0050580849689918,0.008013996598361,-0.0164299804411936,0.016619320591338,-0.0069818190960319,0.0041454741861208,-0.0009436633709619,-0.0037657736085632,-0.0101903373289134,0.0143674824841088,0.0126341730761094,19.08,-0.0428069825933211,0.0032993722312717
2012-11-09,2580.5,366580.0,18.61,0.0032993722312717,-0.014666414959229,-0.0248794935477458,0.0050580849689918,0.008013996598361,-0.0164299804411936,0.016619320591338,-0.0069818190960319,0.0041454741861208,-0.0009436633709619,-0.0037657736085632,0.0143820728590781,0.0128067573219634,18.49,-0.0463083407045111,0.0001937421298319
2012-11-12,2581.0,193650.0,16.68,0.0001937421298319,0.0032993722312717,-0.014666414959229,-0.0248794935477458,0.0050580849689918,0.008013996598361,-0.0164299804411936,0.016619320591338,-0.0069818190960319,0.0041454741861208,-0.0009436633709619,0.0130236913377474,0.0128288889440553,18.61,-0.4717387746194554,-0.0079743688160088
2012-11-13,2560.5,315320.0,16.65,-0.0079743688160088,0.0001937421298319,0.0032993722312717,-0.014666414959229,-0.0248794935477458,0.0050580849689918,0.008013996598361,-0.0164299804411936,0.016619320591338,-0.0069818190960319,0.0041454741861208,0.0114119308445299,0.0126965405790005,16.68,0.628298476633101,-0.0121808971706141
2012-11-14,2529.5,365100.0,17.92,-0.0121808971706141,-0.0079743688160088,0.0001937421298319,0.0032993722312717,-0.014666414959229,-0.0248794935477458,0.0050580849689918,0.008013996598361,-0.0164299804411936,0.016619320591338,-0.0069818190960319,0.0077732894892296,0.0129464460936828,16.65,0.1578713687682353,-0.0029694172071259
2012-11-15,2522.0,337010.0,17.99,-0.0029694172071259,-0.0121808971706141,-0.0079743688160088,0.0001937421298319,0.0032993722312717,-0.014666414959229,-0.0248794935477458,0.0050580849689918,0.008013996598361,-0.0164299804411936,0.016619320591338,0.0062174340891555,0.0107211310920741,17.92,-0.0769378252533552,0.0043521334768103
2012-11-16,2533.0,342960.0,16.41,0.0043521334768103,-0.0029694172071259,-0.0121808971706141,-0.0079743688160088,0.0001937421298319,0.0032993722312717,-0.014666414959229,-0.0248794935477458,0.0050580849689918,0.008013996598361,-0.0164299804411936,0.0065331163311602,0.0105420560514515,17.99,0.01765526245512,0.0205145418346008
2012-11-19,2585.5,271970.0,15.24,0.0205145418346008,0.0043521334768103,-0.0029694172071259,-0.0121808971706141,-0.0079743688160088,0.0001937421298319,0.0032993722312717,-0.014666414959229,-0.0248794935477458,0.0050580849689918,0.008013996598361,0.0128448709376618,0.0126736741275817,16.41,-0.2069920690459529,0.0030894019551787
2012-11-20,2593.5,227460.0,15.08,0.0030894019551787,0.0205145418346008,0.0043521334768103,-0.0029694172071259,-0.0121808971706141,-0.0079743688160088,0.0001937421298319,0.0032993722312717,-0.014666414959229,-0.0248794935477458,0.0050580849689918,0.0119762898963138,0.0125505771766303,15.24,-0.1636577563701878,0.0009634840325256
2012-11-21,2596.0,164690.0,15.31,0.0009634840325256,0.0030894019551787,0.0205145418346008,0.0043521334768103,-0.0029694172071259,-0.0121808971706141,-0.0079743688160088,0.0001937421298319,0.0032993722312717,-0.014666414959229,-0.0248794935477458,0.0090054933412352,0.0099675965502028,15.08,-0.2759606084586301,0.0146267126556563
2012-11-23,2634.25,132810.0,15.14,0.0146267126556563,0.0009634840325256,0.0030894019551787,0.0205145418346008,0.0043521334768103,-0.0029694172071259,-0.0121808971706141,-0.0079743688160088,0.0001937421298319,0.0032993722312717,-0.014666414959229,0.0084401618237965,0.0096535270180075,15.31,-0.1935758090958771,0.0043560674941967
2012-11-26,2645.75,203340.0,15.5,0.0043560674941967,0.0146267126556563,0.0009634840325256,0.0030894019551787,0.0205145418346008,0.0043521334768103,-0.0029694172071259,-0.0121808971706141,-0.0079743688160088,0.0001937421298319,0.0032993722312717,0.0084396542708613,0.0096703380974383,15.14,0.5310594081770952,-0.0017022890435673
2012-11-27,2641.25,266940.0,15.92,-0.0017022890435673,0.0043560674941967,0.0146267126556563,0.0009634840325256,0.0030894019551787,0.0205145418346008,0.0043521334768103,-0.0029694172071259,-0.0121808971706141,-0.0079743688160088,0.0001937421298319,0.0062302476954714,0.009738862696192,15.5,0.3127766302744172,0.0072617851061575
2012-11-28,2660.5,308710.0,15.51,0.0072617851061575,-0.0017022890435673,0.0043560674941967,0.0146267126556563,0.0009634840325256,0.0030894019551787,0.0205145418346008,0.0043521334768103,-0.0029694172071259,-0.0121808971706141,-0.0079743688160088,0.0063120301485965,0.0091239731257452,15.92,0.1564771109612646,0.0073027194684783
2012-11-29,2680.0,273980.0,15.06,0.0073027194684783,0.0072617851061575,-0.0017022890435673,0.0043560674941967,0.0146267126556563,0.0009634840325256,0.0030894019551787,0.0205145418346008,0.0043521334768103,-0.0029694172071259,-0.0121808971706141,0.0058961071838271,0.0072028303734202,15.51,-0.1125004049107576,-0.0015870796404173
2012-11-30,2675.75,213420.0,15.87,-0.0015870796404173,0.0073027194684783,0.0072617851061575,-0.0017022890435673,0.0043560674941967,0.0146267126556563,0.0009634840325256,0.0030894019551787,0.0205145418346008,0.0043521334768103,-0.0029694172071259,0.0045163111191128,0.0070273964472259,15.06,-0.2210380319731367,-0.0021512424701898
2012-12-03,2670.0,219670.0,16.64,-0.0021512424701898,-0.0015870796404173,0.0073027194684783,0.0072617851061575,-0.0017022890435673,0.0043560674941967,0.0146267126556563,0.0009634840325256,0.0030894019551787,0.0205145418346008,0.0043521334768103,0.0049864466875759,0.0074750456890469,15.87,0.0292849779776964,-0.0020620496574582
2012-12-04,2664.5,259040.00000000003,17.12,-0.0020620496574582,-0.0021512424701898,-0.0015870796404173,0.0073027194684783,0.0072617851061575,-0.0017022890435673,0.0043560674941967,0.0146267126556563,0.0009634840325256,0.0030894019551787,0.0205145418346008,0.0050522258592987,0.0055092092608332,16.64,0.1792233805253336,-0.010184923952515
2012-12-05,2637.5,361360.0,16.46,-0.010184923952515,-0.0020620496574582,-0.0021512424701898,-0.0015870796404173,0.0073027194684783,0.0072617851061575,-0.0017022890435673,0.0043560674941967,0.0146267126556563,0.0009634840325256,0.0030894019551787,0.0061924081789619,0.0069092113221759,17.12,0.3949969116738725,0.0062364371078309
2012-12-06,2654.0,298030.0,16.58,0.0062364371078309,-0.010184923952515,-0.0020620496574582,-0.0021512424701898,-0.0015870796404173,0.0073027194684783,0.0072617851061575,-0.0017022890435673,0.0043560674941967,0.0146267126556563,0.0009634840325256,0.005809829808363,0.0070480705066595,16.46,-0.1752545937569183,-0.0068053192697549
2012-12-07,2636.0,276670.0,15.9,-0.0068053192697549,0.0062364371078309,-0.010184923952515,-0.0020620496574582,-0.0021512424701898,-0.0015870796404173,0.0073027194684783,0.0072617851061575,-0.0017022890435673,0.0043560674941967,0.0146267126556563,0.0061849672812284,0.0060390318560293,16.58,-0.0716706371841761,0.005485684805463
2012-12-10,2650.5,211330.0,16.05,0.005485684805463,-0.0068053192697549,0.0062364371078309,-0.010184923952515,-0.0020620496574582,-0.0021512424701898,-0.0015870796404173,0.0073027194684783,0.0072617851061575,-0.0017022890435673,0.0043560674941967,0.0072893192305082,0.0061379414313666,15.9,-0.2361658293273575,0.013211717118791
2012-12-11,2685.75,266220.0,15.57,0.013211717118791,0.005485684805463,-0.0068053192697549,0.0062364371078309,-0.010184923952515,-0.0020620496574582,-0.0021512424701898,-0.0015870796404173,0.0073027194684783,0.0072617851061575,-0.0017022890435673,0.0097591016263748,0.0073267207371785,16.05,0.2597359579804097,-0.0057879175768469
2012-12-12,2670.25,272390.0,15.95,-0.0057879175768469,0.013211717118791,0.005485684805463,-0.0068053192697549,0.0062364371078309,-0.010184923952515,-0.0020620496574582,-0.0021512424701898,-0.0015870796404173,0.0073027194684783,0.0072617851061575,0.0085570091531939,0.0073821910476251,15.57,0.0231763203365638,-0.0069523015842251
2012-12-13,2651.75,299470.0,16.56,-0.0069523015842251,-0.0057879175768469,0.013211717118791,0.005485684805463,-0.0068053192697549,0.0062364371078309,-0.010184923952515,-0.0020620496574582,-0.0021512424701898,-0.0015870796404173,0.0073027194684783,0.0091192817351859,0.0072692959499565,15.95,0.0994162781306216,-0.0090918326821158
2012-12-14,2627.75,132180.0,17.0,-0.0090918326821158,-0.0069523015842251,-0.0057879175768469,0.013211717118791,0.005485684805463,-0.0068053192697549,0.0062364371078309,-0.010184923952515,-0.0020620496574582,-0.0021512424701898,-0.0015870796404173,0.0095808782178746,0.0077041754488101,16.56,-0.5586202290713593,0.014638784337193
2012-12-17,2666.5,113570.0,16.34,0.014638784337193,-0.0090918326821158,-0.0069523015842251,-0.0057879175768469,0.013211717118791,0.005485684805463,-0.0068053192697549,0.0062364371078309,-0.010184923952515,-0.0020620496574582,-0.0021512424701898,0.0116843382104362,0.0092882859570374,17.0,-0.1407928582236344,0.0139654071221977
2012-12-18,2704.0,131900.0,15.57,0.0139654071221977,0.014638784337193,-0.0090918326821158,-0.0069523015842251,-0.0057879175768469,0.013211717118791,0.005485684805463,-0.0068053192697549,0.0062364371078309,-0.010184923952515,-0.0020620496574582,0.011881184039031,0.010251003343057,16.34,0.1613982565818437,-0.0036122856859136
2012-12-19,2694.25,70030.0,17.36,-0.0036122856859136,0.0139654071221977,0.014638784337193,-0.0090918326821158,-0.0069523015842251,-0.0057879175768469,0.013211717118791,0.005485684805463,-0.0068053192697549,0.0062364371078309,-0.010184923952515,0.0115904983357605,0.009611332196236,15.57,-0.4690674753601213,-0.0004640586653421
2012-12-20,2693.0,35080.0,17.67,-0.0004640586653421,-0.0036122856859136,0.0139654071221977,0.014638784337193,-0.0090918326821158,-0.0069523015842251,-0.0057879175768469,0.013211717118791,0.005485684805463,-0.0068053192697549,0.0062364371078309,0.0106957687256299,0.0095263402623753,17.36,-0.4990718263601313,-0.0130630425791427
2012-12-21,2658.05,241710.0,17.84,-0.0130630425791427,-0.0004640586653421,-0.0036122856859136,0.0139654071221977,0.014638784337193,-0.0090918326821158,-0.0069523015842251,-0.0057879175768469,0.013211717118791,0.005485684805463,-0.0068053192697549,0.0119053065282673,0.010303357655793,17.67,5.890250855188142,-0.0035049406499472
2012-12-24,2648.75,40310.0,18.59,-0.0035049406499472,-0.0130630425791427,-0.0004640586653421,-0.0036122856859136,0.0139654071221977,0.014638784337193,-0.0090918326821158,-0.0069523015842251,-0.0057879175768469,0.013211717118791,0.005485684805463,0.0097762805951083,0.0102443480755241,17.84,-0.8332299036034918,-0.0076744893230061
2012-12-26,2628.5,82840.0,19.48,-0.0076744893230061,-0.0035049406499472,-0.0130630425791427,-0.0004640586653421,-0.0036122856859136,0.0139654071221977,0.014638784337193,-0.0090918326821158,-0.0069523015842251,-0.0057879175768469,0.013211717118791,0.0048656540391172,0.0093243171721194,18.59,1.055073182833044,-0.0022852799890505
2012-12-27,2622.5,211530.0,19.47,-0.0022852799890505,-0.0076744893230061,-0.0035049406499472,-0.0130630425791427,-0.0004640586653421,-0.0036122856859136,0.0139654071221977,0.014638784337193,-0.0090918326821158,-0.0069523015842251,-0.0057879175768469,0.0050386445941586,0.0092380597086965,19.48,1.553476581361661,-0.0140157809386494
2012-12-28,2586.0,149070.0,22.72,-0.0140157809386494,-0.0022852799890505,-0.0076744893230061,-0.0035049406499472,-0.0130630425791427,-0.0004640586653421,-0.0036122856859136,0.0139654071221977,0.014638784337193,-0.0090918326821158,-0.0069523015842251,0.0053557089935923,0.0099202560909976,19.47,-0.29527726563608,0.0264265318698461
2012-12-31,2655.25,198760.0,18.02,0.0264265318698461,-0.0140157809386494,-0.0022852799890505,-0.0076744893230061,-0.0035049406499472,-0.0130630425791427,-0.0004640586653421,-0.0036122856859136,0.0139654071221977,0.014638784337193,-0.0090918326821158,0.0155803276282739,0.013138593169455,22.72,0.3333333333333332,0.0309627997080273
2013-01-02,2738.75,285940.0,14.68,0.0309627997080273,0.0264265318698461,-0.0140157809386494,-0.0022852799890505,-0.0076744893230061,-0.0035049406499472,-0.0130630425791427,-0.0004640586653421,-0.0036122856859136,0.0139654071221977,0.014638784337193,0.0205810762730533,0.0157669412413397,18.02,0.438619440531294,-0.0048497144053406
2013-01-03,2725.5,216630.0,14.56,-0.0048497144053406,0.0309627997080273,0.0264265318698461,-0.0140157809386494,-0.0022852799890505,-0.0076744893230061,-0.0035049406499472,-0.0130630425791427,-0.0004640586653421,-0.0036122856859136,0.0139654071221977,0.020122091780226,0.0153877949836885,14.68,-0.242393509127789,-0.0045968638454038
2013-01-04,2713.0,212860.0,13.83,-0.0045968638454038,-0.0048497144053406,0.0309627997080273,0.0264265318698461,-0.0140157809386494,-0.0022852799890505,-0.0076744893230061,-0.0035049406499472,-0.0130630425791427,-0.0004640586653421,-0.0036122856859136,0.0204202207608319,0.0154222178853845,14.56,-0.0174029451137884,0.0017492984251779
2013-01-07,2717.75,174830.0,13.79,0.0017492984251779,-0.0045968638454038,-0.0048497144053406,0.0309627997080273,0.0264265318698461,-0.0140157809386494,-0.0022852799890505,-0.0076744893230061,-0.0035049406499472,-0.0130630425791427,-0.0004640586653421,0.0173990479837511,0.0154196413075362,13.83,-0.1786620313821291,-0.0013807706892953
2013-01-08,2714.0,200790.0,13.62,-0.0013807706892953,0.0017492984251779,-0.0045968638454038,-0.0048497144053406,0.0309627997080273,0.0264265318698461,-0.0140157809386494,-0.0022852799890505,-0.0076744893230061,-0.0035049406499472,-0.0130630425791427,0.0151040058925866,0.014667154709793,13.79,0.1484871017559914,0.0029433428165969
2013-01-09,2722.0,159090.0,13.81,0.0029433428165969,-0.0013807706892953,0.0017492984251779,-0.0045968638454038,-0.0048497144053406,0.0309627997080273,0.0264265318698461,-0.0140157809386494,-0.0022852799890505,-0.0076744893230061,-0.0035049406499472,0.0035620850260305,0.0145353396917043,13.62,-0.2076796653219782,0.0054955258292676
2013-01-10,2737.0,244790.0,13.49,0.0054955258292676,0.0029433428165969,-0.0013807706892953,0.0017492984251779,-0.0045968638454038,-0.0048497144053406,0.0309627997080273,0.0264265318698461,-0.0140157809386494,-0.0022852799890505,-0.0076744893230061,0.003918420731563,0.0140775227651612,13.81,0.5386887925073858,0.0024631677828024
2013-01-11,2743.75,140410.0,13.36,0.0024631677828024,0.0054955258292676,0.0029433428165969,-0.0013807706892953,0.0017492984251779,-0.0045968638454038,-0.0048497144053406,0.0309627997080273,0.0264265318698461,-0.0140157809386494,-0.0022852799890505,0.0024745058073129,0.0139194734215817,13.49,-0.4264063074471996,-0.0054819689593278
2013-01-14,2728.75,207500.0,13.52,-0.0054819689593278,0.0024631677828024,0.0054955258292676,0.0029433428165969,-0.0013807706892953,0.0017492984251779,-0.0045968638454038,-0.0048497144053406,0.0309627997080273,0.0264265318698461,-0.0140157809386494,0.0042902970256847,0.0128795767739888,13.36,0.4778149704437007,-0.0053279567521921
2013-01-15,2714.25,210640.0,13.55,-0.0053279567521921,-0.0054819689593278,0.0024631677828024,0.0054955258292676,0.0029433428165969,-0.0013807706892953,0.0017492984251779,-0.0045968638454038,-0.0048497144053406,0.0309627997080273,0.0264265318698461,0.0050835193653074,0.0108698592535998,13.52,0.0151325301204818,0.0043196611445163
2013-01-16,2726.0,181660.0,13.42,0.0043196611445163,-0.0053279567521921,-0.0054819689593278,0.0024631677828024,0.0054955258292676,0.0029433428165969,-0.0013807706892953,0.0017492984251779,-0.0045968638454038,-0.0048497144053406,0.0309627997080273,0.0053135515929089,0.0043393533809963,13.55,-0.137580706418534,0.005305052229693
2013-01-17,2740.5,211220.0,13.57,0.005305052229693,0.0043196611445163,-0.0053279567521921,-0.0054819689593278,0.0024631677828024,0.0054955258292676,0.0029433428165969,-0.0013807706892953,0.0017492984251779,-0.0045968638454038,-0.0048497144053406,0.0052674168215926,0.0043875936817745,13.42,0.1627215677639546,-0.0024660924951935
2013-01-18,2733.75,171010.0,12.46,-0.0024660924951935,0.005305052229693,0.0043196611445163,-0.0053279567521921,-0.0054819689593278,0.0024631677828024,0.0054955258292676,0.0029433428165969,-0.0013807706892953,0.0017492984251779,-0.0045968638454038,0.0052119421808564,0.0041555357801983,13.57,-0.1903702300918474,0.0062901889335968
2013-01-22,2751.0,195840.0,12.43,0.0062901889335968,-0.0024660924951935,0.005305052229693,0.0043196611445163,-0.0053279567521921,-0.0054819689593278,0.0024631677828024,0.0054955258292676,0.0029433428165969,-0.0013807706892953,0.0017492984251779,0.0051876924746426,0.0045085242385611,12.46,0.1451961873574645,0.0029038132927115
2013-01-23,2759.0,189330.0,12.46,0.0029038132927115,0.0062901889335968,-0.0024660924951935,0.005305052229693,0.0043196611445163,-0.0053279567521921,-0.0054819689593278,0.0024631677828024,0.0054955258292676,0.0029433428165969,-0.0013807706892953,0.0034424415656764,0.004437350543271,12.43,-0.0332414215686274,-0.0148800043394272
2013-01-24,2718.25,289640.0,12.69,-0.0148800043394272,0.0029038132927115,0.0062901889335968,-0.0024660924951935,0.005305052229693,0.0043196611445163,-0.0053279567521921,-0.0054819689593278,0.0024631677828024,0.0054955258292676,0.0029433428165969,0.0086893210162552,0.0068053479817715,12.46,0.5298156657687636,0.0035804490854938
2013-01-25,2728.0,234410.0,12.89,0.0035804490854938,-0.0148800043394272,0.0029038132927115,0.0062901889335968,-0.0024660924951935,0.005305052229693,0.0043196611445163,-0.0053279567521921,-0.0054819689593278,0.0024631677828024,0.0054955258292676,0.0084281429878125,0.0066544795266086,12.69,-0.1906849882612898,0.0034763551614034
2013-01-28,2737.5,202430.0,13.57,0.0034763551614034,0.0035804490854938,-0.0148800043394272,0.0029038132927115,0.0062901889335968,-0.0024660924951935,0.005305052229693,0.0043196611445163,-0.0053279567521921,-0.0054819689593278,0.0024631677828024,0.0085723680912086,0.006709210085887,12.89,-0.13642762680773,0.0019159715728439
2013-01-29,2742.75,221670.0,13.31,0.0019159715728439,0.0034763551614034,0.0035804490854938,-0.0148800043394272,0.0029038132927115,0.0062901889335968,-0.0024660924951935,0.005305052229693,0.0043196611445163,-0.0053279567521921,-0.0054819689593278,0.0080096530528038,0.0064690864497066,13.57,0.0950452008101565,-0.0025554453990479
2013-01-30,2735.75,252060.0,14.32,-0.0025554453990479,0.0019159715728439,0.0034763551614034,0.0035804490854938,-0.0148800043394272,0.0029038132927115,0.0062901889335968,-0.0024660924951935,0.005305052229693,0.0043196611445163,-0.0053279567521921,0.0077813409559006,0.006246586451455,13.31,0.1370956827716876,-0.0039371932012079
2013-01-31,2725.0,216930.0,14.28,-0.0039371932012079,-0.0025554453990479,0.0019159715728439,0.0034763551614034,0.0035804490854938,-0.0148800043394272,0.0029038132927115,0.0062901889335968,-0.0024660924951935,0.005305052229693,0.0043196611445163,0.003513445007953,0.0062736863736723,14.32,-0.1393715781956677,0.0114933309323938
2013-02-01,2756.5,222750.0,12.9,0.0114933309323938,-0.0039371932012079,-0.0025554453990479,0.0019159715728439,0.0034763551614034,0.0035804490854938,-0.0148800043394272,0.0029038132927115,0.0062901889335968,-0.0024660924951935,0.005305052229693,0.0060885439685115,0.0071087580267408,14.28,0.0268289309915641,-0.0164597717486228
2013-02-04,2711.5,275930.0,14.67,-0.0164597717486228,0.0114933309323938,-0.0039371932012079,-0.0025554453990479,0.0019159715728439,0.0034763551614034,0.0035804490854938,-0.0148800043394272,0.0029038132927115,0.0062901889335968,-0.0024660924951935,0.0101305145357271,0.0089216504508135,12.9,0.2387429854096521,0.0138261599099284
2013-02-05,2749.25,243060.0,13.72,0.0138261599099284,-0.0164597717486228,0.0114933309323938,-0.0039371932012079,-0.0025554453990479,0.0019159715728439,0.0034763551614034,0.0035804490854938,-0.0148800043394272,0.0029038132927115,0.0062901889335968,0.0124005505651147,0.0098578621065473,14.67,-0.1191244156126554,-0.0043743804375095
2013-02-06,2737.25,217760.0,13.41,-0.0043743804375095,0.0138261599099284,-0.0164597717486228,0.0114933309323938,-0.0039371932012079,-0.0025554453990479,0.0019159715728439,0.0034763551614034,0.0035804490854938,-0.0148800043394272,0.0029038132927115,0.0125375440340298,0.0098830753001022,13.72,-0.1040895252201102,0.0017338143687254
2013-02-07,2742.0,273080.0,13.5,0.0017338143687254,-0.0043743804375095,0.0138261599099284,-0.0164597717486228,0.0114933309323938,-0.0039371932012079,-0.0025554453990479,0.0019159715728439,0.0034763551614034,0.0035804490854938,-0.0148800043394272,0.012334800194987,0.008559363882231,13.41,0.2540411462160177,0.0108815001875342
2013-02-08,2772.0,211100.0,13.02,0.0108815001875342,0.0017338143687254,-0.0043743804375095,0.0138261599099284,-0.0164597717486228,0.0114933309323938,-0.0039371932012079,-0.0025554453990479,0.0019159715728439,0.0034763551614034,0.0035804490854938,0.012210105794482,0.0091099365411183,13.5,-0.2269664567159807,-0.0005412720023894
2013-02-11,2770.5,146490.0,12.94,-0.0005412720023894,0.0108815001875342,0.0017338143687254,-0.0043743804375095,0.0138261599099284,-0.0164597717486228,0.0114933309323938,-0.0039371932012079,-0.0025554453990479,0.0019159715728439,0.0034763551614034,0.0077351766828975,0.0091065847520909,13.02,-0.3060634770251066,-0.0035254273801641
2013-02-12,2760.75,171650.0,12.64,-0.0035254273801641,-0.0005412720023894,0.0108815001875342,0.0017338143687254,-0.0043743804375095,0.0138261599099284,-0.0164597717486228,0.0114933309323938,-0.0039371932012079,-0.0025554453990479,0.0019159715728439,0.0061193367548163,0.009220787669373,12.94,0.1717523380435524,0.0034351868891945
2013-02-13,2770.25,164470.0,12.98,0.0034351868891945,-0.0035254273801641,-0.0005412720023894,0.0108815001875342,0.0017338143687254,-0.0043743804375095,0.0138261599099284,-0.0164597717486228,0.0114933309323938,-0.0039371932012079,-0.0025554453990479,0.0054132471488246,0.0091836233747506,12.64,-0.0418293038159044,-0.0010835215507014
2013-02-14,2767.25,154960.0,12.66,-0.0010835215507014,0.0034351868891945,-0.0035254273801641,-0.0005412720023894,0.0108815001875342,0.0017338143687254,-0.0043743804375095,0.0138261599099284,-0.0164597717486228,0.0114933309323938,-0.0039371932012079,0.0056413289109777,0.0090477512024334,12.98,-0.0578220952149328,-0.0021705715314063
2013-02-15,2761.25,169760.0,12.46,-0.0021705715314063,-0.0010835215507014,0.0034351868891945,-0.0035254273801641,-0.0005412720023894,0.0108815001875342,0.0017338143687254,-0.0043743804375095,0.0138261599099284,-0.0164597717486228,0.0114933309323938,0.0026166742318852,0.0083848158935597,12.66,0.0955085183273103,0.0070371997378117
2013-02-19,2780.75,163030.0,12.31,0.0070371997378117,-0.0021705715314063,-0.0010835215507014,0.0034351868891945,-0.0035254273801641,-0.0005412720023894,0.0108815001875342,0.0017338143687254,-0.0043743804375095,0.0138261599099284,-0.0164597717486228,0.004384896662067,0.0062186327515388,12.46,-0.0396442035815268,-0.0156755803473824
2013-02-20,2737.5,230440.0,14.68,-0.0156755803473824,0.0070371997378117,-0.0021705715314063,-0.0010835215507014,0.0034351868891945,-0.0035254273801641,-0.0005412720023894,0.0108815001875342,0.0017338143687254,-0.0043743804375095,0.0138261599099284,0.0086404104076816,0.0071830621059876,12.31,0.4134821811936453,-0.0086215337299418
2013-02-21,2714.0,283850.0,15.22,-0.0086215337299418,-0.0156755803473824,0.0070371997378117,-0.0021705715314063,-0.0010835215507014,0.0034351868891945,-0.0035254273801641,-0.0005412720023894,0.0108815001875342,0.0017338143687254,-0.0043743804375095,0.0085337175787952,0.0075580794427391,14.68,0.2317739975698662,0.007982059903738
2013-02-22,2735.75,187530.0,14.17,0.007982059903738,-0.0086215337299418,-0.0156755803473824,0.0070371997378117,-0.0021705715314063,-0.0010835215507014,0.0034351868891945,-0.0035254273801641,-0.0005412720023894,0.0108815001875342,0.0017338143687254,0.010146282729259,0.0080386839586876,15.22,-0.3393341553637484,-0.01232086200224
2013-02-25,2702.25,383420.0,18.99,-0.01232086200224,0.007982059903738,-0.0086215337299418,-0.0156755803473824,0.0070371997378117,-0.0021705715314063,-0.0010835215507014,0.0034351868891945,-0.0035254273801641,-0.0005412720023894,0.0108815001875342,0.0110882015411064,0.0078213114803288,14.17,1.0445795339412365,0.0020332724195342
2013-02-26,2707.75,321130.0,16.87,0.0020332724195342,-0.01232086200224,0.007982059903738,-0.0086215337299418,-0.0156755803473824,0.0070371997378117,-0.0021705715314063,-0.0010835215507014,0.0034351868891945,-0.0035254273801641,-0.0005412720023894,0.009977044272179,0.0079362509811455,18.99,-0.1624589223306035,0.0120223537703246
2013-02-27,2740.5,281230.0,14.73,0.0120223537703246,0.0020332724195342,-0.01232086200224,0.007982059903738,-0.0086215337299418,-0.0156755803473824,0.0070371997378117,-0.0021705715314063,-0.0010835215507014,0.0034351868891945,-0.0035254273801641,0.0104675572527375,0.0091045224443512,16.87,-0.124248746613521,-0.0009126586377768
2013-02-28,2738.0,248960.0,15.51,-0.0009126586377768,0.0120223537703246,0.0020332724195342,-0.01232086200224,0.007982059903738,-0.0086215337299418,-0.0156755803473824,0.0070371997378117,-0.0021705715314063,-0.0010835215507014,0.0034351868891945,0.0093477054352698,0.0089862317930812,14.73,-0.114745937488888,0.0039185360205767
2013-03-01,2748.75,278660.0,15.36,0.0039185360205767,-0.0009126586377768,0.0120223537703246,0.0020332724195342,-0.01232086200224,0.007982059903738,-0.0086215337299418,-0.0156755803473824,0.0070371997378117,-0.0021705715314063,-0.0010835215507014,0.0088341377794179,0.0091297119638444,15.51,0.1192962724935733,0.0040844168422248
2013-03-04,2760.0,243020.0,14.01,0.0040844168422248,0.0039185360205767,-0.0009126586377768,0.0120223537703246,0.0020332724195342,-0.01232086200224,0.007982059903738,-0.0086215337299418,-0.0156755803473824,0.0070371997378117,-0.0021705715314063,0.0047987375461437,0.0092292697422714,15.36,-0.1278977965980047,0.0137635420581813
2013-03-05,2798.25,249530.0,13.48,0.0137635420581813,0.0040844168422248,0.0039185360205767,-0.0009126586377768,0.0120223537703246,0.0020332724195342,-0.01232086200224,0.007982059903738,-0.0086215337299418,-0.0156755803473824,0.0070371997378117,0.0061374595101253,0.0100145031148021,14.01,0.0267879186898196,-0.0035800628947306
2013-03-06,2788.25,224480.0,13.53,-0.0035800628947306,0.0137635420581813,0.0040844168422248,0.0039185360205767,-0.0009126586377768,0.0120223537703246,0.0020332724195342,-0.01232086200224,0.007982059903738,-0.0086215337299418,-0.0156755803473824,0.0066227943909084,0.0084320748259911,13.48,-0.1003887308139301,0.00393736526566
2013-03-07,2799.25,194930.0,13.06,0.00393736526566,-0.0035800628947306,0.0137635420581813,0.0040844168422248,0.0039185360205767,-0.0009126586377768,0.0120223537703246,0.0020332724195342,-0.01232086200224,0.007982059903738,-0.0086215337299418,0.006162379607661,0.0075950227602967,13.53,-0.1316375623663578,0.0008034638650327
2013-03-08,2801.5,147820.0,12.59,0.0008034638650327,0.00393736526566,-0.0035800628947306,0.0137635420581813,0.0040844168422248,0.0039185360205767,-0.0009126586377768,0.0120223537703246,0.0020332724195342,-0.01232086200224,0.007982059903738,0.0063799779469494,0.0074187619250241,13.06,-0.2416764992561432,0.0029405233930373
2013-03-11,2809.75,120850.0,11.56,0.0029405233930373,0.0008034638650327,0.00393736526566,-0.0035800628947306,0.0137635420581813,0.0040844168422248,0.0039185360205767,-0.0009126586377768,0.0120223537703246,0.0020332724195342,-0.01232086200224,0.0063878121316679,0.0053375468542197,12.59,-0.1824516303612501,-0.0024052392335882
2013-03-12,2803.0,90210.0,12.27,-0.0024052392335882,0.0029405233930373,0.0008034638650327,0.00393736526566,-0.0035800628947306,0.0137635420581813,0.0040844168422248,0.0039185360205767,-0.0009126586377768,0.0120223537703246,0.0020332724195342,0.0032719178609383,0.0056834607397117,11.56,-0.253537443111295,-0.0014280616493347
2013-03-13,2799.0,78280.0,11.83,-0.0014280616493347,-0.0024052392335882,0.0029405233930373,0.0008034638650327,0.00393736526566,-0.0035800628947306,0.0137635420581813,0.0040844168422248,0.0039185360205767,-0.0009126586377768,0.0120223537703246,0.0027229631287291,0.0049791647606494,12.27,-0.1322469792705908,0.0024977711469527
2013-03-14,2806.0,36310.0,11.3,0.0024977711469527,-0.0014280616493347,-0.0024052392335882,0.0029405233930373,0.0008034638650327,0.00393736526566,-0.0035800628947306,0.0137635420581813,0.0040844168422248,0.0039185360205767,-0.0009126586377768,0.0023556047539808,0.0048644360980428,11.83,-0.536152273888605,-0.0009412839236288
2013-03-15,2803.36,151630.0,11.3,-0.0009412839236288,0.0024977711469527,-0.0014280616493347,-0.0024052392335882,0.0029405233930373,0.0008034638650327,0.00393736526566,-0.0035800628947306,0.0137635420581813,0.0040844168422248,0.0039185360205767,0.0024242518266197,0.0049438898439621,11.3,3.175984577251445,-0.0058529492568291
2013-03-18,2787.0,261520.0,13.36,-0.0058529492568291,-0.0009412839236288,0.0024977711469527,-0.0014280616493347,-0.0024052392335882,0.0029405233930373,0.0008034638650327,0.00393736526566,-0.0035800628947306,0.0137635420581813,0.0040844168422248,0.0029994923720556,0.0054444292440235,11.3,0.7247246587086988,-0.002694693088424
2013-03-19,2779.5,280860.0,14.39,-0.002694693088424,-0.0058529492568291,-0.0009412839236288,0.0024977711469527,-0.0014280616493347,-0.0024052392335882,0.0029405233930373,0.0008034638650327,0.00393736526566,-0.0035800628947306,0.0137635420581813,0.0030210089306905,0.0031545316394297,13.36,0.0739522789843989,0.0020665805459017
2013-03-20,2785.25,213750.0,12.67,0.0020665805459017,-0.002694693088424,-0.0058529492568291,-0.0009412839236288,0.0024977711469527,-0.0014280616493347,-0.0024052392335882,0.0029405233930373,0.0008034638650327,0.00393736526566,-0.0035800628947306,0.003466400516854,0.0030807239417722,14.39,-0.23894466994232,-0.0055805725386436
2013-03-21,2769.75,221280.0,13.99,-0.0055805725386436,0.0020665805459017,-0.002694693088424,-0.0058529492568291,-0.0009412839236288,0.0024977711469527,-0.0014280616493347,-0.0024052392335882,0.0029405233930373,0.0008034638650327,0.00393736526566,0.0033167291725725,0.0031613870900707,12.67,0.0352280701754386,0.008538226498421
2013-03-22,2793.5,180410.0,13.57,0.008538226498421,-0.0055805725386436,0.0020665805459017,-0.002694693088424,-0.0058529492568291,-0.0009412839236288,0.0024977711469527,-0.0014280616493347,-0.0024052392335882,0.0029405233930373,0.0008034638650327,0.0060693978703231,0.0043793904327939,13.99,-0.1846981200289226,-0.0033167526259939
2013-03-25,2784.25,249370.0,13.74,-0.0033167526259939,0.008538226498421,-0.0055805725386436,0.0020665805459017,-0.002694693088424,-0.0058529492568291,-0.0009412839236288,0.0024977711469527,-0.0014280616493347,-0.0024052392335882,0.0029405233930373,0.0056209909797742,0.0043136937101976,13.57,0.3822404523030873,0.0055515901895934
2013-03-26,2799.75,168870.0,12.77,0.0055515901895934,-0.0033167526259939,0.008538226498421,-0.0055805725386436,0.0020665805459017,-0.002694693088424,-0.0058529492568291,-0.0009412839236288,0.0024977711469527,-0.0014280616493347,-0.0024052392335882,0.0059075594136652,0.0047220980134532,13.74,-0.3228134899947869,0.0004463687973055
2013-03-27,2801.0,185710.0,13.15,0.0004463687973055,0.0055515901895934,-0.0033167526259939,0.008538226498421,-0.0055805725386436,0.0020665805459017,-0.002694693088424,-0.0058529492568291,-0.0009412839236288,0.0024977711469527,-0.0014280616493347,0.0059098434660448,0.0047013868524474,12.77,0.0997216793983537,0.0035637956464234
2013-03-28,2811.0,145540.0,12.7,0.0035637956464234,0.0004463687973055,0.0055515901895934,-0.0033167526259939,0.008538226498421,-0.0055805725386436,0.0020665805459017,-0.002694693088424,-0.0058529492568291,-0.0009412839236288,0.0024977711469527,0.0045802136646559,0.0047740408424703,13.15,-0.2163049916536535,-0.0082157990261174
2013-04-01,2788.0,145800.0,13.58,-0.0082157990261174,0.0035637956464234,0.0004463687973055,0.0055515901895934,-0.0033167526259939,0.008538226498421,-0.0055805725386436,0.0020665805459017,-0.002694693088424,-0.0058529492568291,-0.0009412839236288,0.0055100687742442,0.0054674273216407,12.7,0.0017864504603546,0.0088381595707666
2013-04-02,2812.75,214260.0,12.78,0.0088381595707666,-0.0082157990261174,0.0035637956464234,0.0004463687973055,0.0055515901895934,-0.0033167526259939,0.008538226498421,-0.0055805725386436,0.0020665805459017,-0.002694693088424,-0.0058529492568291,0.0064920955012637,0.0058447624007669,13.58,0.4695473251028805,-0.009196903969233
2013-04-03,2787.0,256750.0,14.21,-0.009196903969233,0.0088381595707666,-0.0082157990261174,0.0035637956464234,0.0004463687973055,0.0055515901895934,-0.0033167526259939,0.008538226498421,-0.0055805725386436,0.0020665805459017,-0.002694693088424,0.0077286582644028,0.0066039135421448,12.78,0.1983104639223374,-0.0007178751205637
2013-04-04,2785.0,226610.0,13.89,-0.0007178751205637,-0.009196903969233,0.0088381595707666,-0.0082157990261174,0.0035637956464234,0.0004463687973055,0.0055515901895934,-0.0033167526259939,0.008538226498421,-0.0055805725386436,0.0020665805459017,0.0076949337373726,0.0065783735539449,14.21,-0.1173904576436222,-0.0079308274379678
2013-04-05,2763.0,265280.0,13.92,-0.0079308274379678,-0.0007178751205637,-0.009196903969233,0.0088381595707666,-0.0082157990261174,0.0035637956464234,0.0004463687973055,0.0055515901895934,-0.0033167526259939,0.008538226498421,-0.0055805725386436,0.0076531168316535,0.0068364680511698,13.89,0.1706456025771148,0.0064935293105483
2013-04-08,2781.0,176140.0,13.19,0.0064935293105483,-0.0079308274379678,-0.0007178751205637,-0.009196903969233,0.0088381595707666,-0.0082157990261174,0.0035637956464234,0.0004463687973055,0.0055515901895934,-0.0033167526259939,0.008538226498421,0.0081702423813113,0.0065700022988895,13.92,-0.3360223160434258,0.0059155859521154
2013-04-09,2797.5,237570.0,12.84,0.0059155859521154,0.0064935293105483,-0.0079308274379678,-0.0007178751205637,-0.009196903969233,0.0088381595707666,-0.0082157990261174,0.0035637956464234,0.0004463687973055,0.0055515901895934,-0.0033167526259939,0.0074034688452029,0.0067678566632001,13.19,0.3487566708300216,0.0197325342476291
2013-04-10,2853.25,259070.0,12.36,0.0197325342476291,0.0059155859521154,0.0064935293105483,-0.0079308274379678,-0.0007178751205637,-0.009196903969233,0.0088381595707666,-0.0082157990261174,0.0035637956464234,0.0004463687973055,0.0055515901895934,0.0102416141933482,0.0090505532873359,12.84,0.0904996422107169,0.0
2013-04-11,2853.25,199360.0,12.24,0.0,0.0197325342476291,0.0059155859521154,0.0064935293105483,-0.0079308274379678,-0.0007178751205637,-0.009196903969233,0.0088381595707666,-0.0082157990261174,0.0035637956464234,0.0004463687973055,0.0101513328024568,0.0090595761985291,12.36,-0.230478249121859,-0.00245635705576
2013-04-12,2846.25,199000.0,12.06,-0.00245635705576,0.0,0.0197325342476291,0.0059155859521154,0.0064935293105483,-0.0079308274379678,-0.0007178751205637,-0.009196903969233,0.0088381595707666,-0.0082157990261174,0.0035637956464234,0.008607022717828,0.0091326352960274,12.24,-0.0018057784911716,-0.0222932097543869
2013-04-15,2783.5,326430.0,17.27,-0.0222932097543869,-0.00245635705576,0.0,0.0197325342476291,0.0059155859521154,0.0064935293105483,-0.0079308274379678,-0.0007178751205637,-0.009196903969233,0.0088381595707666,-0.0082157990261174,0.0152251968500444,0.0115248640128159,12.06,0.6403517587939698,0.0158606193929009
2013-04-16,2828.0,236660.0,13.96,0.0158606193929009,-0.0222932097543869,-0.00245635705576,0.0,0.0197325342476291,0.0059155859521154,0.0064935293105483,-0.0079308274379678,-0.0007178751205637,-0.009196903969233,0.0088381595707666,0.0167364599858302,0.0123206505486441,17.27,-0.2750053610268664,-0.0190991972505074
2013-04-17,2774.5,378580.0,16.51,-0.0190991972505074,0.0158606193929009,-0.0222932097543869,-0.00245635705576,0.0,0.0197325342476291,0.0059155859521154,0.0064935293105483,-0.0079308274379678,-0.0007178751205637,-0.009196903969233,0.0155136409805219,0.013528920259394,13.96,0.5996788641933575,-0.0126951287874855
2013-04-18,2739.5,345300.0,17.56,-0.0126951287874855,-0.0190991972505074,0.0158606193929009,-0.0222932097543869,-0.00245635705576,0.0,0.0197325342476291,0.0059155859521154,0.0064935293105483,-0.0079308274379678,-0.0007178751205637,0.0154069791117761,0.0140744947235211,16.51,-0.0879074436050504,0.0104399295997471
2013-04-19,2768.25,273830.0,14.97,0.0104399295997471,-0.0126951287874855,-0.0190991972505074,0.0158606193929009,-0.0222932097543869,-0.00245635705576,0.0,0.0197325342476291,0.0059155859521154,0.0064935293105483,-0.0079308274379678,0.017528982302106,0.0143592422065566,17.56,-0.2069794381697075,0.0104214401096129
2013-04-22,2797.25,230390.0,14.39,0.0104214401096129,0.0104399295997471,-0.0126951287874855,-0.0190991972505074,0.0158606193929009,-0.0222932097543869,-0.00245635705576,0.0,0.0197325342476291,0.0059155859521154,0.0064935293105483,0.0157340955366207,0.014602499399416,14.97,-0.1586385713764014,0.0091633575656587
2013-04-23,2823.0,269330.0,13.48,0.0091633575656587,0.0104214401096129,0.0104399295997471,-0.0126951287874855,-0.0190991972505074,0.0158606193929009,-0.0222932097543869,-0.00245635705576,0.0,0.0197325342476291,0.0059155859521154,0.014377804078425,0.01476945277321,14.39,0.1690177525066192,0.0003541703596432
2013-04-24,2824.0,257080.0,13.61,0.0003541703596432,0.0091633575656587,0.0104214401096129,0.0104399295997471,-0.0126951287874855,-0.0190991972505074,0.0158606193929009,-0.0222932097543869,-0.00245635705576,0.0,0.0197325342476291,0.0100039274953448,0.0132144653720841,13.48,-0.0454832361786655,0.0070571923099987
2013-04-25,2844.0,196640.0,13.62,0.0070571923099987,0.0003541703596432,0.0091633575656587,0.0104214401096129,0.0104399295997471,-0.0126951287874855,-0.0190991972505074,0.0158606193929009,-0.0222932097543869,-0.00245635705576,0.0,0.0042190905346132,0.0134617417354204,13.61,-0.2351019138011514,-0.0047581374464169
2013-04-26,2830.5,165110.0,13.61,-0.0047581374464169,0.0070571923099987,0.0003541703596432,0.0091633575656587,0.0104214401096129,0.0104399295997471,-0.0126951287874855,-0.0190991972505074,0.0158606193929009,-0.0222932097543869,-0.00245635705576,0.0064466439961135,0.0135217845509117,13.62,-0.1603437754271766,0.0099310918602762
2013-04-29,2858.75,175220.0,13.71,0.0099310918602762,-0.0047581374464169,0.0070571923099987,0.0003541703596432,0.0091633575656587,0.0104214401096129,0.0104399295997471,-0.0126951287874855,-0.0190991972505074,0.0158606193929009,-0.0222932097543869,0.0063358249026305,0.0114460523868411,13.61,0.0612319060020591,0.0074058277930007
2013-04-30,2880.0,190420.0,13.52,0.0074058277930007,0.0099310918602762,-0.0047581374464169,0.0070571923099987,0.0003541703596432,0.0091633575656587,0.0104214401096129,0.0104399295997471,-0.0126951287874855,-0.0190991972505074,0.0158606193929009,0.00604402523785,0.0106476633279009,13.71,0.0867480881177946,-0.0057456412960796
2013-05-01,2863.5,154070.0,14.49,-0.0057456412960796,0.0074058277930007,0.0099310918602762,-0.0047581374464169,0.0070571923099987,0.0003541703596432,0.0091633575656587,0.0104214401096129,0.0104399295997471,-0.0126951287874855,-0.0190991972505074,0.0074219409288017,0.0083139381316766,13.52,-0.1908938136750341,0.0133555016102211
2013-05-02,2902.0,199370.0,13.59,0.0133555016102211,-0.0057456412960796,0.0074058277930007,0.0099310918602762,-0.0047581374464169,0.0070571923099987,0.0003541703596432,0.0091633575656587,0.0104214401096129,0.0104399295997471,-0.0126951287874855,0.0087461177471993,0.0067241574987481,14.49,0.2940221977023431,0.0113072988180637
2013-05-03,2935.0,193080.0,12.85,0.0113072988180637,0.0133555016102211,-0.0057456412960796,0.0074058277930007,0.0099310918602762,-0.0047581374464169,0.0070571923099987,0.0003541703596432,0.0091633575656587,0.0104214401096129,0.0104399295997471,0.0075802052881973,0.0067964035126272,13.59,-0.0315493805487284,0.0042499001493291
2013-05-06,2947.5,134820.0,12.66,0.0042499001493291,0.0113072988180637,0.0133555016102211,-0.0057456412960796,0.0074058277930007,0.0099310918602762,-0.0047581374464169,0.0070571923099987,0.0003541703596432,0.0091633575656587,0.0104214401096129,0.0075034071509085,0.0066128126618934,12.85,-0.3017402113113735,-0.0003393281335579
2013-05-07,2946.5,176580.0,12.83,-0.0003393281335579,0.0042499001493291,0.0113072988180637,0.0133555016102211,-0.0057456412960796,0.0074058277930007,0.0099310918602762,-0.0047581374464169,0.0070571923099987,0.0003541703596432,0.0091633575656587,0.0079560127688663,0.0066676558482917,12.66,0.3097463284379171,0.0051622845569005
2013-05-08,2961.75,144660.0,12.66,0.0051622845569005,-0.0003393281335579,0.0042499001493291,0.0113072988180637,0.0133555016102211,-0.0057456412960796,0.0074058277930007,0.0099310918602762,-0.0047581374464169,0.0070571923099987,0.0003541703596432,0.0055549864057501,0.0065247904357046,12.83,-0.1807679238871899,-0.0012669455641234
2013-05-09,2958.0,185020.0,13.13,-0.0012669455641234,0.0051622845569005,-0.0003393281335579,0.0042499001493291,0.0113072988180637,0.0133555016102211,-0.0057456412960796,0.0074058277930007,0.0099310918602762,-0.0047581374464169,0.0070571923099987,0.0050304864664396,0.0067273664526621,12.66,0.2789990322134661,0.0058987278141616
2013-05-10,2975.5,169260.0,12.59,0.0058987278141616,-0.0012669455641234,0.0051622845569005,-0.0003393281335579,0.0042499001493291,0.0113072988180637,0.0133555016102211,-0.0057456412960796,0.0074058277930007,0.0099310918602762,-0.0047581374464169,0.0033038875791914,0.0060032256667382,13.13,-0.085179980542644,0.0018467225931647
2013-05-13,2981.0,162110.0,12.55,0.0018467225931647,0.0058987278141616,-0.0012669455641234,0.0051622845569005,-0.0003393281335579,0.0042499001493291,0.0113072988180637,0.0133555016102211,-0.0057456412960796,0.0074058277930007,0.0099310918602762,0.0032027427816216,0.005805873520816,12.59,-0.042242703533026,0.0047688858419369
2013-05-14,2995.25,192390.0,12.77,0.0047688858419369,0.0018467225931647,0.0058987278141616,-0.0012669455641234,0.0051622845569005,-0.0003393281335579,0.0042499001493291,0.0113072988180637,0.0133555016102211,-0.0057456412960796,0.0074058277930007,0.0029726457463899,0.0057024185103899,12.55,0.1867867497378323,0.0019178659203587
2013-05-15,3001.0,206060.0,12.81,0.0019178659203587,0.0047688858419369,0.0018467225931647,0.0058987278141616,-0.0012669455641234,0.0051622845569005,-0.0003393281335579,0.0042499001493291,0.0113072988180637,0.0133555016102211,-0.0057456412960796,0.0028091907548394,0.0046822578113023,12.77,0.0710535890638806,-0.0009167813285366
2013-05-16,2998.25,203740.0,13.07,-0.0009167813285366,0.0019178659203587,0.0047688858419369,0.0018467225931647,0.0058987278141616,-0.0012669455641234,0.0051622845569005,-0.0003393281335579,0.0042499001493291,0.0113072988180637,0.0133555016102211,0.0026894713200552,0.0038483723028829,12.81,-0.0112588566436959,0.0081382279425256
2013-05-17,3022.75,188120.0,12.45,0.0081382279425256,-0.0009167813285366,0.0019178659203587,0.0047688858419369,0.0018467225931647,0.0058987278141616,-0.0012669455641234,0.0051622845569005,-0.0003393281335579,0.0042499001493291,0.0113072988180637,0.0034372445830981,0.0031857610206809,13.07,-0.0766663394522431,-0.0005791106676841
2013-05-20,3021.0,193260.0,13.02,-0.0005791106676841,0.0081382279425256,-0.0009167813285366,0.0019178659203587,0.0047688858419369,0.0018467225931647,0.0058987278141616,-0.0012669455641234,0.0051622845569005,-0.0003393281335579,0.0042499001493291,0.0038175311802091,0.0033289229063407,12.45,0.0273229853285137,0.0001654944149413
2013-05-21,3021.5,185200.0,13.37,0.0001654944149413,-0.0005791106676841,0.0081382279425256,-0.0009167813285366,0.0019178659203587,0.0047688858419369,0.0018467225931647,0.0058987278141616,-0.0012669455641234,0.0051622845569005,-0.0003393281335579,0.003737801967212,0.0032852447631617,13.02,-0.0417054744903239,-0.0068078303612461
2013-05-22,3001.0,363790.0,13.82,-0.0068078303612461,0.0001654944149413,-0.0005791106676841,0.0081382279425256,-0.0009167813285366,0.0019178659203587,0.0047688858419369,0.0018467225931647,0.0058987278141616,-0.0012669455641234,0.0051622845569005,0.0053333983969691,0.0042515247301583,13.37,0.9643088552915766,-0.0029199536868873
2013-05-23,2992.25,313280.0,14.07,-0.0029199536868873,-0.0068078303612461,0.0001654944149413,-0.0005791106676841,0.0081382279425256,-0.0009167813285366,0.0019178659203587,0.0047688858419369,0.0018467225931647,0.0058987278141616,-0.0012669455641234,0.0054923504866526,0.0043929154187608,13.82,-0.1388438384782429,0.0
2013-05-24,2992.25,203970.0,13.99,0.0,-0.0029199536868873,-0.0068078303612461,0.0001654944149413,-0.0005791106676841,0.0081382279425256,-0.0009167813285366,0.0019178659203587,0.0047688858419369,0.0018467225931647,0.0058987278141616,0.0029438852438298,0.0040686660132324,14.07,-0.3489210929519918,0.0037526625367362
2013-05-28,3003.5,238820.0,14.48,0.0037526625367362,0.0,-0.0029199536868873,-0.0068078303612461,0.0001654944149413,-0.0005791106676841,0.0081382279425256,-0.0009167813285366,0.0019178659203587,0.0047688858419369,0.0018467225931647,0.0039443692422586,0.0041787213961995,13.99,0.1708584595773887,-0.0026671127662364
2013-05-29,2995.5,242460.0,14.83,-0.0026671127662364,0.0037526625367362,0.0,-0.0029199536868873,-0.0068078303612461,0.0001654944149413,-0.0005791106676841,0.0081382279425256,-0.0009167813285366,0.0019178659203587,0.0047688858419369,0.0039093160438119,0.0040439277262616,14.48,0.0152416045557324,0.0048289162189417
2013-05-30,3010.0,215950.0,14.53,0.0048289162189417,-0.0026671127662364,0.0037526625367362,0.0,-0.0029199536868873,-0.0068078303612461,0.0001654944149413,-0.0005791106676841,0.0081382279425256,-0.0009167813285366,0.0019178659203587,0.0035793542441181,0.004293721145214,14.83,-0.1093376227006516,-0.0099328891448104
2013-05-31,2980.25,273250.0,16.3,-0.0099328891448104,0.0048289162189417,-0.0026671127662364,0.0037526625367362,0.0,-0.0029199536868873,-0.0068078303612461,0.0001654944149413,-0.0005791106676841,0.0081382279425256,-0.0009167813285366,0.0059149628127314,0.0053853393512634,14.53,0.2653391988886315,0.001760047388936
2013-06-03,2985.5,322750.0,16.28,0.001760047388936,-0.0099328891448104,0.0048289162189417,-0.0026671127662364,0.0037526625367362,0.0,-0.0029199536868873,-0.0068078303612461,0.0001654944149413,-0.0005791106676841,0.0081382279425256,0.0060260766636743,0.0045477033119579,16.3,0.1811527904849039,-0.0036072351517843
2013-06-04,2974.75,283610.0,16.27,-0.0036072351517843,0.001760047388936,-0.0099328891448104,0.0048289162189417,-0.0026671127662364,0.0037526625367362,0.0,-0.0029199536868873,-0.0068078303612461,0.0001654944149413,-0.0005791106676841,0.0056280965814651,0.0045993315710812,16.28,-0.1212703330751355,-0.0122607547825576
2013-06-05,2938.5,302590.0,17.5,-0.0122607547825576,-0.0036072351517843,0.001760047388936,-0.0099328891448104,0.0048289162189417,-0.0026671127662364,0.0037526625367362,0.0,-0.0029199536868873,-0.0068078303612461,0.0001654944149413,0.0073245682379092,0.0056460411229884,16.27,0.0669228870632205,0.0037364173904247
2013-06-06,2949.5,280560.0,16.63,0.0037364173904247,-0.0122607547825576,-0.0036072351517843,0.001760047388936,-0.0099328891448104,0.0048289162189417,-0.0026671127662364,0.0037526625367362,0.0,-0.0029199536868873,-0.0068078303612461,0.0070108001283133,0.0057940235401884,17.5,-0.072804785353118,0.0104554072168513
2013-06-07,2980.5,266600.0,15.14,0.0104554072168513,0.0037364173904247,-0.0122607547825576,-0.0036072351517843,0.001760047388936,-0.0099328891448104,0.0048289162189417,-0.0026671127662364,0.0037526625367362,0.0,-0.0029199536868873,0.0085104489869098,0.0069229168463131,16.63,-0.049757627601939,0.0021784675561285
2013-06-10,2987.0,242510.0,15.44,0.0021784675561285,0.0104554072168513,0.0037364173904247,-0.0122607547825576,-0.0036072351517843,0.001760047388936,-0.0099328891448104,0.0048289162189417,-0.0026671127662364,0.0037526625367362,0.0,0.0085339010372042,0.0069707834867839,15.14,-0.0903600900225056,-0.0078985369882168
2013-06-11,2963.5,312060.0,17.07,-0.0078985369882168,0.0021784675561285,0.0104554072168513,0.0037364173904247,-0.0122607547825576,-0.0036072351517843,0.001760047388936,-0.0099328891448104,0.0048289162189417,-0.0026671127662364,0.0037526625367362,0.0091905354395986,0.0072108228421379,15.44,0.2867922972248566,-0.0147017731920872
2013-06-12,2920.25,328530.0,18.59,-0.0147017731920872,-0.0078985369882168,0.0021784675561285,0.0104554072168513,0.0037364173904247,-0.0122607547825576,-0.0036072351517843,0.001760047388936,-0.0099328891448104,0.0048289162189417,-0.0026671127662364,0.0099848444220027,0.0083681847106575,17.07,0.0527783118631033,0.0142798856610437
2013-06-13,2962.25,284590.0,16.41,0.0142798856610437,-0.0147017731920872,-0.0078985369882168,0.0021784675561285,0.0104554072168513,0.0037364173904247,-0.0122607547825576,-0.0036072351517843,0.001760047388936,-0.0099328891448104,0.0048289162189417,0.0121735804755967,0.0097182156893208,18.59,-0.1337472985724287,-0.0068594925354664
2013-06-14,2942.0,119400.0,17.15,-0.0068594925354664,0.0142798856610437,-0.0147017731920872,-0.0078985369882168,0.0021784675561285,0.0104554072168513,0.0037364173904247,-0.0122607547825576,-0.0036072351517843,0.001760047388936,-0.0099328891448104,0.011185202020556,0.0094708238231511,16.41,-0.5804490670789557,0.0094723306353624
2013-06-17,2970.0,113840.0,16.8,0.0094723306353624,-0.0068594925354664,0.0142798856610437,-0.0147017731920872,-0.0078985369882168,0.0021784675561285,0.0104554072168513,0.0037364173904247,-0.0122607547825576,-0.0036072351517843,0.001760047388936,0.0123764547932873,0.0100436418381365,17.15,-0.0465661641541038,0.0078813185686613
2013-06-18,2993.5,96350.0,16.61,0.0078813185686613,0.0094723306353624,-0.0068594925354664,0.0142798856610437,-0.0147017731920872,-0.0078985369882168,0.0021784675561285,0.0104554072168513,0.0037364173904247,-0.0122607547825576,-0.0036072351517843,0.0122337649178292,0.0103050001889411,16.8,-0.1536366830639494,-0.0107473746483868
2013-06-19,2961.5,65000.0,16.64,-0.0107473746483868,0.0078813185686613,0.0094723306353624,-0.0068594925354664,0.0142798856610437,-0.0147017731920872,-0.0078985369882168,0.0021784675561285,0.0104554072168513,0.0037364173904247,-0.0122607547825576,0.0109426297452658,0.0101038297856776,16.61,-0.3253762324857291,-0.0256512012160316
2013-06-20,2886.5,81020.0,20.49,-0.0256512012160316,-0.0107473746483868,0.0078813185686613,0.0094723306353624,-0.0068594925354664,0.0142798856610437,-0.0147017731920872,-0.0078985369882168,0.0021784675561285,0.0104554072168513,0.0037364173904247,0.014475628369553,0.0130054325254407,16.64,0.2464615384615385,0.0031131121648561
2013-06-21,2895.5,399200.0,18.9,0.0031131121648561,-0.0256512012160316,-0.0107473746483868,0.0078813185686613,0.0094723306353624,-0.0068594925354664,0.0142798856610437,-0.0147017731920872,-0.0078985369882168,0.0021784675561285,0.0104554072168513,0.0148682324137018,0.0124076634979065,20.49,3.927178474450753,-0.017946295742713
2013-06-24,2844.0,358810.0,20.11,-0.017946295742713,0.0031131121648561,-0.0256512012160316,-0.0107473746483868,0.0078813185686613,0.0094723306353624,-0.0068594925354664,0.0142798856610437,-0.0147017731920872,-0.0078985369882168,0.0021784675561285,0.0140669312706025,0.0131060596826003,18.9,-0.1011773547094188,0.0049980374989478
2013-06-25,2858.25,257860.0,18.47,0.0049980374989478,-0.017946295742713,0.0031131121648561,-0.0256512012160316,-0.0107473746483868,0.0078813185686613,0.0094723306353624,-0.0068594925354664,0.0142798856610437,-0.0147017731920872,-0.0078985369882168,0.0132544346709727,0.013409849751444,20.11,-0.2813466737270421,0.0086218692163229
2013-06-26,2883.0,196350.0,17.21,0.0086218692163229,0.0049980374989478,-0.017946295742713,0.0031131121648561,-0.0256512012160316,-0.0107473746483868,0.0078813185686613,0.0094723306353624,-0.0068594925354664,0.0142798856610437,-0.0147017731920872,0.0153681659055188,0.0132953427782533,18.47,-0.238540293182347,0.005706889678093
2013-06-27,2899.5,173480.0,16.86,0.005706889678093,0.0086218692163229,0.0049980374989478,-0.017946295742713,0.0031131121648561,-0.0256512012160316,-0.0107473746483868,0.0078813185686613,0.0094723306353624,-0.0068594925354664,0.0142798856610437,0.0107192360319072,0.0124284055749587,17.21,-0.1164756811815634,0.0006033702721514
2013-06-28,2901.25,239220.0,16.86,0.0006033702721514,0.005706889678093,0.0086218692163229,0.0049980374989478,-0.017946295742713,0.0031131121648561,-0.0256512012160316,-0.0107473746483868,0.0078813185686613,0.0094723306353624,-0.0068594925354664,0.0106481457919297,0.0123373261737481,16.86,0.3789485819691029,0.0054140122790747
2013-07-01,2917.0,200620.0,16.37,0.0054140122790747,0.0006033702721514,0.005706889678093,0.0086218692163229,0.0049980374989478,-0.017946295742713,0.0031131121648561,-0.0256512012160316,-0.0107473746483868,0.0078813185686613,0.0094723306353624,0.0028764431504205,0.0120023377420797,16.86,-0.1613577460078589,0.0021403201527064
2013-07-02,2923.25,202880.0,16.44,0.0021403201527064,0.0054140122790747,0.0006033702721514,0.005706889678093,0.0086218692163229,0.0049980374989478,-0.017946295742713,0.0031131121648561,-0.0256512012160316,-0.0107473746483868,0.0078813185686613,0.0031636048480284,0.0116189505116348,16.37,0.0112650782574019,0.0045223849421463
2013-07-03,2936.5,152050.0,16.2,0.0045223849421463,0.0021403201527064,0.0054140122790747,0.0006033702721514,0.005706889678093,0.0086218692163229,0.0049980374989478,-0.017946295742713,0.0031131121648561,-0.0256512012160316,-0.0107473746483868,0.0022170319877219,0.0113976237198987,16.44,-0.2505421924290221,0.0067877402983105
2013-07-05,2956.5,228910.0,14.89,0.0067877402983105,0.0045223849421463,0.0021403201527064,0.0054140122790747,0.0006033702721514,0.005706889678093,0.0086218692163229,0.0049980374989478,-0.017946295742713,0.0031131121648561,-0.0256512012160316,0.0024991335472101,0.007505653204609,16.2,0.5054916146004604,0.0007607455673091
2013-07-08,2958.75,200400.0,14.78,0.0007607455673091,0.0067877402983105,0.0045223849421463,0.0021403201527064,0.0054140122790747,0.0006033702721514,0.005706889678093,0.0086218692163229,0.0049980374989478,-0.017946295742713,0.0031131121648561,0.0024477998598635,0.0075175394351516,14.89,-0.1245467651041893,0.0052250245284417
2013-07-09,2974.25,162520.0,14.35,0.0052250245284417,0.0007607455673091,0.0067877402983105,0.0045223849421463,0.0021403201527064,0.0054140122790747,0.0006033702721514,0.005706889678093,0.0086218692163229,0.0049980374989478,-0.017946295742713,0.0024203654121353,0.0025823929239457,14.78,-0.1890219560878243,0.0073696003919586
2013-07-10,2996.25,198680.0,14.21,0.0073696003919586,0.0052250245284417,0.0007607455673091,0.0067877402983105,0.0045223849421463,0.0021403201527064,0.0054140122790747,0.0006033702721514,0.005706889678093,0.0086218692163229,0.0049980374989478,0.0025999362058126,0.0027395675775758,14.35,0.2224956928378045,0.0194180858571015
2013-07-11,3055.0,200920.0,14.01,0.0194180858571015,0.0073696003919586,0.0052250245284417,0.0007607455673091,0.0067877402983105,0.0045223849421463,0.0021403201527064,0.0054140122790747,0.0006033702721514,0.005706889678093,0.0086218692163229,0.006933766036976,0.0053417030735848,14.21,0.011274411113348,0.0022887046119333
2013-07-12,3062.0,148450.0,13.84,0.0022887046119333,0.0194180858571015,0.0073696003919586,0.0052250245284417,0.0007607455673091,0.0067877402983105,0.0045223849421463,0.0021403201527064,0.0054140122790747,0.0006033702721514,0.005706889678093,0.0073928990599304,0.0054560956960333,14.01,-0.2611487159068286,0.0035859859128556
2013-07-15,3073.0,112410.0,13.79,0.0035859859128556,0.0022887046119333,0.0194180858571015,0.0073696003919586,0.0052250245284417,0.0007607455673091,0.0067877402983105,0.0045223849421463,0.0021403201527064,0.0054140122790747,0.0006033702721514,0.0068862249798685,0.0052387239998298,13.84,-0.2427753452340855,-0.0007324517112808
2013-07-16,3070.75,147260.0,14.42,-0.0007324517112808,0.0035859859128556,0.0022887046119333,0.0194180858571015,0.0073696003919586,0.0052250245284417,0.0007607455673091,0.0067877402983105,0.0045223849421463,0.0021403201527064,0.0054140122790747,0.0078438350739278,0.0056287451480182,13.79,0.3100257984165109,0.0027642294023899
2013-07-17,3079.25,186220.0,13.78,0.0027642294023899,-0.0007324517112808,0.0035859859128556,0.0022887046119333,0.0194180858571015,0.0073696003919586,0.0052250245284417,0.0007607455673091,0.0067877402983105,0.0045223849421463,0.0021403201527064,0.0079688568935951,0.0055952008502097,14.42,0.2645660736112998,-0.010364478466167
2013-07-18,3047.5,179560.0,13.77,-0.010364478466167,0.0027642294023899,-0.0007324517112808,0.0035859859128556,0.0022887046119333,0.0194180858571015,0.0073696003919586,0.0052250245284417,0.0007607455673091,0.0067877402983105,0.0045223849421463,0.0057551925350903,0.0074636808396161,13.78,-0.03576414993019,-0.0022173868568808
2013-07-19,3040.75,203200.0,12.54,-0.0022173868568808,-0.010364478466167,0.0027642294023899,-0.0007324517112808,0.0035859859128556,0.0022887046119333,0.0194180858571015,0.0073696003919586,0.0052250245284417,0.0007607455673091,0.0067877402983105,0.0055604905463358,0.0075932478920756,13.77,0.1316551570505679,0.0022173868568807
2013-07-22,3047.5,140930.0,12.29,0.0022173868568807,-0.0022173868568808,-0.010364478466167,0.0027642294023899,-0.0007324517112808,0.0035859859128556,0.0022887046119333,0.0194180858571015,0.0073696003919586,0.0052250245284417,0.0007607455673091,0.0052807833717841,0.0075634857746967,12.54,-0.3064468503937008,-0.0070799670071253
2013-07-23,3026.0,161680.0,12.66,-0.0070799670071253,0.0022173868568807,-0.0022173868568808,-0.010364478466167,0.0027642294023899,-0.0007324517112808,0.0035859859128556,0.0022887046119333,0.0194180858571015,0.0073696003919586,0.0052250245284417,0.0057428470956296,0.0081327506032451,12.29,0.1472362165614134,0.0072440224582356
2013-07-24,3048.0,314730.0,13.18,0.0072440224582356,-0.0070799670071253,0.0022173868568807,-0.0022173868568808,-0.010364478466167,0.0027642294023899,-0.0007324517112808,0.0035859859128556,0.0022887046119333,0.0194180858571015,0.0073696003919586,0.0070542202099517,0.0081231575852297,12.66,0.946622958931222,0.0006559527949204
2013-07-25,3050.0,214950.0,12.97,0.0006559527949204,0.0072440224582356,-0.0070799670071253,0.0022173868568807,-0.0022173868568808,-0.010364478466167,0.0027642294023899,-0.0007324517112808,0.0035859859128556,0.0022887046119333,0.0194180858571015,0.0053087473689185,0.0052312596687609,13.18,-0.3170336478886665,0.0066988241679966
2013-07-26,3070.5,183580.0,12.72,0.0066988241679966,0.0006559527949204,0.0072440224582356,-0.0070799670071253,0.0022173868568807,-0.0022173868568808,-0.010364478466167,0.0027642294023899,-0.0007324517112808,0.0035859859128556,0.0022887046119333,0.005784987572051,0.0056315639964555,12.97,-0.1459409164922075,-0.0016297265667113
2013-07-29,3065.5,189950.0,13.39,-0.0016297265667113,0.0066988241679966,0.0006559527949204,0.0072440224582356,-0.0070799670071253,0.0022173868568807,-0.0022173868568808,-0.010364478466167,0.0027642294023899,-0.0007324517112808,0.0035859859128556,0.0059922034479475,0.0055317134083155,12.72,0.0346987689290771,0.0065030305583788
2013-07-30,3085.5,237290.0,13.39,0.0065030305583788,-0.0016297265667113,0.0066988241679966,0.0006559527949204,0.0072440224582356,-0.0070799670071253,0.0022173868568807,-0.0022173868568808,-0.010364478466167,0.0027642294023899,-0.0007324517112808,0.0040894141860377,0.005920327479745,13.39,0.2492234798631218,-0.0008105698749711
2013-07-31,3083.0,254200.0,13.45,-0.0008105698749711,0.0065030305583788,-0.0016297265667113,0.0066988241679966,0.0006559527949204,0.0072440224582356,-0.0070799670071253,0.0022173868568807,-0.0022173868568808,-0.010364478466167,0.0027642294023899,0.0040260106215691,0.0058747732309337,13.39,0.0712630115049095,0.0096034309463715
2013-08-01,3112.75,153830.0,12.94,0.0096034309463715,-0.0008105698749711,0.0065030305583788,-0.0016297265667113,0.0066988241679966,0.0006559527949204,0.0072440224582356,-0.0070799670071253,0.0022173868568807,-0.0022173868568808,-0.010364478466167,0.0049938965885082,0.0052777082065922,13.45,-0.3948465774980331,0.0074415226377765
2013-08-02,3136.0,162650.0,11.98,0.0074415226377765,0.0096034309463715,-0.0008105698749711,0.0065030305583788,-0.0016297265667113,0.0066988241679966,0.0006559527949204,0.0072440224582356,-0.0070799670071253,0.0022173868568807,-0.0022173868568808,0.0051014137193199,0.0052798678645408,12.94,0.0573360202821295,0.0
2013-08-05,3136.0,114590.0,11.84,0.0,0.0074415226377765,0.0096034309463715,-0.0008105698749711,0.0065030305583788,-0.0016297265667113,0.0066988241679966,0.0006559527949204,0.0072440224582356,-0.0070799670071253,0.0022173868568807,0.0046677235768842,0.0053661814673991,11.98,-0.2954810943744236,-0.0057563318525766
2013-08-06,3118.0,170130.0,12.72,-0.0057563318525766,0.0,0.0074415226377765,0.0096034309463715,-0.0008105698749711,0.0065030305583788,-0.0016297265667113,0.0066988241679966,0.0006559527949204,0.0072440224582356,-0.0070799670071253,0.0063134105459638,0.0051035841519793,11.84,0.4846845274456759,-0.0006416426270829
2013-08-07,3116.0,228790.0,12.98,-0.0006416426270829,-0.0057563318525766,0.0,0.0074415226377765,0.0096034309463715,-0.0008105698749711,0.0065030305583788,-0.0016297265667113,0.0066988241679966,0.0006559527949204,0.0072440224582356,0.0062943938142975,0.0049818781823088,12.72,0.3447951566449185,0.0035239504672024
2013-08-08,3127.0,215700.0,12.73,0.0035239504672024,-0.0006416426270829,-0.0057563318525766,0.0,0.0074415226377765,0.0096034309463715,-0.0008105698749711,0.0065030305583788,-0.0016297265667113,0.0066988241679966,0.0006559527949204,0.0049287203963925,0.0049652259932227,12.98,-0.0572140390751344,-0.0044068818565834
2013-08-09,3113.25,199820.0,13.41,-0.0044068818565834,0.0035239504672024,-0.0006416426270829,-0.0057563318525766,0.0,0.0074415226377765,0.0096034309463715,-0.0008105698749711,0.0065030305583788,-0.0016297265667113,0.0066988241679966,0.0037007964749597,0.0051582995736813,12.73,-0.0736207695873899,0.0034470353583186
2013-08-12,3124.0,171280.0,12.81,0.0034470353583186,-0.0044068818565834,0.0035239504672024,-0.0006416426270829,-0.0057563318525766,0.0,0.0074415226377765,0.0096034309463715,-0.0008105698749711,0.0065030305583788,-0.0016297265667113,0.0043106912552967,0.0050780806460665,13.41,-0.142828545691122,0.0041526972311016
2013-08-13,3137.0,239130.0,12.31,0.0041526972311016,0.0034470353583186,-0.0044068818565834,0.0035239504672024,-0.0006416426270829,-0.0057563318525766,0.0,0.0074415226377765,0.0096034309463715,-0.0008105698749711,0.0065030305583788,0.0036740977318064,0.0048918428064338,12.81,0.3961349836524988,-0.0043928028787395
2013-08-14,3123.25,234090.0,13.04,-0.0043928028787395,0.0041526972311016,0.0034470353583186,-0.0044068818565834,0.0035239504672024,-0.0006416426270829,-0.0057563318525766,0.0,0.0074415226377765,0.0096034309463715,-0.0008105698749711,0.0044492219864788,0.0052130933449607,12.31,-0.0210764019570944,-0.0168708848711162
2013-08-15,3071.0,307030.0,14.73,-0.0168708848711162,-0.0043928028787395,0.0041526972311016,0.0034470353583186,-0.0044068818565834,0.0035239504672024,-0.0006416426270829,-0.0057563318525766,0.0,0.0074415226377765,0.0096034309463715,0.0084728979416634,0.0069568396494077,13.04,0.3115895595711051,-0.0004071164002002
2013-08-16,3069.75,189040.0,14.37,-0.0004071164002002,-0.0168708848711162,-0.0043928028787395,0.0041526972311016,0.0034470353583186,-0.0044068818565834,0.0035239504672024,-0.0006416426270829,-0.0057563318525766,0.0,0.0074415226377765,0.00856763026325,0.0062628655716697,14.73,-0.3842946943295443,0.0002442897288317
2013-08-19,3070.5,210780.0,15.1,0.0002442897288317,-0.0004071164002002,-0.0168708848711162,-0.0043928028787395,0.0041526972311016,0.0034470353583186,-0.0044068818565834,0.0035239504672024,-0.0006416426270829,-0.0057563318525766,0.0,0.0080888323775823,0.006272588425478,14.37,0.1150021159542953,0.003413804827214
2013-08-20,3081.0,164000.0,14.91,0.003413804827214,0.0002442897288317,-0.0004071164002002,-0.0168708848711162,-0.0043928028787395,0.0041526972311016,0.0034470353583186,-0.0044068818565834,0.0035239504672024,-0.0006416426270829,-0.0057563318525766,0.0079200918036903,0.0063502400004505,15.1,-0.2219375652338931,-0.0060226437436855
2013-08-21,3062.5,295660.0,15.94,-0.0060226437436855,0.003413804827214,0.0002442897288317,-0.0004071164002002,-0.0168708848711162,-0.0043928028787395,0.0041526972311016,0.0034470353583186,-0.0044068818565834,0.0035239504672024,-0.0006416426270829,0.0079939433467552,0.0065238685915296,14.91,0.8028048780487804,0.0127348924699984
2013-08-22,3101.75,190510.0,14.76,0.0127348924699984,-0.0060226437436855,0.003413804827214,0.0002442897288317,-0.0004071164002002,-0.0168708848711162,-0.0043928028787395,0.0041526972311016,0.0034470353583186,-0.0044068818565834,0.0035239504672024,0.0069006526962662,0.0078614877198744,15.94,-0.3556449976324156,0.0062670942710021
2013-08-23,3121.25,194420.0,13.98,0.0062670942710021,0.0127348924699984,-0.0060226437436855,0.003413804827214,0.0002442897288317,-0.0004071164002002,-0.0168708848711162,-0.0043928028787395,0.0041526972311016,0.0034470353583186,-0.0044068818565834,0.0069656132122186,0.0080415412853811,14.76,0.0205238570153798,-8.009932320357396e-05
2013-08-26,3121.0,189290.0,14.99,-8.009932320357396e-05,0.0062670942710021,0.0127348924699984,-0.0060226437436855,0.003413804827214,0.0002442897288317,-0.0004071164002002,-0.0168708848711162,-0.0043928028787395,0.0041526972311016,0.0034470353583186,0.0070029201677939,0.0079630267496028,13.98,-0.0263861742619072,-0.0199019593681841
2013-08-27,3059.5,360120.0,16.77,-0.0199019593681841,-8.009932320357396e-05,0.0062670942710021,0.0127348924699984,-0.0060226437436855,0.003413804827214,0.0002442897288317,-0.0004071164002002,-0.0168708848711162,-0.0043928028787395,0.0041526972311016,0.0124901260168126,0.0099277747587632,14.99,0.9024776797506472,0.0028558625750223
2013-08-28,3068.25,188490.0,16.49,0.0028558625750223,-0.0199019593681841,-8.009932320357396e-05,0.0062670942710021,0.0127348924699984,-0.0060226437436855,0.003413804827214,0.0002442897288317,-0.0004071164002002,-0.0168708848711162,-0.0043928028787395,0.0122983798970881,0.0100383543006915,16.77,-0.476591136287904,0.0069018990234165
2013-08-29,3089.5,246340.0,16.81,0.0069018990234165,0.0028558625750223,-0.0199019593681841,-8.009932320357396e-05,0.0062670942710021,0.0127348924699984,-0.0060226437436855,0.003413804827214,0.0002442897288317,-0.0004071164002002,-0.0168708848711162,0.0110457134619963,0.0088058377757204,16.49,0.3069128335720728,-0.0051922881539701
2013-08-30,3073.5,253780.0,17.01,-0.0051922881539701,0.0069018990234165,0.0028558625750223,-0.0199019593681841,-8.009932320357396e-05,0.0062670942710021,0.0127348924699984,-0.0060226437436855,0.003413804827214,0.0002442897288317,-0.0004071164002002,0.0103840286005726,0.0089946731604326,16.81,0.0302021596167898,0.0042207854868863
2013-09-03,3086.5,314380.0,16.61,0.0042207854868863,-0.0051922881539701,0.0069018990234165,0.0028558625750223,-0.0199019593681841,-8.009932320357396e-05,0.0062670942710021,0.0127348924699984,-0.0060226437436855,0.003413804827214,0.0002442897288317,0.0108621277269881,0.0090880902856847,17.01,0.2387895027188904,0.0134359799112138
2013-09-04,3128.25,216740.0,15.88,0.0134359799112138,0.0042207854868863,-0.0051922881539701,0.0069018990234165,0.0028558625750223,-0.0199019593681841,-8.009932320357396e-05,0.0062670942710021,0.0127348924699984,-0.0060226437436855,0.003413804827214,0.006751426218147,0.0099540601004294,16.61,-0.3105795534067053,-7.992007996267279e-05
2013-09-05,3128.0,152930.0,15.77,-7.992007996267279e-05,0.0134359799112138,0.0042207854868863,-0.0051922881539701,0.0069018990234165,0.0028558625750223,-0.0199019593681841,-8.009932320357396e-05,0.0062670942710021,0.0127348924699984,-0.0060226437436855,0.0070453807822611,0.0096255636566564,15.88,-0.294408046507336,0.0004794246995544
2013-09-06,3129.5,281130.0,15.85,0.0004794246995544,-7.992007996267279e-05,0.0134359799112138,0.0042207854868863,-0.0051922881539701,0.0069018990234165,0.0028558625750223,-0.0199019593681841,-8.009932320357396e-05,0.0062670942710021,0.0127348924699984,0.0069361421546564,0.0088742238528814,15.77,0.8382920290328908,0.0112798082135204
2013-09-09,3165.0,196240.0,15.63,0.0112798082135204,0.0004794246995544,-7.992007996267279e-05,0.0134359799112138,0.0042207854868863,-0.0051922881539701,0.0069018990234165,0.0028558625750223,-0.0199019593681841,-8.009932320357396e-05,0.0062670942710021,0.0061985844694337,0.0093409616828696,15.85,-0.301959947355316,0.0055925473634782
2013-09-10,3182.75,230770.0,14.53,0.0055925473634782,0.0112798082135204,0.0004794246995544,-7.992007996267279e-05,0.0134359799112138,0.0042207854868863,-0.0051922881539701,0.0069018990234165,0.0028558625750223,-0.0199019593681841,-8.009932320357396e-05,0.0061375516691415,0.0094135970888685,15.63,0.1759580105992662,-0.0013362155652913
2013-09-11,3178.5,220770.0,13.82,-0.0013362155652913,0.0055925473634782,0.0112798082135204,0.0004794246995544,-7.992007996267279e-05,0.0134359799112138,0.0042207854868863,-0.0051922881539701,0.0069018990234165,0.0028558625750223,-0.0199019593681841,0.0052379245098177,0.0057351020844952,14.53,-0.0433331888893703,-0.000786844009437
2013-09-12,3176.0,227590.0,14.29,-0.000786844009437,-0.0013362155652913,0.0055925473634782,0.0112798082135204,0.0004794246995544,-7.992007996267279e-05,0.0134359799112138,0.0042207854868863,-0.0051922881539701,0.0069018990234165,0.0028558625750223,0.0053563587463494,0.0059156891143037,13.82,0.0308918784255107,0.0005508558077519
2013-09-13,3177.75,122090.0,14.16,0.0005508558077519,-0.000786844009437,-0.0013362155652913,0.0055925473634782,0.0112798082135204,0.0004794246995544,-7.992007996267279e-05,0.0134359799112138,0.0042207854868863,-0.0051922881539701,0.0069018990234165,0.0053478913582284,0.0058445942001209,14.29,-0.4635528801792697,-0.0031518424957606
2013-09-16,3167.75,128600.0,14.38,-0.0031518424957606,0.0005508558077519,-0.000786844009437,-0.0013362155652913,0.0055925473634782,0.0112798082135204,0.0004794246995544,-7.992007996267279e-05,0.0134359799112138,0.0042207854868863,-0.0051922881539701,0.0033078647172868,0.0055627527999307,14.16,0.053321320337456,0.0072344421837825
2013-09-17,3190.75,92800.0,14.53,0.0072344421837825,-0.0031518424957606,0.0005508558077519,-0.000786844009437,-0.0013362155652913,0.0055925473634782,0.0112798082135204,0.0004794246995544,-7.992007996267279e-05,0.0134359799112138,0.0042207854868863,0.0039912054866151,0.0057145684465972,14.38,-0.2783825816485226,0.0118390665472501
2013-09-18,3228.75,56730.0,13.59,0.0118390665472501,0.0072344421837825,-0.0031518424957606,0.0005508558077519,-0.000786844009437,-0.0013362155652913,0.0055925473634782,0.0112798082135204,0.0004794246995544,-7.992007996267279e-05,0.0134359799112138,0.0062078423804138,0.0054149883460676,14.53,-0.3886853448275862,0.0032467560988698
2013-09-19,3239.25,46230.0,13.16,0.0032467560988698,0.0118390665472501,0.0072344421837825,-0.0031518424957606,0.0005508558077519,-0.000786844009437,-0.0013362155652913,0.0055925473634782,0.0112798082135204,0.0004794246995544,-7.992007996267279e-05,0.0058204304552542,0.0052945304002068,13.59,-0.1850872554204125,0.0020724053787299
2013-09-20,3245.97,208460.0,13.12,0.0020724053787299,0.0032467560988698,0.0118390665472501,0.0072344421837825,-0.0031518424957606,0.0005508558077519,-0.000786844009437,-0.0013362155652913,0.0055925473634782,0.0112798082135204,0.0004794246995544,0.0056355234533394,0.005217123827769,13.16,3.509193164611724,-0.0114548647777932
2013-09-23,3209.0,237540.0,14.31,-0.0114548647777932,0.0020724053787299,0.0032467560988698,0.0118390665472501,0.0072344421837825,-0.0031518424957606,0.0005508558077519,-0.000786844009437,-0.0013362155652913,0.0055925473634782,0.0112798082135204,0.0087331767536837,0.006354422707384,13.12,0.1394991844958264,0.0013235238803844
2013-09-24,3213.25,178350.0,14.08,0.0013235238803844,-0.0114548647777932,0.0020724053787299,0.0032467560988698,0.0118390665472501,0.0072344421837825,-0.0031518424957606,0.0005508558077519,-0.000786844009437,-0.0013362155652913,0.0055925473634782,0.0083380153503198,0.006181053076009,14.31,-0.2491790856276837,-0.0041320762024232
2013-09-25,3200.0,250160.0,14.01,-0.0041320762024232,0.0013235238803844,-0.0114548647777932,0.0020724053787299,0.0032467560988698,0.0118390665472501,0.0072344421837825,-0.0031518424957606,0.0005508558077519,-0.000786844009437,-0.0013362155652913,0.0061007385572216,0.0063568741011734,14.08,0.4026352677319877,0.0080921698973361
2013-09-26,3226.0,208820.0,14.06,0.0080921698973361,-0.0041320762024232,0.0013235238803844,-0.0114548647777932,0.0020724053787299,0.0032467560988698,0.0118390665472501,0.0072344421837825,-0.0031518424957606,0.0005508558077519,-0.000786844009437,0.007356250286729,0.0067387568894143,14.01,-0.1652542372881356,-0.0009303768697163
2013-09-27,3223.0,193110.0,15.46,-0.0009303768697163,0.0080921698973361,-0.0041320762024232,0.0013235238803844,-0.0114548647777932,0.0020724053787299,0.0032467560988698,0.0118390665472501,0.0072344421837825,-0.0031518424957606,0.0005508558077519,0.007181606682292,0.0067796087550839,14.06,-0.0752322574466047,-0.0043532407055809
2013-09-30,3209.0,281670.0,16.6,-0.0043532407055809,-0.0009303768697163,0.0080921698973361,-0.0041320762024232,0.0013235238803844,-0.0114548647777932,0.0020724053787299,0.0032467560988698,0.0118390665472501,0.0072344421837825,-0.0031518424957606,0.0051020899789294,0.006879417565732,15.46,0.4585987261146496,0.0113100593636664
2013-10-01,3245.5,250340.0,15.54,0.0113100593636664,-0.0043532407055809,-0.0009303768697163,0.0080921698973361,-0.0041320762024232,0.0013235238803844,-0.0114548647777932,0.0020724053787299,0.0032467560988698,0.0118390665472501,0.0072344421837825,0.0072516349495874,0.0073734568218713,16.6,-0.1112294529058828,-0.00246799446573
2013-10-02,3237.5,241340.0,16.6,-0.00246799446573,0.0113100593636664,-0.0043532407055809,-0.0009303768697163,0.0080921698973361,-0.0041320762024232,0.0013235238803844,-0.0114548647777932,0.0020724053787299,0.0032467560988698,0.0118390665472501,0.0069310998870858,0.0065273059364487,15.54,-0.0359511064951665,-0.0109477392965477
2013-10-03,3202.25,361790.0,17.67,-0.0109477392965477,-0.00246799446573,0.0113100593636664,-0.0043532407055809,-0.0009303768697163,0.0080921698973361,-0.0041320762024232,0.0013235238803844,-0.0114548647777932,0.0020724053787299,0.0032467560988698,0.0081048968806365,0.0073052324712121,16.6,0.4990884229717411,0.0100206687727945
2013-10-04,3234.5,201540.0,16.74,0.0100206687727945,-0.0109477392965477,-0.00246799446573,0.0113100593636664,-0.0043532407055809,-0.0009303768697163,0.0080921698973361,-0.0041320762024232,0.0013235238803844,-0.0114548647777932,0.0020724053787299,0.0096266391416389,0.0080853872668484,17.67,-0.442936510130186,-0.0091622661292697
2013-10-07,3205.0,239190.0,19.41,-0.0091622661292697,0.0100206687727945,-0.0109477392965477,-0.00246799446573,0.0113100593636664,-0.0043532407055809,-0.0009303768697163,0.0080921698973361,-0.0041320762024232,0.0013235238803844,-0.0114548647777932,0.0104631642096109,0.0077616727750645,16.74,0.1868115510568622,-0.0170715706371693
2013-10-08,3150.75,418010.0,20.34,-0.0170715706371693,-0.0091622661292697,0.0100206687727945,-0.0109477392965477,-0.00246799446573,0.0113100593636664,-0.0043532407055809,-0.0009303768697163,0.0080921698973361,-0.0041320762024232,0.0013235238803844,0.0103219314548334,0.0093894278630972,19.41,0.7476065052886827,-0.0058091119473777
2013-10-09,3132.5,441570.0,19.6,-0.0058091119473777,-0.0170715706371693,-0.0091622661292697,0.0100206687727945,-0.0109477392965477,-0.00246799446573,0.0113100593636664,-0.0043532407055809,-0.0009303768697163,0.0080921698973361,-0.0041320762024232,0.0101488150898847,0.0094472482371051,20.34,0.056362287983541,0.0192860862314204
2013-10-10,3193.5,342190.0,16.48,0.0192860862314204,-0.0058091119473777,-0.0170715706371693,-0.0091622661292697,0.0100206687727945,-0.0109477392965477,-0.00246799446573,0.0113100593636664,-0.0043532407055809,-0.0009303768697163,0.0080921698973361,0.0148324054003148,0.0112789063002377,19.6,-0.2250605792966007,0.0099704829706525
2013-10-11,3225.5,230010.0,15.72,0.0099704829706525,0.0192860862314204,-0.0058091119473777,-0.0170715706371693,-0.0091622661292697,0.0100206687727945,-0.0109477392965477,-0.00246799446573,0.0113100593636664,-0.0043532407055809,-0.0009303768697163,0.0148234805030546,0.0118023580555311,16.48,-0.3278295683684502,0.0070284127905494
2013-10-14,3248.25,233830.0,16.07,0.0070284127905494,0.0099704829706525,0.0192860862314204,-0.0058091119473777,-0.0170715706371693,-0.0091622661292697,0.0100206687727945,-0.0109477392965477,-0.00246799446573,0.0113100593636664,-0.0043532407055809,0.0142303504547585,0.0118761646031266,15.72,0.0166079735663666,-0.0023116052826935
2013-10-15,3240.75,329010.0,18.66,-0.0023116052826935,0.0070284127905494,0.0099704829706525,0.0192860862314204,-0.0058091119473777,-0.0170715706371693,-0.0091622661292697,0.0100206687727945,-0.0109477392965477,-0.00246799446573,0.0113100593636664,0.0100150683700281,0.0113596775349462,16.07,0.4070478552794765,0.0071486526038453
2013-10-16,3264.0,228470.0,14.71,0.0071486526038453,-0.0023116052826935,0.0070284127905494,0.0099704829706525,0.0192860862314204,-0.0058091119473777,-0.0170715706371693,-0.0091622661292697,0.0100206687727945,-0.0109477392965477,-0.00246799446573,0.0077298889578874,0.0115468210631192,18.66,-0.3055834169174189,0.0112720157691952
2013-10-17,3301.0,209750.0,13.48,0.0112720157691952,0.0071486526038453,-0.0023116052826935,0.0070284127905494,0.0099704829706525,0.0192860862314204,-0.0058091119473777,-0.0170715706371693,-0.0091622661292697,0.0100206687727945,-0.0109477392965477,0.0053171143887848,0.0111632738567816,14.71,-0.0819363592594213,0.0123439773021459
2013-10-18,3342.0,235870.0,13.04,0.0123439773021459,0.0112720157691952,0.0071486526038453,-0.0023116052826935,0.0070284127905494,0.0099704829706525,0.0192860862314204,-0.0058091119473777,-0.0170715706371693,-0.0091622661292697,0.0100206687727945,0.0057769098687923,0.0113474213876593,13.48,0.1245292014302741,0.0035842332278151
2013-10-21,3354.0,175100.0,13.16,0.0035842332278151,0.0123439773021459,0.0112720157691952,0.0071486526038453,-0.0023116052826935,0.0070284127905494,0.0099704829706525,0.0192860862314204,-0.0058091119473777,-0.0170715706371693,-0.0091622661292697,0.0059884934624078,0.0104784354475569,13.04,-0.2576419213973799,0.0007451009956521
2013-10-22,3356.5,330950.0,13.33,0.0007451009956521,0.0035842332278151,0.0123439773021459,0.0112720157691952,0.0071486526038453,-0.0023116052826935,0.0070284127905494,0.0099704829706525,0.0192860862314204,-0.0058091119473777,-0.0170715706371693,0.0049401358151123,0.0074805543503667,13.16,0.8900628212450028,-0.0049279574080601
2013-10-23,3340.0,244370.0,13.42,-0.0049279574080601,0.0007451009956521,0.0035842332278151,0.0123439773021459,0.0112720157691952,0.0071486526038453,-0.0023116052826935,0.0070284127905494,0.0099704829706525,0.0192860862314204,-0.0058091119473777,0.0072656541236312,0.0073253101707473,13.33,-0.2616105151835625,0.0092386292633147
2013-10-24,3371.0,191460.0,13.2,0.0092386292633147,-0.0049279574080601,0.0007451009956521,0.0035842332278151,0.0123439773021459,0.0112720157691952,0.0071486526038453,-0.0023116052826935,0.0070284127905494,0.0099704829706525,0.0192860862314204,0.0068437417056738,0.0059173295586492,13.42,-0.2165159389450424,0.0008154490981536
2013-10-25,3373.75,223020.0,13.09,0.0008154490981536,0.0092386292633147,-0.0049279574080601,0.0007451009956521,0.0035842332278151,0.0123439773021459,0.0112720157691952,0.0071486526038453,-0.0023116052826935,0.0070284127905494,0.0099704829706525,0.0051435097189815,0.0058409357761247,13.2,0.16483860858665,0.0028119006244006
2013-10-28,3383.25,196910.0,13.31,0.0028119006244006,0.0008154490981536,0.0092386292633147,-0.0049279574080601,0.0007451009956521,0.0035842332278151,0.0123439773021459,0.0112720157691952,0.0071486526038453,-0.0023116052826935,0.0070284127905494,0.0050912824809273,0.0057895929823499,13.09,-0.1170747018204645,0.0002216557694989
2013-10-29,3384.0,208680.0,13.41,0.0002216557694989,0.0028119006244006,0.0008154490981536,0.0092386292633147,-0.0049279574080601,0.0007451009956521,0.0035842332278151,0.0123439773021459,0.0112720157691952,0.0071486526038453,-0.0023116052826935,0.0051220562675437,0.0055287860282072,13.31,0.0597735005840232,0.0024349762999482
2013-10-30,3392.25,287570.0,13.65,0.0024349762999482,0.0002216557694989,0.0028119006244006,0.0008154490981536,0.0092386292633147,-0.0049279574080601,0.0007451009956521,0.0035842332278151,0.0123439773021459,0.0112720157691952,0.0071486526038453,0.0035955515253122,0.0054618680509692,13.41,0.3780429365535749,-0.0068774536195093
2013-10-31,3369.0,252510.0,13.75,-0.0068774536195093,0.0024349762999482,0.0002216557694989,0.0028119006244006,0.0008154490981536,0.0092386292633147,-0.0049279574080601,0.0007451009956521,0.0035842332278151,0.0123439773021459,0.0112720157691952,0.0039299780451405,0.0057318289615871,13.65,-0.1219181416698542,-0.0002968680443354
2013-11-01,3368.0,230310.0,13.28,-0.0002968680443354,-0.0068774536195093,0.0024349762999482,0.0002216557694989,0.0028119006244006,0.0008154490981536,0.0092386292633147,-0.0049279574080601,0.0007451009956521,0.0035842332278151,0.0123439773021459,0.0038952080080911,0.004459330887935,13.75,-0.0879173102055363,0.0028166944721366
2013-11-04,3377.5,142510.0,12.93,0.0028166944721366,-0.0002968680443354,-0.0068774536195093,0.0024349762999482,0.0002216557694989,0.0028119006244006,0.0008154490981536,0.0092386292633147,-0.0049279574080601,0.0007451009956521,0.0035842332278151,0.0038961785974815,0.0044119591250264,13.28,-0.3812253050236638,0.0006659514101607
2013-11-05,3379.75,224570.0,13.27,0.0006659514101607,0.0028166944721366,-0.0002968680443354,-0.0068774536195093,0.0024349762999482,0.0002216557694989,0.0028119006244006,0.0008154490981536,0.0092386292633147,-0.0049279574080601,0.0007451009956521,0.0039172059180689,0.0044119366585075,12.93,0.5758192407550347,-0.0011101655286669
2013-11-06,3376.0,218080.0,12.67,-0.0011101655286669,0.0006659514101607,0.0028166944721366,-0.0002968680443354,-0.0068774536195093,0.0024349762999482,0.0002216557694989,0.0028119006244006,0.0008154490981536,0.0092386292633147,-0.0049279574080601,0.0036188979490191,0.0040194801894748,13.27,-0.0288996749343188,-0.0168774075566336
2013-11-07,3319.5,404480.0,13.91,-0.0168774075566336,-0.0011101655286669,0.0006659514101607,0.0028166944721366,-0.0002968680443354,-0.0068774536195093,0.0024349762999482,0.0002216557694989,0.0028119006244006,0.0008154490981536,0.0092386292633147,0.0079171667042374,0.0060799549493225,12.67,0.8547322083639031,0.0122756032508065
2013-11-08,3360.5,289370.0,12.9,0.0122756032508065,-0.0168774075566336,-0.0011101655286669,0.0006659514101607,0.0028166944721366,-0.0002968680443354,-0.0068774536195093,0.0024349762999482,0.0002216557694989,0.0028119006244006,0.0008154490981536,0.0105374696972075,0.0074897786725288,13.91,-0.2845876186708861,-0.0018615739394394
2013-11-11,3354.25,164940.0,12.53,-0.0018615739394394,0.0122756032508065,-0.0168774075566336,-0.0011101655286669,0.0006659514101607,0.0028166944721366,-0.0002968680443354,-0.0068774536195093,0.0024349762999482,0.0002216557694989,0.0028119006244006,0.0103819045803847,0.0074129576268875,12.9,-0.430003110204928,0.0030511651577916
2013-11-12,3364.5,196200.0,12.82,0.0030511651577916,-0.0018615739394394,0.0122756032508065,-0.0168774075566336,-0.0011101655286669,0.0006659514101607,0.0028166944721366,-0.0002968680443354,-0.0068774536195093,0.0024349762999482,0.0002216557694989,0.0105528962042127,0.0075122044998399,12.53,0.1895234630774827,0.0110841303274343
2013-11-13,3402.0,269390.0,12.52,0.0110841303274343,0.0030511651577916,-0.0018615739394394,0.0122756032508065,-0.0168774075566336,-0.0011101655286669,0.0006659514101607,0.0028166944721366,-0.0002968680443354,-0.0068774536195093,0.0024349762999482,0.0118258051485326,0.0083489442069887,12.82,0.3730377166156982,0.0024954141389669
2013-11-14,3410.5,225750.0,12.37,0.0024954141389669,0.0110841303274343,0.0030511651577916,-0.0018615739394394,0.0122756032508065,-0.0168774075566336,-0.0011101655286669,0.0006659514101607,0.0028166944721366,-0.0002968680443354,-0.0068774536195093,0.0060470438551685,0.0079729146653467,12.52,-0.1619956197334718,0.0017577271260589
2013-11-15,3416.5,156490.0,12.19,0.0017577271260589,0.0024954141389669,0.0110841303274343,0.0030511651577916,-0.0018615739394394,0.0122756032508065,-0.0168774075566336,-0.0011101655286669,0.0006659514101607,0.0028166944721366,-0.0002968680443354,0.0047519014343953,0.0079558140419861,12.37,-0.3067995570321151,-0.009558193494719
2013-11-18,3384.0,223480.0,13.1,-0.009558193494719,0.0017577271260589,0.0024954141389669,0.0110841303274343,0.0030511651577916,-0.0018615739394394,0.0122756032508065,-0.0168774075566336,-0.0011101655286669,0.0006659514101607,0.0028166944721366,0.0073696789957641,0.0086483935044178,12.19,0.4280784714678254,-0.0025149802441887
2013-11-19,3375.5,258680.0,13.39,-0.0025149802441887,-0.009558193494719,0.0017577271260589,0.0024954141389669,0.0110841303274343,0.0030511651577916,-0.0018615739394394,0.0122756032508065,-0.0168774075566336,-0.0011101655286669,0.0006659514101607,0.0075453290690637,0.0086874453335494,13.1,0.1575085018793627,-0.0026698324965895
2013-11-20,3366.5,290180.0,13.4,-0.0026698324965895,-0.0025149802441887,-0.009558193494719,0.0017577271260589,0.0024954141389669,0.0110841303274343,0.0030511651577916,-0.0018615739394394,0.0122756032508065,-0.0168774075566336,-0.0011101655286669,0.0047989956508079,0.0087210163779232,13.39,0.1217720736044534,0.0100488506303577
2013-11-21,3400.5,204620.0,12.66,0.0100488506303577,-0.0026698324965895,-0.0025149802441887,-0.009558193494719,0.0017577271260589,0.0024954141389669,0.0110841303274343,0.0030511651577916,-0.0018615739394394,0.0122756032508065,-0.0168774075566336,0.007196469191023,0.0070183147135759,13.4,-0.294851471500448,0.0057180714409573
2013-11-22,3420.0,163840.0,12.26,0.0057180714409573,0.0100488506303577,-0.0026698324965895,-0.0025149802441887,-0.009558193494719,0.0017577271260589,0.0024954141389669,0.0110841303274343,0.0030511651577916,-0.0018615739394394,0.0122756032508065,0.0077181321143519,0.0062595230453565,12.66,-0.1992962564754178,0.0026281224062694
2013-11-25,3429.0,177970.0,12.79,0.0026281224062694,0.0057180714409573,0.0100488506303577,-0.0026698324965895,-0.0025149802441887,-0.009558193494719,0.0017577271260589,0.0024954141389669,0.0110841303274343,0.0030511651577916,-0.0018615739394394,0.0054574227905201,0.0061309864891384,12.26,0.08624267578125,0.0053081382589302
2013-11-26,3447.25,188920.0,12.81,0.0053081382589302,0.0026281224062694,0.0057180714409573,0.0100488506303577,-0.0026698324965895,-0.0025149802441887,-0.009558193494719,0.0017577271260589,0.0024954141389669,0.0110841303274343,0.0030511651577916,0.004674578597322,0.006206710851338,12.79,0.0615272236893857,0.0061454121035053
2013-11-27,3468.5,146380.0,12.98,0.0061454121035053,0.0053081382589302,0.0026281224062694,0.0057180714409573,0.0100488506303577,-0.0026698324965895,-0.0025149802441887,-0.009558193494719,0.0017577271260589,0.0024954141389669,0.0110841303274343,0.0026616473418997,0.0056092982062991,12.81,-0.2251746771120051,0.005462923304265
2013-11-29,3487.5,97740.0,13.7,0.005462923304265,0.0061454121035053,0.0053081382589302,0.0026281224062694,0.0057180714409573,0.0100488506303577,-0.0026698324965895,-0.0025149802441887,-0.009558193494719,0.0017577271260589,0.0024954141389669,0.0013918375559395,0.0057196000625544,12.98,-0.3322858313977319,-0.0012911557636199
2013-12-02,3483.0,231120.0,14.23,-0.0012911557636199,0.005462923304265,0.0061454121035053,0.0053081382589302,0.0026281224062694,0.0057180714409573,0.0100488506303577,-0.0026698324965895,-0.0025149802441887,-0.009558193494719,0.0017577271260589,0.0030709300988861,0.0058279627790482,13.7,1.3646408839779007,-0.0020837083163485
2013-12-03,3475.75,224700.0,14.55,-0.0020837083163485,-0.0012911557636199,0.005462923304265,0.0061454121035053,0.0053081382589302,0.0026281224062694,0.0057180714409573,0.0100488506303577,-0.0026698324965895,-0.0025149802441887,-0.009558193494719,0.0040348431890152,0.0045248041507728,14.23,-0.0277777777777777,0.001940143604308
2013-12-04,3482.5,281580.0,14.7,0.001940143604308,-0.0020837083163485,-0.0012911557636199,0.005462923304265,0.0061454121035053,0.0053081382589302,0.0026281224062694,0.0057180714409573,0.0100488506303577,-0.0026698324965895,-0.0025149802441887,0.003764379548867,0.0041617616315083,14.55,0.2531375166889185,-0.0010773928138602
2013-12-05,3478.75,250040.0,15.08,-0.0010773928138602,0.001940143604308,-0.0020837083163485,-0.0012911557636199,0.005462923304265,0.0061454121035053,0.0053081382589302,0.0026281224062694,0.0057180714409573,0.0100488506303577,-0.0026698324965895,0.003123937063783,0.0039401421330137,14.7,-0.1120107962213224,0.0072321392161816
2013-12-06,3504.0,254910.0,13.79,0.0072321392161816,-0.0010773928138602,0.001940143604308,-0.0020837083163485,-0.0012911557636199,0.005462923304265,0.0061454121035053,0.0053081382589302,0.0026281224062694,0.0057180714409573,0.0100488506303577,0.0038334698618487,0.0034758024524096,15.08,0.0194768836986081,0.0041295893503215
2013-12-09,3518.5,190610.0,13.49,0.0041295893503215,0.0072321392161816,-0.0010773928138602,0.001940143604308,-0.0020837083163485,-0.0012911557636199,0.005462923304265,0.0061454121035053,0.0053081382589302,0.0026281224062694,0.0057180714409573,0.003809759546653,0.003372454730256,13.79,-0.2522458907065239,-0.0007107826015359
2013-12-10,3516.0,181860.0,13.91,-0.0007107826015359,0.0041295893503215,0.0072321392161816,-0.0010773928138602,0.001940143604308,-0.0020837083163485,-0.0012911557636199,0.005462923304265,0.0061454121035053,0.0053081382589302,0.0026281224062694,0.0034739907756331,0.0035559891407414,13.49,-0.0459052515607785,-0.0130253040254291
2013-12-11,3470.5,302900.0,15.42,-0.0130253040254291,-0.0007107826015359,0.0041295893503215,0.0072321392161816,-0.0010773928138602,0.001940143604308,-0.0020837083163485,-0.0012911557636199,0.005462923304265,0.0061454121035053,0.0053081382589302,0.0077184674832785,0.0059024122568595,13.91,0.6655669196084901,-0.0031746058407726
2013-12-12,3459.5,300260.0,15.54,-0.0031746058407726,-0.0130253040254291,-0.0007107826015359,0.0041295893503215,0.0072321392161816,-0.0010773928138602,0.001940143604308,-0.0020837083163485,-0.0012911557636199,0.005462923304265,0.0061454121035053,0.0078012983674972,0.0056735406508442,15.42,-0.0087157477715417,-0.0005782853999524
2013-12-13,3457.5,152850.0,15.76,-0.0005782853999524,-0.0031746058407726,-0.0130253040254291,-0.0007107826015359,0.0041295893503215,0.0072321392161816,-0.0010773928138602,0.001940143604308,-0.0020837083163485,-0.0012911557636199,0.005462923304265,0.0063626871092382,0.0053062189550561,15.54,-0.490941184306934,0.0049047992154688
2013-12-16,3474.5,130790.0,16.03,0.0049047992154688,-0.0005782853999524,-0.0031746058407726,-0.0130253040254291,-0.0007107826015359,0.0041295893503215,0.0072321392161816,-0.0010773928138602,0.001940143604308,-0.0020837083163485,-0.0012911557636199,0.0065757326204659,0.0056041695097968,15.76,-0.1443245011449133,-0.0026658036609195
2013-12-17,3465.25,87630.0,16.21,-0.0026658036609195,0.0049047992154688,-0.0005782853999524,-0.0031746058407726,-0.0130253040254291,-0.0007107826015359,0.0041295893503215,0.0072321392161816,-0.0010773928138602,0.001940143604308,-0.0020837083163485,0.0064991726407055,0.0056283683161842,16.03,-0.3299946479088615,0.0136144263929872
2013-12-18,3512.75,66670.0,13.8,0.0136144263929872,-0.0026658036609195,0.0049047992154688,-0.0005782853999524,-0.0031746058407726,-0.0130253040254291,-0.0007107826015359,0.0041295893503215,0.0072321392161816,-0.0010773928138602,0.001940143604308,0.0070292982950554,0.0071502171333236,16.21,-0.2391874928677393,-0.0044937484230737
2013-12-19,3497.0,56690.0,14.15,-0.0044937484230737,0.0136144263929872,-0.0026658036609195,0.0049047992154688,-0.0005782853999524,-0.0031746058407726,-0.0130253040254291,-0.0007107826015359,0.0041295893503215,0.0072321392161816,-0.0010773928138602,0.0073108941557807,0.0073326193442683,13.8,-0.1496925153742313,0.0019940072140597
2013-12-20,3503.98,173620.0,13.79,0.0019940072140597,-0.0044937484230737,0.0136144263929872,-0.0026658036609195,0.0049047992154688,-0.0005782853999524,-0.0031746058407726,-0.0130253040254291,-0.0007107826015359,0.0041295893503215,0.0072321392161816,0.0071592920795116,0.0069786643757662,14.15,2.0626212735932263,0.0171944598847928
2013-12-23,3564.75,131150.0,13.04,0.0171944598847928,0.0019940072140597,-0.0044937484230737,0.0136144263929872,-0.0026658036609195,0.0049047992154688,-0.0005782853999524,-0.0031746058407726,-0.0130253040254291,-0.0007107826015359,0.0041295893503215,0.0097565646342106,0.0088182738347633,13.79,-0.2446146757286027,0.0014016401481761
2013-12-24,3569.75,47470.0,12.48,0.0014016401481761,0.0171944598847928,0.0019940072140597,-0.0044937484230737,0.0136144263929872,-0.0026658036609195,0.0049047992154688,-0.0005782853999524,-0.0031746058407726,-0.0130253040254291,-0.0007107826015359,0.0090910717171154,0.0087898517022971,13.04,-0.6380480365993138,0.003355942463077
2013-12-26,3581.75,54010.0,12.33,0.003355942463077,0.0014016401481761,0.0171944598847928,0.0019940072140597,-0.0044937484230737,0.0136144263929872,-0.0026658036609195,0.0049047992154688,-0.0005782853999524,-0.0031746058407726,-0.0130253040254291,0.008021343874899,0.0071524418626509,12.48,0.1377712239309036,-0.003215886440439
2013-12-27,3570.25,94800.0,12.46,-0.003215886440439,0.003355942463077,0.0014016401481761,0.0171944598847928,0.0019940072140597,-0.0044937484230737,0.0136144263929872,-0.0026658036609195,0.0049047992154688,-0.0005782853999524,-0.0031746058407726,0.0077014033166094,0.007156511862146,12.33,0.7552305128679875,-0.0012612109295109
2013-12-30,3565.75,90200.0,13.56,-0.0012612109295109,-0.003215886440439,0.003355942463077,0.0014016401481761,0.0171944598847928,0.0019940072140597,-0.0044937484230737,0.0136144263929872,-0.0026658036609195,0.0049047992154688,-0.0005782853999524,0.0080581361496428,0.0071991864290269,12.46,-0.0485232067510548,0.0050353277940479
2013-12-31,3583.75,71640.0,13.72,0.0050353277940479,-0.0012612109295109,-0.003215886440439,0.003355942463077,0.0014016401481761,0.0171944598847928,0.0019940072140597,-0.0044937484230737,0.0136144263929872,-0.0026658036609195,0.0049047992154688,0.003348972822939,0.0072029741595994,13.56,-0.2057649667405765,-0.0068598897037244
2014-01-02,3559.25,196560.0,14.23,-0.0068598897037244,0.0050353277940479,-0.0012612109295109,-0.003215886440439,0.003355942463077,0.0014016401481761,0.0171944598847928,0.0019940072140597,-0.0044937484230737,0.0136144263929872,-0.0026658036609195,0.004844380549929,0.0076819206511812,13.72,1.7437185929648242,-0.0078271386448782
2014-01-03,3531.5,195450.0,13.76,-0.0078271386448782,-0.0068598897037244,0.0050353277940479,-0.0012612109295109,-0.003215886440439,0.003355942463077,0.0014016401481761,0.0171944598847928,0.0019940072140597,-0.0044937484230737,0.0136144263929872,0.005140153318607,0.0072711114633961,14.23,-0.0056471306471306,-0.0039011291806118
2014-01-06,3517.75,246010.0,13.55,-0.0039011291806118,-0.0078271386448782,-0.0068598897037244,0.0050353277940479,-0.0012612109295109,-0.003215886440439,0.003355942463077,0.0014016401481761,0.0171944598847928,0.0019940072140597,-0.0044937484230737,0.0051622430647085,0.007227882042245,13.76,0.2586850856996674,0.0087738481188157
2014-01-07,3548.75,191720.0,12.92,0.0087738481188157,-0.0039011291806118,-0.0078271386448782,-0.0068598897037244,0.0050353277940479,-0.0012612109295109,-0.003215886440439,0.003355942463077,0.0014016401481761,0.0171944598847928,0.0019940072140597,0.0074382154907093,0.0076780072437481,13.55,-0.2206820860940612,0.0044984963750476
2014-01-08,3564.75,208160.0,12.87,0.0044984963750476,0.0087738481188157,-0.0039011291806118,-0.0078271386448782,-0.0068598897037244,0.0050353277940479,-0.0012612109295109,-0.003215886440439,0.003355942463077,0.0014016401481761,0.0171944598847928,0.0073332513559852,0.0054901115650078,12.92,0.085750052159399,-0.0047803254475816
2014-01-09,3547.75,214720.0,12.89,-0.0047803254475816,0.0044984963750476,0.0087738481188157,-0.0039011291806118,-0.0078271386448782,-0.0068598897037244,0.0050353277940479,-0.0012612109295109,-0.003215886440439,0.003355942463077,0.0014016401481761,0.0069723855109092,0.0056601646166009,12.87,0.0315142198308993,0.0038682047037616
2014-01-10,3561.5,263420.0,12.14,0.0038682047037616,-0.0047803254475816,0.0044984963750476,0.0087738481188157,-0.0039011291806118,-0.0078271386448782,-0.0068598897037244,0.0050353277940479,-0.0012612109295109,-0.003215886440439,0.003355942463077,0.0058296430456819,0.0057022894568485,12.89,0.2268070044709389,-0.0147082272479323
2014-01-13,3509.5,333010.0,13.28,-0.0147082272479323,0.0038682047037616,-0.0047803254475816,0.0044984963750476,0.0087738481188157,-0.0039011291806118,-0.0078271386448782,-0.0068598897037244,0.0050353277940479,-0.0012612109295109,-0.003215886440439,0.0093576268914048,0.0072448905079975,12.14,0.2641788778376737,0.0181418874660454
2014-01-14,3573.75,293430.0,12.28,0.0181418874660454,-0.0147082272479323,0.0038682047037616,-0.0047803254475816,0.0044984963750476,0.0087738481188157,-0.0039011291806118,-0.0078271386448782,-0.0068598897037244,0.0050353277940479,-0.0012612109295109,0.0121825165461984,0.0095967860224953,13.28,-0.118855289630942,0.0068321515062585
2014-01-15,3598.25,234220.0,12.28,0.0068321515062585,0.0181418874660454,-0.0147082272479323,0.0038682047037616,-0.0047803254475816,0.0044984963750476,0.0087738481188157,-0.0039011291806118,-0.0078271386448782,-0.0068598897037244,0.0050353277940479,0.0123739094048225,0.009712994002552,12.28,-0.2017857751422827,-0.000834086376291
2014-01-16,3595.25,162060.0,12.53,-0.000834086376291,0.0068321515062585,0.0181418874660454,-0.0147082272479323,0.0038682047037616,-0.0047803254475816,0.0044984963750476,0.0087738481188157,-0.0039011291806118,-0.0078271386448782,-0.0068598897037244,0.0119626439766517,0.0093939730296296,12.28,-0.3080864144821108,-0.0029247931713404
2014-01-17,3584.75,256190.0,12.44,-0.0029247931713404,-0.000834086376291,0.0068321515062585,0.0181418874660454,-0.0147082272479323,0.0038682047037616,-0.0047803254475816,0.0044984963750476,0.0087738481188157,-0.0039011291806118,-0.0078271386448782,0.0121749784981293,0.0090014841472618,12.53,0.5808342589164508,0.006880521984067
2014-01-21,3609.5,210490.0,12.87,0.006880521984067,-0.0029247931713404,-0.000834086376291,0.0068321515062585,0.0181418874660454,-0.0147082272479323,0.0038682047037616,-0.0047803254475816,0.0044984963750476,0.0087738481188157,-0.0039011291806118,0.0082843921053737,0.0089285256307254,12.44,-0.178383231195597,0.0030428792496597
2014-01-22,3620.5,184590.0,12.84,0.0030428792496597,0.006880521984067,-0.0029247931713404,-0.000834086376291,0.0068321515062585,0.0181418874660454,-0.0147082272479323,0.0038682047037616,-0.0047803254475816,0.0044984963750476,0.0087738481188157,0.0044369585154185,0.0086664952576431,12.87,-0.1230462254738942,-0.0018661234983196
2014-01-23,3613.75,286470.0,13.77,-0.0018661234983196,0.0030428792496597,0.006880521984067,-0.0029247931713404,-0.000834086376291,0.0068321515062585,0.0181418874660454,-0.0147082272479323,0.0038682047037616,-0.0047803254475816,0.0044984963750476,0.0040508635991084,0.0086964112518479,12.84,0.5519258898098489,-0.0228109526846386
2014-01-24,3532.25,379830.0,18.14,-0.0228109526846386,-0.0018661234983196,0.0030428792496597,0.006880521984067,-0.0029247931713404,-0.000834086376291,0.0068321515062585,0.0181418874660454,-0.0147082272479323,0.0038682047037616,-0.0047803254475816,0.0114724827769553,0.0115222343668978,13.77,0.325897999790554,-0.0083153174484303
2014-01-27,3503.0,444260.0,17.42,-0.0083153174484303,-0.0228109526846386,-0.0018661234983196,0.0030428792496597,0.006880521984067,-0.0029247931713404,-0.000834086376291,0.0068321515062585,0.0181418874660454,-0.0147082272479323,0.0038682047037616,0.0116525908965832,0.0116596428169765,18.14,0.16962851802122,-0.0005711022428211
2014-01-28,3501.0,298020.0,15.8,-0.0005711022428211,-0.0083153174484303,-0.0228109526846386,-0.0018661234983196,0.0030428792496597,0.006880521984067,-0.0029247931713404,-0.000834086376291,0.0068321515062585,0.0181418874660454,-0.0147082272479323,0.0102011046905616,0.0107204985236811,17.42,-0.3291766082924413,-0.0080298682105917
2014-01-29,3473.0,396700.0,17.35,-0.0080298682105917,-0.0005711022428211,-0.0083153174484303,-0.0228109526846386,-0.0018661234983196,0.0030428792496597,0.006880521984067,-0.0029247931713404,-0.000834086376291,0.0068321515062585,0.0181418874660454,0.0088285026707963,0.0087465768421158,15.8,0.3311187168646399,0.008315460101723
2014-01-30,3502.0,315350.0,17.29,0.008315460101723,-0.0080298682105917,-0.0005711022428211,-0.0083153174484303,-0.0228109526846386,-0.0018661234983196,0.0030428792496597,0.006880521984067,-0.0029247931713404,-0.000834086376291,0.0068321515062585,0.0114683901873697,0.0089396467966257,17.35,-0.2050668011091505,0.0034207559012453
2014-01-31,3514.0,326850.0,18.41,0.0034207559012453,0.008315460101723,-0.0080298682105917,-0.0005711022428211,-0.0083153174484303,-0.0228109526846386,-0.0018661234983196,0.0030428792496597,0.006880521984067,-0.0029247931713404,-0.000834086376291,0.0072358700959724,0.0091379775252316,17.29,0.0364674171555414,-0.0241947285870568
2014-02-03,3430.0,438270.0,21.44,-0.0241947285870568,0.0034207559012453,0.008315460101723,-0.0080298682105917,-0.0005711022428211,-0.0083153174484303,-0.0228109526846386,-0.0018661234983196,0.0030428792496597,0.006880521984067,-0.0029247931713404,0.0126721931323121,0.0114788366925585,18.41,0.3408903166590178,0.0063935120433329
2014-02-04,3452.0,324400.0,19.11,0.0063935120433329,-0.0241947285870568,0.0034207559012453,0.008315460101723,-0.0080298682105917,-0.0005711022428211,-0.0083153174484303,-0.0228109526846386,-0.0018661234983196,0.0030428792496597,0.006880521984067,0.0135264190914001,0.0114265126433384,21.44,-0.2598170077805919,-0.0018847414060559
2014-02-05,3445.5,356870.0,19.95,-0.0018847414060559,0.0063935120433329,-0.0241947285870568,0.0034207559012453,0.008315460101723,-0.0080298682105917,-0.0005711022428211,-0.0083153174484303,-0.0228109526846386,-0.0018661234983196,0.0030428792496597,0.0132100615635618,0.0111703082357838,19.11,0.1000924784217016,0.012044428175082
2014-02-06,3487.25,267810.0,17.23,0.012044428175082,-0.0018847414060559,0.0063935120433329,-0.0241947285870568,0.0034207559012453,0.008315460101723,-0.0080298682105917,-0.0005711022428211,-0.0083153174484303,-0.0228109526846386,-0.0018661234983196,0.013991255951484,0.0123964688090887,19.95,-0.2495586628183932,0.0200851292534358
2014-02-07,3558.0,367850.0,15.29,0.0200851292534358,0.012044428175082,-0.0018847414060559,0.0063935120433329,-0.0241947285870568,0.0034207559012453,0.008315460101723,-0.0080298682105917,-0.0005711022428211,-0.0083153174484303,-0.0228109526846386,0.0169361017608228,0.0124178044887059,17.23,0.3735484111870355,0.0054656432048255
2014-02-10,3577.5,205070.0,15.26,0.0054656432048255,0.0200851292534358,0.012044428175082,-0.0018847414060559,0.0063935120433329,-0.0241947285870568,0.0034207559012453,0.008315460101723,-0.0080298682105917,-0.0005711022428211,-0.0083153174484303,0.008188929873599,0.0120624965217854,15.29,-0.4425173304336006,0.0098050227478338
2014-02-11,3612.75,249860.0,14.51,0.0098050227478338,0.0054656432048255,0.0200851292534358,0.012044428175082,-0.0018847414060559,0.0063935120433329,-0.0241947285870568,0.0034207559012453,0.008315460101723,-0.0080298682105917,-0.0005711022428211,0.0081196185902127,0.0122515680144767,15.26,0.2184132247525234,0.0032470925624925
2014-02-12,3624.5,252230.0,14.3,0.0032470925624925,0.0098050227478338,0.0054656432048255,0.0200851292534358,0.012044428175082,-0.0018847414060559,0.0063935120433329,-0.0241947285870568,0.0034207559012453,0.008315460101723,-0.0080298682105917,0.0065575506397157,0.0116112508033475,14.51,0.0094853117745936,0.0072847549147044
2014-02-13,3651.0,287790.0,14.14,0.0072847549147044,0.0032470925624925,0.0098050227478338,0.0054656432048255,0.0200851292534358,0.012044428175082,-0.0018847414060559,0.0063935120433329,-0.0241947285870568,0.0034207559012453,0.008315460101723,0.0065555369331205,0.0115758684402231,14.3,0.1409824366649485,0.0027352314645992
2014-02-14,3661.0,212830.0,13.57,0.0027352314645992,0.0072847549147044,0.0032470925624925,0.0098050227478338,0.0054656432048255,0.0200851292534358,0.012044428175082,-0.0018847414060559,0.0063935120433329,-0.0241947285870568,0.0034207559012453,0.0029250600608121,0.0115828044412369,14.14,-0.2604677021439243,0.0038167985267008
2014-02-18,3675.0,220170.0,13.87,0.0038167985267008,0.0027352314645992,0.0072847549147044,0.0032470925624925,0.0098050227478338,0.0054656432048255,0.0200851292534358,0.012044428175082,-0.0018847414060559,0.0063935120433329,-0.0241947285870568,0.0030494502189676,0.006042265167316,13.57,0.0344876192266128,-0.0055938477264906
2014-02-19,3654.5,277350.0,15.5,-0.0055938477264906,0.0038167985267008,0.0027352314645992,0.0072847549147044,0.0032470925624925,0.0098050227478338,0.0054656432048255,0.0200851292534358,0.012044428175082,-0.0018847414060559,0.0063935120433329,0.0047578272911013,0.00722675312292,13.87,0.2597084071399373,0.0046410129712187
2014-02-20,3671.5,269730.0,14.79,0.0046410129712187,-0.0055938477264906,0.0038167985267008,0.0027352314645992,0.0072847549147044,0.0032470925624925,0.0098050227478338,0.0054656432048255,0.0200851292534358,0.012044428175082,-0.0018847414060559,0.0048669291091649,0.006744224335479,15.5,-0.0274743104380746,-0.0019083975257603
2014-02-21,3664.5,186800.0,14.68,-0.0019083975257603,0.0046410129712187,-0.0055938477264906,0.0038167985267008,0.0027352314645992,0.0072847549147044,0.0032470925624925,0.0098050227478338,0.0054656432048255,0.0200851292534358,0.012044428175082,0.004353078207236,0.0068779421179999,14.79,-0.3074556037519,0.0063924053105796
2014-02-24,3688.0,206370.0,14.23,0.0063924053105796,-0.0019083975257603,0.0046410129712187,-0.0055938477264906,0.0038167985267008,0.0027352314645992,0.0072847549147044,0.0032470925624925,0.0098050227478338,0.0054656432048255,0.0200851292534358,0.0050275335491766,0.0044749789472164,14.68,0.104764453961456,0.0001355656478724
2014-02-25,3688.5,236400.0,13.67,0.0001355656478724,0.0063924053105796,-0.0019083975257603,0.0046410129712187,-0.0055938477264906,0.0038167985267008,0.0027352314645992,0.0072847549147044,0.0032470925624925,0.0098050227478338,0.0054656432048255,0.0048647801619505,0.0045434667295433,14.23,0.1455153365314725,-0.0040069325912298
2014-02-26,3673.75,271370.0,14.35,-0.0040069325912298,0.0001355656478724,0.0063924053105796,-0.0019083975257603,0.0046410129712187,-0.0055938477264906,0.0038167985267008,0.0027352314645992,0.0072847549147044,0.0032470925624925,0.0098050227478338,0.004376001009167,0.0043593381241996,13.67,0.1479272419627748,0.0075252041500259
2014-02-27,3701.5,264250.0,14.04,0.0075252041500259,-0.0040069325912298,0.0001355656478724,0.0063924053105796,-0.0019083975257603,0.0046410129712187,-0.0055938477264906,0.0038167985267008,0.0027352314645992,0.0072847549147044,0.0032470925624925,0.0050981003051399,0.0047253812793593,14.35,-0.026237240667723,-0.0016899317909708
2014-02-28,3695.25,325510.0,14.0,-0.0016899317909708,0.0075252041500259,-0.0040069325912298,0.0001355656478724,0.0063924053105796,-0.0019083975257603,0.0046410129712187,-0.0055938477264906,0.0038167985267008,0.0027352314645992,0.0072847549147044,0.0050610204913919,0.0044774692050639,14.04,0.231825922421949,-0.0071972065157755
2014-03-03,3668.75,376910.0,16.0,-0.0071972065157755,-0.0016899317909708,0.0075252041500259,-0.0040069325912298,0.0001355656478724,0.0063924053105796,-0.0019083975257603,0.0046410129712187,-0.0055938477264906,0.0038167985267008,0.0027352314645992,0.0055199806916138,0.0051512022745592,14.0,0.157906055113514,0.0129986259170536
2014-03-04,3716.75,263180.0,14.1,0.0129986259170536,-0.0071972065157755,-0.0016899317909708,0.0075252041500259,-0.0040069325912298,0.0001355656478724,0.0063924053105796,-0.0019083975257603,0.0046410129712187,-0.0055938477264906,0.0038167985267008,0.0084359570902607,0.0065055223152937,16.0,-0.3017431217001406,0.0030893241494315
2014-03-05,3728.25,205520.0,13.89,0.0030893241494315,0.0129986259170536,-0.0071972065157755,-0.0016899317909708,0.0075252041500259,-0.0040069325912298,0.0001355656478724,0.0063924053105796,-0.0019083975257603,0.0046410129712187,-0.0055938477264906,0.0078489081900806,0.0060735450274485,14.1,-0.2190895964738961,-0.0016777964406955
2014-03-06,3722.0,217910.0,14.21,-0.0016777964406955,0.0030893241494315,0.0129986259170536,-0.0071972065157755,-0.0016899317909708,0.0075252041500259,-0.0040069325912298,0.0001355656478724,0.0063924053105796,-0.0019083975257603,0.0046410129712187,0.0075808659098772,0.0060966689637394,13.89,0.0602861035422344,-0.0047803491133521
2014-03-07,3704.25,303230.0,14.11,-0.0047803491133521,-0.0016777964406955,0.0030893241494315,0.0129986259170536,-0.0071972065157755,-0.0016899317909708,0.0075252041500259,-0.0040069325912298,0.0001355656478724,0.0063924053105796,-0.0019083975257603,0.0079810903547346,0.0063311923039749,14.21,0.3915377908310771,0.0008769859232431
2014-03-10,3707.5,192160.0,14.2,0.0008769859232431,-0.0047803491133521,-0.0016777964406955,0.0030893241494315,0.0129986259170536,-0.0071972065157755,-0.0016899317909708,0.0075252041500259,-0.0040069325912298,0.0001355656478724,0.0063924053105796,0.0067613887854383,0.0060509072664992,14.11,-0.3662896151436203,-0.0051379236877301
2014-03-11,3688.5,259720.00000000003,14.8,-0.0051379236877301,0.0008769859232431,-0.0047803491133521,-0.0016777964406955,0.0030893241494315,0.0129986259170536,-0.0071972065157755,-0.0016899317909708,0.0075252041500259,-0.0040069325912298,0.0001355656478724,0.0035614386621492,0.0063129686579232,14.2,0.3515820149875106,0.0049356105737785
2014-03-12,3706.75,319460.0,14.47,0.0049356105737785,-0.0051379236877301,0.0008769859232431,-0.0047803491133521,-0.0016777964406955,0.0030893241494315,0.0129986259170536,-0.0071972065157755,-0.0016899317909708,0.0075252041500259,-0.0040069325912298,0.0041983521472887,0.0063156770957745,14.8,0.230016941321423,-0.0150859071961847
2014-03-13,3651.25,450570.0,16.22,-0.0150859071961847,0.0049356105737785,-0.0051379236877301,0.0008769859232431,-0.0047803491133521,-0.0016777964406955,0.0030893241494315,0.0129986259170536,-0.0071972065157755,-0.0016899317909708,0.0075252041500259,0.0075548092959808,0.0075957577725153,14.47,0.4104113191009828,-0.0064569533307484
2014-03-14,3627.75,168050.0,17.82,-0.0064569533307484,-0.0150859071961847,0.0049356105737785,-0.0051379236877301,0.0008769859232431,-0.0047803491133521,-0.0016777964406955,0.0030893241494315,0.0129986259170536,-0.0071972065157755,-0.0016899317909708,0.0076437589965625,0.0077659662122069,16.22,-0.6270279867723106,0.0083722696013337
2014-03-17,3658.25,82750.0,15.64,0.0083722696013337,-0.0064569533307484,-0.0150859071961847,0.0049356105737785,-0.0051379236877301,0.0008769859232431,-0.0047803491133521,-0.0016777964406955,0.0030893241494315,0.0129986259170536,-0.0071972065157755,0.0094122704433031,0.0081257672023832,17.82,-0.5075870276703363,0.0117532519106172
2014-03-18,3701.5,120880.0,14.52,0.0117532519106172,0.0083722696013337,-0.0064569533307484,-0.0150859071961847,0.0049356105737785,-0.0051379236877301,0.0008769859232431,-0.0047803491133521,-0.0016777964406955,0.0030893241494315,0.0129986259170536,0.0111735768196996,0.007906105348758,15.64,0.4607854984894259,-0.0053499602768814
2014-03-19,3681.75,93180.0,15.12,-0.0053499602768814,0.0117532519106172,0.0083722696013337,-0.0064569533307484,-0.0150859071961847,0.0049356105737785,-0.0051379236877301,0.0008769859232431,-0.0047803491133521,-0.0016777964406955,0.0030893241494315,0.0111464509825133,0.0079412769229327,14.52,-0.2291528788881535,0.0046743302261824
2014-03-20,3699.0,38950.0,14.52,0.0046743302261824,-0.0053499602768814,0.0117532519106172,0.0083722696013337,-0.0064569533307484,-0.0150859071961847,0.0049356105737785,-0.0051379236877301,0.0008769859232431,-0.0047803491133521,-0.0016777964406955,0.0081644691321957,0.0081548836226921,15.12,-0.5819918437432925,0.0096290792541863
2014-03-21,3734.79,379140.0,15.0,0.0096290792541863,0.0046743302261824,-0.0053499602768814,0.0117532519106172,0.0083722696013337,-0.0064569533307484,-0.0150859071961847,0.0049356105737785,-0.0051379236877301,0.0008769859232431,-0.0047803491133521,0.0067510578150575,0.0085990128401981,14.52,8.734017971758664,-0.0337068498091825
2014-03-24,3611.0,400180.0,15.09,-0.0337068498091825,0.0096290792541863,0.0046743302261824,-0.0053499602768814,0.0117532519106172,0.0083722696013337,-0.0064569533307484,-0.0150859071961847,0.0049356105737785,-0.0051379236877301,0.0008769859232431,0.0185989279706211,0.0138966731465228,15.0,0.055494012765733,0.0035246589584074
2014-03-25,3623.75,364850.0,14.02,0.0035246589584074,-0.0337068498091825,0.0096290792541863,0.0046743302261824,-0.0053499602768814,0.0117532519106172,0.0083722696013337,-0.0064569533307484,-0.0150859071961847,0.0049356105737785,-0.0051379236877301,0.0173322939606781,0.0139931348159753,15.09,-0.0882852716277675,-0.0141737938739611
2014-03-26,3572.75,352850.0,14.93,-0.0141737938739611,0.0035246589584074,-0.0337068498091825,0.0096290792541863,0.0046743302261824,-0.0053499602768814,0.0117532519106172,0.0083722696013337,-0.0064569533307484,-0.0150859071961847,0.0049356105737785,0.0179123452693704,0.0142774193818119,14.02,-0.0328902288611758,-0.0051915368460968
2014-03-27,3554.25,443690.0,14.62,-0.0051915368460968,-0.0141737938739611,0.0035246589584074,-0.0337068498091825,0.0096290792541863,0.0046743302261824,-0.0053499602768814,0.0117532519106172,0.0083722696013337,-0.0064569533307484,-0.0150859071961847,0.0169591140122627,0.013731722540034,14.93,0.2574465070143119,0.0024588160900287
2014-03-28,3563.0,313350.0,14.41,0.0024588160900287,-0.0051915368460968,-0.0141737938739611,0.0035246589584074,-0.0337068498091825,0.0096290792541863,0.0046743302261824,-0.0053499602768814,0.0117532519106172,0.0083722696013337,-0.0064569533307484,0.0153215532194911,0.0137495801488762,14.62,-0.2937636638193333,0.0065042016897384
2014-03-31,3586.25,297700.0,13.88,0.0065042016897384,0.0024588160900287,-0.0051915368460968,-0.0141737938739611,0.0035246589584074,-0.0337068498091825,0.0096290792541863,0.0046743302261824,-0.0053499602768814,0.0117532519106172,0.0083722696013337,0.0083540663707185,0.0136079661329604,14.41,-0.0499441519068134,0.0176885700860988
2014-04-01,3650.25,265360.0,13.1,0.0176885700860988,0.0065042016897384,0.0024588160900287,-0.0051915368460968,-0.0141737938739611,0.0035246589584074,-0.0337068498091825,0.0096290792541863,0.0046743302261824,-0.0053499602768814,0.0117532519106172,0.0120256653333939,0.0143813562882937,13.88,-0.1086328518642929,0.0021892325908626
2014-04-02,3658.25,239820.0,13.09,0.0021892325908626,0.0176885700860988,0.0065042016897384,0.0024588160900287,-0.0051915368460968,-0.0141737938739611,0.0035246589584074,-0.0337068498091825,0.0096290792541863,0.0046743302261824,-0.0053499602768814,0.0083833614823988,0.0143485206965853,13.1,-0.0962466083810672,-0.0075456524846224
2014-04-03,3630.75,272220.0,13.37,-0.0075456524846224,0.0021892325908626,0.0176885700860988,0.0065042016897384,0.0024588160900287,-0.0051915368460968,-0.0141737938739611,0.0035246589584074,-0.0337068498091825,0.0096290792541863,0.0046743302261824,0.0091141195795282,0.0143659532058799,13.09,0.1351013259944959,-0.0260189755364203
2014-04-04,3537.5,613420.0,13.96,-0.0260189755364203,-0.0075456524846224,0.0021892325908626,0.0176885700860988,0.0065042016897384,0.0024588160900287,-0.0051915368460968,-0.0141737938739611,0.0035246589584074,-0.0337068498091825,0.0096290792541863,0.016458955263929,0.0155700508185315,13.37,1.2533979869223422,-0.0108716031507377
2014-04-07,3499.25,511930.0,15.57,-0.0108716031507377,-0.0260189755364203,-0.0075456524846224,0.0021892325908626,0.0176885700860988,0.0065042016897384,0.0024588160900287,-0.0051915368460968,-0.0141737938739611,0.0035246589584074,-0.0337068498091825,0.0161954521660508,0.0122908880516989,13.96,-0.165449447360699,0.0083241916401297
2014-04-08,3528.5,400200.0,14.89,0.0083241916401297,-0.0108716031507377,-0.0260189755364203,-0.0075456524846224,0.0021892325908626,0.0176885700860988,0.0065042016897384,0.0024588160900287,-0.0051915368460968,-0.0141737938739611,0.0035246589584074,0.0131913726929835,0.0126681334994248,15.57,-0.2182524954583634,0.0175578637851979
2014-04-09,3591.0,332710.0,13.82,0.0175578637851979,0.0083241916401297,-0.0108716031507377,-0.0260189755364203,-0.0075456524846224,0.0021892325908626,0.0176885700860988,0.0065042016897384,0.0024588160900287,-0.0051915368460968,-0.0141737938739611,0.0170355141842401,0.0134167025723517,14.89,-0.1686406796601699,-0.0313984214575628
2014-04-10,3480.0,528140.0,15.89,-0.0313984214575628,0.0175578637851979,0.0083241916401297,-0.0108716031507377,-0.0260189755364203,-0.0075456524846224,0.0021892325908626,0.0176885700860988,0.0065042016897384,0.0024588160900287,-0.0051915368460968,0.0212069603440306,0.0167895645073194,13.82,0.587388416338553,-0.0103987072208986
2014-04-11,3444.0,533680.0,17.03,-0.0103987072208986,-0.0313984214575628,0.0175578637851979,0.0083241916401297,-0.0108716031507377,-0.0260189755364203,-0.0075456524846224,0.0021892325908626,0.0176885700860988,0.0065042016897384,0.0024588160900287,0.0190148052683157,0.0168927071690996,15.89,0.0104896428977165,0.0075930509075971
2014-04-14,3470.25,383260.0,16.11,0.0075930509075971,-0.0103987072208986,-0.0313984214575628,0.0175578637851979,0.0083241916401297,-0.0108716031507377,-0.0260189755364203,-0.0075456524846224,0.0021892325908626,0.0176885700860988,0.0065042016897384,0.0194638635678745,0.0169669636904948,17.03,-0.2818542947084395,0.0060332008041679
2014-04-15,3491.25,597760.0,15.61,0.0060332008041679,0.0075930509075971,-0.0103987072208986,-0.0313984214575628,0.0175578637851979,0.0083241916401297,-0.0108716031507377,-0.0260189755364203,-0.0075456524846224,0.0021892325908626,0.0176885700860988,0.019195046801603,0.0157204155637528,16.11,0.559672285132808,0.0029316098361858
2014-04-16,3501.5,400460.0,14.18,0.0029316098361858,0.0060332008041679,0.0075930509075971,-0.0103987072208986,-0.0313984214575628,0.0175578637851979,0.0083241916401297,-0.0108716031507377,-0.0260189755364203,-0.0075456524846224,0.0021892325908626,0.0163496034439375,0.0157569813446581,15.61,-0.3300655781584583,0.0061924109760481
2014-04-17,3523.25,269150.0,13.36,0.0061924109760481,0.0029316098361858,0.0060332008041679,0.0075930509075971,-0.0103987072208986,-0.0313984214575628,0.0175578637851979,0.0083241916401297,-0.0108716031507377,-0.0260189755364203,-0.0075456524846224,0.0073928191972903,0.0160464783705086,14.18,-0.3278979173949957,0.0079157950967771
2014-04-21,3551.25,152230.0,13.25,0.0079157950967771,0.0061924109760481,0.0029316098361858,0.0060332008041679,0.0075930509075971,-0.0103987072208986,-0.0313984214575628,0.0175578637851979,0.0083241916401297,-0.0108716031507377,-0.0260189755364203,0.0019731000548907,0.0141103018019163,13.36,-0.4344046070964146,0.009458819865323
2014-04-22,3585.0,214080.0,13.19,0.009458819865323,0.0079157950967771,0.0061924109760481,0.0029316098361858,0.0060332008041679,0.0075930509075971,-0.0103987072208986,-0.0313984214575628,0.0175578637851979,0.0083241916401297,-0.0108716031507377,0.0024395086029792,0.0137682264158778,13.25,0.4062931091112132,-0.0085440676641829
2014-04-23,3554.5,249720.0,13.27,-0.0085440676641829,0.009458819865323,0.0079157950967771,0.0061924109760481,0.0029316098361858,0.0060332008041679,0.0075930509075971,-0.0103987072208986,-0.0313984214575628,0.0175578637851979,0.0083241916401297,0.0072041162579532,0.0139960594501168,13.19,0.1664798206278026,0.0084743302256107
2014-04-24,3584.75,393070.0,13.32,0.0084743302256107,-0.0085440676641829,0.009458819865323,0.0079157950967771,0.0061924109760481,0.0029316098361858,0.0060332008041679,0.0075930509075971,-0.0103987072208986,-0.0313984214575628,0.0175578637851979,0.0074977645103632,0.0130453448792874,13.27,0.574042928079449,-0.015249232638747
2014-04-25,3530.5,330380.0,14.06,-0.015249232638747,0.0084743302256107,-0.0085440676641829,0.009458819865323,0.0079157950967771,0.0061924109760481,0.0029316098361858,0.0060332008041679,0.0075930509075971,-0.0103987072208986,-0.0313984214575628,0.0114960690148176,0.0091763834054546,13.32,-0.1594881318849059,0.0028990651381043
2014-04-28,3540.75,481340.0,13.97,0.0028990651381043,-0.015249232638747,0.0084743302256107,-0.0085440676641829,0.009458819865323,0.0079157950967771,0.0061924109760481,0.0029316098361858,0.0060332008041679,0.0075930509075971,-0.0103987072208986,0.010879736991882,0.008179416871307,14.06,0.45692838549549,0.0064747921323759
2014-04-29,3563.75,306700.0,13.71,0.0064747921323759,0.0028990651381043,-0.015249232638747,0.0084743302256107,-0.0085440676641829,0.009458819865323,0.0079157950967771,0.0061924109760481,0.0029316098361858,0.0060332008041679,0.0075930509075971,0.010254427088686,0.0081135378772145,13.97,-0.3628204595504217,0.0026621845623428
2014-04-30,3573.25,288750.0,13.41,0.0026621845623428,0.0064747921323759,0.0028990651381043,-0.015249232638747,0.0084743302256107,-0.0085440676641829,0.009458819865323,0.0079157950967771,0.0061924109760481,0.0029316098361858,0.0060332008041679,0.0094370571382328,0.008027326019053,13.71,-0.0585262471470492,0.0037709541892747
2014-05-01,3586.75,195190.0,13.25,0.0037709541892747,0.0026621845623428,0.0064747921323759,0.0028990651381043,-0.015249232638747,0.0084743302256107,-0.0085440676641829,0.009458819865323,0.0079157950967771,0.0061924109760481,0.0029316098361858,0.0087193994926013,0.0080387933168103,13.41,-0.324017316017316,-0.0020932187380624
2014-05-02,3579.25,297580.0,12.91,-0.0020932187380624,0.0037709541892747,0.0026621845623428,0.0064747921323759,0.0028990651381043,-0.015249232638747,0.0084743302256107,-0.0085440676641829,0.009458819865323,0.0079157950967771,0.0061924109760481,0.0030985021050577,0.008032105559412,13.25,0.5245658076745734,0.0032078130714951
2014-05-05,3590.75,235360.0,13.29,0.0032078130714951,-0.0020932187380624,0.0037709541892747,0.0026621845623428,0.0064747921323759,0.0028990651381043,-0.015249232638747,0.0084743302256107,-0.0085440676641829,0.009458819865323,0.0079157950967771,0.0031054646186773,0.0077523806515179,12.91,-0.2090866321661402,-0.0111318403688441
2014-05-06,3551.0,261000.0,13.8,-0.0111318403688441,0.0032078130714951,-0.0020932187380624,0.0037709541892747,0.0026621845623428,0.0064747921323759,0.0028990651381043,-0.015249232638747,0.0084743302256107,-0.0085440676641829,0.009458819865323,0.0062715160950463,0.0080173297778305,13.29,0.1089394969408565,-0.0029612938512592
2014-05-07,3540.5,447230.0,13.4,-0.0029612938512592,-0.0111318403688441,0.0032078130714951,-0.0020932187380624,0.0037709541892747,0.0026621845623428,0.0064747921323759,0.0028990651381043,-0.015249232638747,0.0084743302256107,-0.0085440676641829,0.0060129636885774,0.0076142375386366,13.8,0.7135249042145595,-0.0008476971403356
2014-05-08,3537.5,388610.0,13.43,-0.0008476971403356,-0.0029612938512592,-0.0111318403688441,0.0032078130714951,-0.0020932187380624,0.0037709541892747,0.0026621845623428,0.0064747921323759,0.0028990651381043,-0.015249232638747,0.0084743302256107,0.0052403336018404,0.0069493887969544,13.4,-0.1310734968584397,0.0029638014779769
2014-05-09,3548.0,319910.0,12.92,0.0029638014779769,-0.0008476971403356,-0.0029612938512592,-0.0111318403688441,0.0032078130714951,-0.0020932187380624,0.0037709541892747,0.0026621845623428,0.0064747921323759,0.0028990651381043,-0.015249232638747,0.0058544870168025,0.0050116690106126,13.43,-0.1767839221841949,0.016700244886717
2014-05-12,3607.75,246730.0,12.23,0.016700244886717,0.0029638014779769,-0.0008476971403356,-0.0029612938512592,-0.0111318403688441,0.0032078130714951,-0.0020932187380624,0.0037709541892747,0.0026621845623428,0.0064747921323759,0.0028990651381043,0.0102057124713878,0.0071790561684672,12.92,-0.2287518364540026,0.0002771426609576
2014-05-13,3608.75,221780.0,12.13,0.0002771426609576,0.016700244886717,0.0029638014779769,-0.0008476971403356,-0.0029612938512592,-0.0111318403688441,0.0032078130714951,-0.0020932187380624,0.0037709541892747,0.0026621845623428,0.0064747921323759,0.00782939007147,0.0070031605692263,12.23,-0.1011226847160864,-0.0034698161113871
2014-05-14,3596.25,234690.0,12.17,-0.0034698161113871,0.0002771426609576,0.016700244886717,0.0029638014779769,-0.0008476971403356,-0.0029612938512592,-0.0111318403688441,0.0032078130714951,-0.0020932187380624,0.0037709541892747,0.0026621845623428,0.0079324881323975,0.0071334856353588,12.13,0.0582108395707456,-0.0092185861306172
2014-05-15,3563.25,398710.0,13.17,-0.0092185861306172,-0.0034698161113871,0.0002771426609576,0.016700244886717,0.0029638014779769,-0.0008476971403356,-0.0029612938512592,-0.0111318403688441,0.0032078130714951,-0.0020932187380624,0.0037709541892747,0.0096729064582516,0.007663313664725,12.17,0.6988793727896374,0.0054576122030405
2014-05-16,3582.75,294610.0,12.44,0.0054576122030405,-0.0092185861306172,-0.0034698161113871,0.0002771426609576,0.016700244886717,0.0029638014779769,-0.0008476971403356,-0.0029612938512592,-0.0111318403688441,0.0032078130714951,-0.0020932187380624,0.0098334027653797,0.007875185011558,13.17,-0.2610920217702089,0.0084769823907703
2014-05-19,3613.25,221040.0,12.42,0.0084769823907703,0.0054576122030405,-0.0092185861306172,-0.0034698161113871,0.0002771426609576,0.016700244886717,0.0029638014779769,-0.0008476971403356,-0.0029612938512592,-0.0111318403688441,0.0032078130714951,0.0070405861554448,0.008272643034857,12.44,-0.2497199687722752,-0.0046464940215404
2014-05-20,3596.5,297810.0,12.96,-0.0046464940215404,0.0084769823907703,0.0054576122030405,-0.0092185861306172,-0.0034698161113871,0.0002771426609576,0.016700244886717,0.0029638014779769,-0.0008476971403356,-0.0029612938512592,-0.0111318403688441,0.0073814668581156,0.007463194594085,12.42,0.3473127035830619,0.0102352207492796
2014-05-21,3633.5,257180.0,11.91,0.0102352207492796,-0.0046464940215404,0.0084769823907703,0.0054576122030405,-0.0092185861306172,-0.0034698161113871,0.0002771426609576,0.016700244886717,0.0029638014779769,-0.0008476971403356,-0.0029612938512592,0.0085401877711714,0.0077907766938613,12.96,-0.1364292669823041,0.0039827011375315
2014-05-22,3648.0,217630.0,12.03,0.0039827011375315,0.0102352207492796,-0.0046464940215404,0.0084769823907703,0.0054576122030405,-0.0092185861306172,-0.0034698161113871,0.0002771426609576,0.016700244886717,0.0029638014779769,-0.0008476971403356,0.0057738570702874,0.0077030076828967,11.91,-0.1537833424060969,0.007374060452715
2014-05-23,3675.0,167140.0,11.36,0.007374060452715,0.0039827011375315,0.0102352207492796,-0.0046464940215404,0.0084769823907703,0.0054576122030405,-0.0092185861306172,-0.0034698161113871,0.0002771426609576,0.016700244886717,0.0029638014779769,0.0058988802635714,0.0078212225053156,12.03,-0.2319992648072416,0.0125065006830489
2014-05-27,3721.25,203560.0,11.51,0.0125065006830489,0.007374060452715,0.0039827011375315,0.0102352207492796,-0.0046464940215404,0.0084769823907703,0.0054576122030405,-0.0092185861306172,-0.0034698161113871,0.0002771426609576,0.016700244886717,0.0066991968642066,0.0071164702510771,11.36,0.2179011607036018,-0.0014118123962569
2014-05-28,3716.0,218210.0,11.68,-0.0014118123962569,0.0125065006830489,0.007374060452715,0.0039827011375315,0.0102352207492796,-0.0046464940215404,0.0084769823907703,0.0054576122030405,-0.0092185861306172,-0.0034698161113871,0.0002771426609576,0.0054708433067564,0.0072102679469995,11.51,0.0719689526429554,0.0052338574821268
2014-05-29,3735.5,184920.0,11.57,0.0052338574821268,-0.0014118123962569,0.0125065006830489,0.007374060452715,0.0039827011375315,0.0102352207492796,-0.0046464940215404,0.0084769823907703,0.0054576122030405,-0.0092185861306172,-0.0034698161113871,0.0050680978906649,0.0068693370412323,11.68,-0.1525594610696118,0.0
2014-05-30,3735.5,214380.0,11.4,0.0,0.0052338574821268,-0.0014118123962569,0.0125065006830489,0.007374060452715,0.0039827011375315,0.0102352207492796,-0.0046464940215404,0.0084769823907703,0.0054576122030405,-0.0092185861306172,0.0056527227276171,0.0053868838996139,11.57,0.1593121349772874,-0.0021439107769624
2014-06-02,3727.5,225590.0,11.58,-0.0021439107769624,0.0,0.0052338574821268,-0.0014118123962569,0.0125065006830489,0.007374060452715,0.0039827011375315,0.0102352207492796,-0.0046464940215404,0.0084769823907703,0.0054576122030405,0.0061268796538107,0.0057924343930941,11.4,0.0522903255900737,0.0008715181726838
2014-06-03,3730.75,183990.0,11.87,0.0008715181726838,-0.0021439107769624,0.0,0.0052338574821268,-0.0014118123962569,0.0125065006830489,0.007374060452715,0.0039827011375315,0.0102352207492796,-0.0046464940215404,0.0084769823907703,0.0028914628726201,0.0056305985047681,11.58,-0.1844053371160069,0.0033449322062508
2014-06-04,3743.25,188800.0,12.08,0.0033449322062508,0.0008715181726838,-0.0021439107769624,0.0,0.0052338574821268,-0.0014118123962569,0.0125065006830489,0.007374060452715,0.0039827011375315,0.0102352207492796,-0.0046464940215404,0.0028836194826304,0.0049148005468576,11.87,0.0261427251481058,0.0087772356830533
2014-06-05,3776.25,283290.0,11.68,0.0087772356830533,0.0033449322062508,0.0008715181726838,-0.0021439107769624,0.0,0.0052338574821268,-0.0014118123962569,0.0125065006830489,0.007374060452715,0.0039827011375315,0.0102352207492796,0.0041845193958825,0.0047273058951567,12.08,0.5004766949152541,0.0057431586713494
2014-06-06,3798.0,200420.0,10.73,0.0057431586713494,0.0087772356830533,0.0033449322062508,0.0008715181726838,-0.0021439107769624,0.0,0.0052338574821268,-0.0014118123962569,0.0125065006830489,0.007374060452715,0.0039827011375315,0.0042279757305757,0.0047652790057824,11.68,-0.2925270923788344,-0.0011196365644227
2014-06-09,3793.75,148830.0,11.15,-0.0011196365644227,0.0057431586713494,0.0087772356830533,0.0033449322062508,0.0008715181726838,-0.0021439107769624,0.0,0.0052338574821268,-0.0014118123962569,0.0125065006830489,0.007374060452715,0.0039099947075704,0.0048589563063543,10.73,-0.2574094401756311,0.0017776611982866
2014-06-10,3800.5,154780.0,10.99,0.0017776611982866,-0.0011196365644227,0.0057431586713494,0.0087772356830533,0.0033449322062508,0.0008715181726838,-0.0021439107769624,0.0,0.0052338574821268,-0.0014118123962569,0.0125065006830489,0.0037750187649129,0.0035895094362116,11.15,0.0399784989585432,-0.0005922026822193
2014-06-11,3798.25,203580.0,11.6,-0.0005922026822193,0.0017776611982866,-0.0011196365644227,0.0057431586713494,0.0087772356830533,0.0033449322062508,0.0008715181726838,-0.0021439107769624,0.0,0.0052338574821268,-0.0014118123962569,0.0042496048617465,0.0035086747735159,10.99,0.3152862126889779,-0.0071339228506049
2014-06-12,3771.25,295540.0,12.56,-0.0071339228506049,-0.0005922026822193,0.0017776611982866,-0.0011196365644227,0.0057431586713494,0.0087772356830533,0.0033449322062508,0.0008715181726838,-0.0021439107769624,0.0,0.0052338574821268,0.0046981379761161,0.0043862561449222,11.6,0.4517143137832793,0.00119252697318
2014-06-13,3775.75,158900.0,12.18,0.00119252697318,-0.0071339228506049,-0.0005922026822193,0.0017776611982866,-0.0011196365644227,0.0057431586713494,0.0087772356830533,0.0033449322062508,0.0008715181726838,-0.0021439107769624,0.0,0.0035417111478,0.0043736759415621,12.56,-0.4623401231643771,0.0009265387823661
2014-06-16,3779.25,119710.0,12.65,0.0009265387823661,0.00119252697318,-0.0071339228506049,-0.0005922026822193,0.0017776611982866,-0.0011196365644227,0.0057431586713494,0.0087772356830533,0.0033449322062508,0.0008715181726838,-0.0021439107769624,0.0036657664475776,0.0042282029692896,12.18,-0.2466331025802391,6.614850341419826e-05
2014-06-17,3779.5,111340.0,12.06,6.614850341419826e-05,0.0009265387823661,0.00119252697318,-0.0071339228506049,-0.0005922026822193,0.0017776611982866,-0.0011196365644227,0.0057431586713494,0.0087772356830533,0.0033449322062508,0.0008715181726838,0.0034419540245239,0.0042465689358748,12.65,-0.0699189708462116,0.0063299697051243
2014-06-18,3803.5,77780.0,10.61,0.0063299697051243,6.614850341419826e-05,0.0009265387823661,0.00119252697318,-0.0071339228506049,-0.0005922026822193,0.0017776611982866,-0.0011196365644227,0.0057431586713494,0.0087772356830533,0.0033449322062508,0.0048183183159416,0.0045035592795851,12.06,-0.3014190767019938,-0.0016445749192276
2014-06-19,3797.25,40590.0,10.62,-0.0016445749192276,0.0063299697051243,6.614850341419826e-05,0.0009265387823661,0.00119252697318,-0.0071339228506049,-0.0005922026822193,0.0017776611982866,-0.0011196365644227,0.0057431586713494,0.0087772356830533,0.0029840014965139,0.0038096918446574,10.61,-0.478143481614811,0.0035279061606615
2014-06-20,3810.67,158920.0,10.85,0.0035279061606615,-0.0016445749192276,0.0063299697051243,6.614850341419826e-05,0.0009265387823661,0.00119252697318,-0.0071339228506049,-0.0005922026822193,0.0017776611982866,-0.0011196365644227,0.0057431586713494,0.0031277815973995,0.0035284918719671,10.62,2.915250061591525,-0.0042523768348223
2014-06-23,3794.5,161440.0,10.98,-0.0042523768348223,0.0035279061606615,-0.0016445749192276,0.0063299697051243,6.614850341419826e-05,0.0009265387823661,0.00119252697318,-0.0071339228506049,-0.0005922026822193,0.0017776611982866,-0.0011196365644227,0.0041851788077537,0.0038003899678068,10.85,0.0158570349861566,0.0
2014-06-24,3794.5,281590.0,12.13,0.0,-0.0042523768348223,0.0035279061606615,-0.0016445749192276,0.0063299697051243,6.614850341419826e-05,0.0009265387823661,0.00119252697318,-0.0071339228506049,-0.0005922026822193,0.0017776611982866,0.0041882033675769,0.0037502720996093,10.98,0.7442393458870169,0.0053224819278774
2014-06-25,3814.75,249820.0,11.59,0.0053224819278774,0.0,-0.0042523768348223,0.0035279061606615,-0.0016445749192276,0.0063299697051243,6.614850341419826e-05,0.0009265387823661,0.00119252697318,-0.0071339228506049,-0.0005922026822193,0.0038670956131485,0.0041221576468914,12.13,-0.1128236087929258,0.0007206263209424
2014-06-26,3817.5,239390.0,11.63,0.0007206263209424,0.0053224819278774,0.0,-0.0042523768348223,0.0035279061606615,-0.0016445749192276,0.0063299697051243,6.614850341419826e-05,0.0009265387823661,0.00119252697318,-0.0071339228506049,0.0036646748034673,0.0031548426079756,11.59,-0.0417500600432311,0.0036606133176715
2014-06-27,3831.5,182900.0,11.26,0.0036606133176715,0.0007206263209424,0.0053224819278774,0.0,-0.0042523768348223,0.0035279061606615,-0.0016445749192276,0.0063299697051243,6.614850341419826e-05,0.0009265387823661,0.00119252697318,0.0036873934865013,0.0032477220831257,11.63,-0.2359747692050628,0.0023461950282777
2014-06-30,3840.5,154830.0,11.57,0.0023461950282777,0.0036606133176715,0.0007206263209424,0.0053224819278774,0.0,-0.0042523768348223,0.0035279061606615,-0.0016445749192276,0.0063299697051243,6.614850341419826e-05,0.0009265387823661,0.0021629111835135,0.0032525584513439,11.26,-0.1534718425369053,0.0114560652281068
2014-07-01,3884.75,195640.0,11.15,0.0114560652281068,0.0023461950282777,0.0036606133176715,0.0007206263209424,0.0053224819278774,0.0,-0.0042523768348223,0.0035279061606615,-0.0016445749192276,0.0063299697051243,6.614850341419826e-05,0.004137874797478,0.0044328715203619,11.57,0.2635794096751276,0.0012862565282286
2014-07-02,3889.75,150120.0,10.82,0.0012862565282286,0.0114560652281068,0.0023461950282777,0.0036606133176715,0.0007206263209424,0.0053224819278774,0.0,-0.0042523768348223,0.0035279061606615,-0.0016445749192276,0.0063299697051243,0.0043733747437694,0.0042635694937204,11.15,-0.2326722551625434,0.0066619937636992
2014-07-03,3915.75,121420.0,10.32,0.0066619937636992,0.0012862565282286,0.0114560652281068,0.0023461950282777,0.0036606133176715,0.0007206263209424,0.0053224819278774,0.0,-0.0042523768348223,0.0035279061606615,-0.0016445749192276,0.0040938284349852,0.0042312053866711,10.82,-0.1911803890221156,-0.0029411785908162
2014-07-07,3904.25,175430.0,11.33,-0.0029411785908162,0.0066619937636992,0.0012862565282286,0.0114560652281068,0.0023461950282777,0.0036606133176715,0.0007206263209424,0.0053224819278774,0.0,-0.0042523768348223,0.0035279061606615,0.005492609037401,0.0046296877902973,10.32,0.4448196343271289,-0.0105569052541509
2014-07-08,3863.25,331380.0,11.98,-0.0105569052541509,-0.0029411785908162,0.0066619937636992,0.0012862565282286,0.0114560652281068,0.0023461950282777,0.0036606133176715,0.0007206263209424,0.0053224819278774,0.0,-0.0042523768348223,0.0085205650165189,0.0058962072403766,11.33,0.8889585589693896,0.0057428775354926
2014-07-09,3885.5,244550.0,11.65,0.0057428775354926,-0.0105569052541509,-0.0029411785908162,0.0066619937636992,0.0012862565282286,0.0114560652281068,0.0023461950282777,0.0036606133176715,0.0007206263209424,0.0053224819278774,0.0,0.0070552920918274,0.005980950541674,11.98,-0.2620254692498038,-0.0030286455473389
2014-07-10,3873.75,317250.0,12.59,-0.0030286455473389,0.0057428775354926,-0.0105569052541509,-0.0029411785908162,0.0066619937636992,0.0012862565282286,0.0114560652281068,0.0023461950282777,0.0036606133176715,0.0007206263209424,0.0053224819278774,0.0071280490733246,0.0061046283762897,11.65,0.2972807196892251,0.0061122918299735
2014-07-11,3897.5,200880.0,12.08,0.0061122918299735,-0.0030286455473389,0.0057428775354926,-0.0105569052541509,-0.0029411785908162,0.0066619937636992,0.0012862565282286,0.0114560652281068,0.0023461950282777,0.0036606133176715,0.0007206263209424,0.0069865501695252,0.0062608310162389,12.59,-0.3668085106382979,0.0055649870167087
2014-07-14,3919.25,163880.0,11.82,0.0055649870167087,0.0061122918299735,-0.0030286455473389,0.0057428775354926,-0.0105569052541509,-0.0029411785908162,0.0066619937636992,0.0012862565282286,0.0114560652281068,0.0023461950282777,0.0036606133176715,0.0073991542878767,0.0063428804870781,12.08,-0.184189565909996,-0.0017237531002317
2014-07-15,3912.5,332220.0,11.96,-0.0017237531002317,0.0055649870167087,0.0061122918299735,-0.0030286455473389,0.0057428775354926,-0.0105569052541509,-0.0029411785908162,0.0066619937636992,0.0012862565282286,0.0114560652281068,0.0023461950282777,0.004509973273092,0.0064664207166656,11.82,1.02721503539175,0.0025526497587789
2014-07-16,3922.5,215290.0,11.0,0.0025526497587789,-0.0017237531002317,0.0055649870167087,0.0061122918299735,-0.0030286455473389,0.0057428775354926,-0.0105569052541509,-0.0029411785908162,0.0066619937636992,0.0012862565282286,0.0114560652281068,0.0041540497253683,0.0055453010184814,11.96,-0.3519655649870568,-0.0119255115965308
2014-07-17,3876.0,380380.0,14.54,-0.0119255115965308,0.0025526497587789,-0.0017237531002317,0.0055649870167087,0.0061122918299735,-0.0030286455473389,0.0057428775354926,-0.0105569052541509,-0.0029411785908162,0.0066619937636992,0.0012862565282286,0.0074156410743858,0.0068751940244227,11.0,0.7668261414835802,0.0138993430609664
2014-07-18,3930.25,291930.0,12.06,0.0138993430609664,-0.0119255115965308,0.0025526497587789,-0.0017237531002317,0.0055649870167087,0.0061122918299735,-0.0030286455473389,0.0057428775354926,-0.0105569052541509,-0.0029411785908162,0.0066619937636992,0.0095113387474019,0.0079868785575908,14.54,-0.2325306272674694,-0.0011456213065601
2014-07-21,3925.75,219800.0,12.81,-0.0011456213065601,0.0138993430609664,-0.0119255115965308,0.0025526497587789,-0.0017237531002317,0.0055649870167087,0.0061122918299735,-0.0030286455473389,0.0057428775354926,-0.0105569052541509,-0.0029411785908162,0.0092959689850604,0.0079241140007705,12.06,-0.247079779399171,0.0062847373977248
2014-07-22,3950.5,198840.0,12.24,0.0062847373977248,-0.0011456213065601,0.0138993430609664,-0.0119255115965308,0.0025526497587789,-0.0017237531002317,0.0055649870167087,0.0061122918299735,-0.0030286455473389,0.0057428775354926,-0.0105569052541509,0.0095400629348564,0.0070420320269631,12.81,-0.0953594176524113,0.0063083731787501
2014-07-23,3975.5,209510.0,11.52,0.0063083731787501,0.0062847373977248,-0.0011456213065601,0.0138993430609664,-0.0119255115965308,0.0025526497587789,-0.0017237531002317,0.0055649870167087,0.0061122918299735,-0.0030286455473389,0.0057428775354926,0.0097466550520339,0.0070755369161445,12.24,0.0536612351639509,-0.0009437227414052
2014-07-24,3971.75,209690.0,11.84,-0.0009437227414052,0.0063083731787501,0.0062847373977248,-0.0011456213065601,0.0138993430609664,-0.0119255115965308,0.0025526497587789,-0.0017237531002317,0.0055649870167087,0.0061122918299735,-0.0030286455473389,0.006236704721058,0.0069306386198331,11.52,0.0008591475347239,-0.0040997881386818
2014-07-25,3955.5,210230.0,12.69,-0.0040997881386818,-0.0009437227414052,0.0063083731787501,0.0062847373977248,-0.0011456213065601,0.0138993430609664,-0.0119255115965308,0.0025526497587789,-0.0017237531002317,0.0055649870167087,0.0061122918299735,0.0047461203116342,0.007089511167317,11.84,0.0025752301015784,0.0011370097870751
2014-07-28,3960.0,210320.0,12.56,0.0011370097870751,-0.0040997881386818,-0.0009437227414052,0.0063083731787501,0.0062847373977248,-0.0011456213065601,0.0138993430609664,-0.0119255115965308,0.0025526497587789,-0.0017237531002317,0.0055649870167087,0.0045605297419194,0.006942584167994,12.69,0.0004281025543453,-0.0019589882722291
2014-07-29,3952.25,219910.0,13.28,-0.0019589882722291,0.0011370097870751,-0.0040997881386818,-0.0009437227414052,0.0063083731787501,0.0062847373977248,-0.0011456213065601,0.0138993430609664,-0.0119255115965308,0.0025526497587789,-0.0017237531002317,0.003955554469644,0.0069533580399471,12.56,0.0455971852415366,0.0041031525546331
2014-07-30,3968.5,275030.0,13.33,0.0041031525546331,-0.0019589882722291,0.0011370097870751,-0.0040997881386818,-0.0009437227414052,0.0063083731787501,0.0062847373977248,-0.0011456213065601,0.0138993430609664,-0.0119255115965308,0.0025526497587789,0.0031242597675749,0.0070086254860925,13.28,0.2506479923605111,-0.0213295578640866
2014-07-31,3884.75,423440.0,16.95,-0.0213295578640866,0.0041031525546331,-0.0019589882722291,0.0011370097870751,-0.0040997881386818,-0.0009437227414052,0.0063083731787501,0.0062847373977248,-0.0011456213065601,0.0138993430609664,-0.0119255115965308,0.0099450525973398,0.0092370293980698,13.33,0.5396138603061484,-0.0029646837904423
2014-08-01,3873.25,462510.0,17.03,-0.0029646837904423,-0.0213295578640866,0.0041031525546331,-0.0019589882722291,0.0011370097870751,-0.0040997881386818,-0.0009437227414052,0.0063083731787501,0.0062847373977248,-0.0011456213065601,0.0138993430609664,0.0099673952713483,0.0079068742737645,16.95,0.0922680899300962,0.0060489244927591
2014-08-04,3896.75,250760.0,15.12,0.0060489244927591,-0.0029646837904423,-0.0213295578640866,0.0041031525546331,-0.0019589882722291,0.0011370097870751,-0.0040997881386818,-0.0009437227414052,0.0063083731787501,0.0062847373977248,-0.0011456213065601,0.0108299693824846,0.0082582617871475,17.03,-0.4578279388553761,-0.0064362711728765
2014-08-05,3871.75,356540.0,16.87,-0.0064362711728765,0.0060489244927591,-0.0029646837904423,-0.0213295578640866,0.0041031525546331,-0.0019589882722291,0.0011370097870751,-0.0040997881386818,-0.0009437227414052,0.0063083731787501,0.0062847373977248,0.0108845753229146,0.0080323730562669,15.12,0.4218376136544903,-0.0007751437633775
2014-08-06,3868.75,292470.0,16.37,-0.0007751437633775,-0.0064362711728765,0.0060489244927591,-0.0029646837904423,-0.0213295578640866,0.0041031525546331,-0.0019589882722291,0.0011370097870751,-0.0040997881386818,-0.0009437227414052,0.0063083731787501,0.0101580789130675,0.0075124541189296,16.87,-0.1796993324732148,-0.0031065975408574
2014-08-07,3856.75,329600.0,16.66,-0.0031065975408574,-0.0007751437633775,-0.0064362711728765,0.0060489244927591,-0.0029646837904423,-0.0213295578640866,0.0041031525546331,-0.0019589882722291,0.0011370097870751,-0.0040997881386818,-0.0009437227414052,0.0046527069922793,0.0074866618231522,16.37,0.1269531917803534,0.0043336311799082
2014-08-08,3873.5,315420.0,15.77,0.0043336311799082,-0.0031065975408574,-0.0007751437633775,-0.0064362711728765,0.0060489244927591,-0.0029646837904423,-0.0213295578640866,0.0041031525546331,-0.0019589882722291,0.0011370097870751,-0.0040997881386818,0.0051731614198507,0.007809316643218,16.66,-0.0430218446601942,0.008099292201829
2014-08-11,3905.0,178450.0,14.23,0.008099292201829,0.0043336311799082,-0.0031065975408574,-0.0007751437633775,-0.0064362711728765,0.0060489244927591,-0.0029646837904423,-0.0213295578640866,0.0041031525546331,-0.0019589882722291,0.0011370097870751,0.005812953347756,0.0084162353141823,15.77,-0.4342464016232324,-0.0003841967134407
2014-08-12,3903.5,220590.0,14.13,-0.0003841967134407,0.008099292201829,0.0043336311799082,-0.0031065975408574,-0.0007751437633775,-0.0064362711728765,0.0060489244927591,-0.0029646837904423,-0.0213295578640866,0.0041031525546331,-0.0019589882722291,0.004512160420356,0.0084193178012891,14.23,0.2361445783132529,0.0107654637186806
2014-08-13,3945.75,201980.0,12.9,0.0107654637186806,-0.0003841967134407,0.008099292201829,0.0043336311799082,-0.0031065975408574,-0.0007751437633775,-0.0064362711728765,0.0060489244927591,-0.0029646837904423,-0.0213295578640866,0.0041031525546331,0.0057531472840982,0.0091233687021148,14.13,-0.084364658416066,0.005623139125737
2014-08-14,3968.0,176300.0,12.42,0.005623139125737,0.0107654637186806,-0.0003841967134407,0.008099292201829,0.0043336311799082,-0.0031065975408574,-0.0007751437633775,-0.0064362711728765,0.0060489244927591,-0.0029646837904423,-0.0213295578640866,0.0041924056707155,0.0056188031284031,12.9,-0.1271413011189226,0.0042751228195521
2014-08-15,3985.0,362620.0,13.15,0.0042751228195521,0.005623139125737,0.0107654637186806,-0.0003841967134407,0.008099292201829,0.0043336311799082,-0.0031065975408574,-0.0007751437633775,-0.0064362711728765,0.0060489244927591,-0.0029646837904423,0.0041972080337292,0.0053508301644431,12.42,1.0568349404424278,0.0070640746352082
2014-08-18,4013.25,159350.0,12.32,0.0070640746352082,0.0042751228195521,0.005623139125737,0.0107654637186806,-0.0003841967134407,0.008099292201829,0.0043336311799082,-0.0031065975408574,-0.0007751437633775,-0.0064362711728765,0.0060489244927591,0.004071418793968,0.0054274631266064,13.15,-0.5605592631404777,0.0052190239619378
2014-08-19,4034.25,151280.0,12.21,0.0052190239619378,0.0070640746352082,0.0042751228195521,0.005623139125737,0.0107654637186806,-0.0003841967134407,0.008099292201829,0.0043336311799082,-0.0031065975408574,-0.0007751437633775,-0.0064362711728765,0.0025412739726555,0.0043291608351438,12.32,-0.0506432381550047,0.0013005110983015
2014-08-20,4039.5,163160.0,11.78,0.0013005110983015,0.0052190239619378,0.0070640746352082,0.0042751228195521,0.005623139125737,0.0107654637186806,-0.0003841967134407,0.008099292201829,0.0043336311799082,-0.0031065975408574,-0.0007751437633775,0.0021475218440755,0.0041132135722055,12.21,0.078529878371232,0.0019784846320268
2014-08-21,4047.5,145150.0,11.76,0.0019784846320268,0.0013005110983015,0.0052190239619378,0.0070640746352082,0.0042751228195521,0.005623139125737,0.0107654637186806,-0.0003841967134407,0.008099292201829,0.0043336311799082,-0.0031065975408574,0.0023621351791149,0.0033336663986814,11.78,-0.1103824466781073,0.0017896268160087
2014-08-22,4054.75,211670.0,11.47,0.0017896268160087,0.0019784846320268,0.0013005110983015,0.0052190239619378,0.0070640746352082,0.0042751228195521,0.005623139125737,0.0107654637186806,-0.0003841967134407,0.008099292201829,0.0043336311799082,0.0025363069084491,0.0034698274934635,11.76,0.4582845332414744,0.0021556378254605
2014-08-25,4063.5,168700.0,11.7,0.0021556378254605,0.0017896268160087,0.0019784846320268,0.0013005110983015,0.0052190239619378,0.0070640746352082,0.0042751228195521,0.005623139125737,0.0107654637186806,-0.0003841967134407,0.008099292201829,0.0015593600646062,0.0033037717604952,11.47,-0.2030046770916993,0.002151001044455
2014-08-26,4072.25,147210.0,11.63,0.002151001044455,0.0021556378254605,0.0017896268160087,0.0019784846320268,0.0013005110983015,0.0052190239619378,0.0070640746352082,0.0042751228195521,0.005623139125737,0.0107654637186806,-0.0003841967134407,0.0003546016426013,0.0030165675934202,11.7,-0.1273858921161825,0.0001227747085643
2014-08-27,4072.75,128380.0,11.78,0.0001227747085643,0.002151001044455,0.0021556378254605,0.0017896268160087,0.0019784846320268,0.0013005110983015,0.0052190239619378,0.0070640746352082,0.0042751228195521,0.005623139125737,0.0107654637186806,0.0008610946267027,0.0022304573833392,11.63,-0.1279125059438897,-0.0007368744576594
2014-08-28,4069.75,166450.0,12.05,-0.0007368744576594,0.0001227747085643,0.002151001044455,0.0021556378254605,0.0017896268160087,0.0019784846320268,0.0013005110983015,0.0052190239619378,0.0070640746352082,0.0042751228195521,0.005623139125737,0.0013251012217953,0.002355821464052,11.78,0.296541517370307,0.0030054918811707
2014-08-29,4082.0,167840.0,11.98,0.0030054918811707,-0.0007368744576594,0.0001227747085643,0.002151001044455,0.0021556378254605,0.0017896268160087,0.0019784846320268,0.0013005110983015,0.0052190239619378,0.0070640746352082,0.0042751228195521,0.0015725691646377,0.0022845718638231,12.05,0.0083508561129468,0.002446783701727
2014-09-02,4092.0,195210.0,12.25,0.002446783701727,0.0030054918811707,-0.0007368744576594,0.0001227747085643,0.002151001044455,0.0021556378254605,0.0017896268160087,0.0019784846320268,0.0013005110983015,0.0052190239619378,0.0070640746352082,0.0016151529596582,0.0016033305748524,11.98,0.1630719733079122,-0.0049609656178469
2014-09-03,4071.75,265480.0,12.36,-0.0049609656178469,0.002446783701727,0.0030054918811707,-0.0007368744576594,0.0001227747085643,0.002151001044455,0.0021556378254605,0.0017896268160087,0.0019784846320268,0.0013005110983015,0.0052190239619378,0.0031696196113053,0.002350182519663,12.25,0.3599713129450335,-0.0006141751820625
2014-09-04,4069.25,276120.0,12.64,-0.0006141751820625,-0.0049609656178469,0.002446783701727,0.0030054918811707,-0.0007368744576594,0.0001227747085643,0.002151001044455,0.0021556378254605,0.0017896268160087,0.0019784846320268,0.0013005110983015,0.0031781785841601,0.0023938025691943,12.36,0.040078348651499,0.0042301506845768
2014-09-05,4086.5,283620.0,12.09,0.0042301506845768,-0.0006141751820625,-0.0049609656178469,0.002446783701727,0.0030054918811707,-0.0007368744576594,0.0001227747085643,0.002151001044455,0.0021556378254605,0.0017896268160087,0.0019784846320268,0.0036921653192388,0.0026191801431585,12.64,0.0271621034332898,0.0015893395362185
2014-09-08,4093.0,207650.0,12.66,0.0015893395362185,0.0042301506845768,-0.0006141751820625,-0.0049609656178469,0.002446783701727,0.0030054918811707,-0.0007368744576594,0.0001227747085643,0.002151001044455,0.0021556378254605,0.0017896268160087,0.0035336552243269,0.0026128803848435,12.09,-0.2678584020872999,-0.006618482304111
2014-09-09,4066.0,386110.0,13.5,-0.006618482304111,0.0015893395362185,0.0042301506845768,-0.0006141751820625,-0.0049609656178469,0.002446783701727,0.0030054918811707,-0.0007368744576594,0.0001227747085643,0.002151001044455,0.0021556378254605,0.0045024149075404,0.0034861574055918,12.66,0.8594269202985794,0.006618482304111
2014-09-10,4093.0,257240.0,12.88,0.006618482304111,-0.006618482304111,0.0015893395362185,0.0042301506845768,-0.0006141751820625,-0.0049609656178469,0.002446783701727,0.0030054918811707,-0.0007368744576594,0.0001227747085643,0.002151001044455,0.0050741240923693,0.0040278442709715,13.5,-0.3337649892517677,-0.0004887585630044
2014-09-11,4091.0,307250.0,12.8,-0.0004887585630044,0.006618482304111,-0.006618482304111,0.0015893395362185,0.0042301506845768,-0.0006141751820625,-0.0049609656178469,0.002446783701727,0.0030054918811707,-0.0007368744576594,0.0001227747085643,0.0050641962819068,0.0040389740984255,12.88,0.1944098895972632,-0.0052078664407793
2014-09-12,4069.75,184360.0,13.31,-0.0052078664407793,-0.0004887585630044,0.006618482304111,-0.006618482304111,0.0015893395362185,0.0042301506845768,-0.0006141751820625,-0.0049609656178469,0.002446783701727,0.0030054918811707,-0.0007368744576594,0.0053413812632255,0.0044145928683518,12.8,-0.399967453213995,-0.0089470871115901
2014-09-15,4033.5,150020.0,14.12,-0.0089470871115901,-0.0052078664407793,-0.0004887585630044,0.006618482304111,-0.006618482304111,0.0015893395362185,0.0042301506845768,-0.0006141751820625,-0.0049609656178469,0.002446783701727,0.0030054918811707,0.0061670917111789,0.0050785895200287,13.31,-0.1862660013018008,0.0080252298112629
2014-09-16,4066.0,124810.0,12.73,0.0080252298112629,-0.0089470871115901,-0.0052078664407793,-0.0004887585630044,0.006618482304111,-0.006618482304111,0.0015893395362185,0.0042301506845768,-0.0006141751820625,-0.0049609656178469,0.002446783701727,0.0073419981461743,0.0057809040441936,14.12,-0.1680442607652312,0.0015973462879082
2014-09-17,4072.5,68880.0,12.65,0.0015973462879082,0.0080252298112629,-0.0089470871115901,-0.0052078664407793,-0.0004887585630044,0.006618482304111,-0.006618482304111,0.0015893395362185,0.0042301506845768,-0.0006141751820625,-0.0049609656178469,0.0065062391765276,0.0056052511513329,12.73,-0.4481211441390914,0.0076441283396021
2014-09-18,4103.75,33220.0,12.03,0.0076441283396021,0.0015973462879082,0.0080252298112629,-0.0089470871115901,-0.0052078664407793,-0.0004887585630044,0.006618482304111,-0.006618482304111,0.0015893395362185,0.0042301506845768,-0.0006141751820625,0.007593157589089,0.0060891606079441,12.65,-0.5177119628339141,0.0049708717503634
2014-09-19,4124.2,279620.0,12.11,0.0049708717503634,0.0076441283396021,0.0015973462879082,0.0080252298112629,-0.0089470871115901,-0.0052078664407793,-0.0004887585630044,0.006618482304111,-0.006618482304111,0.0015893395362185,0.0042301506845768,0.006978915397758,0.0061392246309652,12.03,7.417218543046358,-0.0174763985444832
2014-09-22,4052.75,295630.0,13.69,-0.0174763985444832,0.0049708717503634,0.0076441283396021,0.0015973462879082,0.0080252298112629,-0.0089470871115901,-0.0052078664407793,-0.0004887585630044,0.006618482304111,-0.006618482304111,0.0015893395362185,0.0106182488703502,0.008437850513852,12.11,0.0572562763750805,-0.0038938211687418
2014-09-23,4037.0,276930.0,14.93,-0.0038938211687418,-0.0174763985444832,0.0049708717503634,0.0076441283396021,0.0015973462879082,0.0080252298112629,-0.0089470871115901,-0.0052078664407793,-0.0004887585630044,0.006618482304111,-0.006618482304111,0.0099502901771398,0.0082783275325081,13.69,-0.0632547441058078,0.0124928545617548
2014-09-24,4087.75,278360.0,13.27,0.0124928545617548,-0.0038938211687418,-0.0174763985444832,0.0049708717503634,0.0076441283396021,0.0015973462879082,0.0080252298112629,-0.0089470871115901,-0.0052078664407793,-0.0004887585630044,0.006618482304111,0.011800487760312,0.0090308252685363,14.93,0.0051637597948939,-0.0198270909309877
2014-09-25,4007.5,442900.0,15.64,-0.0198270909309877,0.0124928545617548,-0.0038938211687418,-0.0174763985444832,0.0049708717503634,0.0076441283396021,0.0015973462879082,0.0080252298112629,-0.0089470871115901,-0.0052078664407793,-0.0004887585630044,0.013980560255006,0.0109773283086638,13.27,0.5911050438281362,0.0094993419132868
2014-09-26,4045.75,310000.0,14.85,0.0094993419132868,-0.0198270909309877,0.0124928545617548,-0.0038938211687418,-0.0174763985444832,0.0049708717503634,0.0076441283396021,0.0015973462879082,0.0080252298112629,-0.0089470871115901,-0.0052078664407793,0.0148849043833167,0.0114826389608883,15.64,-0.300067735380447,-0.0025367376325677
2014-09-29,4035.5,350310.0,15.98,-0.0025367376325677,0.0094993419132868,-0.0198270909309877,0.0124928545617548,-0.0038938211687418,-0.0174763985444832,0.0049708717503634,0.0076441283396021,0.0015973462879082,0.0080252298112629,-0.0089470871115901,0.0128197163529952,0.01113810951603,14.85,0.1300322580645161,0.0022895341210191
2014-09-30,4044.75,334470.0,16.31,0.0022895341210191,-0.0025367376325677,0.0094993419132868,-0.0198270909309877,0.0124928545617548,-0.0038938211687418,-0.0174763985444832,0.0049708717503634,0.0076441283396021,0.0015973462879082,0.0080252298112629,0.0127511154545287,0.0108250422099705,15.98,-0.045217093431532,-0.0155099811012425
2014-10-01,3982.5,435750.0,16.71,-0.0155099811012425,0.0022895341210191,-0.0025367376325677,0.0094993419132868,-0.0198270909309877,0.0124928545617548,-0.0038938211687418,-0.0174763985444832,0.0049708717503634,0.0076441283396021,0.0015973462879082,0.0122423731067392,0.0117636322917935,16.31,0.302807426675038,-0.001130582370286
2014-10-02,3978.0,439790.0,16.16,-0.001130582370286,-0.0155099811012425,0.0022895341210191,-0.0025367376325677,0.0094993419132868,-0.0198270909309877,0.0124928545617548,-0.0038938211687418,-0.0174763985444832,0.0049708717503634,0.0076441283396021,0.009121875716483,0.011261414701213,16.71,0.0092713711990819,0.0095072019576475
2014-10-03,4016.0,286080.0,14.55,0.0095072019576475,-0.001130582370286,-0.0155099811012425,0.0022895341210191,-0.0025367376325677,0.0094993419132868,-0.0198270909309877,0.0124928545617548,-0.0038938211687418,-0.0174763985444832,0.0049708717503634,0.0091242407301824,0.011705794319512,16.16,-0.3495077195934423,-0.0022435507354206
2014-10-06,4007.0,338250.0,15.46,-0.0022435507354206,0.0095072019576475,-0.001130582370286,-0.0155099811012425,0.0022895341210191,-0.0025367376325677,0.0094993419132868,-0.0198270909309877,0.0124928545617548,-0.0038938211687418,-0.0174763985444832,0.0091166594754804,0.0104914290703848,14.55,0.1823615771812081,-0.0127462247436581
2014-10-07,3956.25,383800.0,17.2,-0.0127462247436581,-0.0022435507354206,0.0095072019576475,-0.001130582370286,-0.0155099811012425,0.0022895341210191,-0.0025367376325677,0.0094993419132868,-0.0198270909309877,0.0124928545617548,-0.0038938211687418,0.0100229455046508,0.0111055475798663,15.46,0.1346637102734664,0.0185938308311691
2014-10-08,4030.5,466940.0,15.11,0.0185938308311691,-0.0127462247436581,-0.0022435507354206,0.0095072019576475,-0.001130582370286,-0.0155099811012425,0.0022895341210191,-0.0025367376325677,0.0094993419132868,-0.0198270909309877,0.0124928545617548,0.0120019592281315,0.0121133074388523,17.2,0.2166232412714956,-0.0150613727328995
2014-10-09,3970.25,595700.0,18.76,-0.0150613727328995,0.0185938308311691,-0.0127462247436581,-0.0022435507354206,0.0095072019576475,-0.001130582370286,-0.0155099811012425,0.0022895341210191,-0.0025367376325677,0.0094993419132868,-0.0198270909309877,0.0144022702874103,0.0113797751650099,15.11,0.2757527733755942,-0.0299769993645983
2014-10-10,3853.0,675540.0,21.24,-0.0299769993645983,-0.0150613727328995,0.0185938308311691,-0.0127462247436581,-0.0022435507354206,0.0095072019576475,-0.001130582370286,-0.0155099811012425,0.0022895341210191,-0.0025367376325677,0.0094993419132868,0.0179953829409733,0.0139216382536881,18.76,0.1340271948967601,-0.0142458136828813
2014-10-13,3798.5,636050.0,24.64,-0.0142458136828813,-0.0299769993645983,-0.0150613727328995,0.0185938308311691,-0.0127462247436581,-0.0022435507354206,0.0095072019576475,-0.001130582370286,-0.0155099811012425,0.0022895341210191,-0.0025367376325677,0.017787016524219,0.0141922928844664,21.24,-0.0584569381531812,0.0034821493087402
2014-10-14,3811.75,602320.0,22.79,0.0034821493087402,-0.0142458136828813,-0.0299769993645983,-0.0150613727328995,0.0185938308311691,-0.0127462247436581,-0.0022435507354206,0.0095072019576475,-0.001130582370286,-0.0155099811012425,0.0022895341210191,0.018770818058769,0.0142749513264336,24.64,-0.0530304221366244,-0.0157993701259011
2014-10-15,3752.0,831110.0,26.25,-0.0157993701259011,0.0034821493087402,-0.0142458136828813,-0.0299769993645983,-0.0150613727328995,0.0185938308311691,-0.0127462247436581,-0.0022435507354206,0.0095072019576475,-0.001130582370286,-0.0155099811012425,0.0118827797865878,0.0142967997914324,22.79,0.3798479213707,-0.0028024306057021
2014-10-16,3741.5,695840.0,25.2,-0.0028024306057021,-0.0157993701259011,0.0034821493087402,-0.0142458136828813,-0.0299769993645983,-0.0150613727328995,0.0185938308311691,-0.0127462247436581,-0.0022435507354206,0.0095072019576475,-0.001130582370286,0.0129117887799588,0.0142436999275504,26.25,-0.1627582389816029,0.0165665441448677
2014-10-17,3804.0,477900.0,21.99,0.0165665441448677,-0.0028024306057021,-0.0157993701259011,0.0034821493087402,-0.0142458136828813,-0.0299769993645983,-0.0150613727328995,0.0185938308311691,-0.0127462247436581,-0.0022435507354206,0.0095072019576475,0.0133625427438233,0.0152445400508757,25.2,-0.313204184870085,0.0161672361029951
2014-10-20,3866.0,315480.0,18.57,0.0161672361029951,0.0165665441448677,-0.0028024306057021,-0.0157993701259011,0.0034821493087402,-0.0142458136828813,-0.0299769993645983,-0.0150613727328995,0.0185938308311691,-0.0127462247436581,-0.0022435507354206,0.0136324748188329,0.0167123029338167,21.99,-0.3398618957940992,0.0269234763049105
2014-10-21,3971.5,382280.0,16.08,0.0269234763049105,0.0161672361029951,0.0165665441448677,-0.0028024306057021,-0.0157993701259011,0.0034821493087402,-0.0142458136828813,-0.0299769993645983,-0.0150613727328995,0.0185938308311691,-0.0127462247436581,0.0171833284580804,0.0188649045717554,18.57,0.2117408393559021,-0.0056181696239801
2014-10-22,3949.25,343470.0,17.87,-0.0056181696239801,0.0269234763049105,0.0161672361029951,0.0165665441448677,-0.0028024306057021,-0.0157993701259011,0.0034821493087402,-0.0142458136828813,-0.0299769993645983,-0.0150613727328995,0.0185938308311691,0.0139201467435189,0.0177913922179608,16.08,-0.1015224442816783,0.014080313077617
2014-10-23,4005.25,348130.0,16.53,0.014080313077617,-0.0056181696239801,0.0269234763049105,0.0161672361029951,0.0165665441448677,-0.0028024306057021,-0.0157993701259011,0.0034821493087402,-0.0142458136828813,-0.0299769993645983,-0.0150613727328995,0.0118582460686202,0.0178075572187075,17.87,0.0135674149125104,0.007338341389108
2014-10-24,4034.75,288630.0,16.11,0.007338341389108,0.014080313077617,-0.0056181696239801,0.0269234763049105,0.0161672361029951,0.0165665441448677,-0.0028024306057021,-0.0157993701259011,0.0034821493087402,-0.0142458136828813,-0.0299769993645983,0.0120030077215951,0.0141596699455373,16.53,-0.1709131646224111,0.0008670878779355
2014-10-27,4038.25,275990.0,16.04,0.0008670878779355,0.007338341389108,0.014080313077617,-0.0056181696239801,0.0269234763049105,0.0161672361029951,0.0165665441448677,-0.0028024306057021,-0.0157993701259011,0.0034821493087402,-0.0142458136828813,0.0125425257357666,0.0126496259250124,16.11,-0.0437930915012299,0.0137110574273674
2014-10-28,4094.0,258880.0,14.39,0.0137110574273674,0.0008670878779355,0.007338341389108,0.014080313077617,-0.0056181696239801,0.0269234763049105,0.0161672361029951,0.0165665441448677,-0.0028024306057021,-0.0157993701259011,0.0034821493087402,0.008482968287411,0.0128249304615806,16.04,-0.061994999818834,-0.0053268149835204
2014-10-29,4072.25,340710.0,15.15,-0.0053268149835204,0.0137110574273674,0.0008670878779355,0.007338341389108,0.014080313077617,-0.0056181696239801,0.0269234763049105,0.0161672361029951,0.0165665441448677,-0.0028024306057021,-0.0157993701259011,0.0083829704215547,0.0110477625266144,14.39,0.3160923980222496,0.0042270409373144
2014-10-30,4089.5,366990.0,14.52,0.0042270409373144,-0.0053268149835204,0.0137110574273674,0.0008670878779355,0.007338341389108,0.014080313077617,-0.0056181696239801,0.0269234763049105,0.0161672361029951,0.0165665441448677,-0.0028024306057021,0.0071093586097223,0.0104796010409277,15.15,0.077133045698688,0.0148060957200614
2014-10-31,4150.5,313260.0,14.03,0.0148060957200614,0.0042270409373144,-0.0053268149835204,0.0137110574273674,0.0008670878779355,0.007338341389108,0.014080313077617,-0.0056181696239801,0.0269234763049105,0.0161672361029951,0.0165665441448677,0.0085762174956624,0.0103503730334359,14.52,-0.1464072590533802,0.0016249890729333
2014-11-03,4157.25,215040.0,14.73,0.0016249890729333,0.0148060957200614,0.0042270409373144,-0.0053268149835204,0.0137110574273674,0.0008670878779355,0.007338341389108,0.014080313077617,-0.0056181696239801,0.0269234763049105,0.0161672361029951,0.0084765140072008,0.0102080108936192,14.03,-0.3135414671518866,-0.0033129566789266
2014-11-04,4143.5,259950.0,14.89,-0.0033129566789266,0.0016249890729333,0.0148060957200614,0.0042270409373144,-0.0053268149835204,0.0137110574273674,0.0008670878779355,0.007338341389108,0.014080313077617,-0.0056181696239801,0.0269234763049105,0.0079087199970904,0.0079703923338848,14.73,0.2088448660714286,-0.0002413709883792
2014-11-05,4142.5,270150.0,14.17,-0.0002413709883792,-0.0033129566789266,0.0016249890729333,0.0148060957200614,0.0042270409373144,-0.0053268149835204,0.0137110574273674,0.0008670878779355,0.007338341389108,0.014080313077617,-0.0056181696239801,0.0069328005762279,0.0073918559532377,14.89,0.0392383150605886,0.0048764432445082
2014-11-06,4162.75,233280.0,13.67,0.0048764432445082,-0.0002413709883792,-0.0033129566789266,0.0016249890729333,0.0148060957200614,0.0042270409373144,-0.0053268149835204,0.0137110574273674,0.0008670878779355,0.007338341389108,0.014080313077617,0.006957720099093,0.0066395273093427,14.17,-0.1364797334813992,-0.0028868727573303
2014-11-07,4150.75,229700.0,13.12,-0.0028868727573303,0.0048764432445082,-0.0002413709883792,-0.0033129566789266,0.0016249890729333,0.0148060957200614,0.0042270409373144,-0.0053268149835204,0.0137110574273674,0.0008670878779355,0.007338341389108,0.0033833245061395,0.0068284886045967,13.67,-0.0153463648834019,0.0046869452462691
2014-11-10,4170.25,164940.0,12.67,0.0046869452462691,-0.0028868727573303,0.0048764432445082,-0.0002413709883792,-0.0033129566789266,0.0016249890729333,0.0148060957200614,0.0042270409373144,-0.0053268149835204,0.0137110574273674,0.0008670878779355,0.0039738369059971,0.0068130287893624,13.12,-0.2819329560296038,0.003112470340518
2014-11-11,4183.25,134500.0,12.92,0.003112470340518,0.0046869452462691,-0.0028868727573303,0.0048764432445082,-0.0002413709883792,-0.0033129566789266,0.0016249890729333,0.0148060957200614,0.0042270409373144,-0.0053268149835204,0.0137110574273674,0.0033762230963604,0.0057387318834095,12.67,-0.1845519582878623,0.0030432341415048
2014-11-12,4196.0,202720.0,13.02,0.0030432341415048,0.003112470340518,0.0046869452462691,-0.0028868727573303,0.0048764432445082,-0.0002413709883792,-0.0033129566789266,0.0016249890729333,0.0148060957200614,0.0042270409373144,-0.0053268149835204,0.0031661000972971,0.0051009399172457,12.92,0.5072118959107808,0.0021426028908606
2014-11-13,4205.0,295020.0,13.79,0.0021426028908606,0.0030432341415048,0.003112470340518,0.0046869452462691,-0.0028868727573303,0.0048764432445082,-0.0002413709883792,-0.0033129566789266,0.0016249890729333,0.0148060957200614,0.0042270409373144,0.0028916054234786,0.00508750791767,13.02,0.455307813733228,0.0040346560012174
2014-11-14,4222.0,218490.0,13.31,0.0040346560012174,0.0021426028908606,0.0030432341415048,0.003112470340518,0.0046869452462691,-0.0028868727573303,0.0048764432445082,-0.0002413709883792,-0.0033129566789266,0.0016249890729333,0.0148060957200614,0.0009810631617141,0.0029514693522381,13.79,-0.2594061419564775,-0.0023120026897713
2014-11-17,4212.25,230970.0,13.99,-0.0023120026897713,0.0040346560012174,0.0021426028908606,0.0030432341415048,0.003112470340518,0.0046869452462691,-0.0028868727573303,0.0048764432445082,-0.0002413709883792,-0.0033129566789266,0.0016249890729333,0.0025039652397172,0.0032146227197405,13.31,0.0571193189619663,0.0060945131097497
2014-11-18,4238.0,213480.0,13.86,0.0060945131097497,-0.0023120026897713,0.0040346560012174,0.0021426028908606,0.0030432341415048,0.003112470340518,0.0046869452462691,-0.0028868727573303,0.0048764432445082,-0.0002413709883792,-0.0033129566789266,0.0031146146212599,0.0030838791844544,13.99,-0.0757241200155864,-0.0033681007997447
2014-11-19,4223.75,235760.0,13.96,-0.0033681007997447,0.0060945131097497,-0.0023120026897713,0.0040346560012174,0.0021426028908606,0.0030432341415048,0.003112470340518,0.0046869452462691,-0.0028868727573303,0.0048764432445082,-0.0002413709883792,0.004062380057322,0.0034960761303194,13.86,0.1043657485478732,0.005018460716948
2014-11-20,4245.0,214470.0,13.58,0.005018460716948,-0.0033681007997447,0.0060945131097497,-0.0023120026897713,0.0040346560012174,0.0021426028908606,0.0030432341415048,0.003112470340518,0.0046869452462691,-0.0028868727573303,0.0048764432445082,0.0043979863432519,0.0035095815011492,13.96,-0.0903036986766202,0.0010006770120131
2014-11-21,4249.25,285750.0,12.9,0.0010006770120131,0.005018460716948,-0.0033681007997447,0.0060945131097497,-0.0023120026897713,0.0040346560012174,0.0021426028908606,0.0030432341415048,0.003112470340518,0.0046869452462691,-0.0028868727573303,0.0042349954436434,0.0031055110482314,13.58,0.3323541754091481,0.0076776933921672
2014-11-24,4282.0,158380.0,12.62,0.0076776933921672,0.0010006770120131,0.005018460716948,-0.0033681007997447,0.0060945131097497,-0.0023120026897713,0.0040346560012174,0.0021426028908606,0.0030432341415048,0.003112470340518,0.0046869452462691,0.0044630675089156,0.0034777734971993,12.9,-0.4457392825896763,0.0024491236220023
2014-11-25,4292.5,169150.0,12.25,0.0024491236220023,0.0076776933921672,0.0010006770120131,0.005018460716948,-0.0033681007997447,0.0060945131097497,-0.0023120026897713,0.0040346560012174,0.0021426028908606,0.0030432341415048,0.003112470340518,0.0041779443960949,0.0034741784591388,12.62,0.0680010102285642,0.005865119452398
2014-11-26,4317.75,135750.0,12.07,0.005865119452398,0.0024491236220023,0.0076776933921672,0.0010006770120131,0.005018460716948,-0.0033681007997447,0.0060945131097497,-0.0023120026897713,0.0040346560012174,0.0021426028908606,0.0030432341415048,0.0026755202079497,0.0036273830115978,12.25,-0.1974578776234111,0.0047366077465844
2014-11-28,4338.25,134100.0,13.33,0.0047366077465844,0.005865119452398,0.0024491236220023,0.0076776933921672,0.0010006770120131,0.005018460716948,-0.0033681007997447,0.0060945131097497,-0.0023120026897713,0.0040346560012174,0.0021426028908606,0.0026622267440914,0.0036629353226181,12.07,-0.0121546961325966,-0.0120004918518025
2014-12-01,4286.5,324370.0,14.29,-0.0120004918518025,0.0047366077465844,0.005865119452398,0.0024491236220023,0.0076776933921672,0.0010006770120131,0.005018460716948,-0.0033681007997447,0.0060945131097497,-0.0023120026897713,0.0040346560012174,0.0079144849257006,0.0059890966441096,13.33,1.4188665175242354,0.0044227260174092
2014-12-02,4305.5,226500.0,12.85,0.0044227260174092,-0.0120004918518025,0.0047366077465844,0.005865119452398,0.0024491236220023,0.0076776933921672,0.0010006770120131,0.005018460716948,-0.0033681007997447,0.0060945131097497,-0.0023120026897713,0.0074231843555834,0.0058886062042682,14.29,-0.301723340629528,0.0011606315137598
2014-12-03,4310.5,190810.0,12.47,0.0011606315137598,0.0044227260174092,-0.0120004918518025,0.0047366077465844,0.005865119452398,0.0024491236220023,0.0076776933921672,0.0010006770120131,0.005018460716948,-0.0033681007997447,0.0060945131097497,0.0073866821246988,0.005729626537432,12.85,-0.1575717439293598,0.0006957328666538
2014-12-04,4313.5,248730.0,12.38,0.0006957328666538,0.0011606315137598,0.0044227260174092,-0.0120004918518025,0.0047366077465844,0.005865119452398,0.0024491236220023,0.0076776933921672,0.0010006770120131,0.005018460716948,-0.0033681007997447,0.0068491771231752,0.0054686941022104,12.47,0.3035480320737906,-5.795925466026269e-05
2014-12-05,4313.25,199230.0,11.82,-5.795925466026269e-05,0.0006957328666538,0.0011606315137598,0.0044227260174092,-0.0120004918518025,0.0047366077465844,0.005865119452398,0.0024491236220023,0.0076776933921672,0.0010006770120131,0.005018460716948,0.0062993368118758,0.0054031738617894,12.38,-0.1990109757568448,-0.0079723428451563
2014-12-08,4279.0,320420.0,14.21,-0.0079723428451563,-5.795925466026269e-05,0.0006957328666538,0.0011606315137598,0.0044227260174092,-0.0120004918518025,0.0047366077465844,0.005865119452398,0.0024491236220023,0.0076776933921672,0.0010006770120131,0.0045918372245874,0.006199262146739,11.82,0.6082919239070421,0.002742205399931
2014-12-09,4290.75,339490.0,14.89,0.002742205399931,-0.0079723428451563,-5.795925466026269e-05,0.0006957328666538,0.0011606315137598,0.0044227260174092,-0.0120004918518025,0.0047366077465844,0.005865119452398,0.0024491236220023,0.0076776933921672,0.0041999122776942,0.0057629206869303,14.21,0.0595156357281068,-0.0149690212499578
2014-12-10,4227.0,382190.0,18.53,-0.0149690212499578,0.002742205399931,-0.0079723428451563,-5.795925466026269e-05,0.0006957328666538,0.0011606315137598,0.0044227260174092,-0.0120004918518025,0.0047366077465844,0.005865119452398,0.0024491236220023,0.0074011381607864,0.0074068048478001,14.89,0.1257769006450853,0.0022449350717289
2014-12-11,4236.5,422620.0,20.08,0.0022449350717289,-0.0149690212499578,0.002742205399931,-0.0079723428451563,-5.795925466026269e-05,0.0006957328666538,0.0011606315137598,0.0044227260174092,-0.0120004918518025,0.0047366077465844,0.005865119452398,0.0076698253634351,0.0070863169534124,18.53,0.1057850807190141,-0.0111560615851776
2014-12-12,4189.5,245580.0,21.08,-0.0111560615851776,0.0022449350717289,-0.0149690212499578,0.002742205399931,-0.0079723428451563,-5.795925466026269e-05,0.0006957328666538,0.0011606315137598,0.0044227260174092,-0.0120004918518025,0.0047366077465844,0.0079869462352766,0.0072136061373324,20.08,-0.4189106052718754,-0.0061652845454516
2014-12-15,4163.75,225300.0,20.42,-0.0061652845454516,-0.0111560615851776,0.0022449350717289,-0.0149690212499578,0.002742205399931,-0.0079723428451563,-5.795925466026269e-05,0.0006957328666538,0.0011606315137598,0.0044227260174092,-0.0120004918518025,0.007905792572601,0.00666363805628,21.08,-0.0825800146591742,-0.0187272525517049
2014-12-16,4086.5,186210.0,23.57,-0.0187272525517049,-0.0061652845454516,-0.0111560615851776,0.0022449350717289,-0.0149690212499578,0.002742205399931,-0.0079723428451563,-5.795925466026269e-05,0.0006957328666538,0.0011606315137598,0.0044227260174092,0.0081629468439775,0.0077651075330971,20.42,-0.1735019973368842,0.0184870555890417
2014-12-17,4162.75,84870.0,19.44,0.0184870555890417,-0.0187272525517049,-0.0061652845454516,-0.0111560615851776,0.0022449350717289,-0.0149690212499578,0.002742205399931,-0.0079723428451563,-5.795925466026269e-05,0.0006957328666538,0.0011606315137598,0.0142571884791967,0.0107185140494579,23.57,-0.5442242629289512,0.0242662673805533
2014-12-18,4265.0,60280.0,16.81,0.0242662673805533,0.0184870555890417,-0.0187272525517049,-0.0061652845454516,-0.0111560615851776,0.0022449350717289,-0.0149690212499578,0.002742205399931,-0.0079723428451563,-5.795925466026269e-05,0.0006957328666538,0.018939447742326,0.0138692632085876,19.44,-0.2897372451985389,-0.0015956451667873
2014-12-19,4258.2,290160.0,16.49,-0.0015956451667873,0.0242662673805533,0.0184870555890417,-0.0187272525517049,-0.0061652845454516,-0.0111560615851776,0.0022449350717289,-0.0149690212499578,0.002742205399931,-0.0079723428451563,-5.795925466026269e-05,0.0178113643614261,0.0138645710356087,16.81,3.813536828135368,0.0078480393920463
2014-12-22,4291.75,164830.0,15.25,0.0078480393920463,-0.0015956451667873,0.0242662673805533,0.0184870555890417,-0.0187272525517049,-0.0061652845454516,-0.0111560615851776,0.0022449350717289,-0.0149690212499578,0.002742205399931,-0.0079723428451563,0.0170448941522108,0.0139191515212518,16.49,-0.4319341053212021,-0.0032089645086876
2014-12-23,4278.0,148400.0,14.8,-0.0032089645086876,0.0078480393920463,-0.0015956451667873,0.0242662673805533,0.0184870555890417,-0.0187272525517049,-0.0061652845454516,-0.0111560615851776,0.0022449350717289,-0.0149690212499578,0.002742205399931,0.012099480408603,0.0139302323548203,15.25,-0.0996784565916398,0.0010513405559241
2014-12-24,4282.5,46180.0,14.37,0.0010513405559241,-0.0032089645086876,0.0078480393920463,-0.0015956451667873,0.0242662673805533,0.0184870555890417,-0.0187272525517049,-0.0061652845454516,-0.0111560615851776,0.0022449350717289,-0.0149690212499578,0.0112196548210376,0.0129416038148548,14.8,-0.6888140161725067,0.0064589558576856
2014-12-26,4310.25,61110.0,14.5,0.0064589558576856,0.0010513405559241,-0.0032089645086876,0.0078480393920463,-0.0015956451667873,0.0242662673805533,0.0184870555890417,-0.0187272525517049,-0.0061652845454516,-0.0111560615851776,0.0022449350717289,0.0048729472525699,0.0130438349182081,14.37,0.3233001299263751,0.0001739886911739
2014-12-29,4311.0,102430.0,15.06,0.0001739886911739,0.0064589558576856,0.0010513405559241,-0.0032089645086876,0.0078480393920463,-0.0015956451667873,0.0242662673805533,0.0184870555890417,-0.0187272525517049,-0.0061652845454516,-0.0111560615851776,0.0045926526931171,0.0122696663009173,14.5,0.6761577483226968,-0.0065745691365667
2014-12-30,4282.75,110090.0,15.92,-0.0065745691365667,0.0001739886911739,0.0064589558576856,0.0010513405559241,-0.0032089645086876,0.0078480393920463,-0.0015956451667873,0.0242662673805533,0.0184870555890417,-0.0187272525517049,-0.0061652845454516,0.0048860705956653,0.0123037484857423,15.06,0.0747827784828663,-0.0117434266022267
2014-12-31,4232.75,146910.0,19.2,-0.0117434266022267,-0.0065745691365667,0.0001739886911739,0.0064589558576856,0.0010513405559241,-0.0032089645086876,0.0078480393920463,-0.0015956451667873,0.0242662673805533,0.0184870555890417,-0.0187272525517049,0.0070952724951994,0.0110825237338903,15.92,0.3344536288491235,-0.0043802603479239
2015-01-02,4214.25,229560.0,17.79,-0.0043802603479239,-0.0117434266022267,-0.0065745691365667,0.0001739886911739,0.0064589558576856,0.0010513405559241,-0.0032089645086876,0.0078480393920463,-0.0015956451667873,0.0242662673805533,0.0184870555890417,0.0069001674668714,0.0099517832669976,19.2,0.5625893404124975,-0.0125359807862969
2015-01-05,4161.75,313770.0,19.92,-0.0125359807862969,-0.0043802603479239,-0.0117434266022267,-0.0065745691365667,0.0001739886911739,0.0064589558576856,0.0010513405559241,-0.0032089645086876,0.0078480393920463,-0.0015956451667873,0.0242662673805533,0.0052833841956079,0.0067880820330985,17.79,0.3668322007318347,-0.0144000552188606
2015-01-06,4102.25,426150.0,21.12,-0.0144000552188606,-0.0125359807862969,-0.0043802603479239,-0.0117434266022267,-0.0065745691365667,0.0001739886911739,0.0064589558576856,0.0010513405559241,-0.0032089645086876,0.0078480393920463,-0.0015956451667873,0.0042461606981281,0.0077485799621072,19.92,0.3581604359881443,0.0119341110468255
2015-01-07,4151.5,328180.0,19.31,0.0119341110468255,-0.0144000552188606,-0.0125359807862969,-0.0043802603479239,-0.0117434266022267,-0.0065745691365667,0.0001739886911739,0.0064589558576856,0.0010513405559241,-0.0032089645086876,0.0078480393920463,0.0108428480668202,0.0084984778852913,21.12,-0.2298955766748797,0.0192640518152738
2015-01-08,4232.25,272060.0,17.01,0.0192640518152738,0.0119341110468255,-0.0144000552188606,-0.0125359807862969,-0.0043802603479239,-0.0117434266022267,-0.0065745691365667,0.0001739886911739,0.0064589558576856,0.0010513405559241,-0.0032089645086876,0.0149768403961868,0.0111038146418299,19.31,-0.1710037174721189,-0.0074706857593077
2015-01-09,4200.75,341970.0,17.55,-0.0074706857593077,0.0192640518152738,0.0119341110468255,-0.0144000552188606,-0.0125359807862969,-0.0043802603479239,-0.0117434266022267,-0.0065745691365667,0.0001739886911739,0.0064589558576856,0.0010513405559241,0.0152626282064107,0.0112485561156631,17.01,0.2569653752848637,-0.0081867259357898
2015-01-12,4166.5,319440.0,19.6,-0.0081867259357898,-0.0074706857593077,0.0192640518152738,0.0119341110468255,-0.0144000552188606,-0.0125359807862969,-0.0043802603479239,-0.0117434266022267,-0.0065745691365667,0.0001739886911739,0.0064589558576856,0.014521205863655,0.0109856932657504,17.55,-0.065882972190543,-0.0019219225135193
2015-01-13,4158.5,476650.0,20.56,-0.0019219225135193,-0.0081867259357898,-0.0074706857593077,0.0192640518152738,0.0119341110468255,-0.0144000552188606,-0.0125359807862969,-0.0043802603479239,-0.0117434266022267,-0.0065745691365667,0.0001739886911739,0.0122776179840693,0.0109299530574927,19.6,0.4921424993739043,-0.0031310237524687
2015-01-14,4145.5,450810.0,21.48,-0.0031310237524687,-0.0019219225135193,-0.0081867259357898,-0.0074706857593077,0.0192640518152738,0.0119341110468255,-0.0144000552188606,-0.0125359807862969,-0.0043802603479239,-0.0117434266022267,-0.0065745691365667,0.0112585085068652,0.0108800101667264,20.56,-0.054211685723277,-0.013722967191631
2015-01-15,4089.0,456040.0,22.39,-0.013722967191631,-0.0031310237524687,-0.0019219225135193,-0.0081867259357898,-0.0074706857593077,0.0192640518152738,0.0119341110468255,-0.0144000552188606,-0.0125359807862969,-0.0043802603479239,-0.0117434266022267,0.0046776002254521,0.0110679517645726,21.48,0.0116013398105632,0.0109450198770713
2015-01-16,4134.0,359020.0,20.95,0.0109450198770713,-0.013722967191631,-0.0031310237524687,-0.0019219225135193,-0.0081867259357898,-0.0074706857593077,0.0192640518152738,0.0119341110468255,-0.0144000552188606,-0.0125359807862969,-0.0043802603479239,0.0091831372511287,0.0119513761250512,22.39,-0.2127444960968336,0.0079508911807398
2015-01-20,4167.0,347450.0,19.89,0.0079508911807398,0.0109450198770713,-0.013722967191631,-0.0031310237524687,-0.0019219225135193,-0.0081867259357898,-0.0074706857593077,0.0192640518152738,0.0119341110468255,-0.0144000552188606,-0.0125359807862969,0.0098084679642353,0.0116827985454021,20.95,-0.0322266169015653,0.0037725725153194
2015-01-21,4182.75,327200.0,18.85,0.0037725725153194,0.0079508911807398,0.0109450198770713,-0.013722967191631,-0.0031310237524687,-0.0019219225135193,-0.0081867259357898,-0.0074706857593077,0.0192640518152738,0.0119341110468255,-0.0144000552188606,0.0098565195103963,0.0105285552821548,19.89,-0.0582817671607425,0.0194146376228562
2015-01-22,4264.75,338350.0,16.4,0.0194146376228562,0.0037725725153194,0.0079508911807398,0.0109450198770713,-0.013722967191631,-0.0031310237524687,-0.0019219225135193,-0.0081867259357898,-0.0074706857593077,0.0192640518152738,0.0119341110468255,0.0122640811885772,0.0115349195029943,18.85,0.0340770171149145,0.000527441627371
2015-01-23,4267.0,227200.0,16.66,0.000527441627371,0.0194146376228562,0.0037725725153194,0.0079508911807398,0.0109450198770713,-0.013722967191631,-0.0031310237524687,-0.0019219225135193,-0.0081867259357898,-0.0074706857593077,0.0192640518152738,0.0072683693139046,0.0099577586325484,16.4,-0.3285059849268509,0.0005271635793483
2015-01-26,4269.25,187610.0,15.52,0.0005271635793483,0.000527441627371,0.0194146376228562,0.0037725725153194,0.0079508911807398,0.0109450198770713,-0.013722967191631,-0.0031310237524687,-0.0019219225135193,-0.0081867259357898,-0.0074706857593077,0.0078685950683505,0.0095300853802767,16.66,-0.1742517605633803,-0.0217251862977996
2015-01-27,4177.5,363820.0,17.22,-0.0217251862977996,0.0005271635793483,0.000527441627371,0.0194146376228562,0.0037725725153194,0.0079508911807398,0.0109450198770713,-0.013722967191631,-0.0031310237524687,-0.0019219225135193,-0.0081867259357898,0.0146836098153844,0.01177488923417,15.52,0.9392356484195938,-0.0128287964135149
2015-01-28,4124.25,363120.0,20.44,-0.0128287964135149,-0.0217251862977996,0.0005271635793483,0.000527441627371,0.0194146376228562,0.0037725725153194,0.0079508911807398,0.0109450198770713,-0.013722967191631,-0.0031310237524687,-0.0019219225135193,0.0156074502059334,0.0124836420104686,17.22,-0.0019240283656752,0.0148017142806189
2015-01-29,4185.75,358570.0,18.76,0.0148017142806189,-0.0128287964135149,-0.0217251862977996,0.0005271635793483,0.000527441627371,0.0194146376228562,0.0037725725153194,0.0079508911807398,0.0109450198770713,-0.013722967191631,-0.0031310237524687,0.0140204141953869,0.0133722873580251,20.44,-0.0125302930160828,-0.010688224722547
2015-01-30,4141.25,345600.0,20.97,-0.010688224722547,0.0148017142806189,-0.0128287964135149,-0.0217251862977996,0.0005271635793483,0.000527441627371,0.0194146376228562,0.0037725725153194,0.0079508911807398,0.0109450198770713,-0.013722967191631,0.0140642016717833,0.0130319920087129,18.76,-0.0361714588504337,0.0106284964860054
2015-02-02,4185.5,353850.0,19.43,0.0106284964860054,-0.010688224722547,0.0148017142806189,-0.0128287964135149,-0.0217251862977996,0.0005271635793483,0.000527441627371,0.0194146376228562,0.0037725725153194,0.0079508911807398,0.0109450198770713,0.0158457606761459,0.013006240358806,20.97,0.0238715277777776,0.0073199362757488
2015-02-03,4216.25,283370.0,17.33,0.0073199362757488,0.0106284964860054,-0.010688224722547,0.0148017142806189,-0.0128287964135149,-0.0217251862977996,0.0005271635793483,0.000527441627371,0.0194146376228562,0.0037725725153194,0.0079508911807398,0.0127220595091543,0.0129715411337694,19.43,-0.1991804436908294,-0.0029096543790182
2015-02-04,4204.0,269500.0,18.33,-0.0029096543790182,0.0073199362757488,0.0106284964860054,-0.010688224722547,0.0148017142806189,-0.0128287964135149,-0.0217251862977996,0.0005271635793483,0.000527441627371,0.0194146376228562,0.0037725725153194,0.0104280812370834,0.0129949536777046,17.33,-0.0489466069096939,0.0102941215492452
2015-02-05,4247.5,200570.0,16.85,0.0102941215492452,-0.0029096543790182,0.0073199362757488,0.0106284964860054,-0.010688224722547,0.0148017142806189,-0.0128287964135149,-0.0217251862977996,0.0005271635793483,0.000527441627371,0.0194146376228562,0.0093851781686835,0.0117841017528484,18.33,-0.2557699443413729,-0.0047197727733516
2015-02-06,4227.5,127700.0,17.29,-0.0047197727733516,0.0102941215492452,-0.0029096543790182,0.0073199362757488,0.0106284964860054,-0.010688224722547,0.0148017142806189,-0.0128287964135149,-0.0217251862977996,0.0005271635793483,0.000527441627371,0.0073871084412397,0.0118545670624506,16.85,-0.363314553522461,-0.0031391621123181
2015-02-09,4214.25,147080.0,18.55,-0.0031391621123181,-0.0047197727733516,0.0102941215492452,-0.0029096543790182,0.0073199362757488,0.0106284964860054,-0.010688224722547,0.0148017142806189,-0.0128287964135149,-0.0217251862977996,0.0005271635793483,0.0069060661739238,0.0118611858637649,17.29,0.1517619420516835,0.0145463534845185
2015-02-10,4276.0,225790.0,17.23,0.0145463534845185,-0.0031391621123181,-0.0047197727733516,0.0102941215492452,-0.0029096543790182,0.0073199362757488,0.0106284964860054,-0.010688224722547,0.0148017142806189,-0.0128287964135149,-0.0217251862977996,0.0089241025704611,0.0103725223497857,18.55,0.5351509382648898,0.0047827446083417
2015-02-11,4296.5,207030.0,16.96,0.0047827446083417,0.0145463534845185,-0.0031391621123181,-0.0047197727733516,0.0102941215492452,-0.0029096543790182,0.0073199362757488,0.0106284964860054,-0.010688224722547,0.0148017142806189,-0.0128287964135149,0.0083341730208141,0.0089037790734347,17.23,-0.0830860534124628,0.0111674818915655
2015-02-12,4344.75,219350.0,15.34,0.0111674818915655,0.0047827446083417,0.0145463534845185,-0.0031391621123181,-0.0047197727733516,0.0102941215492452,-0.0029096543790182,0.0073199362757488,0.0106284964860054,-0.010688224722547,0.0148017142806189,0.0084973774801357,0.0084822476709142,16.96,0.0595082838236005,0.007395338546052
2015-02-13,4377.0,190390.0,14.69,0.007395338546052,0.0111674818915655,0.0047827446083417,0.0145463534845185,-0.0031391621123181,-0.0047197727733516,0.0102941215492452,-0.0029096543790182,0.0073199362757488,0.0106284964860054,-0.010688224722547,0.0067486712160577,0.0068349481732572,15.34,-0.1320264417597446,0.0010846297623901
2015-02-17,4381.75,194620.0,15.8,0.0010846297623901,0.007395338546052,0.0111674818915655,0.0047827446083417,0.0145463534845185,-0.0031391621123181,-0.0047197727733516,0.0102941215492452,-0.0029096543790182,0.0073199362757488,0.0106284964860054,0.0052729708905551,0.0067101292960141,14.69,0.0222175534429329,0.0009694620245481
2015-02-18,4386.0,146470.0,15.45,0.0009694620245481,0.0010846297623901,0.007395338546052,0.0111674818915655,0.0047827446083417,0.0145463534845185,-0.0031391621123181,-0.0047197727733516,0.0102941215492452,-0.0029096543790182,0.0073199362757488,0.0043406824028747,0.0067227339128791,15.8,-0.2474051998766827,0.0061937294915589
2015-02-19,4413.25,168240.0,15.29,0.0061937294915589,0.0009694620245481,0.0010846297623901,0.007395338546052,0.0111674818915655,0.0047827446083417,0.0145463534845185,-0.0031391621123181,-0.0047197727733516,0.0102941215492452,-0.0029096543790182,0.0043623429919112,0.0062937400745698,15.45,0.1486311190004778,0.0055924450231468
2015-02-20,4438.0,235150.0,14.3,0.0055924450231468,0.0061937294915589,0.0009694620245481,0.0010846297623901,0.007395338546052,0.0111674818915655,0.0047827446083417,0.0145463534845185,-0.0031391621123181,-0.0047197727733516,0.0102941215492452,0.0030106001997633,0.0060117766101903,15.29,0.3977056585829768,0.0014635521891904
2015-02-23,4444.5,133130.0,14.56,0.0014635521891904,0.0055924450231468,0.0061937294915589,0.0009694620245481,0.0010846297623901,0.007395338546052,0.0111674818915655,0.0047827446083417,0.0145463534845185,-0.0031391621123181,-0.0047197727733516,0.0026007026752609,0.0052393700745234,14.3,-0.4338507335743142,0.0012928976758127
2015-02-24,4450.25,163050.0,13.69,0.0012928976758127,0.0014635521891904,0.0055924450231468,0.0061937294915589,0.0009694620245481,0.0010846297623901,0.007395338546052,0.0111674818915655,0.0047827446083417,0.0145463534845185,-0.0031391621123181,0.002562527436758,0.0046253068688504,14.56,0.2247427326673177,-0.003038147942868
2015-02-25,4436.75,173940.0,13.84,-0.003038147942868,0.0012928976758127,0.0014635521891904,0.0055924450231468,0.0061937294915589,0.0009694620245481,0.0010846297623901,0.007395338546052,0.0111674818915655,0.0047827446083417,0.0145463534845185,0.003748701210677,0.0040945050139332,13.69,0.066789328426863,0.0056189393214504
2015-02-26,4461.75,193610.0,13.91,0.0056189393214504,-0.003038147942868,0.0012928976758127,0.0014635521891904,0.0055924450231468,0.0061937294915589,0.0009694620245481,0.0010846297623901,0.007395338546052,0.0111674818915655,0.0047827446083417,0.0036055590547995,0.0041276956781856,13.84,0.1130849718293665,-0.0043237847073183
2015-02-27,4442.5,173300.0,13.34,-0.0043237847073183,0.0056189393214504,-0.003038147942868,0.0012928976758127,0.0014635521891904,0.0055924450231468,0.0061937294915589,0.0009694620245481,0.0010846297623901,0.007395338546052,0.0111674818915655,0.0039719669811243,0.0039476359913351,13.91,-0.1049016063219875,0.0077358982121591
2015-03-02,4477.0,185330.0,13.04,0.0077358982121591,-0.0043237847073183,0.0056189393214504,-0.003038147942868,0.0012928976758127,0.0014635521891904,0.0055924450231468,0.0061937294915589,0.0009694620245481,0.0010846297623901,0.007395338546052,0.0052535002136365,0.0039983403994252,13.34,0.0694171956145413,-0.0045894746701934
2015-03-03,4456.5,198590.0,13.86,-0.0045894746701934,0.0077358982121591,-0.0043237847073183,0.0056189393214504,-0.003038147942868,0.0012928976758127,0.0014635521891904,0.0055924450231468,0.0061937294915589,0.0009694620245481,0.0010846297623901,0.0059163208973291,0.0045482965950501,13.04,0.0715480494253493,-0.0027525787679772
2015-03-04,4444.25,211000.0,14.23,-0.0027525787679772,-0.0045894746701934,0.0077358982121591,-0.0043237847073183,0.0056189393214504,-0.003038147942868,0.0012928976758127,0.0014635521891904,0.0055924450231468,0.0061937294915589,0.0009694620245481,0.0058775236766415,0.0047612619745777,13.86,0.0624905584369808,0.0011806044941221
2015-03-05,4449.5,185180.0,14.04,0.0011806044941221,-0.0027525787679772,-0.0045894746701934,0.0077358982121591,-0.0043237847073183,0.0056189393214504,-0.003038147942868,0.0012928976758127,0.0014635521891904,0.0055924450231468,0.0061937294915589,0.00517352058241,0.0044443853310818,14.23,-0.1223696682464454,-0.010051470926637
2015-03-06,4405.0,296610.0,15.2,-0.010051470926637,0.0011806044941221,-0.0027525787679772,-0.0045894746701934,0.0077358982121591,-0.0043237847073183,0.0056189393214504,-0.003038147942868,0.0012928976758127,0.0014635521891904,0.0055924450231468,0.0066433802444972,0.0052562239163052,14.04,0.6017388486877633,0.0019277660900076
2015-03-09,4413.5,217760.0,15.06,0.0019277660900076,-0.010051470926637,0.0011806044941221,-0.0027525787679772,-0.0045894746701934,0.0077358982121591,-0.0043237847073183,0.0056189393214504,-0.003038147942868,0.0012928976758127,0.0014635521891904,0.0048468809757694,0.0052799062964502,15.2,-0.2658372947641684,-0.0188118415220742
2015-03-10,4331.25,313250.0,16.69,-0.0188118415220742,0.0019277660900076,-0.010051470926637,0.0011806044941221,-0.0027525787679772,-0.0045894746701934,0.0077358982121591,-0.0043237847073183,0.0056189393214504,-0.003038147942868,0.0012928976758127,0.0087331051416544,0.0077067532546416,15.06,0.4385102865540045,-0.0054984945361287
2015-03-11,4307.5,260960.0,16.87,-0.0054984945361287,-0.0188118415220742,0.0019277660900076,-0.010051470926637,0.0011806044941221,-0.0027525787679772,-0.0045894746701934,0.0077358982121591,-0.0043237847073183,0.0056189393214504,-0.003038147942868,0.0085864070352969,0.007757484478813,16.69,-0.1669273743016759,0.0053830477569655
2015-03-12,4330.75,269240.0,15.42,0.0053830477569655,-0.0054984945361287,-0.0188118415220742,0.0019277660900076,-0.010051470926637,0.0011806044941221,-0.0027525787679772,-0.0045894746701934,0.0077358982121591,-0.0043237847073183,0.0056189393214504,0.0096370785343261,0.0077288165564107,16.87,0.0317290006131207,-0.0050928983279751
2015-03-13,4308.75,218260.0,16.0,-0.0050928983279751,0.0053830477569655,-0.0054984945361287,-0.0188118415220742,0.0019277660900076,-0.010051470926637,0.0011806044941221,-0.0027525787679772,-0.0045894746701934,0.0077358982121591,-0.0043237847073183,0.0092889035035077,0.0077474786303516,15.42,-0.1893477937899271,0.0117095330367946
2015-03-16,4359.5,119760.0,15.61,0.0117095330367946,-0.0050928983279751,0.0053830477569655,-0.0054984945361287,-0.0188118415220742,0.0019277660900076,-0.010051470926637,0.0011806044941221,-0.0027525787679772,-0.0045894746701934,0.0077358982121591,0.011681570589112,0.00843402666179,16.0,-0.4512966187116283,0.0041775218841404
2015-03-17,4377.75,118900.0,15.66,0.0041775218841404,0.0117095330367946,-0.0050928983279751,0.0053830477569655,-0.0054984945361287,-0.0188118415220742,0.0019277660900076,-0.010051470926637,0.0011806044941221,-0.0027525787679772,-0.0045894746701934,0.0073638669031886,0.0086636578776695,15.61,-0.0071810287241148,0.0112437300368983
2015-03-18,4427.25,75860.0,13.97,0.0112437300368983,0.0041775218841404,0.0117095330367946,-0.0050928983279751,0.0053830477569655,-0.0054984945361287,-0.0188118415220742,0.0019277660900076,-0.010051470926637,0.0011806044941221,-0.0027525787679772,0.0068102791091569,0.0095724914208078,15.66,-0.3619848612279226,0.0005080870631786
2015-03-19,4429.5,39160.0,14.07,0.0005080870631786,0.0112437300368983,0.0041775218841404,0.0117095330367946,-0.0050928983279751,0.0053830477569655,-0.0054984945361287,-0.0188118415220742,0.0019277660900076,-0.010051470926637,0.0011806044941221,0.0071679477199605,0.0095626410848212,13.97,-0.4837859214342209,0.0084594333823659
2015-03-20,4467.13,210560.0,13.02,0.0084594333823659,0.0005080870631786,0.0112437300368983,0.0041775218841404,0.0117095330367946,-0.0050928983279751,0.0053830477569655,-0.0054984945361287,-0.0188118415220742,0.0019277660900076,-0.010051470926637,0.0048007539301202,0.0092852327497462,14.07,4.376915219611849,-0.0068240178197785
2015-03-23,4436.75,149740.0,13.41,-0.0068240178197785,0.0084594333823659,0.0005080870631786,0.0112437300368983,0.0041775218841404,0.0117095330367946,-0.0050928983279751,0.0053830477569655,-0.0054984945361287,-0.0188118415220742,0.0019277660900076,0.0070808971641371,0.0096358519513699,13.02,-0.2888487841945288,-0.001748301491476
2015-03-24,4429.0,184230.0,13.62,-0.001748301491476,-0.0068240178197785,0.0084594333823659,0.0005080870631786,0.0112437300368983,0.0041775218841404,0.0117095330367946,-0.0050928983279751,0.0053830477569655,-0.0054984945361287,-0.0188118415220742,0.0074292069614685,0.0069743244187547,13.41,0.2303325764658741,-0.0241085655227132
2015-03-25,4323.5,320360.0,15.44,-0.0241085655227132,-0.001748301491476,-0.0068240178197785,0.0084594333823659,0.0005080870631786,0.0112437300368983,0.0041775218841404,0.0117095330367946,-0.0050928983279751,0.0053830477569655,-0.0054984945361287,0.0121470381612509,0.0107351623786593,13.62,0.7389133148781415,-0.0029533565202438
2015-03-26,4310.75,356230.0,15.8,-0.0029533565202438,-0.0241085655227132,-0.001748301491476,-0.0068240178197785,0.0084594333823659,0.0005080870631786,0.0112437300368983,0.0041775218841404,0.0117095330367946,-0.0050928983279751,0.0053830477569655,0.0118684139536179,0.0106258098258635,15.44,0.1119677862404795,0.0034736328565168
2015-03-27,4325.75,209530.0,15.07,0.0034736328565168,-0.0029533565202438,-0.0241085655227132,-0.001748301491476,-0.0068240178197785,0.0084594333823659,0.0005080870631786,0.0112437300368983,0.0041775218841404,0.0117095330367946,-0.0050928983279751,0.0105448352410297,0.0105561519026559,15.8,-0.4118125929876765,0.0107493921559993
2015-03-30,4372.5,202010.0,14.51,0.0107493921559993,0.0034736328565168,-0.0029533565202438,-0.0241085655227132,-0.001748301491476,-0.0068240178197785,0.0084594333823659,0.0005080870631786,0.0112437300368983,0.0041775218841404,0.0117095330367946,0.0130197934815178,0.0104455802265049,15.07,-0.0358898487090154,-0.0098828660049012
2015-03-31,4329.5,224930.0,15.29,-0.0098828660049012,0.0107493921559993,0.0034736328565168,-0.0029533565202438,-0.0241085655227132,-0.001748301491476,-0.0068240178197785,0.0084594333823659,0.0005080870631786,0.0112437300368983,0.0041775218841404,0.0133414405203106,0.0108054221757655,14.51,0.1134597297163506,-0.0038183442400128
2015-04-01,4313.0,311510.0,15.11,-0.0038183442400128,-0.0098828660049012,0.0107493921559993,0.0034736328565168,-0.0029533565202438,-0.0241085655227132,-0.001748301491476,-0.0068240178197785,0.0084594333823659,0.0005080870631786,0.0112437300368983,0.007864575414924,0.009904544005779,15.29,0.3849197528119858,-0.0013340682353275
2015-04-02,4307.25,168850.0,14.67,-0.0013340682353275,-0.0038183442400128,-0.0098828660049012,0.0107493921559993,0.0034736328565168,-0.0029533565202438,-0.0241085655227132,-0.001748301491476,-0.0068240178197785,0.0084594333823659,0.0005080870631786,0.0077703625569975,0.0098570311293498,15.11,-0.4579628262335077,0.0080929975216064
2015-04-06,4342.25,154030.0,14.74,0.0080929975216064,-0.0013340682353275,-0.0038183442400128,-0.0098828660049012,0.0107493921559993,0.0034736328565168,-0.0029533565202438,-0.0241085655227132,-0.001748301491476,-0.0068240178197785,0.0084594333823659,0.0085466038977034,0.0098111027797028,14.67,-0.0877702102457802,-0.0019017438378176
2015-04-07,4334.0,171690.0,14.78,-0.0019017438378176,0.0080929975216064,-0.0013340682353275,-0.0038183442400128,-0.0098828660049012,0.0107493921559993,0.0034736328565168,-0.0029533565202438,-0.0241085655227132,-0.001748301491476,-0.0068240178197785,0.0064710975663317,0.0097117277814078,14.74,0.1146529896773356,0.0093584722055524
2015-04-08,4374.75,225550.0,13.98,0.0093584722055524,-0.0019017438378176,0.0080929975216064,-0.0013340682353275,-0.0038183442400128,-0.0098828660049012,0.0107493921559993,0.0034736328565168,-0.0029533565202438,-0.0241085655227132,-0.001748301491476,0.0061529039094858,0.0103981642033109,14.78,0.3137049333100354,0.0055846965300142
2015-04-09,4399.25,201440.0,13.09,0.0055846965300142,0.0093584722055524,-0.0019017438378176,0.0080929975216064,-0.0013340682353275,-0.0038183442400128,-0.0098828660049012,0.0107493921559993,0.0034736328565168,-0.0029533565202438,-0.0241085655227132,0.0052738033893429,0.0067336956526262,13.98,-0.1068942584792729,0.0035171354613627
2015-04-10,4414.75,126570.0,12.58,0.0035171354613627,0.0055846965300142,0.0093584722055524,-0.0019017438378176,0.0080929975216064,-0.0013340682353275,-0.0038183442400128,-0.0098828660049012,0.0107493921559993,0.0034736328565168,-0.0029533565202438,0.0044360302221738,0.0065410512443916,13.09,-0.3716739475774424,-0.0026083026808286
2015-04-13,4403.25,171930.0,13.94,-0.0026083026808286,0.0035171354613627,0.0055846965300142,0.0093584722055524,-0.0019017438378176,0.0080929975216064,-0.0013340682353275,-0.0038183442400128,-0.0098828660049012,0.0107493921559993,0.0034736328565168,0.0050655210454954,0.0067090660770806,12.58,0.3583787627399857,-0.00124985813339
2015-04-14,4397.75,220750.0,13.67,-0.00124985813339,-0.0026083026808286,0.0035171354613627,0.0055846965300142,0.0093584722055524,-0.0019017438378176,0.0080929975216064,-0.0013340682353275,-0.0038183442400128,-0.0098828660049012,0.0107493921559993,0.0049208980166886,0.0059566363013877,13.94,0.2839527714767638,0.005442498835888
2015-04-15,4421.75,170500.0,12.84,0.005442498835888,-0.00124985813339,-0.0026083026808286,0.0035171354613627,0.0055846965300142,0.0093584722055524,-0.0019017438378176,0.0080929975216064,-0.0013340682353275,-0.0038183442400128,-0.0098828660049012,0.0038310055169449,0.0048321569025113,13.67,-0.2276330690826726,-0.0014710877384226
2015-04-16,4415.25,162970.0,12.6,-0.0014710877384226,0.005442498835888,-0.00124985813339,-0.0026083026808286,0.0035171354613627,0.0055846965300142,0.0093584722055524,-0.0019017438378176,0.0080929975216064,-0.0013340682353275,-0.0038183442400128,0.0035314509292869,0.0045617172613781,12.84,-0.0441642228739003,-0.015118523978842
2015-04-17,4349.0,302070.0,13.89,-0.015118523978842,-0.0014710877384226,0.005442498835888,-0.00124985813339,-0.0026083026808286,0.0035171354613627,0.0055846965300142,0.0093584722055524,-0.0019017438378176,0.0080929975216064,-0.0013340682353275,0.0074781080579261,0.0071466253582407,12.6,0.8535313247837024,0.0133617016743869
2015-04-20,4407.5,218240.0,13.3,0.0133617016743869,-0.015118523978842,-0.0014710877384226,0.005442498835888,-0.00124985813339,-0.0026083026808286,0.0035171354613627,0.0055846965300142,0.0093584722055524,-0.0019017438378176,0.0080929975216064,0.010491255119758,0.007886459147707,13.89,-0.2775184559870228,0.0047532909776124
2015-04-21,4428.5,190750.0,13.25,0.0047532909776124,0.0133617016743869,-0.015118523978842,-0.0014710877384226,0.005442498835888,-0.00124985813339,-0.0026083026808286,0.0035171354613627,0.0055846965300142,0.0093584722055524,-0.0019017438378176,0.0106274789704003,0.0078490083189441,13.3,-0.1259622434017595,0.0037751840864195
2015-04-22,4445.25,196850.0,12.71,0.0037751840864195,0.0047532909776124,0.0133617016743869,-0.015118523978842,-0.0014710877384226,0.005442498835888,-0.00124985813339,-0.0026083026808286,0.0035171354613627,0.0055846965300142,0.0093584722055524,0.0104939926882453,0.0074692139803633,13.25,0.0319790301441678,0.0081217014613591
2015-04-23,4481.5,252580.0,12.48,0.0081217014613591,0.0037751840864195,0.0047532909776124,0.0133617016743869,-0.015118523978842,-0.0014710877384226,0.005442498835888,-0.00124985813339,-0.0026083026808286,0.0035171354613627,0.0055846965300142,0.0107883069058093,0.0076602893195249,12.71,0.2831089662179324,0.0105985510587039
2015-04-24,4529.25,204740.0,12.29,0.0105985510587039,0.0081217014613591,0.0037751840864195,0.0047532909776124,0.0133617016743869,-0.015118523978842,-0.0014710877384226,0.005442498835888,-0.00124985813339,-0.0026083026808286,0.0035171354613627,0.0039947086220177,0.0081433669661672,12.48,-0.1894053369229551,-0.0009940358671394
2015-04-27,4524.75,224600.0,13.12,-0.0009940358671394,0.0105985510587039,0.0081217014613591,0.0037751840864195,0.0047532909776124,0.0133617016743869,-0.015118523978842,-0.0014710877384226,0.005442498835888,-0.00124985813339,-0.0026083026808286,0.004423331579542,0.0080449252329226,12.29,0.0970010745335547,-0.0019356807194281
2015-04-28,4516.0,283970.0,12.41,-0.0019356807194281,-0.0009940358671394,0.0105985510587039,0.0081217014613591,0.0037751840864195,0.0047532909776124,0.0133617016743869,-0.015118523978842,-0.0014710877384226,0.005442498835888,-0.00124985813339,0.0054935148409498,0.008085368240022,13.12,0.2643365983971504,-0.0080594049890275
2015-04-29,4479.75,290970.0,13.39,-0.0080594049890275,-0.0019356807194281,-0.0009940358671394,0.0105985510587039,0.0081217014613591,0.0037751840864195,0.0047532909776124,0.0133617016743869,-0.015118523978842,-0.0014710877384226,0.005442498835888,0.0076815723970615,0.0086737952298206,12.41,0.0246504912490757,-0.0160894559924921
2015-04-30,4408.25,353280.0,14.55,-0.0160894559924921,-0.0080594049890275,-0.0019356807194281,-0.0009940358671394,0.0105985510587039,0.0081217014613591,0.0037751840864195,0.0047532909776124,0.0133617016743869,-0.015118523978842,-0.0014710877384226,0.009830699362942,0.0102769956984783,13.39,0.2141457882255901,0.0134071408888736
2015-05-01,4467.75,197160.0,12.7,0.0134071408888736,-0.0160894559924921,-0.0080594049890275,-0.0019356807194281,-0.0009940358671394,0.0105985510587039,0.0081217014613591,0.0037751840864195,0.0047532909776124,0.0133617016743869,-0.015118523978842,0.0108504534548514,0.0095998393827459,14.55,-0.4419157608695652,0.0019565648973041
2015-05-04,4476.5,191860.0,12.85,0.0019565648973041,0.0134071408888736,-0.0160894559924921,-0.0080594049890275,-0.0019356807194281,-0.0009940358671394,0.0105985510587039,0.0081217014613591,0.0037751840864195,0.0047532909776124,0.0133617016743869,0.0110472142555064,0.0088389679176486,12.7,-0.0268817204301075,-0.0155338558021854
2015-05-05,4407.5,306240.0,14.31,-0.0155338558021854,0.0019565648973041,0.0134071408888736,-0.0160894559924921,-0.0080594049890275,-0.0019356807194281,-0.0009940358671394,0.0105985510587039,0.0081217014613591,0.0037751840864195,0.0047532909776124,0.0125541028435577,0.0102400291650233,12.85,0.5961638694881684,-0.0078583628591047
2015-05-06,4373.0,335130.0,15.15,-0.0078583628591047,-0.0155338558021854,0.0019565648973041,0.0134071408888736,-0.0160894559924921,-0.0080594049890275,-0.0019356807194281,-0.0009940358671394,0.0105985510587039,0.0081217014613591,0.0037751840864195,0.012541624950485,0.0103635695236494,14.31,0.0943377742946709,0.0067232889574405
2015-05-07,4402.5,249250.0,15.13,0.0067232889574405,-0.0078583628591047,-0.0155338558021854,0.0019565648973041,0.0134071408888736,-0.0160894559924921,-0.0080594049890275,-0.0019356807194281,-0.0009940358671394,0.0105985510587039,0.0081217014613591,0.0115270985988464,0.0102257521954135,15.15,-0.256258765255274,0.0104505964540412
2015-05-08,4448.75,216450.0,12.86,0.0104505964540412,0.0067232889574405,-0.0078583628591047,-0.0155338558021854,0.0019565648973041,0.0134071408888736,-0.0160894559924921,-0.0080594049890275,-0.0019356807194281,-0.0009940358671394,0.0105985510587039,0.0106965851543634,0.0102059420729279,15.13,-0.1315947843530591,-0.0039414465439648
2015-05-11,4431.25,170510.0,13.85,-0.0039414465439648,0.0104505964540412,0.0067232889574405,-0.0078583628591047,-0.0155338558021854,0.0019565648973041,0.0134071408888736,-0.0160894559924921,-0.0080594049890275,-0.0019356807194281,-0.0009940358671394,0.0106344122936607,0.0102228401628227,12.86,-0.2122430122430122,-0.0023723463453509
2015-05-12,4420.75,257300.0,13.86,-0.0023723463453509,-0.0039414465439648,0.0104505964540412,0.0067232889574405,-0.0078583628591047,-0.0155338558021854,0.0019565648973041,0.0134071408888736,-0.0160894559924921,-0.0080594049890275,-0.0019356807194281,0.0076735324219526,0.0102230495514022,13.85,0.5090024045510528,0.0006783877245864
2015-05-13,4423.75,200870.0,13.76,0.0006783877245864,-0.0023723463453509,-0.0039414465439648,0.0104505964540412,0.0067232889574405,-0.0078583628591047,-0.0155338558021854,0.0019565648973041,0.0134071408888736,-0.0160894559924921,-0.0080594049890275,0.0061117410227289,0.0100317339547757,13.86,-0.2193159735717061,0.014920626813898
2015-05-14,4490.25,184400.0,12.74,0.014920626813898,0.0006783877245864,-0.0023723463453509,-0.0039414465439648,0.0104505964540412,0.0067232889574405,-0.0078583628591047,-0.0155338558021854,0.0019565648973041,0.0134071408888736,-0.0160894559924921,0.0083000422509518,0.0097258610520434,13.76,-0.0819933290187683,-0.0003341129332785
2015-05-15,4488.75,140750.0,12.38,-0.0003341129332785,0.014920626813898,0.0006783877245864,-0.0023723463453509,-0.0039414465439648,0.0104505964540412,0.0067232889574405,-0.0078583628591047,-0.0155338558021854,0.0019565648973041,0.0134071408888736,0.0075553872248411,0.008840947990709,12.74,-0.2367136659436008,0.0041129448820169
2015-05-18,4507.25,128600.0,12.73,0.0041129448820169,-0.0003341129332785,0.014920626813898,0.0006783877245864,-0.0023723463453509,-0.0039414465439648,0.0104505964540412,0.0067232889574405,-0.0078583628591047,-0.0155338558021854,0.0019565648973041,0.0068539018384866,0.0089073130028139,12.38,-0.086323268206039,-0.0013320754592246
2015-05-19,4501.25,127690.0,12.85,-0.0013320754592246,0.0041129448820169,-0.0003341129332785,0.014920626813898,0.0006783877245864,-0.0023723463453509,-0.0039414465439648,0.0104505964540412,0.0067232889574405,-0.0078583628591047,-0.0155338558021854,0.0066475129956485,0.0069515980056649,12.73,-0.0070762052877137,0.0009437367120069
2015-05-20,4505.5,170960.0,12.88,0.0009437367120069,-0.0013320754592246,0.0041129448820169,-0.0003341129332785,0.014920626813898,0.0006783877245864,-0.0023723463453509,-0.0039414465439648,0.0104505964540412,0.0067232889574405,-0.0078583628591047,0.0066192652979986,0.0060484990847169,12.85,0.3388675698958414,0.005147090534195
2015-05-21,4528.75,123530.0,12.11,0.005147090534195,0.0009437367120069,-0.0013320754592246,0.0041129448820169,-0.0003341129332785,0.014920626813898,0.0006783877245864,-0.0023723463453509,-0.0039414465439648,0.0104505964540412,0.0067232889574405,0.0028110267173973,0.0059601485401787,12.88,-0.2774333177351427,0.0
2015-05-22,4528.75,100980.0,12.13,0.0,0.005147090534195,0.0009437367120069,-0.0013320754592246,0.0041129448820169,-0.0003341129332785,0.014920626813898,0.0006783877245864,-0.0023723463453509,-0.0039414465439648,0.0104505964540412,0.0027537483646406,0.0053610597555119,12.11,-0.182546749777382,-0.0108787219287618
2015-05-26,4479.75,228080.0,14.06,-0.0108787219287618,0.0,0.005147090534195,0.0009437367120069,-0.0013320754592246,0.0041129448820169,-0.0003341129332785,0.014920626813898,0.0006783877245864,-0.0023723463453509,-0.0039414465439648,0.0059163626679304,0.0065097875720963,12.13,1.258665082194494,0.0138552427020249
2015-05-27,4542.25,198540.0,13.27,0.0138552427020249,-0.0108787219287618,0.0,0.005147090534195,0.0009437367120069,-0.0013320754592246,0.0041129448820169,-0.0003341129332785,0.014920626813898,0.0006783877245864,-0.0023723463453509,0.0089617822036539,0.0074986894050759,14.06,-0.1295159593125219,0.0001100715466164
2015-05-28,4542.75,152020.0,13.31,0.0001100715466164,0.0138552427020249,-0.0108787219287618,0.0,0.005147090534195,0.0009437367120069,-0.0013320754592246,0.0041129448820169,-0.0003341129332785,0.014920626813898,0.0006783877245864,0.0089897203958135,0.0075179374941599,13.27,-0.2343104664047547,-0.0070136971207703
2015-05-29,4511.0,197740.0,13.84,-0.0070136971207703,0.0001100715466164,0.0138552427020249,-0.0108787219287618,0.0,0.005147090534195,0.0009437367120069,-0.0013320754592246,0.0041129448820169,-0.0003341129332785,0.014920626813898,0.009439729521538,0.0066964194795454,13.31,0.3007499013287724,0.0023249387721389
2015-06-01,4521.5,216320.0,13.97,0.0023249387721389,-0.0070136971207703,0.0001100715466164,0.0138552427020249,-0.0108787219287618,0.0,0.005147090534195,0.0009437367120069,-0.0013320754592246,0.0041129448820169,-0.0003341129332785,0.0095447676409653,0.006714106687368,13.84,0.093961767978153,-0.0040999558789631
2015-06-02,4503.0,222450.0,14.24,-0.0040999558789631,0.0023249387721389,-0.0070136971207703,0.0001100715466164,0.0138552427020249,-0.0108787219287618,0.0,0.005147090534195,0.0009437367120069,-0.0013320754592246,0.0041129448820169,0.0080316149423288,0.0067560836201789,13.97,0.028337647928994,0.0054260694559968
2015-06-03,4527.5,190320.0,13.66,0.0054260694559968,-0.0040999558789631,0.0023249387721389,-0.0070136971207703,0.0001100715466164,0.0138552427020249,-0.0108787219287618,0.0,0.005147090534195,0.0009437367120069,-0.0013320754592246,0.0049685366249895,0.0069536371920288,14.24,-0.1444369521240728,-0.0068705944029982
2015-06-04,4496.5,285060.0,14.71,-0.0068705944029982,0.0054260694559968,-0.0040999558789631,0.0023249387721389,-0.0070136971207703,0.0001100715466164,0.0138552427020249,-0.0108787219287618,0.0,0.005147090534195,0.0009437367120069,0.0056371621006598,0.0073369188075511,13.66,0.4977931904161412,-0.0033415045571537
2015-06-05,4481.5,232920.0,14.21,-0.0033415045571537,-0.0068705944029982,0.0054260694559968,-0.0040999558789631,0.0023249387721389,-0.0070136971207703,0.0001100715466164,0.0138552427020249,-0.0108787219287618,0.0,0.005147090534195,0.0050353366787795,0.0071378972983779,14.71,-0.1829088612923595,-0.0110504560189265
2015-06-08,4432.25,237400.0,15.29,-0.0110504560189265,-0.0033415045571537,-0.0068705944029982,0.0054260694559968,-0.0040999558789631,0.0023249387721389,-0.0070136971207703,0.0001100715466164,0.0138552427020249,-0.0108787219287618,0.0,0.0060671827724558,0.0077836563088163,14.21,0.0192340717843035,-0.0001692286000372
2015-06-09,4431.5,226090.0,14.47,-0.0001692286000372,-0.0110504560189265,-0.0033415045571537,-0.0068705944029982,0.0054260694559968,-0.0040999558789631,0.0023249387721389,-0.0070136971207703,0.0001100715466164,0.0138552427020249,-0.0108787219287618,0.0062991584661047,0.0071617346370365,15.29,-0.0476411120471778,0.0128361393618399
2015-06-10,4488.75,238890.0,13.22,0.0128361393618399,-0.0001692286000372,-0.0110504560189265,-0.0033415045571537,-0.0068705944029982,0.0054260694559968,-0.0040999558789631,0.0023249387721389,-0.0070136971207703,0.0001100715466164,0.0138552427020249,0.0090898486031929,0.0069290183371912,14.47,0.0566146224954664,0.0003897875707119
2015-06-11,4490.5,186850.0,12.85,0.0003897875707119,0.0128361393618399,-0.0001692286000372,-0.0110504560189265,-0.0033415045571537,-0.0068705944029982,0.0054260694559968,-0.0040999558789631,0.0023249387721389,-0.0070136971207703,0.0001100715466164,0.0086294364280905,0.0069353881394931,13.22,-0.2178408472518732,-0.0079931115034803
2015-06-12,4454.75,153830.0,13.78,-0.0079931115034803,0.0003897875707119,0.0128361393618399,-0.0001692286000372,-0.0110504560189265,-0.0033415045571537,-0.0068705944029982,0.0054260694559968,-0.0040999558789631,0.0023249387721389,-0.0070136971207703,0.0092706652347587,0.0070335099932441,12.85,-0.1767192935509767,-0.0043305936468824
2015-06-15,4435.5,145110.0,15.39,-0.0043305936468824,-0.0079931115034803,0.0003897875707119,0.0128361393618399,-0.0001692286000372,-0.0110504560189265,-0.0033415045571537,-0.0068705944029982,0.0054260694559968,-0.0040999558789631,0.0023249387721389,0.0078658035734819,0.0069717592487834,13.78,-0.0566859520249626,0.005284176666835
2015-06-16,4459.0,108590.0,14.81,0.005284176666835,-0.0043305936468824,-0.0079931115034803,0.0003897875707119,0.0128361393618399,-0.0001692286000372,-0.0110504560189265,-0.0033415045571537,-0.0068705944029982,0.0054260694559968,-0.0040999558789631,0.0081827638790426,0.0072709243976457,15.39,-0.2516711460271518,0.0005044701768935
2015-06-17,4461.25,67480.0,14.5,0.0005044701768935,0.005284176666835,-0.0043305936468824,-0.0079931115034803,0.0003897875707119,0.0128361393618399,-0.0001692286000372,-0.0110504560189265,-0.0033415045571537,-0.0068705944029982,0.0054260694559968,0.0050847799832912,0.0069483952859603,14.81,-0.3785799797403075,0.0170573905354168
2015-06-18,4538.0,66530.0,13.19,0.0170573905354168,0.0005044701768935,0.005284176666835,-0.0043305936468824,-0.0079931115034803,0.0003897875707119,0.0128361393618399,-0.0001692286000372,-0.0110504560189265,-0.0033415045571537,-0.0068705944029982,0.009742068091765,0.0087658460309901,14.5,-0.0140782454060461,-0.0009171238230803
2015-06-22,4532.75,157040.0,12.74,-0.0002404432107885,-0.0009171238230803,0.0170573905354168,0.0005044701768935,0.005284176666835,-0.0043305936468824,-0.0079931115034803,0.0003897875707119,0.0128361393618399,-0.0001692286000372,-0.0110504560189265,0.0075158593145481,0.0075817707597759,13.96,-0.0345505963359153,0.0018734852294934
2015-06-23,4541.25,116970.0,12.11,0.0018734852294934,-0.0002404432107885,-0.0009171238230803,0.0170573905354168,0.0005044701768935,0.005284176666835,-0.0043305936468824,-0.0079931115034803,0.0003897875707119,0.0128361393618399,-0.0001692286000372,0.0075631094403235,0.0075369692152608,12.74,-0.25515792154865,-0.0056310185227447
2015-06-24,4515.75,165450.0,13.26,-0.0056310185227447,0.0018734852294934,-0.0002404432107885,-0.0009171238230803,0.0170573905354168,0.0005044701768935,0.005284176666835,-0.0043305936468824,-0.0079931115034803,0.0003897875707119,0.0128361393618399,0.0086253228219345,0.0069478071166623,12.11,0.4144652474993588,-0.0014404434623583
2015-06-25,4509.25,175330.0,14.01,-0.0014404434623583,-0.0056310185227447,0.0018734852294934,-0.0002404432107885,-0.0009171238230803,0.0170573905354168,0.0005044701768935,0.005284176666835,-0.0043305936468824,-0.0079931115034803,0.0003897875707119,0.002743790058904,0.006977992136046,13.26,0.0597159262617104,-0.0063961952260344
2015-06-26,4480.5,226370.0,14.02,-0.0063961952260344,-0.0014404434623583,-0.0056310185227447,0.0018734852294934,-0.0002404432107885,-0.0009171238230803,0.0170573905354168,0.0005044701768935,0.005284176666835,-0.0043305936468824,-0.0079931115034803,0.0035443862950252,0.0067796020327528,14.01,0.2911081959733075,-0.0231426482414658
2015-06-29,4378.0,334970.0,18.85,-0.0231426482414658,-0.0063961952260344,-0.0014404434623583,-0.0056310185227447,0.0018734852294934,-0.0002404432107885,-0.0009171238230803,0.0170573905354168,0.0005044701768935,0.005284176666835,-0.0043305936468824,0.0096495769211934,0.0100928536078703,14.02,0.4797455493219067,0.0027941739731556
2015-06-30,4390.25,304510.0,18.23,0.0027941739731556,-0.0231426482414658,-0.0063961952260344,-0.0014404434623583,-0.0056310185227447,0.0018734852294934,-0.0002404432107885,-0.0009171238230803,0.0170573905354168,0.0005044701768935,0.005284176666835,0.0098663314676064,0.0099418198316495,18.85,-0.0909335164343075,0.0072059093614275
2015-07-01,4422.0,191160.0,16.09,0.0072059093614275,0.0027941739731556,-0.0231426482414658,-0.0063961952260344,-0.0014404434623583,-0.0056310185227447,0.0018734852294934,-0.0002404432107885,-0.0009171238230803,0.0170573905354168,0.0005044701768935,0.0117289758673231,0.0103148415719687,18.23,-0.372237364946964,0.0015252947622901
2015-07-02,4428.75,155240.0,16.79,0.0015252947622901,0.0072059093614275,0.0027941739731556,-0.0231426482414658,-0.0063961952260344,-0.0014404434623583,-0.0056310185227447,0.0018734852294934,-0.0002404432107885,-0.0009171238230803,0.0170573905354168,0.0119755538086476,0.0082822420824036,16.09,-0.1879054195438376,-0.0013557026309585
2015-07-06,4422.75,285740.0,17.01,-0.0013557026309585,0.0015252947622901,0.0072059093614275,0.0027941739731556,-0.0231426482414658,-0.0063961952260344,-0.0014404434623583,-0.0056310185227447,0.0018734852294934,-0.0002404432107885,-0.0009171238230803,0.0118934809323639,0.0082744576014662,16.79,0.8406338572532852,-0.0001130582251063
2015-07-07,4422.25,384240.0,16.09,-0.0001130582251063,-0.0013557026309585,0.0015252947622901,0.0072059093614275,0.0027941739731556,-0.0231426482414658,-0.0063961952260344,-0.0014404434623583,-0.0056310185227447,0.0018734852294934,-0.0002404432107885,0.003304643087743,0.0082783868984575,17.01,0.3447189752922237,-0.0172776928044978
2015-07-08,4346.5,335130.0,19.66,-0.0172776928044978,-0.0001130582251063,-0.0013557026309585,0.0015252947622901,0.0072059093614275,0.0027941739731556,-0.0231426482414658,-0.0063961952260344,-0.0014404434623583,-0.0056310185227447,0.0018734852294934,0.0091454905501615,0.0093129907730585,16.09,-0.1278107432854466,-0.0016117894348195
2015-07-09,4339.5,260170.00000000003,19.97,-0.0016117894348195,-0.0172776928044978,-0.0001130582251063,-0.0013557026309585,0.0015252947622901,0.0072059093614275,0.0027941739731556,-0.0231426482414658,-0.0063961952260344,-0.0014404434623583,-0.0056310185227447,0.0076543742582776,0.0093398425033899,19.66,-0.2236743950108912,0.0157186512037333
2015-07-10,4408.25,236770.0,16.83,0.0157186512037333,-0.0016117894348195,-0.0172776928044978,-0.0001130582251063,-0.0013557026309585,0.0015252947622901,0.0072059093614275,0.0027941739731556,-0.0231426482414658,-0.0063961952260344,-0.0014404434623583,0.0116805188101285,0.0112411925226102,19.97,-0.0899411922973441,0.0179293829144993
2015-07-13,4488.0,209770.0,13.9,0.0179293829144993,0.0157186512037333,-0.0016117894348195,-0.0172776928044978,-0.0001130582251063,-0.0013557026309585,0.0015252947622901,0.0072059093614275,0.0027941739731556,-0.0231426482414658,-0.0063961952260344,0.0143768041170289,0.0127752691209864,16.83,-0.1140347172361363,0.0065515752638513
2015-07-14,4517.5,156250.0,13.37,0.0065515752638513,0.0179293829144993,0.0157186512037333,-0.0016117894348195,-0.0172776928044978,-0.0001130582251063,-0.0013557026309585,0.0015252947622901,0.0072059093614275,0.0027941739731556,-0.0231426482414658,0.0143331271523165,0.009877589382698,13.9,-0.2551365781570291,0.0041970461433001
2015-07-15,4536.5,187310.0,13.23,0.0041970461433001,0.0065515752638513,0.0179293829144993,0.0157186512037333,-0.0016117894348195,-0.0172776928044978,-0.0001130582251063,-0.0013557026309585,0.0015252947622901,0.0072059093614275,0.0027941739731556,0.0081480981528047,0.0098821456547211,13.37,0.198784,0.0134112637694067
2015-07-16,4597.75,192220.0,12.11,0.0134112637694067,0.0041970461433001,0.0065515752638513,0.0179293829144993,0.0157186512037333,-0.0016117894348195,-0.0172776928044978,-0.0001130582251063,-0.0013557026309585,0.0015252947622901,0.0072059093614275,0.005928490351267,0.0103404708231452,13.23,0.0262132294057979,0.0113001662023115
2015-07-17,4650.0,187930.0,11.95,0.0113001662023115,0.0134112637694067,0.0041970461433001,0.0065515752638513,0.0179293829144993,0.0157186512037333,-0.0016117894348195,-0.0172776928044978,-0.0001130582251063,-0.0013557026309585,0.0015252947622901,0.0054651285373931,0.0105511736388482,12.11,-0.0223181770887525,0.0045594822182917
2015-07-20,4671.25,169780.0,12.25,0.0045594822182917,0.0113001662023115,0.0134112637694067,0.0041970461433001,0.0065515752638513,0.0179293829144993,0.0157186512037333,-0.0016117894348195,-0.0172776928044978,-0.0001130582251063,-0.0013557026309585,0.0041403608264081,0.0103264736794629,11.95,-0.0965785132762199,-0.0010173757938922
2015-07-21,4666.5,226220.0,12.22,-0.0010173757938922,0.0045594822182917,0.0113001662023115,0.0134112637694067,0.0041970461433001,0.0065515752638513,0.0179293829144993,0.0157186512037333,-0.0016117894348195,-0.0172776928044978,-0.0001130582251063,0.0058392383620825,0.0103845608108021,12.25,0.3324302037931441,-0.0106641824988124
2015-07-22,4617.0,235340.0,12.12,-0.0106641824988124,-0.0010173757938922,0.0045594822182917,0.0113001662023115,0.0134112637694067,0.0041970461433001,0.0065515752638513,0.0179293829144993,0.0157186512037333,-0.0016117894348195,-0.0172776928044978,0.0097625227011315,0.0088836603783416,12.22,0.0403147378657944,0.0006495615687955
2015-07-23,4620.0,211220.0,12.64,0.0006495615687955,-0.0106641824988124,-0.0010173757938922,0.0045594822182917,0.0113001662023115,0.0134112637694067,0.0041970461433001,0.0065515752638513,0.0179293829144993,0.0157186512037333,-0.0016117894348195,0.0080467875923175,0.0086940722403278,12.12,-0.1024900144471827,-0.0126883832591399
2015-07-24,4561.75,236180.0,13.74,-0.0126883832591399,0.0006495615687955,-0.0106641824988124,-0.0010173757938922,0.0045594822182917,0.0113001662023115,0.0134112637694067,0.0041970461433001,0.0065515752638513,0.0179293829144993,0.0157186512037333,0.0074755889283902,0.0098283224927894,12.64,0.11817062778146,-0.0086413835471944
2015-07-27,4522.5,293740.0,15.6,-0.0086413835471944,-0.0126883832591399,0.0006495615687955,-0.0106641824988124,-0.0010173757938922,0.0045594822182917,0.0113001662023115,0.0134112637694067,0.0041970461433001,0.0065515752638513,0.0179293829144993,0.005945452120922,0.0090300065963104,13.74,0.2437124227284275,0.0073801072976224
2015-07-28,4556.0,280670.0,13.44,0.0073801072976224,-0.0086413835471944,-0.0126883832591399,0.0006495615687955,-0.0106641824988124,-0.0010173757938922,0.0045594822182917,0.0113001662023115,0.0134112637694067,0.0041970461433001,0.0065515752638513,0.00850623204297,0.0090925759053842,15.6,-0.0444951317491659,0.001973468461996
2015-07-29,4565.0,222560.0,12.5,0.001973468461996,0.0073801072976224,-0.0086413835471944,-0.0126883832591399,0.0006495615687955,-0.0106641824988124,-0.0010173757938922,0.0045594822182917,0.0113001662023115,0.0134112637694067,0.0041970461433001,0.0081974472246105,0.009028555756396,13.44,-0.207040296433534,0.0066046472448048
2015-07-30,4595.25,226290.0,12.13,0.0066046472448048,0.001973468461996,0.0073801072976224,-0.0086413835471944,-0.0126883832591399,0.0006495615687955,-0.0106641824988124,-0.0010173757938922,0.0045594822182917,0.0113001662023115,0.0134112637694067,0.0091087843522146,0.008173706697603,12.5,0.0167595255212078,-0.0022330555833083
2015-07-31,4585.0,214680.0,12.12,-0.0022330555833083,0.0066046472448048,0.001973468461996,0.0073801072976224,-0.0086413835471944,-0.0126883832591399,0.0006495615687955,-0.0106641824988124,-0.0010173757938922,0.0045594822182917,0.0113001662023115,0.0066421570644585,0.0071398037629188,12.13,-0.0513058464801803,-0.00262066103251
2015-08-03,4573.0,251560.0,12.56,-0.00262066103251,-0.0022330555833083,0.0066046472448048,0.001973468461996,0.0073801072976224,-0.0086413835471944,-0.0126883832591399,0.0006495615687955,-0.0106641824988124,-0.0010173757938922,0.0045594822182917,0.0047216076653449,0.0068272296442366,12.12,0.1717905720141606,-0.0046576702739809
2015-08-04,4551.75,253010.0,13.0,-0.0046576702739809,-0.00262066103251,-0.0022330555833083,0.0066046472448048,0.001973468461996,0.0073801072976224,-0.0086413835471944,-0.0126883832591399,0.0006495615687955,-0.0106641824988124,-0.0010173757938922,0.0044969444583292,0.0068585446371202,12.56,0.0057640324375893,0.0091304863274469
2015-08-05,4593.5,247800.0,12.51,0.0091304863274469,-0.0046576702739809,-0.00262066103251,-0.0022330555833083,0.0066046472448048,0.001973468461996,0.0073801072976224,-0.0086413835471944,-0.0126883832591399,0.0006495615687955,-0.0106641824988124,0.0061803809574558,0.007089762333074,13.0,-0.020592071459626,-0.0150799337225402
2015-08-06,4524.75,272060.0,13.77,-0.0150799337225402,0.0091304863274469,-0.0046576702739809,-0.00262066103251,-0.0022330555833083,0.0066046472448048,0.001973468461996,0.0073801072976224,-0.0086413835471944,-0.0126883832591399,0.0006495615687955,0.0086097473273249,0.0084233154194975,12.51,0.0979015334947537,-0.001271596577701
2015-08-07,4519.0,249230.0,13.39,-0.001271596577701,-0.0150799337225402,0.0091304863274469,-0.0046576702739809,-0.00262066103251,-0.0022330555833083,0.0066046472448048,0.001973468461996,0.0073801072976224,-0.0086413835471944,-0.0126883832591399,0.0086443987564037,0.0075551713971041,13.77,-0.0839153127986473,0.0103468176784612
2015-08-10,4566.0,199350.0,12.23,0.0103468176784612,-0.001271596577701,-0.0150799337225402,0.0091304863274469,-0.0046576702739809,-0.00262066103251,-0.0022330555833083,0.0066046472448048,0.001973468461996,0.0073801072976224,-0.0086413835471944,0.0104960507637583,0.0077875292779353,13.39,-0.2001364201741363,-0.012174111301333
2015-08-11,4510.75,301820.0,13.71,-0.012174111301333,0.0103468176784612,-0.001271596577701,-0.0150799337225402,0.0091304863274469,-0.0046576702739809,-0.00262066103251,-0.0022330555833083,0.0066046472448048,0.001973468461996,0.0073801072976224,0.0117396579902042,0.0084245260139748,12.23,0.5140205668422373,0.005030831297703
2015-08-12,4533.5,358450.0,13.61,0.005030831297703,-0.012174111301333,0.0103468176784612,-0.001271596577701,-0.0150799337225402,0.0091304863274469,-0.0046576702739809,-0.00262066103251,-0.0022330555833083,0.0066046472448048,0.001973468461996,0.0108975031832018,0.0085980434855189,13.71,0.1876283877807965,-0.0035908664941706
2015-08-13,4517.25,234830.0,13.49,-0.0035908664941706,0.005030831297703,-0.012174111301333,0.0103468176784612,-0.001271596577701,-0.0150799337225402,0.0091304863274469,-0.0046576702739809,-0.00262066103251,-0.0022330555833083,0.0066046472448048,0.0085810220681353,0.00823337398095,13.61,-0.3448737620309666,0.0032047767510883
2015-08-14,4531.75,167710.0,12.83,0.0032047767510883,-0.0035908664941706,0.005030831297703,-0.012174111301333,0.0103468176784612,-0.001271596577701,-0.0150799337225402,0.0091304863274469,-0.0046576702739809,-0.00262066103251,-0.0022330555833083,0.0086912628430534,0.0083735161556424,13.49,-0.2858237874206872,0.0072555696738138
2015-08-17,4564.75,191980.0,13.02,0.0072555696738138,0.0032047767510883,-0.0035908664941706,0.005030831297703,-0.012174111301333,0.0103468176784612,-0.001271596577701,-0.0150799337225402,0.0091304863274469,-0.0046576702739809,-0.00262066103251,0.0078947999297331,0.0087568263590488,12.83,0.1447140897978653,-0.004556066615855
2015-08-18,4544.0,164760.0,13.79,-0.004556066615855,0.0072555696738138,0.0032047767510883,-0.0035908664941706,0.005030831297703,-0.012174111301333,0.0103468176784612,-0.001271596577701,-0.0150799337225402,0.0091304863274469,-0.0046576702739809,0.0052699057928729,0.00875111156315,13.02,-0.1417856026669445,-0.0088972983386842
2015-08-19,4503.75,331470.0,15.25,-0.0088972983386842,-0.004556066615855,0.0072555696738138,0.0032047767510883,-0.0035908664941706,0.005030831297703,-0.012174111301333,0.0103468176784612,-0.001271596577701,-0.0150799337225402,0.0091304863274469,0.0064625528978331,0.0084747298429656,13.79,1.011835396941005,-0.0310058659412612
2015-08-20,4366.25,449730.0,19.14,-0.0310058659412612,-0.0088972983386842,-0.004556066615855,0.0072555696738138,0.0032047767510883,-0.0035908664941706,0.005030831297703,-0.012174111301333,0.0103468176784612,-0.001271596577701,-0.0150799337225402,0.014941656867345,0.0119820954112148,15.25,0.3567743687211513,-0.0386414363629903
2015-08-21,4200.75,614570.0,28.03,-0.0386414363629903,-0.0310058659412612,-0.0088972983386842,-0.004556066615855,0.0072555696738138,0.0032047767510883,-0.0035908664941706,0.005030831297703,-0.012174111301333,0.0103468176784612,-0.001271596577701,0.0190826591009664,0.0162532845207089,19.14,0.3665310297289486,-0.0481565495554652
2015-08-24,4003.25,746530.0,40.74,-0.0481565495554652,-0.0386414363629903,-0.0310058659412612,-0.0088972983386842,-0.004556066615855,0.0072555696738138,0.0032047767510883,-0.0035908664941706,0.005030831297703,-0.012174111301333,0.0103468176784612,0.0188931592092297,0.0194158665628205,28.03,0.2147192345867843,0.0062875670146646
2015-08-25,4028.5,630060.0,36.02,0.0062875670146646,-0.0481565495554652,-0.0386414363629903,-0.0310058659412612,-0.0088972983386842,-0.004556066615855,0.0072555696738138,0.0032047767510883,-0.0035908664941706,0.005030831297703,-0.012174111301333,0.0223180801465572,0.0203734050235947,40.74,-0.1560151634897458,0.0451368622202862
2015-08-26,4214.5,637930.0,30.32,0.0451368622202862,0.0062875670146646,-0.0481565495554652,-0.0386414363629903,-0.0310058659412612,-0.0088972983386842,-0.004556066615855,0.0072555696738138,0.0032047767510883,-0.0035908664941706,0.005030831297703,0.0386303050483296,0.0268613949832922,36.02,0.0124908738850268,0.0265745810887807
2015-08-27,4328.0,475380.0,26.1,0.0265745810887807,0.0451368622202862,0.0062875670146646,-0.0481565495554652,-0.0386414363629903,-0.0310058659412612,-0.0088972983386842,-0.004556066615855,0.0072555696738138,0.0032047767510883,-0.0035908664941706,0.0405580068084,0.0289373339123307,30.32,-0.2548085213111156,0.0011546012135919
2015-08-28,4333.0,322070.0,26.05,0.0011546012135919,0.0265745810887807,0.0451368622202862,0.0062875670146646,-0.0481565495554652,-0.0386414363629903,-0.0310058659412612,-0.0088972983386842,-0.004556066615855,0.0072555696738138,0.0032047767510883,0.035040337430061,0.0288856311999879,26.1,-0.3224998948209853,-0.0142365634115266
2015-08-31,4271.75,303200.0,28.43,-0.0142365634115266,0.0011546012135919,0.0265745810887807,0.0451368622202862,0.0062875670146646,-0.0481565495554652,-0.0386414363629903,-0.0310058659412612,-0.0088972983386842,-0.004556066615855,0.0072555696738138,0.0231530041482775,0.0287140818849467,26.05,-0.0585897475704039,-0.0269292666577383
2015-09-01,4158.25,481010.0,31.4,-0.0269292666577383,-0.0142365634115266,0.0011546012135919,0.0265745810887807,0.0451368622202862,0.0062875670146646,-0.0481565495554652,-0.0386414363629903,-0.0310058659412612,-0.0088972983386842,-0.004556066615855,0.0294608308450198,0.0293976752013319,28.43,0.5864445910290237,0.0241748475927718
2015-09-02,4260.0,340630.0,26.09,0.0241748475927718,-0.0269292666577383,-0.0142365634115266,0.0011546012135919,0.0265745810887807,0.0451368622202862,0.0062875670146646,-0.0481565495554652,-0.0386414363629903,-0.0310058659412612,-0.0088972983386842,0.0234348462419441,0.0311995062555061,31.4,-0.2918442444024033,-0.0071853775193469
2015-09-03,4229.5,332570.0,25.61,-0.0071853775193469,0.0241748475927718,-0.0269292666577383,-0.0142365634115266,0.0011546012135919,0.0265745810887807,0.0451368622202862,0.0062875670146646,-0.0481565495554652,-0.0386414363629903,-0.0310058659412612,0.0191000711726429,0.0299245111283578,26.09,-0.0236620379884332,-0.0084288502822039
2015-09-04,4194.0,354120.0,27.8,-0.0084288502822039,-0.0071853775193469,0.0241748475927718,-0.0269292666577383,-0.0142365634115266,0.0011546012135919,0.0265745810887807,0.0451368622202862,0.0062875670146646,-0.0481565495554652,-0.0386414363629903,0.0188569855514342,0.027362117991568,25.61,0.0647983883092282,0.0246111921526335
2015-09-08,4298.5,293910.0,24.9,0.0246111921526335,-0.0084288502822039,-0.0071853775193469,0.0241748475927718,-0.0269292666577383,-0.0142365634115266,0.0011546012135919,0.0265745810887807,0.0451368622202862,0.0062875670146646,-0.0481565495554652,0.0225288744219317,0.02240713394233,27.8,-0.1700271094544222,-0.0101713626070242
2015-09-09,4255.0,354130.0,26.23,-0.0101713626070242,0.0246111921526335,-0.0084288502822039,-0.0071853775193469,0.0241748475927718,-0.0269292666577383,-0.0142365634115266,0.0011546012135919,0.0265745810887807,0.0451368622202862,0.0062875670146646,0.018100149763381,0.0230694422546149,24.9,0.2048926542138749,0.0093567934108813
2015-09-10,4295.0,410490.0,24.37,0.0093567934108813,-0.0101713626070242,0.0246111921526335,-0.0084288502822039,-0.0071853775193469,0.0241748475927718,-0.0269292666577383,-0.0142365634115266,0.0011546012135919,0.0265745810887807,0.0451368622202862,0.0150499321300161,0.0185694585446049,26.23,0.1591505944144806,0.0070183867452758
2015-09-11,4325.25,127470.0,23.2,0.0070183867452758,0.0093567934108813,-0.0101713626070242,0.0246111921526335,-0.0084288502822039,-0.0071853775193469,0.0241748475927718,-0.0269292666577383,-0.0142365634115266,0.0011546012135919,0.0265745810887807,0.0142897885067081,0.0166073310485598,24.37,-0.6894686837681795,-0.0035320380658381
2015-09-14,4310.0,87550.0,24.25,-0.0035320380658381,0.0070183867452758,0.0093567934108813,-0.0101713626070242,0.0246111921526335,-0.0084288502822039,-0.0071853775193469,0.0241748475927718,-0.0269292666577383,-0.0142365634115266,0.0011546012135919,0.0133189518782331,0.0166352402587026,23.2,-0.3131717266807876,0.0117634847449728
2015-09-15,4361.0,83370.0,22.54,0.0117634847449728,-0.0035320380658381,0.0070183867452758,0.0093567934108813,-0.0101713626070242,0.0246111921526335,-0.0084288502822039,-0.0071853775193469,0.0241748475927718,-0.0269292666577383,-0.0142365634115266,0.0093467032730732,0.0162834484593088,24.25,-0.0477441462021701,0.0069694655144055
2015-09-16,4391.5,62010.0,21.35,0.0069694655144055,0.0117634847449728,-0.0035320380658381,0.0070183867452758,0.0093567934108813,-0.0101713626070242,0.0246111921526335,-0.0084288502822039,-0.0071853775193469,0.0241748475927718,-0.0269292666577383,0.0058486265401606,0.0127132545914393,22.54,-0.2562072688017273,-0.0025650539899751
2015-09-17,4380.25,46680.0,21.14,-0.0025650539899751,0.0069694655144055,0.0117634847449728,-0.0035320380658381,0.0070183867452758,0.0093567934108813,-0.0101713626070242,0.0246111921526335,-0.0084288502822039,-0.0071853775193469,0.0241748475927718,0.0066709763411395,0.0110411848378791,21.35,-0.247218190614417,-0.0112727047186041
2015-09-18,4331.15,333040.0,22.28,-0.0112727047186041,-0.0025650539899751,0.0069694655144055,0.0117634847449728,-0.0035320380658381,0.0070183867452758,0.0093567934108813,-0.0101713626070242,0.0246111921526335,-0.0084288502822039,-0.0071853775193469,0.0091201706667124,0.0115166495517396,21.14,6.1345329905741215,0.0023292294096909
2015-09-21,4341.25,254500.0,20.14,0.0023292294096909,-0.0112727047186041,-0.0025650539899751,0.0069694655144055,0.0117634847449728,-0.0035320380658381,0.0070183867452758,0.0093567934108813,-0.0101713626070242,0.0246111921526335,-0.0084288502822039,0.0088824722705185,0.0108801844173749,22.28,-0.2358275282248378,-0.0171927334138414
2015-09-22,4267.25,320030.0,22.44,-0.0171927334138414,0.0023292294096909,-0.0112727047186041,-0.0025650539899751,0.0069694655144055,0.0117634847449728,-0.0035320380658381,0.0070183867452758,0.0093567934108813,-0.0101713626070242,0.0246111921526335,0.0098588540559919,0.0098264783717395,20.14,0.2574852652259332,-0.0010550997461812
2015-09-23,4262.75,238550.0,22.13,-0.0010550997461812,-0.0171927334138414,0.0023292294096909,-0.0112727047186041,-0.0025650539899751,0.0069694655144055,0.0117634847449728,-0.0035320380658381,0.0070183867452758,0.0093567934108813,-0.0101713626070242,0.0080419801610656,0.0092597486800187,22.44,-0.2546011311439552,-0.0039371286350596
2015-09-24,4246.0,355070.0,23.47,-0.0039371286350596,-0.0010550997461812,-0.0171927334138414,0.0023292294096909,-0.0112727047186041,-0.0025650539899751,0.0069694655144055,0.0117634847449728,-0.0035320380658381,0.0070183867452758,0.0093567934108813,0.0079200309597114,0.0087356443674768,22.13,0.4884510584783064,-0.0076837070507933
2015-09-25,4213.5,344910.0,23.62,-0.0076837070507933,-0.0039371286350596,-0.0010550997461812,-0.0171927334138414,0.0023292294096909,-0.0112727047186041,-0.0025650539899751,0.0069694655144055,0.0117634847449728,-0.0035320380658381,0.0070183867452758,0.0074997469690041,0.0084408455218441,23.47,-0.0286140760976708,-0.0285879908499191
2015-09-28,4094.75,360680.0,27.63,-0.0285879908499191,-0.0076837070507933,-0.0039371286350596,-0.0010550997461812,-0.0171927334138414,0.0023292294096909,-0.0112727047186041,-0.0025650539899751,0.0069694655144055,0.0117634847449728,-0.0035320380658381,0.0112369998434002,0.0117948875558022,23.62,0.0457220724246905,-0.0048962702627467
2015-09-29,4074.75,427260.0,26.83,-0.0048962702627467,-0.0285879908499191,-0.0076837070507933,-0.0039371286350596,-0.0010550997461812,-0.0171927334138414,0.0023292294096909,-0.0112727047186041,-0.0025650539899751,0.0069694655144055,0.0117634847449728,0.0110764108098885,0.0102155121064304,27.63,0.1845957635577242,0.0214265730952332
2015-09-30,4163.0,347070.0,24.5,0.0214265730952332,-0.0048962702627467,-0.0285879908499191,-0.0076837070507933,-0.0039371286350596,-0.0010550997461812,-0.0171927334138414,0.0023292294096909,-0.0112727047186041,-0.0025650539899751,0.0069694655144055,0.0177676008292081,0.013017673238683,26.83,-0.1876843140008426,0.0058679289383463
2015-10-01,4187.5,367790.0,22.55,0.0058679289383463,0.0214265730952332,-0.0048962702627467,-0.0285879908499191,-0.0076837070507933,-0.0039371286350596,-0.0010550997461812,-0.0171927334138414,0.0023292294096909,-0.0112727047186041,-0.0025650539899751,0.0184073494120066,0.0134825113612071,24.5,0.0596997723802115,0.017458647318791
2015-10-02,4261.25,404890.0,20.94,0.017458647318791,0.0058679289383463,0.0214265730952332,-0.0048962702627467,-0.0285879908499191,-0.0076837070507933,-0.0039371286350596,-0.0010550997461812,-0.0171927334138414,0.0023292294096909,-0.0112727047186041,0.0200884550533504,0.0148689742372729,22.55,0.1008727806628781,0.0116653407989378
2015-10-05,4311.25,242310.0,19.54,0.0116653407989378,0.017458647318791,0.0058679289383463,0.0214265730952332,-0.0048962702627467,-0.0285879908499191,-0.0076837070507933,-0.0039371286350596,-0.0010550997461812,-0.0171927334138414,0.0023292294096909,0.0103378044190358,0.0154275974157794,20.94,-0.4015411593272247,-0.0048828789686382
2015-10-06,4290.25,264370.0,19.4,-0.0048828789686382,0.0116653407989378,0.017458647318791,0.0058679289383463,0.0214265730952332,-0.0048962702627467,-0.0285879908499191,-0.0076837070507933,-0.0039371286350596,-0.0010550997461812,-0.0171927334138414,0.010332882340086,0.0144232390424629,19.54,0.0910404027898146,0.0077780749689659
2015-10-07,4323.75,329990.0,18.4,0.0077780749689659,-0.0048828789686382,0.0116653407989378,0.017458647318791,0.0058679289383463,0.0214265730952332,-0.0048962702627467,-0.0285879908499191,-0.0076837070507933,-0.0039371286350596,-0.0010550997461812,0.0082548685979589,0.0145844465942514,19.4,0.2482127321556908,0.0048451383934648
2015-10-08,4344.75,317020.0,17.42,0.0048451383934648,0.0077780749689659,-0.0048828789686382,0.0116653407989378,0.017458647318791,0.0058679289383463,0.0214265730952332,-0.0048962702627467,-0.0285879908499191,-0.0076837070507933,-0.0039371286350596,0.0083202345310642,0.0144900716190715,18.4,-0.0393042213400406,0.0033891522230265
2015-10-09,4359.5,208830.0,17.08,0.0033891522230265,0.0048451383934648,0.0077780749689659,-0.0048828789686382,0.0116653407989378,0.017458647318791,0.0058679289383463,0.0214265730952332,-0.0048962702627467,-0.0285879908499191,-0.0076837070507933,0.0061534953615899,0.0140591245727596,17.42,-0.3412718440476942,0.003549147923845
2015-10-12,4375.0,132680.0,16.17,0.003549147923845,0.0033891522230265,0.0048451383934648,0.0077780749689659,-0.0048828789686382,0.0116653407989378,0.017458647318791,0.0058679289383463,0.0214265730952332,-0.0048962702627467,-0.0285879908499191,0.0047118644048179,0.0085116419856785,17.08,-0.3646506727960542,-0.0077441947334309
2015-10-13,4341.25,232730.0,17.67,-0.0077441947334309,0.003549147923845,0.0033891522230265,0.0048451383934648,0.0077780749689659,-0.0048828789686382,0.0116653407989378,0.017458647318791,0.0058679289383463,0.0214265730952332,-0.0048962702627467,0.005918178932536,0.0089748257333591,16.17,0.7540699427193247,-0.0034034240114902
2015-10-14,4326.5,284810.0,18.03,-0.0034034240114902,-0.0077441947334309,0.003549147923845,0.0033891522230265,0.0048451383934648,0.0077780749689659,-0.0048828789686382,0.0116653407989378,0.017458647318791,0.0058679289383463,0.0214265730952332,0.005455116028483,0.0076765911906604,17.67,0.2237786275942079,0.0195125350765489
2015-10-15,4411.75,275990.0,16.05,0.0195125350765489,-0.0034034240114902,-0.0077441947334309,0.003549147923845,0.0033891522230265,0.0048451383934648,0.0077780749689659,-0.0048828789686382,0.0116653407989378,0.017458647318791,0.0058679289383463,0.0103626732680745,0.0091465435425862,18.03,-0.0309680137635616,0.0051998082457065
2015-10-16,4434.75,207250.0,15.05,0.0051998082457065,0.0195125350765489,-0.0034034240114902,-0.0077441947334309,0.003549147923845,0.0033891522230265,0.0048451383934648,0.0077780749689659,-0.0048828789686382,0.0116653407989378,0.017458647318791,0.0104085590088755,0.0080831907073296,16.05,-0.2490669951809848,0.0044435767916494
2015-10-19,4454.5,202410.0,14.98,0.0044435767916494,0.0051998082457065,0.0195125350765489,-0.0034034240114902,-0.0077441947334309,0.003549147923845,0.0033891522230265,0.0048451383934648,0.0077780749689659,-0.0048828789686382,0.0116653407989378,0.0104189547105386,0.0076313228927255,15.05,-0.0233534378769602,-0.0067010414898353
2015-10-20,4424.75,200210.0,15.75,-0.0067010414898353,0.0044435767916494,0.0051998082457065,0.0195125350765489,-0.0034034240114902,-0.0077441947334309,0.003549147923845,0.0033891522230265,0.0048451383934648,0.0077780749689659,-0.0048828789686382,0.0101417216621293,0.0078651885103413,14.98,-0.0108690282100686,-0.0057797078389922
2015-10-21,4399.25,289770.0,16.7,-0.0057797078389922,-0.0067010414898353,0.0044435767916494,0.0051998082457065,0.0195125350765489,-0.0034034240114902,-0.0077441947334309,0.003549147923845,0.0033891522230265,0.0048451383934648,0.0077780749689659,0.0106091837718467,0.0081307261037858,15.75,0.4473303031816593,0.0342973741440581
2015-10-22,4552.75,348490.0,14.45,0.0342973741440581,-0.0057797078389922,-0.0067010414898353,0.0044435767916494,0.0051998082457065,0.0195125350765489,-0.0034034240114902,-0.0077441947334309,0.003549147923845,0.0033891522230265,0.0048451383934648,0.0166091525178179,0.0131618133489665,16.7,0.2026434758601649,0.0128217376998444
2015-10-23,4611.5,361590.0,14.46,0.0128217376998444,0.0342973741440581,-0.0057797078389922,-0.0067010414898353,0.0044435767916494,0.0051998082457065,0.0195125350765489,-0.0034034240114902,-0.0077441947334309,0.003549147923845,0.0033891522230265,0.0168321239693785,0.0133952462038854,14.45,0.0375907486584981,0.0010295034909994
2015-10-26,4616.25,184130.0,15.29,0.0010295034909994,0.0128217376998444,0.0342973741440581,-0.0057797078389922,-0.0067010414898353,0.0044435767916494,0.0051998082457065,0.0195125350765489,-0.0034034240114902,-0.0077441947334309,0.003549147923845,0.0170707085011596,0.0134620489041701,14.46,-0.4907768467048314,0.0034600239957509
2015-10-27,4632.25,217940.0,15.43,0.0034600239957509,0.0010295034909994,0.0128217376998444,0.0342973741440581,-0.0057797078389922,-0.0067010414898353,0.0044435767916494,0.0051998082457065,0.0195125350765489,-0.0034034240114902,-0.0077441947334309,0.0155489975937431,0.012693859865525,15.29,0.1836202682887091,0.0089190361287995
2015-10-28,4673.75,306880.0,14.33,0.0089190361287995,0.0034600239957509,0.0010295034909994,0.0128217376998444,0.0342973741440581,-0.0057797078389922,-0.0067010414898353,0.0044435767916494,0.0051998082457065,0.0195125350765489,-0.0034034240114902,0.0132341204890252,0.0122160691909969,15.43,0.4080939708176563,-0.0025708331871206
2015-10-29,4661.75,184530.0,14.61,-0.0025708331871206,0.0089190361287995,0.0034600239957509,0.0010295034909994,0.0128217376998444,0.0342973741440581,-0.0057797078389922,-0.0067010414898353,0.0044435767916494,0.0051998082457065,0.0195125350765489,0.0061569656376547,0.0118376683984871,14.33,-0.3986900417101147,-0.0039763620367516
2015-10-30,4643.25,211240.0,15.07,-0.0039763620367516,-0.0025708331871206,0.0089190361287995,0.0034600239957509,0.0010295034909994,0.0128217376998444,0.0342973741440581,-0.0057797078389922,-0.0067010414898353,0.0044435767916494,0.0051998082457065,0.0051377478538277,0.0122142172184226,14.61,0.1447461117433479,0.0108705453435175
2015-11-02,4694.0,162660.0,14.15,0.0108705453435175,-0.0039763620367516,-0.0025708331871206,0.0089190361287995,0.0034600239957509,0.0010295034909994,0.0128217376998444,0.0342973741440581,-0.0057797078389922,-0.0067010414898353,0.0044435767916494,0.0066392067356296,0.0123734548775708,15.07,-0.2299753834501041,0.0038273489204537
2015-11-03,4712.0,186760.0,14.54,0.0038273489204537,0.0108705453435175,-0.0039763620367516,-0.0025708331871206,0.0089190361287995,0.0034600239957509,0.0010295034909994,0.0128217376998444,0.0342973741440581,-0.0057797078389922,-0.0067010414898353,0.0066428914613152,0.0116728862938449,14.15,0.1481618099102422,-0.0005307010685508
2015-11-04,4709.5,231000.0,15.51,-0.0005307010685508,0.0038273489204537,0.0108705453435175,-0.0039763620367516,-0.0025708331871206,0.0089190361287995,0.0034600239957509,0.0010295034909994,0.0128217376998444,0.0342973741440581,-0.0057797078389922,0.0059980572678696,0.0111773420520818,14.54,0.2368815592203899,-0.003030385901825
2015-11-05,4695.25,246170.0,15.05,-0.003030385901825,-0.0005307010685508,0.0038273489204537,0.0108705453435175,-0.0039763620367516,-0.0025708331871206,0.0089190361287995,0.0034600239957509,0.0010295034909994,0.0128217376998444,0.0342973741440581,0.006079459226662,0.0060248925945135,15.51,0.0656709956709957,0.0016492435840011
2015-11-06,4703.0,276680.0,14.33,0.0016492435840011,-0.003030385901825,-0.0005307010685508,0.0038273489204537,0.0108705453435175,-0.0039763620367516,-0.0025708331871206,0.0089190361287995,0.0034600239957509,0.0010295034909994,0.0128217376998444,0.0052987173719917,0.0049598568689801,15.05,0.1239387415200876,-0.0107421603209749
2015-11-09,4652.75,256940.0,16.52,-0.0107421603209749,0.0016492435840011,-0.003030385901825,-0.0005307010685508,0.0038273489204537,0.0108705453435175,-0.0039763620367516,-0.0025708331871206,0.0089190361287995,0.0034600239957509,0.0010295034909994,0.005626844762221,0.0063956157584049,14.33,-0.0713459592308803,-0.0020977336041513
2015-11-10,4643.0,241860.0,15.29,-0.0020977336041513,-0.0107421603209749,0.0016492435840011,-0.003030385901825,-0.0005307010685508,0.0038273489204537,0.0108705453435175,-0.0039763620367516,-0.0025708331871206,0.0089190361287995,0.0034600239957509,0.0047025692613592,0.0063790391960341,16.52,-0.0586907449209932,-0.0024259425897995
2015-11-11,4631.75,221700.0,16.06,-0.0024259425897995,-0.0020977336041513,-0.0107421603209749,0.0016492435840011,-0.003030385901825,-0.0005307010685508,0.0038273489204537,0.0108705453435175,-0.0039763620367516,-0.0025708331871206,0.0089190361287995,0.0045320678047186,0.0056268595407589,15.29,-0.0833540064500124,-0.01009013659898
2015-11-12,4585.25,268160.0,18.37,-0.01009013659898,-0.0024259425897995,-0.0020977336041513,-0.0107421603209749,0.0016492435840011,-0.003030385901825,-0.0005307010685508,0.0038273489204537,0.0108705453435175,-0.0039763620367516,-0.0025708331871206,0.0054269869188426,0.0063326867560766,16.06,0.2095624718087505,-0.0183228873644644
2015-11-13,4502.0,344230.0,20.08,-0.0183228873644644,-0.01009013659898,-0.0024259425897995,-0.0020977336041513,-0.0107421603209749,0.0016492435840011,-0.003030385901825,-0.0005307010685508,0.0038273489204537,0.0108705453435175,-0.0039763620367516,0.0067388830584834,0.0082514943030564,18.37,0.2836739260143197,0.0127460549774294
2015-11-16,4559.75,282190.0,18.16,0.0127460549774294,-0.0183228873644644,-0.01009013659898,-0.0024259425897995,-0.0020977336041513,-0.0107421603209749,0.0016492435840011,-0.003030385901825,-0.0005307010685508,0.0038273489204537,0.0108705453435175,0.0114973282615018,0.008617255197753,20.08,-0.1802283357057781,0.0021359922681493
2015-11-17,4569.5,269680.0,18.84,0.0021359922681493,0.0127460549774294,-0.0183228873644644,-0.01009013659898,-0.0024259425897995,-0.0020977336041513,-0.0107421603209749,0.0016492435840011,-0.003030385901825,-0.0005307010685508,0.0038273489204537,0.0118271296296366,0.0084861053630875,18.16,-0.0443318331620539,0.0180009198041494
2015-11-18,4652.5,242820.0,16.85,0.0180009198041494,0.0021359922681493,0.0127460549774294,-0.0183228873644644,-0.01009013659898,-0.0024259425897995,-0.0020977336041513,-0.0107421603209749,0.0016492435840011,-0.003030385901825,-0.0005307010685508,0.0152036218873224,0.0108081834605409,18.84,-0.0995995253633936,0.0016107386032857
2015-11-19,4660.0,217270.0,16.99,0.0016107386032857,0.0180009198041494,0.0021359922681493,0.0127460549774294,-0.0183228873644644,-0.01009013659898,-0.0024259425897995,-0.0020977336041513,-0.0107421603209749,0.0016492435840011,-0.003030385901825,0.013938087222135,0.0108213355702613,16.85,-0.1052219751256074,0.0063105188293015
2015-11-20,4689.5,177130.0,15.47,0.0063105188293015,0.0016107386032857,0.0180009198041494,0.0021359922681493,0.0127460549774294,-0.0183228873644644,-0.01009013659898,-0.0024259425897995,-0.0020977336041513,-0.0107421603209749,0.0016492435840011,0.0070795069368409,0.0110346274056123,16.99,-0.1847470888755925,-0.0029363892858837
2015-11-23,4675.75,163320.0,15.62,-0.0029363892858837,0.0063105188293015,0.0016107386032857,0.0180009198041494,0.0021359922681493,0.0127460549774294,-0.0183228873644644,-0.01009013659898,-0.0024259425897995,-0.0020977336041513,-0.0107421603209749,0.0079594961723714,0.0104747852560146,15.47,-0.077965336193756,-0.0020874040817341
2015-11-24,4666.0,230130.0,15.93,-0.0020874040817341,-0.0029363892858837,0.0063105188293015,0.0016107386032857,0.0180009198041494,0.0021359922681493,0.0127460549774294,-0.0183228873644644,-0.01009013659898,-0.0024259425897995,-0.0020977336041513,0.0085451943908402,0.0104745018817611,15.62,0.4090742101396032,0.0024081567841527
2015-11-25,4677.25,119710.0,15.19,0.0024081567841527,-0.0020874040817341,-0.0029363892858837,0.0063105188293015,0.0016107386032857,0.0180009198041494,0.0021359922681493,0.0127460549774294,-0.0183228873644644,-0.01009013659898,-0.0024259425897995,0.0037271323145253,0.0104362422508344,15.93,-0.4798157563116499,0.0011218249527155
2015-11-27,4682.5,105380.0,15.12,0.0011218249527155,0.0024081567841527,-0.0020874040817341,-0.0029363892858837,0.0063105188293015,0.0016107386032857,0.0180009198041494,0.0021359922681493,0.0127460549774294,-0.0183228873644644,-0.01009013659898,0.0037155034116505,0.009690731814584,15.19,-0.1197059560604795,-0.002940785437116
2015-11-30,4668.75,179770.0,16.13,-0.002940785437116,0.0011218249527155,0.0024081567841527,-0.0020874040817341,-0.0029363892858837,0.0063105188293015,0.0016107386032857,0.0180009198041494,0.0021359922681493,0.0127460549774294,-0.0183228873644644,0.0024875910494183,0.0069112244317696,15.12,0.7059214272157905,0.0101226223973927
2015-12-01,4716.25,228430.0,14.67,0.0101226223973927,-0.002940785437116,0.0011218249527155,0.0024081567841527,-0.0020874040817341,-0.0029363892858837,0.0063105188293015,0.0016107386032857,0.0180009198041494,0.0021359922681493,0.0127460549774294,0.0051878358642523,0.0065683177981337,16.13,0.2706792012015353,-0.004622381579918
2015-12-02,4694.5,231810.0,15.91,-0.004622381579918,0.0101226223973927,-0.002940785437116,0.0011218249527155,0.0024081567841527,-0.0020874040817341,-0.0029363892858837,0.0063105188293015,0.0016107386032857,0.0180009198041494,0.0021359922681493,0.0057472509971809,0.0070406396110754,14.67,0.0147966554305476,-0.0179468574918965
2015-12-03,4611.0,379530.0,18.11,-0.0179468574918965,-0.004622381579918,0.0101226223973927,-0.002940785437116,0.0011218249527155,0.0024081567841527,-0.0020874040817341,-0.0029363892858837,0.0063105188293015,0.0016107386032857,0.0180009198041494,0.0101873568871155,0.0075203294969802,15.91,0.6372460204477806,0.0219329380799869
2015-12-04,4713.25,305070.0,14.81,0.0219329380799869,-0.0179468574918965,-0.004622381579918,0.0101226223973927,-0.002940785437116,0.0011218249527155,0.0024081567841527,-0.0020874040817341,-0.0029363892858837,0.0063105188293015,0.0016107386032857,0.0152238035087314,0.0104486868945834,18.11,-0.1961900245039918,-0.0026024392625619
2015-12-07,4701.0,224660.0,15.84,-0.0026024392625619,0.0219329380799869,-0.0179468574918965,-0.004622381579918,0.0101226223973927,-0.002940785437116,0.0011218249527155,0.0024081567841527,-0.0020874040817341,-0.0029363892858837,0.0063105188293015,0.0152009250192967,0.0103378254743893,14.81,-0.2635788507555643,-0.0029291955010704
2015-12-08,4687.25,299290.0,17.6,-0.0029291955010704,-0.0026024392625619,0.0219329380799869,-0.0179468574918965,-0.004622381579918,0.0101226223973927,-0.002940785437116,0.0011218249527155,0.0024081567841527,-0.0020874040817341,-0.0029363892858837,0.0144244069915151,0.0103375797457336,15.84,0.3321908661978101,-0.0153175273351246
2015-12-09,4616.0,388710.0,19.61,-0.0153175273351246,-0.0029291955010704,-0.0026024392625619,0.0219329380799869,-0.0179468574918965,-0.004622381579918,0.0101226223973927,-0.002940785437116,0.0011218249527155,0.0024081567841527,-0.0020874040817341,0.0157817163444682,0.0114554968384603,17.6,0.2987737645761636,0.0060475346298465
2015-12-10,4644.0,302770.0,19.34,0.0060475346298465,-0.0153175273351246,-0.0029291955010704,-0.0026024392625619,0.0219329380799869,-0.0179468574918965,-0.004622381579918,0.0101226223973927,-0.002940785437116,0.0011218249527155,0.0024081567841527,0.0137607671458981,0.0116349401554117,19.61,-0.2210902729541303,-0.0228142636670058
2015-12-11,4539.25,226520.0,24.39,-0.0228142636670058,0.0060475346298465,-0.0153175273351246,-0.0029291955010704,-0.0026024392625619,0.0219329380799869,-0.0179468574918965,-0.004622381579918,0.0101226223973927,-0.002940785437116,0.0011218249527155,0.0114460885091605,0.0135241828922095,19.34,-0.2518413317039336,0.0059852469809573
2015-12-14,4566.5,156220.0,22.73,0.0059852469809573,-0.0228142636670058,0.0060475346298465,-0.0153175273351246,-0.0029291955010704,-0.0026024392625619,0.0219329380799869,-0.0179468574918965,-0.004622381579918,0.0101226223973927,-0.002940785437116,0.0129186490903722,0.0138275339754243,24.39,-0.3103478721525693,0.0086127542488969
2015-12-15,4606.0,151200.0,20.95,0.0086127542488969,0.0059852469809573,-0.0228142636670058,0.0060475346298465,-0.0153175273351246,-0.0029291955010704,-0.0026024392625619,0.0219329380799869,-0.0179468574918965,-0.004622381579918,0.0101226223973927,0.0144960239274677,0.0136853666472415,22.73,-0.032134169760594,0.0122992164276904
2015-12-16,4663.0,71660.0,17.86,0.0122992164276904,0.0086127542488969,0.0059852469809573,-0.0228142636670058,0.0060475346298465,-0.0153175273351246,-0.0029291955010704,-0.0026024392625619,0.0219329380799869,-0.0179468574918965,-0.004622381579918,0.0141227775573666,0.014402650025026,20.95,-0.5260582010582011,-0.0184514067864976
2015-12-17,4577.75,49750.0,18.94,-0.0184514067864976,0.0122992164276904,0.0086127542488969,0.0059852469809573,-0.0228142636670058,0.0060475346298465,-0.0153175273351246,-0.0029291955010704,-0.0026024392625619,0.0219329380799869,-0.0179468574918965,0.0164387346975722,0.0144706093945971,17.86,-0.3057493720346078,-0.0003648745975242
2015-12-18,4576.08,340480.0,20.7,-0.0003648745975242,-0.0184514067864976,0.0122992164276904,0.0086127542488969,0.0059852469809573,-0.0228142636670058,0.0060475346298465,-0.0153175273351246,-0.0029291955010704,-0.0026024392625619,0.0219329380799869,0.0121326077325889,0.0121182711167817,18.94,5.843819095477387,-0.0028624344968963
2015-12-21,4563.0,176610.0,18.7,-0.0028624344968963,-0.0003648745975242,-0.0184514067864976,0.0122992164276904,0.0086127542488969,0.0059852469809573,-0.0228142636670058,0.0060475346298465,-0.0153175273351246,-0.0029291955010704,-0.0026024392625619,0.0119803355333557,0.0121177131396694,20.7,-0.4812911184210526,0.0061175633218194
2015-12-22,4591.0,166650.0,16.6,0.0061175633218194,-0.0028624344968963,-0.0003648745975242,-0.0184514067864976,0.0122992164276904,0.0086127542488969,0.0059852469809573,-0.0228142636670058,0.0060475346298465,-0.0153175273351246,-0.0029291955010704,0.0115687978782188,0.0124548977485606,18.7,-0.0563954475963988,0.0034247539657483
2015-12-23,4606.75,147740.0,15.57,0.0034247539657483,0.0061175633218194,-0.0028624344968963,-0.0003648745975242,-0.0184514067864976,0.0122992164276904,0.0086127542488969,0.0059852469809573,-0.0228142636670058,0.0060475346298465,-0.0153175273351246,0.0095978664775147,0.0116231042613845,16.6,-0.1134713471347135,0.0009221339917353
2015-12-24,4611.0,62050.0,15.74,0.0009221339917353,0.0034247539657483,0.0061175633218194,-0.0028624344968963,-0.0003648745975242,-0.0184514067864976,0.0122992164276904,0.0086127542488969,0.0059852469809573,-0.0228142636670058,0.0060475346298465,0.0034588752196775,0.0114283440932206,15.57,-0.5800054149180993,0.0005962221375028
2015-12-28,4613.75,113570.0,16.91,0.0005962221375028,0.0009221339917353,0.0034247539657483,0.0061175633218194,-0.0028624344968963,-0.0003648745975242,-0.0184514067864976,0.0122992164276904,0.0086127542488969,0.0059852469809573,-0.0228142636670058,0.0033582227304701,0.008392540981877,15.74,0.8302981466559227,0.0164982112217972
2015-12-29,4690.5,158100.0,16.08,0.0164982112217972,0.0005962221375028,0.0009221339917353,0.0034247539657483,0.0061175633218194,-0.0028624344968963,-0.0003648745975242,-0.0184514067864976,0.0122992164276904,0.0086127542488969,0.0059852469809573,0.0065316897062057,0.0095742697443585,16.91,0.3920929823016641,-0.0095325522356512
2015-12-30,4646.0,117430.0,17.29,-0.0095325522356512,0.0164982112217972,0.0005962221375028,0.0009221339917353,0.0034247539657483,0.0061175633218194,-0.0028624344968963,-0.0003648745975242,-0.0184514067864976,0.0122992164276904,0.0086127542488969,0.0093224396096299,0.0100332496572019,16.08,-0.2572422517394054,-0.0126169265395705
2015-12-31,4587.75,160710.0,18.21,-0.0126169265395705,-0.0095325522356512,0.0164982112217972,0.0005962221375028,0.0009221339917353,0.0034247539657483,0.0061175633218194,-0.0028624344968963,-0.0003648745975242,-0.0184514067864976,0.0122992164276904,0.0114021596804871,0.009971730741812,17.29,0.3685599931874308,-0.0183128106992892
2016-01-04,4504.5,368670.0,20.7,-0.0183128106992892,-0.0126169265395705,-0.0095325522356512,0.0164982112217972,0.0005962221375028,0.0009221339917353,0.0034247539657483,0.0061175633218194,-0.0028624344968963,-0.0003648745975242,-0.0184514067864976,0.0136816532042951,0.0099458109598768,18.21,1.2940078402090722,-0.0046171472450023
2016-01-05,4483.75,301180.0,19.34,-0.0046171472450023,-0.0183128106992892,-0.0126169265395705,-0.0095325522356512,0.0164982112217972,0.0005962221375028,0.0009221339917353,0.0034247539657483,0.0061175633218194,-0.0028624344968963,-0.0003648745975242,0.0133748565894102,0.0099773671380316,20.7,-0.1830634442726557,-0.0082862575909055
2016-01-06,4446.75,346780.0,20.59,-0.0082862575909055,-0.0046171472450023,-0.0183128106992892,-0.0126169265395705,-0.0095325522356512,0.0164982112217972,0.0005962221375028,0.0009221339917353,0.0034247539657483,0.0061175633218194,-0.0028624344968963,0.0051433469364949,0.0101726577993105,19.34,0.1514044757288,-0.0360615997920514
2016-01-07,4289.25,501320.0,24.99,-0.0360615997920514,-0.0082862575909055,-0.0046171472450023,-0.0183128106992892,-0.0126169265395705,-0.0095325522356512,0.0164982112217972,0.0005962221375028,0.0009221339917353,0.0034247539657483,0.0061175633218194,0.0123321835913875,0.0141372282049307,20.59,0.4456427706326777,-0.0064906815011829
2016-01-08,4261.5,480510.0,27.01,-0.0064906815011829,-0.0360615997920514,-0.0082862575909055,-0.0046171472450023,-0.0183128106992892,-0.0126169265395705,-0.0095325522356512,0.0164982112217972,0.0005962221375028,0.0009221339917353,0.0034247539657483,0.0130340788924601,0.0136808759761614,24.99,-0.0415104125109709,0.0026949456816726
2016-01-11,4273.0,435580.0,24.3,0.0026949456816726,-0.0064906815011829,-0.0360615997920514,-0.0082862575909055,-0.0046171472450023,-0.0183128106992892,-0.0126169265395705,-0.0095325522356512,0.0164982112217972,0.0005962221375028,0.0009221339917353,0.0148582605406124,0.0138171243499515,27.01,-0.0935048177977565,0.0092595950298286
2016-01-12,4312.75,417580.0,22.47,0.0092595950298286,0.0026949456816726,-0.0064906815011829,-0.0360615997920514,-0.0082862575909055,-0.0046171472450023,-0.0183128106992892,-0.0126169265395705,-0.0095325522356512,0.0164982112217972,0.0005962221375028,0.0173337803172041,0.0146363384460603,24.3,-0.0413242113962991,-0.0322817688037966
2016-01-13,4175.75,521070.00000000006,25.22,-0.0322817688037966,0.0092595950298286,0.0026949456816726,-0.0064906815011829,-0.0360615997920514,-0.0082862575909055,-0.0046171472450023,-0.0183128106992892,-0.0126169265395705,-0.0095325522356512,0.0164982112217972,0.0205360464503533,0.0141491427059074,22.47,0.2478327506106616,0.0193881506667864
2016-01-14,4257.5,526510.0,23.95,0.0193881506667864,-0.0322817688037966,0.0092595950298286,0.0026949456816726,-0.0064906815011829,-0.0360615997920514,-0.0082862575909055,-0.0046171472450023,-0.0183128106992892,-0.0126169265395705,-0.0095325522356512,0.0196348191902257,0.01724191560094,25.22,0.010440056038536,-0.0278052027045796
2016-01-15,4140.75,567530.0,27.02,-0.0278052027045796,0.0193881506667864,-0.0322817688037966,0.0092595950298286,0.0026949456816726,-0.0064906815011829,-0.0360615997920514,-0.0082862575909055,-0.0046171472450023,-0.0183128106992892,-0.0126169265395705,0.0230157467026748,0.0182609639649297,23.95,0.0779092514862016,0.0009052231993172
2016-01-19,4144.5,475760.0,26.05,0.0009052231993172,-0.0278052027045796,0.0193881506667864,-0.0322817688037966,0.0092595950298286,0.0026949456816726,-0.0064906815011829,-0.0360615997920514,-0.0082862575909055,-0.0046171472450023,-0.0183128106992892,0.0228650210303436,0.0183294273400325,27.02,-0.1617007030465349,-0.0027786185198485
2016-01-20,4133.0,628240.0,27.59,-0.0027786185198485,0.0009052231993172,-0.0278052027045796,0.0193881506667864,-0.0322817688037966,0.0092595950298286,0.0026949456816726,-0.0064906815011829,-0.0360615997920514,-0.0082862575909055,-0.0046171472450023,0.0214313071985303,0.0183799521474569,26.05,0.3204977299478728,-0.0006655977010318
2016-01-21,4130.25,554100.0,26.69,-0.0006655977010318,-0.0027786185198485,0.0009052231993172,-0.0278052027045796,0.0193881506667864,-0.0322817688037966,0.0092595950298286,0.0026949456816726,-0.0064906815011829,-0.0360615997920514,-0.0082862575909055,0.0168375018134468,0.0185308370599408,27.59,-0.1180122246275309,0.0279926367353864
2016-01-22,4247.5,328590.0,22.34,0.0279926367353864,-0.0006655977010318,-0.0027786185198485,0.0009052231993172,-0.0278052027045796,0.0193881506667864,-0.0322817688037966,0.0092595950298286,0.0026949456816726,-0.0064906815011829,-0.0360615997920514,0.0197774759077322,0.0185869653345027,26.69,-0.4069842988630211,-0.0144057979314994
2016-01-25,4186.75,287600.0,24.15,-0.0144057979314994,0.0279926367353864,-0.0006655977010318,-0.0027786185198485,0.0009052231993172,-0.0278052027045796,0.0193881506667864,-0.0322817688037966,0.0092595950298286,0.0026949456816726,-0.0064906815011829,0.0156179937602077,0.0190114779072632,22.34,-0.1247451231017376,0.009508599602488
2016-01-26,4226.75,327220.0,22.5,0.009508599602488,-0.0144057979314994,0.0279926367353864,-0.0006655977010318,-0.0027786185198485,0.0009052231993172,-0.0278052027045796,0.0193881506667864,-0.0322817688037966,0.0092595950298286,0.0026949456816726,0.0159095712257171,0.0193090371818737,24.15,0.1377607788595272,-0.0238826254644939
2016-01-27,4127.0,408520.0,23.11,-0.0238826254644939,0.009508599602488,-0.0144057979314994,0.0279926367353864,-0.0006655977010318,-0.0027786185198485,0.0009052231993172,-0.0278052027045796,0.0193881506667864,-0.0322817688037966,0.0092595950298286,0.0203219640691332,0.0201610553387521,22.5,0.2484566958009901,0.0064607899162222
2016-01-28,4153.75,414080.0,22.42,0.0064607899162222,-0.0238826254644939,0.009508599602488,-0.0144057979314994,0.0279926367353864,-0.0006655977010318,-0.0027786185198485,0.0009052231993172,-0.0278052027045796,0.0193881506667864,-0.0322817688037966,0.0205378421662519,0.0177916092321966,23.11,0.0136101047684324,0.0259615970964063
2016-01-29,4263.0,328860.0,20.2,0.0259615970964063,0.0064607899162222,-0.0238826254644939,0.009508599602488,-0.0144057979314994,0.0279926367353864,-0.0006655977010318,-0.0027786185198485,0.0009052231993172,-0.0278052027045796,0.0193881506667864,0.019883491621805,0.0187070994233857,22.42,-0.2058056414219474,0.0066631843930644
2016-02-01,4291.5,263360.0,19.98,0.0066631843930644,0.0259615970964063,0.0064607899162222,-0.0238826254644939,0.009508599602488,-0.0144057979314994,0.0279926367353864,-0.0006655977010318,-0.0027786185198485,0.0009052231993172,-0.0278052027045796,0.0180194722816725,0.0159623240814539,20.2,-0.1991729003223256,-0.0234583751573965
2016-02-02,4192.0,314730.0,21.98,-0.0234583751573965,0.0066631843930644,0.0259615970964063,0.0064607899162222,-0.0238826254644939,0.009508599602488,-0.0144057979314994,0.0279926367353864,-0.0006655977010318,-0.0027786185198485,0.0009052231993172,0.0216054917682253,0.0181277106594591,19.98,0.1950561968408262,-0.0049022636587488
2016-02-03,4171.5,484500.0,21.65,-0.0049022636587488,-0.0234583751573965,0.0066631843930644,0.0259615970964063,0.0064607899162222,-0.0238826254644939,0.009508599602488,-0.0144057979314994,0.0279926367353864,-0.0006655977010318,-0.0027786185198485,0.0181070916672768,0.0181910406796548,21.98,0.5394147364407587,-0.0037827659265604
2016-02-04,4155.75,383180.0,21.84,-0.0037827659265604,-0.0049022636587488,-0.0234583751573965,0.0066631843930644,0.0259615970964063,0.0064607899162222,-0.0238826254644939,0.009508599602488,-0.0144057979314994,0.0279926367353864,-0.0006655977010318,0.0180761796115623,0.0182479857091755,21.65,-0.2091228070175438,-0.0327136260829713
2016-02-05,4022.0,443080.0,23.38,-0.0327136260829713,-0.0037827659265604,-0.0049022636587488,-0.0234583751573965,0.0066631843930644,0.0259615970964063,0.0064607899162222,-0.0238826254644939,0.009508599602488,-0.0144057979314994,0.0279926367353864,0.0160149264538441,0.0182260454339613,21.84,0.1563233989247874,-0.0144626092629204
2016-02-08,3964.25,542370.0,26.0,-0.0144626092629204,-0.0327136260829713,-0.0037827659265604,-0.0049022636587488,-0.0234583751573965,0.0066631843930644,0.0259615970964063,0.0064607899162222,-0.0238826254644939,0.009508599602488,-0.0144057979314994,0.0123456896272712,0.0182291539790809,23.38,0.2240904577051548,-0.0050578599321135
2016-02-09,3944.25,499990.0,26.54,-0.0050578599321135,-0.0144626092629204,-0.0327136260829713,-0.0037827659265604,-0.0049022636587488,-0.0234583751573965,0.0066631843930644,0.0259615970964063,0.0064607899162222,-0.0238826254644939,0.009508599602488,0.0122580983179883,0.0174660924829367,26.0,-0.0781385401109943,0.0058143373053884
2016-02-10,3967.25,426910.0,26.29,0.0058143373053884,-0.0050578599321135,-0.0144626092629204,-0.0327136260829713,-0.0037827659265604,-0.0049022636587488,-0.0234583751573965,0.0066631843930644,0.0259615970964063,0.0064607899162222,-0.0238826254644939,0.0145686950382296,0.0167719013381672,26.54,-0.1461629232584651,-0.0015135274378211
2016-02-11,3961.25,504870.0,28.14,-0.0015135274378211,0.0058143373053884,-0.0050578599321135,-0.0144626092629204,-0.0327136260829713,-0.0037827659265604,-0.0049022636587488,-0.0234583751573965,0.0066631843930644,0.0259615970964063,0.0064607899162222,0.01484509732908,0.0164076495961043,26.29,0.1826146026094492,0.0112960096638497
2016-02-12,4006.25,307350.0,25.4,0.0112960096638497,-0.0015135274378211,0.0058143373053884,-0.0050578599321135,-0.0144626092629204,-0.0327136260829713,-0.0037827659265604,-0.0049022636587488,-0.0234583751573965,0.0066631843930644,0.0259615970964063,0.0099419204178556,0.0138074216331595,28.14,-0.3912294253966367,0.0213614740654708
2016-02-16,4092.75,320590.0,24.11,0.0213614740654708,0.0112960096638497,-0.0015135274378211,0.0058143373053884,-0.0050578599321135,-0.0144626092629204,-0.0327136260829713,-0.0037827659265604,-0.0049022636587488,-0.0234583751573965,0.0066631843930644,0.010512660292169,0.0159468519907583,25.4,0.043077924190662,0.0250933004680722
2016-02-17,4196.75,291650.0,22.31,0.0250933004680722,0.0213614740654708,0.0112960096638497,-0.0015135274378211,0.0058143373053884,-0.0050578599321135,-0.0144626092629204,-0.0327136260829713,-0.0037827659265604,-0.0049022636587488,-0.0234583751573965,0.0109499241477039,0.0169732699142223,24.11,-0.090271062728095,-0.0099979879129747
2016-02-18,4155.0,254580.0,21.64,-0.0099979879129747,0.0250933004680722,0.0213614740654708,0.0112960096638497,-0.0015135274378211,0.0058143373053884,-0.0050578599321135,-0.0144626092629204,-0.0327136260829713,-0.0037827659265604,-0.0049022636587488,0.0149015323698268,0.0172153423406294,22.31,-0.1271044059660552,0.0014430016933927
2016-02-19,4161.0,229020.0,20.53,0.0014430016933927,-0.0099979879129747,0.0250933004680722,0.0213614740654708,0.0112960096638497,-0.0015135274378211,0.0058143373053884,-0.0050578599321135,-0.0144626092629204,-0.0327136260829713,-0.0037827659265604,0.0144185890902763,0.0171804035272765,21.64,-0.1004006599104406,0.0128348477129693
2016-02-22,4214.75,189980.0,19.38,0.0128348477129693,0.0014430016933927,-0.0099979879129747,0.0250933004680722,0.0213614740654708,0.0112960096638497,-0.0015135274378211,0.0058143373053884,-0.0050578599321135,-0.0144626092629204,-0.0327136260829713,0.0144737778075038,0.0130472684324122,20.53,-0.1704654615317439,-0.0132555081560583
2016-02-23,4159.25,227810.0,20.98,-0.0132555081560583,0.0128348477129693,0.0014430016933927,-0.0099979879129747,0.0250933004680722,0.0213614740654708,0.0112960096638497,-0.0015135274378211,0.0058143373053884,-0.0050578599321135,-0.0144626092629204,0.0159702990268527,0.0128546382623873,19.38,0.1991262238130329,0.0117715201117786
2016-02-24,4208.5,336250.0,20.72,0.0117715201117786,-0.0132555081560583,0.0128348477129693,0.0014430016933927,-0.0099979879129747,0.0250933004680722,0.0213614740654708,0.0112960096638497,-0.0015135274378211,0.0058143373053884,-0.0050578599321135,0.0120362902565418,0.0125176166106064,20.98,0.4760107106799525,0.0084588360391121
2016-02-25,4244.25,265550.0,19.11,0.0084588360391121,0.0117715201117786,-0.0132555081560583,0.0128348477129693,0.0014430016933927,-0.0099979879129747,0.0250933004680722,0.0213614740654708,0.0112960096638497,-0.0015135274378211,0.0058143373053884,0.0107506886952747,0.0125298078943614,20.72,-0.2102602230483271,-0.0033631326504192
2016-02-26,4230.0,272800.0,19.81,-0.0033631326504192,0.0084588360391121,0.0117715201117786,-0.0132555081560583,0.0128348477129693,0.0014430016933927,-0.0099979879129747,0.0250933004680722,0.0213614740654708,0.0112960096638497,-0.0015135274378211,0.0112669336901535,0.0126781056388893,19.11,0.0273018263980417,-0.0068198930010082
2016-02-29,4201.25,250320.0,20.55,-0.0068198930010082,-0.0033631326504192,0.0084588360391121,0.0117715201117786,-0.0132555081560583,0.0128348477129693,0.0014430016933927,-0.0099979879129747,0.0250933004680722,0.0213614740654708,0.0112960096638497,0.0105070477579121,0.0132099957996531,19.81,-0.0824046920821114,0.0319736804424656
2016-03-01,4337.75,295760.0,17.7,0.0319736804424656,-0.0068198930010082,-0.0033631326504192,0.0084588360391121,0.0117715201117786,-0.0132555081560583,0.0128348477129693,0.0014430016933927,-0.0099979879129747,0.0250933004680722,0.0213614740654708,0.0153060883602627,0.0149977982039264,20.55,0.181527644614893,-0.0019614636495208
2016-03-02,4329.25,265750.0,17.09,-0.0019614636495208,0.0319736804424656,-0.0068198930010082,-0.0033631326504192,0.0084588360391121,0.0117715201117786,-0.0132555081560583,0.0128348477129693,0.0014430016933927,-0.0099979879129747,0.0250933004680722,0.0157757297235104,0.0134988424029743,17.7,-0.1014674060048688,-0.0020810458981591
2016-03-03,4320.25,202260.0,16.7,-0.0020810458981591,-0.0019614636495208,0.0319736804424656,-0.0068198930010082,-0.0033631326504192,0.0084588360391121,0.0117715201117786,-0.0132555081560583,0.0128348477129693,0.0014430016933927,-0.0099979879129747,0.0160102826534168,0.0128618903951977,17.09,-0.2389087488240827,0.0005206676233445
2016-03-04,4322.5,289080.0,16.86,0.0005206676233445,-0.0020810458981591,-0.0019614636495208,0.0319736804424656,-0.0068198930010082,-0.0033631326504192,0.0084588360391121,0.0117715201117786,-0.0132555081560583,0.0128348477129693,0.0014430016933927,0.0156819016278607,0.0128847547853277,16.7,0.4292494808662117,-0.0052189158757917
2016-03-07,4300.0,246820.0,17.35,-0.0052189158757917,0.0005206676233445,-0.0020810458981591,-0.0019614636495208,0.0319736804424656,-0.0068198930010082,-0.0033631326504192,0.0084588360391121,0.0117715201117786,-0.0132555081560583,0.0128348477129693,0.0154114305915055,0.0127434260191815,16.86,-0.146187906461879,-0.0068841062954518
2016-03-08,4270.5,293550.0,18.67,-0.0068841062954518,-0.0052189158757917,0.0005206676233445,-0.0020810458981591,-0.0019614636495208,0.0319736804424656,-0.0068198930010082,-0.0033631326504192,0.0084588360391121,0.0117715201117786,-0.0132555081560583,0.0029261712722109,0.0120354105672936,17.35,0.1893282554087998,0.0056042178200774
2016-03-09,4294.5,238220.0,18.34,0.0056042178200774,-0.0068841062954518,-0.0052189158757917,0.0005206676233445,-0.0020810458981591,-0.0019614636495208,0.0319736804424656,-0.0068198930010082,-0.0033631326504192,0.0084588360391121,0.0117715201117786,0.0049408253780368,0.0116678741326324,18.67,-0.1884857775506727,-0.0022145821743992
2016-03-10,4285.0,392230.0,18.05,-0.0022145821743992,0.0056042178200774,-0.0068841062954518,-0.0052189158757917,0.0005206676233445,-0.0020810458981591,-0.0019614636495208,0.0319736804424656,-0.0068198930010082,-0.0033631326504192,0.0084588360391121,0.004944355371521,0.0115007055145455,18.34,0.6465032323062716,0.0156872772148277
2016-03-11,4352.75,156650.0,16.5,0.0156872772148277,-0.0022145821743992,0.0056042178200774,-0.0068841062954518,-0.0052189158757917,0.0005206676233445,-0.0020810458981591,-0.0019614636495208,0.0319736804424656,-0.0068198930010082,-0.0033631326504192,0.0093180372146366,0.0122586807425534,18.05,-0.6006169849323102,0.0030394288631813
2016-03-14,4366.0,106670.0,16.92,0.0030394288631813,0.0156872772148277,-0.0022145821743992,0.0056042178200774,-0.0068841062954518,-0.0052189158757917,0.0005206676233445,-0.0020810458981591,-0.0019614636495208,0.0319736804424656,-0.0068198930010082,0.0085531740609857,0.0117807612335018,16.5,-0.3190552186402808,-0.0003436229344847
2016-03-15,4364.5,71630.0,16.84,-0.0003436229344847,0.0030394288631813,0.0156872772148277,-0.0022145821743992,0.0056042178200774,-0.0068841062954518,-0.0052189158757917,0.0005206676233445,-0.0020810458981591,-0.0019614636495208,0.0319736804424656,0.0070169125304083,0.0064209386615393,16.92,-0.3284897346957908,0.0075325624363087
2016-03-16,4397.5,65620.0,14.99,0.0075325624363087,-0.0003436229344847,0.0030394288631813,0.0156872772148277,-0.0022145821743992,0.0056042178200774,-0.0068841062954518,-0.0052189158757917,0.0005206676233445,-0.0020810458981591,-0.0019614636495208,0.0071544157816113,0.0066937865481295,16.84,-0.083903392433338,0.001079576229174
2016-03-17,4402.25,51820.0,14.44,0.001079576229174,0.0075325624363087,-0.0003436229344847,0.0030394288631813,0.0156872772148277,-0.0022145821743992,0.0056042178200774,-0.0068841062954518,-0.0052189158757917,0.0005206676233445,-0.0020810458981591,0.0064730876044259,0.0065761282922698,14.99,-0.2103017372752209,0.0053375386968381
2016-03-18,4425.81,240450.0,14.02,0.0053375386968381,0.001079576229174,0.0075325624363087,-0.0003436229344847,0.0030394288631813,0.0156872772148277,-0.0022145821743992,0.0056042178200774,-0.0068841062954518,-0.0052189158757917,0.0005206676233445,0.0031755347096541,0.0066415637653902,14.44,3.640100347356233,-0.0021623928643704
2016-03-21,4416.25,169660.0,13.79,-0.0021623928643704,0.0053375386968381,0.001079576229174,0.0075325624363087,-0.0003436229344847,0.0030394288631813,0.0156872772148277,-0.0022145821743992,0.0056042178200774,-0.0068841062954518,-0.0052189158757917,0.0040310309679068,0.0063162868656253,14.02,-0.2944063214805573,0.0041239501431521
2016-03-22,4434.5,189220.0,14.17,0.0041239501431521,-0.0021623928643704,0.0053375386968381,0.001079576229174,0.0075325624363087,-0.0003436229344847,0.0030394288631813,0.0156872772148277,-0.0022145821743992,0.0056042178200774,-0.0068841062954518,0.0037895821390352,0.0053523377720333,13.79,0.11528940233408,-0.0088335795252737
2016-03-23,4395.5,211430.0,14.94,-0.0088335795252737,0.0041239501431521,-0.0021623928643704,0.0053375386968381,0.001079576229174,0.0075325624363087,-0.0003436229344847,0.0030394288631813,0.0156872772148277,-0.0022145821743992,0.0056042178200774,0.0056861333732428,0.0066032164202085,14.17,0.1173765986682169,0.0003980552212009
2016-03-24,4397.25,192090.0,14.74,0.0003980552212009,-0.0088335795252737,0.0041239501431521,-0.0021623928643704,0.0053375386968381,0.001079576229174,0.0075325624363087,-0.0003436229344847,0.0030394288631813,0.0156872772148277,-0.0022145821743992,0.0056591631082399,0.0064536547339608,14.94,-0.0914723549165208,-0.0017640201461707
2016-03-28,4389.5,133720.0,15.24,-0.0017640201461707,0.0003980552212009,-0.0088335795252737,0.0041239501431521,-0.0021623928643704,0.0053375386968381,0.001079576229174,0.0075325624363087,-0.0003436229344847,0.0030394288631813,0.0156872772148277,0.0047279055463337,0.0046147969308251,14.74,-0.3038679785517205,0.0155409869663591
2016-03-29,4458.25,224460.0,13.82,0.0155409869663591,-0.0017640201461707,0.0003980552212009,-0.0088335795252737,0.0041239501431521,-0.0021623928643704,0.0053375386968381,0.001079576229174,0.0075325624363087,-0.0003436229344847,0.0030394288631813,0.0089709649884709,0.0065599885563933,15.24,0.6785821118755608,0.0053130630282496
2016-03-30,4482.0,222490.0,13.56,0.0053130630282496,0.0155409869663591,-0.0017640201461707,0.0003980552212009,-0.0088335795252737,0.0041239501431521,-0.0021623928643704,0.0053375386968381,0.001079576229174,0.0075325624363087,-0.0003436229344847,0.0090602091479209,0.0065706131157339,13.82,-0.0087766194422168,-0.0012837330482298
2016-03-31,4476.25,190530.0,13.95,-0.0012837330482298,0.0053130630282496,0.0155409869663591,-0.0017640201461707,0.0003980552212009,-0.0088335795252737,0.0041239501431521,-0.0021623928643704,0.0053375386968381,0.001079576229174,0.0075325624363087,0.0072178496399753,0.0064337189916629,13.56,-0.1436469054788979,0.0116051165023607
2016-04-01,4528.5,245300.0,13.1,0.0116051165023607,-0.0012837330482298,0.0053130630282496,0.0155409869663591,-0.0017640201461707,0.0003980552212009,-0.0088335795252737,0.0041239501431521,-0.0021623928643704,0.0053375386968381,0.001079576229174,0.0076841254347579,0.0071305657089152,13.95,0.2874612921849577,-0.0062578080441892
2016-04-04,4500.25,186750.0,14.12,-0.0062578080441892,0.0116051165023607,-0.0012837330482298,0.0053130630282496,0.0155409869663591,-0.0017640201461707,0.0003980552212009,-0.0088335795252737,0.0041239501431521,-0.0021623928643704,0.0053375386968381,0.0089590759088313,0.0076041070226707,13.1,-0.2386873216469629,-0.0068564052429066
2016-04-05,4469.5,218340.0,15.42,-0.0068564052429066,-0.0062578080441892,0.0116051165023607,-0.0012837330482298,0.0053130630282496,0.0155409869663591,-0.0017640201461707,0.0003980552212009,-0.0088335795252737,0.0041239501431521,-0.0021623928643704,0.0078970798023034,0.0080013322009614,14.12,0.169156626506024,0.0145485380213296
2016-04-06,4535.0,239590.0,14.09,0.0145485380213296,-0.0068564052429066,-0.0062578080441892,0.0116051165023607,-0.0012837330482298,0.0053130630282496,0.0155409869663591,-0.0017640201461707,0.0003980552212009,-0.0088335795252737,0.0041239501431521,0.0100811430093695,0.0090368910672004,15.42,0.0973252725107629,-0.0143807480939246
2016-04-07,4470.25,260820.0,16.16,-0.0143807480939246,0.0145485380213296,-0.0068564052429066,-0.0062578080441892,0.0116051165023607,-0.0012837330482298,0.0053130630282496,0.0155409869663591,-0.0017640201461707,0.0003980552212009,-0.0088335795252737,0.0126387819516769,0.0099193857823382,14.09,0.0886097082515964,-0.0006713286965416
2016-04-08,4467.25,232570.0,15.36,-0.0006713286965416,-0.0143807480939246,0.0145485380213296,-0.0068564052429066,-0.0062578080441892,0.0116051165023607,-0.0012837330482298,0.0053130630282496,0.0155409869663591,-0.0017640201461707,0.0003980552212009,0.0108166350668503,0.0099405589973241,16.16,-0.1083122459934053,-0.0035318887450447
2016-04-11,4451.5,242690.0,16.26,-0.0035318887450447,-0.0006713286965416,-0.0143807480939246,0.0145485380213296,-0.0068564052429066,-0.0062578080441892,0.0116051165023607,-0.0012837330482298,0.0053130630282496,0.0155409869663591,-0.0017640201461707,0.0106615510517754,0.0100220123132491,15.36,0.0435137807971792,0.0086115837225741
2016-04-12,4490.0,249250.0,14.85,0.0086115837225741,-0.0035318887450447,-0.0006713286965416,-0.0143807480939246,0.0145485380213296,-0.0068564052429066,-0.0062578080441892,0.0116051165023607,-0.0012837330482298,0.0053130630282496,0.0155409869663591,0.0111955563473566,0.0091362531054811,16.26,0.0270303679591248,0.0127799034060256
2016-04-13,4547.75,226050.0,13.84,0.0127799034060256,0.0086115837225741,-0.0035318887450447,-0.0006713286965416,-0.0143807480939246,0.0145485380213296,-0.0068564052429066,-0.0062578080441892,0.0116051165023607,-0.0012837330482298,0.0053130630282496,0.0106728593386005,0.0098328502010241,14.85,-0.0930792377131394,-0.0003298878411267
2016-04-14,4546.25,163850.0,13.72,-0.0003298878411267,0.0127799034060256,0.0086115837225741,-0.0035318887450447,-0.0006713286965416,-0.0143807480939246,0.0145485380213296,-0.0068564052429066,-0.0062578080441892,0.0116051165023607,-0.0012837330482298,0.0069584129638123,0.0098079114759312,13.84,-0.2751603627516036,-0.0017061563345168
2016-04-15,4538.5,171810.0,13.62,-0.0017061563345168,-0.0003298878411267,0.0127799034060256,0.0086115837225741,-0.0035318887450447,-0.0006713286965416,-0.0143807480939246,0.0145485380213296,-0.0068564052429066,-0.0062578080441892,0.0116051165023607,0.0071221900644574,0.0091747224807474,13.72,0.0485810192249007,0.0017611451992855
2016-04-18,4546.5,179870.0,13.35,0.0017611451992855,-0.0017061563345168,-0.0003298878411267,0.0127799034060256,0.0086115837225741,-0.0035318887450447,-0.0006713286965416,-0.0143807480939246,0.0145485380213296,-0.0068564052429066,-0.0062578080441892,0.0062133862361533,0.0088916518794491,13.62,0.0469122868284732,-0.0043534634652156
2016-04-19,4526.75,247340.0,13.24,-0.0043534634652156,0.0017611451992855,-0.0017061563345168,-0.0003298878411267,0.0127799034060256,0.0086115837225741,-0.0035318887450447,-0.0006713286965416,-0.0143807480939246,0.0145485380213296,-0.0068564052429066,0.0066164658056585,0.0086778821299549,13.35,0.3751042419525212,0.0019862075495206
2016-04-20,4535.75,192770.0,13.28,0.0019862075495206,-0.0043534634652156,0.0017611451992855,-0.0017061563345168,-0.0003298878411267,0.0127799034060256,0.0086115837225741,-0.0035318887450447,-0.0006713286965416,-0.0143807480939246,0.0145485380213296,0.0026278744222531,0.0073502267473867,13.24,-0.2206274763483464,-0.0084131785335436
2016-04-21,4497.75,239650.0,13.95,-0.0084131785335436,0.0019862075495206,-0.0043534634652156,0.0017611451992855,-0.0017061563345168,-0.0003298878411267,0.0127799034060256,0.0086115837225741,-0.0035318887450447,-0.0006713286965416,-0.0143807480939246,0.0043784929731507,0.0062043855487181,13.28,0.2431913679514448,-0.0071400983877349
2016-04-22,4465.75,276830.0,13.22,-0.0071400983877349,-0.0084131785335436,0.0019862075495206,-0.0043534634652156,0.0017611451992855,-0.0017061563345168,-0.0003298878411267,0.0127799034060256,0.0086115837225741,-0.0035318887450447,-0.0006713286965416,0.0048871441876753,0.0066727466892612,13.95,0.1551429167535989,0.0014544643423312
2016-04-25,4472.25,172470.0,14.08,0.0014544643423312,-0.0071400983877349,-0.0084131785335436,0.0019862075495206,-0.0043534634652156,0.0017611451992855,-0.0017061563345168,-0.0003298878411267,0.0127799034060256,0.0086115837225741,-0.0035318887450447,0.0048101306319481,0.0065677639432462,13.22,-0.376982263483004,-0.0044259015075082
2016-04-26,4452.5,210950.0,13.96,-0.0044259015075082,0.0014544643423312,-0.0071400983877349,-0.0084131785335436,0.0019862075495206,-0.0043534634652156,0.0017611451992855,-0.0017061563345168,-0.0003298878411267,0.0127799034060256,0.0086115837225741,0.004814229674528,0.0060440747203657,14.08,0.2231112657273728,-0.0064779835041436
2016-04-27,4423.75,303550.0,13.77,-0.0064779835041436,-0.0044259015075082,0.0014544643423312,-0.0071400983877349,-0.0084131785335436,0.0019862075495206,-0.0043534634652156,0.0017611451992855,-0.0017061563345168,-0.0003298878411267,0.0127799034060256,0.003885998636762,0.003916152086956,13.96,0.4389665797582365,-0.0094825115042613
2016-04-28,4382.0,306770.0,15.22,-0.0094825115042613,-0.0064779835041436,-0.0044259015075082,0.0014544643423312,-0.0071400983877349,-0.0084131785335436,0.0019862075495206,-0.0043534634652156,0.0017611451992855,-0.0017061563345168,-0.0003298878411267,0.0041417754301197,0.0043314583733816,13.77,0.0106078076099489,-0.0115913388252168
2016-04-29,4331.5,383210.0,15.7,-0.0115913388252168,-0.0094825115042613,-0.0064779835041436,-0.0044259015075082,0.0014544643423312,-0.0071400983877349,-0.0084131785335436,0.0019862075495206,-0.0043534634652156,0.0017611451992855,-0.0017061563345168,0.0050401261555006,0.0049191272308443,15.22,0.2491769077810737,0.0086202476212408
2016-05-02,4369.0,218450.0,14.68,0.0086202476212408,-0.0115913388252168,-0.0094825115042613,-0.0064779835041436,-0.0044259015075082,0.0014544643423312,-0.0071400983877349,-0.0084131785335436,0.0019862075495206,-0.0043534634652156,0.0017611451992855,0.0079218725241906,0.0062211364613578,15.7,-0.429947026434592,-0.0079278866427407
2016-05-03,4334.5,264170.0,15.6,-0.0079278866427407,0.0086202476212408,-0.0115913388252168,-0.0094825115042613,-0.0064779835041436,-0.0044259015075082,0.0014544643423312,-0.0071400983877349,-0.0084131785335436,0.0019862075495206,-0.0043534634652156,0.008048528277425,0.0063462560593765,14.68,0.209292744335088,-0.005726365533607
2016-05-04,4309.75,230350.0,16.05,-0.005726365533607,-0.0079278866427407,0.0086202476212408,-0.0115913388252168,-0.0094825115042613,-0.0064779835041436,-0.0044259015075082,0.0014544643423312,-0.0071400983877349,-0.0084131785335436,0.0019862075495206,0.0080297020609525,0.0059482073829455,15.6,-0.1280236211530454,-0.0022067372485877
2016-05-05,4300.25,221670.0,15.91,-0.0022067372485877,-0.005726365533607,-0.0079278866427407,0.0086202476212408,-0.0115913388252168,-0.0094825115042613,-0.0064779835041436,-0.0044259015075082,0.0014544643423312,-0.0071400983877349,-0.0084131785335436,0.0077176857084663,0.0058888745683439,16.05,-0.0376817885825917,0.0064901427326852
2016-05-06,4328.25,257890.0,14.72,0.0064901427326852,-0.0022067372485877,-0.005726365533607,-0.0079278866427407,0.0086202476212408,-0.0115913388252168,-0.0094825115042613,-0.0064779835041436,-0.0044259015075082,0.0014544643423312,-0.0071400983877349,0.0073625790331581,0.0067254323785282,15.91,0.1633960391573059,0.0017313023715095
2016-05-09,4335.75,204960.0,14.57,0.0017313023715095,0.0064901427326852,-0.0022067372485877,-0.005726365533607,-0.0079278866427407,0.0086202476212408,-0.0115913388252168,-0.0094825115042613,-0.0064779835041436,-0.0044259015075082,0.0014544643423312,0.0057870366172042,0.0067469236023491,14.72,-0.2052425452712396,0.0128900985586714
2016-05-10,4392.0,202300.0,13.63,0.0128900985586714,0.0017313023715095,0.0064901427326852,-0.0022067372485877,-0.005726365533607,-0.0079278866427407,0.0086202476212408,-0.0115913388252168,-0.0094825115042613,-0.0064779835041436,-0.0044259015075082,0.0073177983735583,0.008390599074796,14.57,-0.0129781420765027,-0.0092640909597981
2016-05-11,4351.5,207220.0,14.69,-0.0092640909597981,0.0128900985586714,0.0017313023715095,0.0064901427326852,-0.0022067372485877,-0.005726365533607,-0.0079278866427407,0.0086202476212408,-0.0115913388252168,-0.0094825115042613,-0.0064779835041436,0.0084169233266283,0.0086221863818144,13.63,0.0243203163618388,-0.0038566748047861
2016-05-12,4334.75,262050.0,14.41,-0.0038566748047861,-0.0092640909597981,0.0128900985586714,0.0017313023715095,0.0064901427326852,-0.0022067372485877,-0.005726365533607,-0.0079278866427407,0.0086202476212408,-0.0115913388252168,-0.0094825115042613,0.0086487111326174,0.0082286631947755,14.69,0.2645980117749251,-0.0024830386656833
2016-05-13,4324.0,248780.0,15.04,-0.0024830386656833,-0.0038566748047861,-0.0092640909597981,0.0128900985586714,0.0017313023715095,0.0064901427326852,-0.0022067372485877,-0.005726365533607,-0.0079278866427407,0.0086202476212408,-0.0115913388252168,0.0083039422611045,0.0073986296156814,14.41,-0.050639190994085,0.0117827612571679
2016-05-16,4375.25,197280.0,14.68,0.0117827612571679,-0.0024830386656833,-0.0038566748047861,-0.0092640909597981,0.0128900985586714,0.0017313023715095,0.0064901427326852,-0.0022067372485877,-0.005726365533607,-0.0079278866427407,0.0086202476212408,0.0099423507463645,0.0078689139099861,15.04,-0.2070102098239408,-0.0128240062173279
2016-05-17,4319.5,250350.0,15.57,-0.0128240062173279,0.0117827612571679,-0.0024830386656833,-0.0038566748047861,-0.0092640909597981,0.0128900985586714,0.0017313023715095,0.0064901427326852,-0.0022067372485877,-0.005726365533607,-0.0079278866427407,0.0094172696061557,0.0085497538410265,14.68,0.2690085158150852,0.0029473827214159
2016-05-18,4332.25,304680.0,15.95,0.0029473827214159,-0.0128240062173279,0.0117827612571679,-0.0024830386656833,-0.0038566748047861,-0.0092640909597981,0.0128900985586714,0.0017313023715095,0.0064901427326852,-0.0022067372485877,-0.005726365533607,0.009070333043269,0.0083816646873774,15.57,0.2170161773517076,-0.0034684120555753
2016-05-19,4317.25,272690.0,16.33,-0.0034684120555753,0.0029473827214159,-0.0128240062173279,0.0117827612571679,-0.0024830386656833,-0.0038566748047861,-0.0092640909597981,0.0128900985586714,0.0017313023715095,0.0064901427326852,-0.0022067372485877,0.0090401619872884,0.0084365980529435,15.95,-0.1049954050150978,0.0103693538135599
2016-05-20,4362.25,239290.0,15.2,0.0103693538135599,-0.0034684120555753,0.0029473827214159,-0.0128240062173279,0.0117827612571679,-0.0024830386656833,-0.0038566748047861,-0.0092640909597981,0.0128900985586714,0.0017313023715095,0.0064901427326852,0.0101982365384707,0.0088281200972296,16.33,-0.1224834060654955,-0.0022375866359951
2016-05-23,4352.5,166070.0,15.82,-0.0022375866359951,0.0103693538135599,-0.0034684120555753,0.0029473827214159,-0.0128240062173279,0.0117827612571679,-0.0024830386656833,-0.0038566748047861,-0.0092640909597981,0.0128900985586714,0.0017313023715095,0.0085479053222485,0.0088698401103247,15.2,-0.3059885494588157,0.0210857176937131
2016-05-24,4445.25,232140.0,14.42,0.0210857176937131,-0.0022375866359951,0.0103693538135599,-0.0034684120555753,0.0029473827214159,-0.0128240062173279,0.0117827612571679,-0.0024830386656833,-0.0038566748047861,-0.0092640909597981,0.0128900985586714,0.0101631370420056,0.0104002269867745,15.82,0.3978442825314625,0.0066143738905521
2016-05-25,4474.75,235310.0,13.9,0.0066143738905521,0.0210857176937131,-0.0022375866359951,0.0103693538135599,-0.0034684120555753,0.0029473827214159,-0.0128240062173279,0.0117827612571679,-0.0024830386656833,-0.0038566748047861,-0.0092640909597981,0.0100428963791939,0.0098201885174291,14.42,0.0136555526837254,0.0039032055799538
2016-05-26,4492.25,163690.0,13.43,0.0039032055799538,0.0066143738905521,0.0210857176937131,-0.0022375866359951,0.0103693538135599,-0.0034684120555753,0.0029473827214159,-0.0128240062173279,0.0117827612571679,-0.0024830386656833,-0.0038566748047861,0.008665270786848,0.0095389140421511,13.9,-0.3043644553992606,0.0039434636901609
2016-05-27,4510.0,148790.0,13.12,0.0039434636901609,0.0039032055799538,0.0066143738905521,0.0210857176937131,-0.0022375866359951,0.0103693538135599,-0.0034684120555753,0.0029473827214159,-0.0128240062173279,0.0117827612571679,-0.0024830386656833,0.0086926683019288,0.0092993506778842,13.43,-0.0910257193475472,0.0031546640435864
2016-05-31,4524.25,201160.0,14.19,0.0031546640435864,0.0039434636901609,0.0039032055799538,0.0066143738905521,0.0210857176937131,-0.0022375866359951,0.0103693538135599,-0.0034684120555753,0.0029473827214159,-0.0128240062173279,0.0117827612571679,0.0075752095630962,0.0089109917755058,13.12,0.3519725788023389,-0.0006080203597756
2016-06-01,4521.5,190610.0,14.2,-0.0006080203597756,0.0031546640435864,0.0039434636901609,0.0039032055799538,0.0066143738905521,0.0210857176937131,-0.0022375866359951,0.0103693538135599,-0.0034684120555753,0.0029473827214159,-0.0128240062173279,0.0025983250982536,0.0071010587845772,14.19,-0.0524458142771923,0.0023747077292426
2016-06-02,4532.25,179290.0,13.63,0.0023747077292426,-0.0006080203597756,0.0031546640435864,0.0039434636901609,0.0039032055799538,0.0066143738905521,0.0210857176937131,-0.0022375866359951,0.0103693538135599,-0.0034684120555753,0.0029473827214159,0.001880311146258,0.0071178915640837,14.2,-0.0593882797334872,-0.0051431054886934
2016-06-03,4509.0,225160.0,13.47,-0.0051431054886934,0.0023747077292426,-0.0006080203597756,0.0031546640435864,0.0039434636901609,0.0039032055799538,0.0066143738905521,0.0210857176937131,-0.0022375866359951,0.0103693538135599,-0.0034684120555753,0.003714601130593,0.0073426977281769,13.63,0.2558424898209603,0.0036526688461412
2016-06-06,4525.5,164530.0,13.65,0.0036526688461412,-0.0051431054886934,0.0023747077292426,-0.0006080203597756,0.0031546640435864,0.0039434636901609,0.0039032055799538,0.0066143738905521,0.0210857176937131,-0.0022375866359951,0.0103693538135599,0.0036537692633786,0.0070310508690851,13.47,-0.269275182092734,-0.0024890081712356
2016-06-07,4514.25,155450.0,14.05,-0.0024890081712356,0.0036526688461412,-0.0051431054886934,0.0023747077292426,-0.0006080203597756,0.0031546640435864,0.0039434636901609,0.0039032055799538,0.0066143738905521,0.0210857176937131,-0.0022375866359951,0.0035713566014762,0.0070549476986226,13.65,-0.0551875037986993,0.0010516703152898
2016-06-08,4519.0,171370.0,14.08,0.0010516703152898,-0.0024890081712356,0.0036526688461412,-0.0051431054886934,0.0023747077292426,-0.0006080203597756,0.0031546640435864,0.0039434636901609,0.0039032055799538,0.0066143738905521,0.0210857176937131,0.0036287999436804,0.003504218666092,14.05,0.1024123512383403,-0.0015502162333848
2016-06-09,4512.0,236710.0,14.64,-0.0015502162333848,0.0010516703152898,-0.0024890081712356,0.0036526688461412,-0.0051431054886934,0.0023747077292426,-0.0006080203597756,0.0031546640435864,0.0039434636901609,0.0039032055799538,0.0066143738905521,0.0033722168549498,0.0031512282802282,14.08,0.381280270759176,-0.0103033408489009
2016-06-10,4465.75,139170.0,17.03,-0.0103033408489009,-0.0015502162333848,0.0010516703152898,-0.0024890081712356,0.0036526688461412,-0.0051431054886934,0.0023747077292426,-0.0006080203597756,0.0031546640435864,0.0039434636901609,0.0039032055799538,0.0052589467673325,0.0045174712549368,14.64,-0.4120653964767015,-0.0088844489028803
2016-06-13,4426.25,112200.0,20.97,-0.0088844489028803,-0.0103033408489009,-0.0015502162333848,0.0010516703152898,-0.0024890081712356,0.0036526688461412,-0.0051431054886934,0.0023747077292426,-0.0006080203597756,0.0031546640435864,0.0039434636901609,0.0049103826877599,0.0048923477650705,17.03,-0.1937917654666954,-0.0002259504048476
2016-06-14,4425.25,93610.0,20.5,-0.0002259504048476,-0.0088844489028803,-0.0103033408489009,-0.0015502162333848,0.0010516703152898,-0.0024890081712356,0.0036526688461412,-0.0051431054886934,0.0023747077292426,-0.0006080203597756,0.0031546640435864,0.0052285913977849,0.0046151725054243,20.97,-0.1656862745098039,-0.0028286961608774
2016-06-15,4412.75,61840.0,20.14,-0.0028286961608774,-0.0002259504048476,-0.0088844489028803,-0.0103033408489009,-0.0015502162333848,0.0010516703152898,-0.0024890081712356,0.0036526688461412,-0.0051431054886934,0.0023747077292426,-0.0006080203597756,0.0045367925840098,0.0045827034555854,20.5,-0.3393868176476872,0.0027157018104747
2016-06-16,4424.75,49750.0,19.37,0.0027157018104747,-0.0028286961608774,-0.0002259504048476,-0.0088844489028803,-0.0103033408489009,-0.0015502162333848,0.0010516703152898,-0.0024890081712356,0.0036526688461412,-0.0051431054886934,0.0023747077292426,0.005573625497249,0.0046235515416249,20.14,-0.1955045278137128,-0.0016964491741036
2016-06-17,4417.25,250750.0,19.41,-0.0016964491741036,0.0027157018104747,-0.0028286961608774,-0.0002259504048476,-0.0088844489028803,-0.0103033408489009,-0.0015502162333848,0.0010516703152898,-0.0024890081712356,0.0036526688461412,-0.0051431054886934,0.0042834095791643,0.004523773364066,19.37,4.040201005025126,-0.0061881034275424
2016-06-20,4390.0,193780.0,18.37,-0.0061881034275424,-0.0016964491741036,0.0027157018104747,-0.0028286961608774,-0.0002259504048476,-0.0088844489028803,-0.0103033408489009,-0.0015502162333848,0.0010516703152898,-0.0024890081712356,0.0036526688461412,0.0032815009505537,0.0042029860885756,19.41,-0.227198404785643,0.0023321304048619
2016-06-21,4400.25,193000.0,18.48,0.0023321304048619,-0.0061881034275424,-0.0016964491741036,0.0027157018104747,-0.0028286961608774,-0.0002259504048476,-0.0088844489028803,-0.0103033408489009,-0.0015502162333848,0.0010516703152898,-0.0024890081712356,0.0037271492262491,0.0045364764419136,18.37,-0.0040251831974403,-0.0013075984693791
2016-06-22,4394.5,188820.0,21.17,-0.0013075984693791,0.0023321304048619,-0.0061881034275424,-0.0016964491741036,0.0027157018104747,-0.0028286961608774,-0.0002259504048476,-0.0088844489028803,-0.0103033408489009,-0.0015502162333848,0.0010516703152898,0.0036145252240295,0.0043867834315979,18.48,-0.0216580310880829,0.0153553880831945
2016-06-23,4462.5,194790.0,17.25,0.0153553880831945,-0.0013075984693791,0.0023321304048619,-0.0061881034275424,-0.0016964491741036,0.0027157018104747,-0.0028286961608774,-0.0002259504048476,-0.0088844489028803,-0.0103033408489009,-0.0015502162333848,0.0082108601785703,0.0072453657514204,21.17,0.0316174134095963,-0.0459119572425539
2016-06-24,4262.25,487740.0,25.76,-0.0459119572425539,0.0153553880831945,-0.0013075984693791,0.0023321304048619,-0.0061881034275424,-0.0016964491741036,0.0027157018104747,-0.0028286961608774,-0.0002259504048476,-0.0088844489028803,-0.0103033408489009,0.0230973555921914,0.0158774725426801,17.25,1.503927306329894,-0.0199645267288294
2016-06-27,4178.0,409410.0,23.85,-0.0199645267288294,-0.0459119572425539,0.0153553880831945,-0.0013075984693791,0.0023321304048619,-0.0061881034275424,-0.0016964491741036,0.0027157018104747,-0.0028286961608774,-0.0002259504048476,-0.0088844489028803,0.0237668086093364,0.0165759677527686,25.76,-0.1605978595153155,0.024353964028435
2016-06-28,4281.0,257130.0,18.75,0.024353964028435,-0.0199645267288294,-0.0459119572425539,0.0153553880831945,-0.0013075984693791,0.0023321304048619,-0.0061881034275424,-0.0016964491741036,0.0027157018104747,-0.0028286961608774,-0.0002259504048476,0.0282229131418847,0.0191173640879475,23.85,-0.3719498790943064,0.0189159653140345
2016-06-29,4362.75,258780.0,16.64,0.0189159653140345,0.024353964028435,-0.0199645267288294,-0.0459119572425539,0.0153553880831945,-0.0013075984693791,0.0023321304048619,-0.0061881034275424,-0.0016964491741036,0.0027157018104747,-0.0028286961608774,0.0303425918180166,0.0203740464905083,18.75,0.0064169875160424,0.0100915933830065
2016-06-30,4407.0,242970.0,15.63,0.0100915933830065,0.0189159653140345,0.024353964028435,-0.0199645267288294,-0.0459119572425539,0.0153553880831945,-0.0013075984693791,0.0023321304048619,-0.0061881034275424,-0.0016964491741036,0.0027157018104747,0.0296982106322037,0.0206606204853568,16.64,-0.0610943658706236,0.0059387635306015
2016-07-01,4433.25,176590.0,14.77,0.0059387635306015,0.0100915933830065,0.0189159653140345,0.024353964028435,-0.0199645267288294,-0.0459119572425539,0.0153553880831945,-0.0013075984693791,0.0023321304048619,-0.0061881034275424,-0.0016964491741036,0.0171548856665489,0.0207483615564673,15.63,-0.2732024529777338,-0.006619730530018
2016-07-05,4404.0,200640.0,15.58,-0.006619730530018,0.0059387635306015,0.0100915933830065,0.0189159653140345,0.024353964028435,-0.0199645267288294,-0.0459119572425539,0.0153553880831945,-0.0013075984693791,0.0023321304048619,-0.0061881034275424,0.0120084461828869,0.0207639438112891,14.77,0.1361911773033581,0.0080285386298108
2016-07-06,4439.5,252770.0,14.96,0.0080285386298108,-0.006619730530018,0.0059387635306015,0.0100915933830065,0.0189159653140345,0.024353964028435,-0.0199645267288294,-0.0459119572425539,0.0153553880831945,-0.0013075984693791,0.0023321304048619,0.0092041034006246,0.0209029995020351,15.58,0.2598185805422648,0.0028678288837335
2016-07-07,4452.25,184870.0,14.76,0.0028678288837335,0.0080285386298108,-0.006619730530018,0.0059387635306015,0.0100915933830065,0.0189159653140345,0.024353964028435,-0.0199645267288294,-0.0459119572425539,0.0153553880831945,-0.0013075984693791,0.006540968513521,0.0208959693349325,14.96,-0.2686236499584602,0.014493815235825
2016-07-08,4517.25,230850.0,13.2,0.014493815235825,0.0028678288837335,0.0080285386298108,-0.006619730530018,0.0059387635306015,0.0100915933830065,0.0189159653140345,0.024353964028435,-0.0199645267288294,-0.0459119572425539,0.0153553880831945,0.0077416605307565,0.0208332854010508,14.76,0.2487153134635149,0.0071139352048053
2016-07-11,4549.5,181190.0,13.54,0.0071139352048053,0.014493815235825,0.0028678288837335,0.0080285386298108,-0.006619730530018,0.0059387635306015,0.0100915933830065,0.0189159653140345,0.024353964028435,-0.0199645267288294,-0.0459119572425539,0.0077971334323973,0.0126422374475647,13.2,-0.2151180420186268,0.004441161999968
2016-07-12,4569.75,186980.0,13.55,0.004441161999968,0.0071139352048053,0.014493815235825,0.0028678288837335,0.0080285386298108,-0.006619730530018,0.0059387635306015,0.0100915933830065,0.0189159653140345,0.024353964028435,-0.0199645267288294,0.0044747571709846,0.008702903833575,13.54,0.0319554059274793,-0.001861790046056
2016-07-13,4561.25,183870.0,13.04,-0.001861790046056,0.004441161999968,0.0071139352048053,0.014493815235825,0.0028678288837335,0.0080285386298108,-0.006619730530018,0.0059387635306015,0.0100915933830065,0.0189159653140345,0.024353964028435,0.0060352982744509,0.0074027825978445,13.55,-0.0166327949513317,0.0062833153039333
2016-07-14,4590.0,191870.0,12.82,0.0062833153039333,-0.001861790046056,0.004441161999968,0.0071139352048053,0.014493815235825,0.0028678288837335,0.0080285386298108,-0.006619730530018,0.0059387635306015,0.0100915933830065,0.0189159653140345,0.0058664186855198,0.0059547003669841,13.04,0.0435090009245662,-0.0023447948142645
2016-07-15,4579.25,169370.0,12.67,-0.0023447948142645,0.0062833153039333,-0.001861790046056,0.004441161999968,0.0071139352048053,0.014493815235825,0.0028678288837335,0.0080285386298108,-0.006619730530018,0.0059387635306015,0.0100915933830065,0.0045169410308944,0.0060883778985089,12.82,-0.1172668994631781,0.0063129461359565
2016-07-18,4608.25,174580.0,12.44,0.0063129461359565,-0.0023447948142645,0.0062833153039333,-0.001861790046056,0.004441161999968,0.0071139352048053,0.014493815235825,0.0028678288837335,0.0080285386298108,-0.006619730530018,0.0059387635306015,0.0043328830240344,0.0061038801320159,12.67,0.0307610556769204,-0.0003798258272962
2016-07-19,4606.5,162370.0,11.97,-0.0003798258272962,0.0063129461359565,-0.0023447948142645,0.0062833153039333,-0.001861790046056,0.004441161999968,0.0071139352048053,0.014493815235825,0.0028678288837335,0.0080285386298108,-0.006619730530018,0.0043477117793466,0.0051578430475864,12.44,-0.0699392828502691,0.0095063911335349
2016-07-20,4650.5,179220.0,11.77,0.0095063911335349,-0.0003798258272962,0.0063129461359565,-0.0023447948142645,0.0062833153039333,-0.001861790046056,0.004441161999968,0.0071139352048053,0.014493815235825,0.0028678288837335,0.0080285386298108,0.0050061342015946,0.005289804960582,11.97,0.1037753279546713,-0.0026376007755345
2016-07-21,4638.25,181960.0,12.74,-0.0026376007755345,0.0095063911335349,-0.0003798258272962,0.0063129461359565,-0.0023447948142645,0.0062833153039333,-0.001861790046056,0.004441161999968,0.0071139352048053,0.014493815235825,0.0028678288837335,0.0054989493346534,0.0057606573028419,11.77,0.01528847226872,0.0040880052628309
2016-07-22,4657.25,147970.0,12.02,0.0040880052628309,-0.0026376007755345,0.0095063911335349,-0.0003798258272962,0.0063129461359565,-0.0023447948142645,0.0062833153039333,-0.001861790046056,0.004441161999968,0.0071139352048053,0.014493815235825,0.0049240202532408,0.0044678660186858,12.74,-0.1867992965486919,-0.0007517989828912
2016-07-25,4653.75,144760.0,12.87,-0.0007517989828912,0.0040880052628309,-0.0026376007755345,0.0095063911335349,-0.0003798258272962,0.0063129461359565,-0.0023447948142645,0.0062833153039333,-0.001861790046056,0.004441161999968,0.0071139352048053,0.0048847433489868,0.0043645258800092,12.02,-0.0216935865378117,0.0021464993484408
2016-07-26,4663.75,205850.0,13.05,0.0021464993484408,-0.0007517989828912,0.0040880052628309,-0.0026376007755345,0.0095063911335349,-0.0003798258272962,0.0063129461359565,-0.0023447948142645,0.0062833153039333,-0.001861790046056,0.004441161999968,0.0047090595612873,0.0042972387388228,12.87,0.4220088422216081,0.0093902413303832
2016-07-27,4707.75,228530.0,12.83,0.0093902413303832,0.0021464993484408,-0.0007517989828912,0.0040880052628309,-0.0026376007755345,0.0095063911335349,-0.0003798258272962,0.0063129461359565,-0.0023447948142645,0.0062833153039333,-0.001861790046056,0.0046657603625164,0.0046239064003116,13.05,0.1101773135778478,0.0025457452094018
2016-07-28,4719.75,220000.0,12.72,0.0025457452094018,0.0093902413303832,0.0021464993484408,-0.0007517989828912,0.0040880052628309,-0.0026376007755345,0.0095063911335349,-0.0003798258272962,0.0063129461359565,-0.0023447948142645,0.0062833153039333,0.0037369684149267,0.0044927084302975,12.83,-0.037325515249639,0.0014820306528856
2016-07-29,4726.75,205930.0,11.87,0.0014820306528856,0.0025457452094018,0.0093902413303832,0.0021464993484408,-0.0007517989828912,0.0040880052628309,-0.0026376007755345,0.0095063911335349,-0.0003798258272962,0.0063129461359565,-0.0023447948142645,0.0038125846430519,0.004157437562388,12.72,-0.0639545454545454,0.0037481896857749
2016-08-01,4744.5,199520.0,12.44,0.0037481896857749,0.0014820306528856,0.0025457452094018,0.0093902413303832,0.0021464993484408,-0.0007517989828912,0.0040880052628309,-0.0026376007755345,0.0095063911335349,-0.0003798258272962,0.0063129461359565,0.003198207575437,0.0040188214130741,11.87,-0.0311270820181615,-0.0063962158067811
2016-08-02,4714.25,260930.0,13.37,-0.0063962158067811,0.0037481896857749,0.0014820306528856,0.0025457452094018,0.0093902413303832,0.0021464993484408,-0.0007517989828912,0.0040880052628309,-0.0026376007755345,0.0095063911335349,-0.0003798258272962,0.0056704458995931,0.0049167165012996,12.44,0.3077886928628708,0.0029653185615317
2016-08-03,4728.25,168460.0,12.86,0.0029653185615317,-0.0063962158067811,0.0037481896857749,0.0014820306528856,0.0025457452094018,0.0093902413303832,0.0021464993484408,-0.0007517989828912,0.0040880052628309,-0.0026376007755345,0.0095063911335349,0.0041429134239958,0.0042420887687766,13.37,-0.3543862338558233,0.0032728069753762
2016-08-04,4743.75,167880.0,12.42,0.0032728069753762,0.0029653185615317,-0.0063962158067811,0.0037481896857749,0.0014820306528856,0.0025457452094018,0.0093902413303832,0.0021464993484408,-0.0007517989828912,0.0040880052628309,-0.0026376007755345,0.0042283565485322,0.0039807800423489,12.86,-0.0034429538169298,0.0082400025363567
2016-08-05,4783.0,178010.0,11.39,0.0082400025363567,0.0032728069753762,0.0029653185615317,-0.0063962158067811,0.0037481896857749,0.0014820306528856,0.0025457452094018,0.0093902413303832,0.0021464993484408,-0.0007517989828912,0.0040880052628309,0.0053472483951072,0.0043894452676965,12.42,0.0603407195615917,-0.0007843342711692
2016-08-08,4779.25,131560.0,11.5,-0.0007843342711692,0.0082400025363567,0.0032728069753762,0.0029653185615317,-0.0063962158067811,0.0037481896857749,0.0014820306528856,0.0025457452094018,0.0093902413303832,0.0021464993484408,-0.0007517989828912,0.0054377810144607,0.0043922698114521,11.39,-0.2609403966069322,0.0026120587414346
2016-08-09,4791.75,134340.0,11.66,0.0026120587414346,-0.0007843342711692,0.0082400025363567,0.0032728069753762,0.0029653185615317,-0.0063962158067811,0.0037481896857749,0.0014820306528856,0.0025457452094018,0.0093902413303832,0.0021464993484408,0.003227378469903,0.0043886759604993,11.5,0.0211310428701732,-0.002141384360965
2016-08-10,4781.5,141480.0,12.05,-0.002141384360965,0.0026120587414346,-0.0007843342711692,0.0082400025363567,0.0032728069753762,0.0029653185615317,-0.0063962158067811,0.0037481896857749,0.0014820306528856,0.0025457452094018,0.0093902413303832,0.0040480944575629,0.003928542910206,11.66,0.053148727110317,0.003861613106385
2016-08-11,4800.0,147600.0,11.68,0.003861613106385,-0.002141384360965,0.0026120587414346,-0.0007843342711692,0.0082400025363567,0.0032728069753762,0.0029653185615317,-0.0063962158067811,0.0037481896857749,0.0014820306528856,0.0025457452094018,0.0040939612699431,0.003987038770065,12.05,0.0432569974554708,0.0008850249165542
2016-08-12,4804.25,131960.0,11.55,0.0008850249165542,0.003861613106385,-0.002141384360965,0.0026120587414346,-0.0007843342711692,0.0082400025363567,0.0032728069753762,0.0029653185615317,-0.0063962158067811,0.0037481896857749,0.0014820306528856,0.0024386791486976,0.0039948943754349,11.68,-0.1059620596205962,0.0038433619554622
2016-08-15,4822.75,130170.0,11.81,0.0038433619554622,0.0008850249165542,0.003861613106385,-0.002141384360965,0.0026120587414346,-0.0007843342711692,0.0082400025363567,0.0032728069753762,0.0029653185615317,-0.0063962158067811,0.0037481896857749,0.0025226954775407,0.0040006203715207,11.55,-0.013564716580782,-0.0050409357103162
2016-08-16,4798.5,156060.0,12.64,-0.0050409357103162,0.0038433619554622,0.0008850249165542,0.003861613106385,-0.002141384360965,0.0026120587414346,-0.0007843342711692,0.0082400025363567,0.0032728069753762,0.0029653185615317,-0.0063962158067811,0.0038751452643666,0.0037107418429048,11.81,0.1988937543212721,0.0011455351421917
2016-08-17,4804.0,197780.0,12.19,0.0011455351421917,-0.0050409357103162,0.0038433619554622,0.0008850249165542,0.003861613106385,-0.002141384360965,0.0026120587414346,-0.0007843342711692,0.0082400025363567,0.0032728069753762,0.0029653185615317,0.0036325675107274,0.0036902480972571,12.64,0.2673330770216584,0.0009362809526623
2016-08-18,4808.5,149000.0,11.43,0.0009362809526623,0.0011455351421917,-0.0050409357103162,0.0038433619554622,0.0008850249165542,0.003861613106385,-0.002141384360965,0.0026120587414346,-0.0007843342711692,0.0082400025363567,0.0032728069753762,0.0032606956511784,0.0036455152349547,12.19,-0.2466376782283345,-0.0003119962585757
2016-08-19,4807.0,194620.0,11.34,-0.0003119962585757,0.0009362809526623,0.0011455351421917,-0.0050409357103162,0.0038433619554622,0.0008850249165542,0.003861613106385,-0.002141384360965,0.0026120587414346,-0.0007843342711692,0.0082400025363567,0.0032558864111936,0.002742309133404,11.43,0.3061744966442954,0.0009876544012726
2016-08-22,4811.75,196400.0,12.27,0.0009876544012726,-0.0003119962585757,0.0009362809526623,0.0011455351421917,-0.0050409357103162,0.0038433619554622,0.0008850249165542,0.003861613106385,-0.002141384360965,0.0026120587414346,-0.0007843342711692,0.0026282061012248,0.002707084961691,11.34,0.0091460281574349,0.0010904843349875
2016-08-23,4817.0,160450.0,12.38,0.0010904843349875,0.0009876544012726,-0.0003119962585757,0.0009362809526623,0.0011455351421917,-0.0050409357103162,0.0038433619554622,0.0008850249165542,0.003861613106385,-0.002141384360965,0.0026120587414346,0.0006102201888864,0.0026278841085546,12.27,-0.1830448065173116,-0.0064041038387164
2016-08-24,4786.25,190470.0,13.45,-0.0064041038387164,0.0010904843349875,0.0009876544012726,-0.0003119962585757,0.0009362809526623,0.0011455351421917,-0.0050409357103162,0.0038433619554622,0.0008850249165542,0.003861613106385,-0.002141384360965,0.0032175549489021,0.003353979025908,12.38,0.1870987846681209,-0.0008360767587412
2016-08-25,4782.25,194390.0,13.63,-0.0008360767587412,-0.0064041038387164,0.0010904843349875,0.0009876544012726,-0.0003119962585757,0.0009362809526623,0.0011455351421917,-0.0050409357103162,0.0038433619554622,0.0008850249165542,0.003861613106385,0.0030814165014974,0.0030868106953207,13.45,0.0205806688717382,0.0007316053838028
2016-08-26,4785.75,281260.0,13.65,0.0007316053838028,-0.0008360767587412,-0.0064041038387164,0.0010904843349875,0.0009876544012726,-0.0003119962585757,0.0009362809526623,0.0011455351421917,-0.0050409357103162,0.0038433619554622,0.0008850249165542,0.0031814179459145,0.0030802515978613,13.63,0.4468851278357939,0.0015659257819348
2016-08-29,4793.25,146930.0,12.94,0.0015659257819348,0.0007316053838028,-0.0008360767587412,-0.0064041038387164,0.0010904843349875,0.0009876544012726,-0.0003119962585757,0.0009362809526623,0.0011455351421917,-0.0050409357103162,0.0038433619554622,0.0032756778387866,0.0028046828610994,13.65,-0.4776007964161274,-0.0036053021260628
2016-08-30,4776.0,186260.0,13.12,-0.0036053021260628,0.0015659257819348,0.0007316053838028,-0.0008360767587412,-0.0064041038387164,0.0010904843349875,0.0009876544012726,-0.0003119962585757,0.0009362809526623,0.0011455351421917,-0.0050409357103162,0.0032819067845182,0.0025806756669233,12.94,0.2676784863540462,-0.000471216532712
2016-08-31,4773.75,198480.0,13.42,-0.000471216532712,-0.0036053021260628,0.0015659257819348,0.0007316053838028,-0.0008360767587412,-0.0064041038387164,0.0010904843349875,0.0009876544012726,-0.0003119962585757,0.0009362809526623,0.0011455351421917,0.0019709725119443,0.0025181043009759,13.12,0.0656072157199614,0.0007852375747021
2016-09-01,4777.5,248350.0,13.48,0.0007852375747021,-0.000471216532712,-0.0036053021260628,0.0015659257819348,0.0007316053838028,-0.0008360767587412,-0.0064041038387164,0.0010904843349875,0.0009876544012726,-0.0003119962585757,0.0009362809526623,0.0020387930683203,0.0025080873093368,13.42,0.2512595727529221,0.0037084474873693
2016-09-02,4795.25,227920.0,11.98,0.0037084474873693,0.0007852375747021,-0.000471216532712,-0.0036053021260628,0.0015659257819348,0.0007316053838028,-0.0008360767587412,-0.0064041038387164,0.0010904843349875,0.0009876544012726,-0.0003119962585757,0.0027043955834763,0.0028646123931068,13.48,-0.0822629353734648,0.006702890700872
2016-09-06,4827.5,208190.0,12.02,0.006702890700872,0.0037084474873693,0.0007852375747021,-0.000471216532712,-0.0036053021260628,0.0015659257819348,0.0007316053838028,-0.0008360767587412,-0.0064041038387164,0.0010904843349875,0.0009876544012726,0.0039490229921688,0.0036107610399312,11.98,-0.0865654615654615,0.0002588996778215
2016-09-07,4828.75,193460.0,11.94,0.0002588996778215,0.006702890700872,0.0037084474873693,0.0007852375747021,-0.000471216532712,-0.0036053021260628,0.0015659257819348,0.0007316053838028,-0.0008360767587412,-0.0064041038387164,0.0010904843349875,0.0029772558621653,0.0036007805174313,12.02,-0.0707526778423555,-0.0068053978330861
2016-09-08,4796.0,251330.0,12.51,-0.0068053978330861,0.0002588996778215,0.006702890700872,0.0037084474873693,0.0007852375747021,-0.000471216532712,-0.0036053021260628,0.0015659257819348,0.0007316053838028,-0.0008360767587412,-0.0064041038387164,0.0050337299520685,0.0036843649854872,11.94,0.299131603432234,-0.0264090556452968
2016-09-09,4671.0,265150.0,17.5,-0.0264090556452968,-0.0068053978330861,0.0002588996778215,0.006702890700872,0.0037084474873693,0.0007852375747021,-0.000471216532712,-0.0036053021260628,0.0015659257819348,0.0007316053838028,-0.0008360767587412,0.0132368017642631,0.0092130381624815,12.51,0.0549874666772769,0.0202915494424461
2016-09-12,4766.75,178340.0,15.16,0.0202915494424461,-0.0264090556452968,-0.0068053978330861,0.0002588996778215,0.006702890700872,0.0037084474873693,0.0007852375747021,-0.000471216532712,-0.0036053021260628,0.0015659257819348,0.0007316053838028,0.0172727200818393,0.0116854776854614,17.5,-0.3273995851404865,-0.0082153287371718
2016-09-13,4727.75,142820.0,17.85,-0.0082153287371718,0.0202915494424461,-0.0264090556452968,-0.0068053978330861,0.0002588996778215,0.006702890700872,0.0037084474873693,0.0007852375747021,-0.000471216532712,-0.0036053021260628,0.0015659257819348,0.0168513203022818,0.0119100503742064,15.16,-0.1991701244813277,0.0010042018760956
2016-09-14,4732.5,77620.0,18.14,0.0010042018760956,-0.0082153287371718,0.0202915494424461,-0.0264090556452968,-0.0068053978330861,0.0002588996778215,0.006702890700872,0.0037084474873693,0.0007852375747021,-0.000471216532712,-0.0036053021260628,0.0169035709700168,0.0119033788483586,17.85,-0.4565186948606637,0.017853409994552
2016-09-15,4817.75,61730.0,16.3,0.017853409994552,0.0010042018760956,-0.0082153287371718,0.0202915494424461,-0.0264090556452968,-0.0068053978330861,0.0002588996778215,0.006702890700872,0.0037084474873693,0.0007852375747021,-0.000471216532712,0.0193153745349305,0.0133070160802735,18.14,-0.2047152795671218,0.0004731380136365
2016-09-16,4820.03,285890.0,15.37,0.0004731380136365,0.017853409994552,0.0010042018760956,-0.0082153287371718,0.0202915494424461,-0.0264090556452968,-0.0068053978330861,0.0002588996778215,0.006702890700872,0.0037084474873693,0.0007852375747021,0.012267187678252,0.0133077266911553,16.3,3.631297586262757,-0.0053628689380415
2016-09-19,4794.25,235030.0,15.53,-0.0053628689380415,0.0004731380136365,0.017853409994552,0.0010042018760956,-0.0082153287371718,0.0202915494424461,-0.0264090556452968,-0.0068053978330861,0.0002588996778215,0.006702890700872,0.0037084474873693,0.0101194138607959,0.013402813056508,15.37,-0.177900591136451,0.0008860859040573
2016-09-20,4798.5,195030.0,15.92,0.0008860859040573,-0.0053628689380415,0.0004731380136365,0.017853409994552,0.0010042018760956,-0.0082153287371718,0.0202915494424461,-0.0264090556452968,-0.0068053978330861,0.0002588996778215,0.006702890700872,0.008737762509068,0.0132033195778772,15.53,-0.1701910394417733,0.0106753358738465
2016-09-21,4850.0,291230.0,13.3,0.0106753358738465,0.0008860859040573,-0.0053628689380415,0.0004731380136365,0.017853409994552,0.0010042018760956,-0.0082153287371718,0.0202915494424461,-0.0264090556452968,-0.0068053978330861,0.0002588996778215,0.0092490580761979,0.0136810775735579,15.92,0.4932574475721685,0.0074464331756356
2016-09-22,4886.25,196510.0,12.02,0.0074464331756356,0.0106753358738465,0.0008860859040573,-0.0053628689380415,0.0004731380136365,0.017853409994552,0.0010042018760956,-0.0082153287371718,0.0202915494424461,-0.0264090556452968,-0.0068053978330861,0.0063110468405442,0.0135845306361806,13.3,-0.3252412182810836,-0.0061071242647792
2016-09-23,4856.5,197320.0,12.29,-0.0061071242647792,0.0074464331756356,0.0106753358738465,0.0008860859040573,-0.0053628689380415,0.0004731380136365,0.017853409994552,0.0010042018760956,-0.0082153287371718,0.0202915494424461,-0.0264090556452968,0.0074981792684207,0.0099095900754737,12.02,0.0041219276372703,-0.0085819686101592
2016-09-26,4815.0,209590.0,14.5,-0.0085819686101592,-0.0061071242647792,0.0074464331756356,0.0106753358738465,0.0008860859040573,-0.0053628689380415,0.0004731380136365,0.017853409994552,0.0010042018760956,-0.0082153287371718,0.0202915494424461,0.0083278767119975,0.0087383563486187,12.29,0.06218325562538,0.009456701743709
2016-09-27,4860.75,227160.0,13.1,0.009456701743709,-0.0085819686101592,-0.0061071242647792,0.0074464331756356,0.0106753358738465,0.0008860859040573,-0.0053628689380415,0.0004731380136365,0.017853409994552,0.0010042018760956,-0.0082153287371718,0.0091728036923754,0.0084481506585241,14.5,0.0838303354167659,0.0015417826057524
2016-09-28,4868.25,208680.0,12.39,0.0015417826057524,0.009456701743709,-0.0085819686101592,-0.0061071242647792,0.0074464331756356,0.0106753358738465,0.0008860859040573,-0.0053628689380415,0.0004731380136365,0.017853409994552,0.0010042018760956,0.0079903312941759,0.008437338715026,13.1,-0.0813523507659799,-0.0049420950009958
2016-09-29,4844.25,306340.0,14.02,-0.0049420950009958,0.0015417826057524,0.009456701743709,-0.0085819686101592,-0.0061071242647792,0.0074464331756356,0.0106753358738465,0.0008860859040573,-0.0053628689380415,0.0004731380136365,0.017853409994552,0.0072847965388157,0.0068584927627352,12.39,0.4679892658616063,0.0053528358806217
2016-09-30,4870.25,248150.0,13.29,0.0053528358806217,-0.0049420950009958,0.0015417826057524,0.009456701743709,-0.0085819686101592,-0.0061071242647792,0.0074464331756356,0.0106753358738465,0.0008860859040573,-0.0053628689380415,0.0004731380136365,0.0073643561440312,0.0070241228404593,14.02,-0.1899523405366586,-0.000924404338629
2016-10-03,4865.75,177130.0,13.57,-0.000924404338629,0.0053528358806217,-0.0049420950009958,0.0015417826057524,0.009456701743709,-0.0085819686101592,-0.0061071242647792,0.0074464331756356,0.0106753358738465,0.0008860859040573,-0.0053628689380415,0.0055621867551551,0.0067079375555707,13.29,-0.2861978641950433,-0.0016969638710893
2016-10-04,4857.5,276980.0,13.63,-0.0016969638710893,-0.000924404338629,0.0053528358806217,-0.0049420950009958,0.0015417826057524,0.009456701743709,-0.0085819686101592,-0.0061071242647792,0.0074464331756356,0.0106753358738465,0.0008860859040573,0.003843793298135,0.0067826808704488,13.57,0.563710269293739,0.0032884625256694
2016-10-05,4873.5,182960.0,12.99,0.0032884625256694,-0.0016969638710893,-0.000924404338629,0.0053528358806217,-0.0049420950009958,0.0015417826057524,0.009456701743709,-0.0085819686101592,-0.0061071242647792,0.0074464331756356,0.0106753358738465,0.0041046621287802,0.0059952920814807,13.63,-0.3394468914723084,-0.0003078343875317
2016-10-06,4872.0,187200.0,12.84,-0.0003078343875317,0.0032884625256694,-0.0016969638710893,-0.000924404338629,0.0053528358806217,-0.0049420950009958,0.0015417826057524,0.009456701743709,-0.0085819686101592,-0.0061071242647792,0.0074464331756356,0.0030319219074905,0.0054733756703381,12.99,0.0231744643637954,-0.0026718749838299
2016-10-07,4859.0,281210.0,13.48,-0.0026718749838299,-0.0003078343875317,0.0032884625256694,-0.0016969638710893,-0.000924404338629,0.0053528358806217,-0.0049420950009958,0.0015417826057524,0.009456701743709,-0.0085819686101592,-0.0061071242647792,0.0022755348714235,0.0051670863222218,12.84,0.502190170940171,0.0070240489767302
2016-10-10,4893.25,159240.0,13.38,0.0070240489767302,-0.0026718749838299,-0.0003078343875317,0.0032884625256694,-0.0016969638710893,-0.000924404338629,0.0053528358806217,-0.0049420950009958,0.0015417826057524,0.009456701743709,-0.0085819686101592,0.0039972515417136,0.0045948646310964,13.48,-0.4337327975534298,-0.0136315477221402
2016-10-11,4827.0,316600.0,15.36,-0.0136315477221402,0.0070240489767302,-0.0026718749838299,-0.0003078343875317,0.0032884625256694,-0.0016969638710893,-0.000924404338629,0.0053528358806217,-0.0049420950009958,0.0015417826057524,0.009456701743709,0.0078305360903055,0.0058455847335916,13.38,0.9881939211253454,-0.0028006864424716
2016-10-12,4813.5,234220.0,15.91,-0.0028006864424716,-0.0136315477221402,0.0070240489767302,-0.0026718749838299,-0.0003078343875317,0.0032884625256694,-0.0016969638710893,-0.000924404338629,0.0053528358806217,-0.0049420950009958,0.0015417826057524,0.0074084730797702,0.0058220604031702,15.36,-0.2602021478205938,-0.0036422330706164
2016-10-13,4796.0,297940.0,16.69,-0.0036422330706164,-0.0028006864424716,-0.0136315477221402,0.0070240489767302,-0.0026718749838299,-0.0003078343875317,0.0032884625256694,-0.0016969638710893,-0.000924404338629,0.0053528358806217,-0.0049420950009958,0.0073138033639807,0.0057414708123433,15.91,0.27205191700111,0.0017187056651316
2016-10-14,4804.25,237880.0,16.12,0.0017187056651316,-0.0036422330706164,-0.0028006864424716,-0.0136315477221402,0.0070240489767302,-0.0026718749838299,-0.0003078343875317,0.0032884625256694,-0.0016969638710893,-0.000924404338629,0.0053528358806217,0.007640982769282,0.005399435346672,16.69,-0.2015842115862254,-0.0002081707007257
2016-10-17,4803.25,179670.0,16.21,-0.0002081707007257,0.0017187056651316,-0.0036422330706164,-0.0028006864424716,-0.0136315477221402,0.0070240489767302,-0.0026718749838299,-0.0003078343875317,0.0032884625256694,-0.0016969638710893,-0.000924404338629,0.0059372166779474,0.005410659607034,16.12,-0.2447032117033798,0.0049323845486821
2016-10-18,4827.0,205550.0,15.28,0.0049323845486821,-0.0002081707007257,0.0017187056651316,-0.0036422330706164,-0.0028006864424716,-0.0136315477221402,0.0070240489767302,-0.0026718749838299,-0.0003078343875317,0.0032884625256694,-0.0016969638710893,0.0034797775729857,0.0057510579633302,16.21,0.144041854511048,0.0006730694809999
2016-10-19,4830.25,148340.0,14.41,0.0006730694809999,0.0049323845486821,-0.0002081707007257,0.0017187056651316,-0.0036422330706164,-0.0028006864424716,-0.0136315477221402,0.0070240489767302,-0.0026718749838299,-0.0003078343875317,0.0032884625256694,0.0031076997025073,0.0056108256360375,15.28,-0.278326441255169,0.0027909879601642
2016-10-20,4843.75,248120.0,13.75,0.0027909879601642,0.0006730694809999,0.0049323845486821,-0.0002081707007257,0.0017187056651316,-0.0036422330706164,-0.0028006864424716,-0.0136315477221402,0.0070240489767302,-0.0026718749838299,-0.0003078343875317,0.0019961650348668,0.0057309251439935,14.41,0.6726439261156802,-0.0001032311346018
2016-10-21,4843.25,188660.0,13.34,-0.0001032311346018,0.0027909879601642,0.0006730694809999,0.0049323845486821,-0.0002081707007257,0.0017187056651316,-0.0036422330706164,-0.0028006864424716,-0.0136315477221402,0.0070240489767302,-0.0026718749838299,0.0022108522397412,0.0056841980764706,13.75,-0.2396421086571014,0.0122102891938933
2016-10-24,4902.75,182260.0,13.02,0.0122102891938933,-0.0001032311346018,0.0027909879601642,0.0006730694809999,0.0049323845486821,-0.0002081707007257,0.0017187056651316,-0.0036422330706164,-0.0028006864424716,-0.0136315477221402,0.0070240489767302,0.0049394880723811,0.0065931173203561,13.34,-0.0339234601929396,-0.0034222993432628
2016-10-25,4886.0,184980.0,13.46,-0.0034222993432628,0.0122102891938933,-0.0001032311346018,0.0027909879601642,0.0006730694809999,0.0049323845486821,-0.0002081707007257,0.0017187056651316,-0.0036422330706164,-0.0028006864424716,-0.0136315477221402,0.0059063068235646,0.0047461402143481,13.02,0.0149237353231646,-0.0066223707718086
2016-10-26,4853.75,234120.0,14.24,-0.0066223707718086,-0.0034222993432628,0.0122102891938933,-0.0001032311346018,0.0027909879601642,0.0006730694809999,0.0049323845486821,-0.0002081707007257,0.0017187056651316,-0.0036422330706164,-0.0028006864424716,0.0072067383149348,0.0052341807536064,13.46,0.2656503405773598,-0.0096784131519163
2016-10-27,4807.0,261340.0,15.36,-0.0096784131519163,-0.0066223707718086,-0.0034222993432628,0.0122102891938933,-0.0001032311346018,0.0027909879601642,0.0006730694809999,0.0049323845486821,-0.0002081707007257,0.0017187056651316,-0.0036422330706164,0.008466709210877,0.006086277089656,14.24,0.1162651631641893,-0.0002080515975465
2016-10-28,4806.0,325150.0,16.19,-0.0002080515975465,-0.0096784131519163,-0.0066223707718086,-0.0034222993432628,0.0122102891938933,-0.0001032311346018,0.0027909879601642,0.0006730694809999,0.0049323845486821,-0.0002081707007257,0.0017187056651316,0.008462442978614,0.006064338727721,15.36,0.2441646896762836,-0.0019265320582057
2016-10-31,4796.75,199170.0,17.06,-0.0019265320582057,-0.0002080515975465,-0.0096784131519163,-0.0066223707718086,-0.0034222993432628,0.0122102891938933,-0.0001032311346018,0.0027909879601642,0.0006730694809999,0.0049323845486821,-0.0002081707007257,0.0037895546951734,0.0060963004768971,16.19,-0.3874519452560356,-0.0082688350560922
2016-11-01,4757.25,307810.0,18.56,-0.0082688350560922,-0.0019265320582057,-0.0002080515975465,-0.0096784131519163,-0.0066223707718086,-0.0034222993432628,0.0122102891938933,-0.0001032311346018,0.0027909879601642,0.0006730694809999,0.0049323845486821,0.0040936851528172,0.0063027910980329,17.06,0.5454636742481298,-0.0085497670903937
2016-11-02,4716.75,300310.0,19.32,-0.0085497670903937,-0.0082688350560922,-0.0019265320582057,-0.0002080515975465,-0.0096784131519163,-0.0066223707718086,-0.0034222993432628,0.0122102891938933,-0.0001032311346018,0.0027909879601642,0.0006730694809999,0.0043285376031709,0.0066233393207131,18.56,-0.0243656801273512,-0.0089977979603521
2016-11-03,4674.5,280600.0,22.08,-0.0089977979603521,-0.0085497670903937,-0.0082688350560922,-0.0019265320582057,-0.0002080515975465,-0.0096784131519163,-0.0066223707718086,-0.0034222993432628,0.0122102891938933,-0.0001032311346018,0.0027909879601642,0.0041813822833897,0.0066502092246827,19.32,-0.0656321800805833,-0.0035897062309071
2016-11-04,4657.75,264050.0,22.51,-0.0035897062309071,-0.0089977979603521,-0.0085497670903937,-0.0082688350560922,-0.0019265320582057,-0.0002080515975465,-0.0096784131519163,-0.0066223707718086,-0.0034222993432628,0.0122102891938933,-0.0001032311346018,0.0032666186433905,0.0065395092381347,22.08,-0.0589807555238773,0.0250185307432979
2016-11-07,4775.75,223770.0,18.71,0.0250185307432979,-0.0035897062309071,-0.0089977979603521,-0.0085497670903937,-0.0082688350560922,-0.0019265320582057,-0.0002080515975465,-0.0096784131519163,-0.0066223707718086,-0.0034222993432628,0.0122102891938933,0.0146406559456733,0.0102488944353961,22.51,-0.1525468661238401,0.0055335284232599
2016-11-08,4802.25,219990.0,18.74,0.0055335284232599,0.0250185307432979,-0.0035897062309071,-0.0089977979603521,-0.0085497670903937,-0.0082688350560922,-0.0019265320582057,-0.0002080515975465,-0.0096784131519163,-0.0066223707718086,-0.0034222993432628,0.0141929916458822,0.0105580681502279,18.71,-0.0168923448183402,0.0037930990374137
2016-11-09,4820.5,719500.0,14.38,0.0037930990374137,0.0055335284232599,0.0250185307432979,-0.0035897062309071,-0.0089977979603521,-0.0085497670903937,-0.0082688350560922,-0.0019265320582057,-0.0002080515975465,-0.0096784131519163,-0.0066223707718086,0.0129431610803172,0.0105354128094425,18.74,2.2706032092367834,-0.0160496949604949
2016-11-10,4743.75,555100.0,14.74,-0.0160496949604949,0.0037930990374137,0.0055335284232599,0.0250185307432979,-0.0035897062309071,-0.0089977979603521,-0.0085497670903937,-0.0082688350560922,-0.0019265320582057,-0.0002080515975465,-0.0096784131519163,0.0149846693236671,0.011304162672386,14.38,-0.2284920083391244,0.0008955145856186
2016-11-11,4748.0,324940.0,14.17,0.0008955145856186,-0.0160496949604949,0.0037930990374137,0.0055335284232599,0.0250185307432979,-0.0035897062309071,-0.0089977979603521,-0.0085497670903937,-0.0082688350560922,-0.0019265320582057,-0.0002080515975465,0.0146259217347372,0.0113216465010546,14.74,-0.4146279949558638,-0.0113318660309564
2016-11-14,4694.5,285040.0,14.48,-0.0113318660309564,0.0008955145856186,-0.0160496949604949,0.0037930990374137,0.0055335284232599,0.0250185307432979,-0.0035897062309071,-0.0089977979603521,-0.0085497670903937,-0.0082688350560922,-0.0019265320582057,0.0096556233337509,0.0117692229149163,14.17,-0.1227919000430848,0.0151157679600852
2016-11-15,4766.0,238490.0,13.37,0.0151157679600852,-0.0113318660309564,0.0008955145856186,-0.0160496949604949,0.0037930990374137,0.0055335284232599,0.0250185307432979,-0.0035897062309071,-0.0089977979603521,-0.0085497670903937,-0.0082688350560922,0.0124317854129555,0.0127053527516942,14.48,-0.1633104125736738,0.0036128531064246
2016-11-16,4783.25,195710.0,13.72,0.0036128531064246,0.0151157679600852,-0.0113318660309564,0.0008955145856186,-0.0160496949604949,0.0037930990374137,0.0055335284232599,0.0250185307432979,-0.0035897062309071,-0.0089977979603521,-0.0085497670903937,0.0124127903939268,0.0123536999737554,13.37,-0.1793785902972871,0.0094156286418603
2016-11-17,4828.5,190170.0,13.35,0.0094156286418603,0.0036128531064246,0.0151157679600852,-0.0113318660309564,0.0008955145856186,-0.0160496949604949,0.0037930990374137,0.0055335284232599,0.0250185307432979,-0.0035897062309071,-0.0089977979603521,0.0099585693406606,0.0119988654899737,13.72,-0.0283071892085228,-0.004150675254436
2016-11-18,4808.5,168800.0,12.85,-0.004150675254436,0.0094156286418603,0.0036128531064246,0.0151157679600852,-0.0113318660309564,0.0008955145856186,-0.0160496949604949,0.0037930990374137,0.0055335284232599,0.0250185307432979,-0.0035897062309071,0.0105329095230947,0.0120356055765437,13.35,-0.1123731398222642,0.0094179221340102
2016-11-21,4854.0,167540.0,12.42,0.0094179221340102,-0.004150675254436,0.0094156286418603,0.0036128531064246,0.0151157679600852,-0.0113318660309564,0.0008955145856186,-0.0160496949604949,0.0037930990374137,0.0055335284232599,0.0250185307432979,0.0072947404486724,0.0096696486808105,12.85,-0.0074644549763033,0.0042657137791493
2016-11-22,4874.75,157470.0,12.41,0.0042657137791493,0.0094179221340102,-0.004150675254436,0.0094156286418603,0.0036128531064246,0.0151157679600852,-0.0113318660309564,0.0008955145856186,-0.0160496949604949,0.0037930990374137,0.0055335284232599,0.0055683190917181,0.0096209003779195,12.42,-0.0601050495404082,-0.0051932142320987
2016-11-23,4849.5,159650.0,12.43,-0.0051932142320987,0.0042657137791493,0.0094179221340102,-0.004150675254436,0.0094156286418603,0.0036128531064246,0.0151157679600852,-0.0113318660309564,0.0008955145856186,-0.0160496949604949,0.0037930990374137,0.0071046313163079,0.0098007520355186,12.41,0.0138439067758937,0.0039102745852135
2016-11-25,4868.5,75490.0,12.34,0.0039102745852135,-0.0051932142320987,0.0042657137791493,0.0094179221340102,-0.004150675254436,0.0094156286418603,0.0036128531064246,0.0151157679600852,-0.0113318660309564,0.0008955145856186,-0.0160496949604949,0.0061799843949799,0.0078768746336603,12.43,-0.5271531475101785,-0.0015417033733554
2016-11-28,4861.0,143190.0,13.15,-0.0015417033733554,0.0039102745852135,-0.0051932142320987,0.0042657137791493,0.0094179221340102,-0.004150675254436,0.0094156286418603,0.0036128531064246,0.0151157679600852,-0.0113318660309564,0.0008955145856186,0.0056556740695047,0.0079724547114625,12.34,0.8968075241753874,0.0028759263864919
2016-11-29,4875.0,175920.0,12.9,0.0028759263864919,-0.0015417033733554,0.0039102745852135,-0.0051932142320987,0.0042657137791493,0.0094179221340102,-0.004150675254436,0.0094156286418603,0.0036128531064246,0.0151157679600852,-0.0113318660309564,0.0041041608289371,0.0063672642570706,13.15,0.2285774146239263,-0.0121763964432905
2016-11-30,4816.0,231490.0,13.33,-0.0121763964432905,0.0028759263864919,-0.0015417033733554,0.0039102745852135,-0.0051932142320987,0.0042657137791493,0.0094179221340102,-0.004150675254436,0.0094156286418603,0.0036128531064246,0.0151157679600852,0.0065530237330213,0.0067995825308593,12.9,0.315882219190541,-0.0166452416730678
2016-12-01,4736.5,291380.0,14.07,-0.0166452416730678,-0.0121763964432905,0.0028759263864919,-0.0015417033733554,0.0039102745852135,-0.0051932142320987,0.0042657137791493,0.0094179221340102,-0.004150675254436,0.0094156286418603,0.0036128531064246,0.0092207705602831,0.0087009913577308,13.33,0.2587152792777225,0.0004221635946603
2016-12-02,4738.5,235330.0,14.12,0.0004221635946603,-0.0166452416730678,-0.0121763964432905,0.0028759263864919,-0.0015417033733554,0.0039102745852135,-0.0051932142320987,0.0042657137791493,0.0094179221340102,-0.004150675254436,0.0094156286418603,0.008509541069107,0.0079381976168331,14.07,-0.1923604914544581,0.0088245136152511
2016-12-05,4780.5,207430.0,12.14,0.0088245136152511,0.0004221635946603,-0.0166452416730678,-0.0121763964432905,0.0028759263864919,-0.0015417033733554,0.0039102745852135,-0.0051932142320987,0.0042657137791493,0.0094179221340102,-0.004150675254436,0.0106756541385788,0.0085619925598669,14.12,-0.1185569200696893,0.0013065407278136
2016-12-06,4786.75,185120.0,11.79,0.0013065407278136,0.0088245136152511,0.0004221635946603,-0.0166452416730678,-0.0121763964432905,0.0028759263864919,-0.0015417033733554,0.0039102745852135,-0.0051932142320987,0.0042657137791493,0.0094179221340102,0.0104682732202384,0.0078650113291112,12.14,-0.1075543556862556,0.0114245413545267
2016-12-07,4841.75,232690.0,12.22,0.0114245413545267,0.0013065407278136,0.0088245136152511,0.0004221635946603,-0.0166452416730678,-0.0121763964432905,0.0028759263864919,-0.0015417033733554,0.0039102745852135,-0.0051932142320987,0.0042657137791493,0.0109733128316406,0.0087171589735986,11.79,0.2569684528954192,0.0043793057959443
2016-12-08,4863.0,225780.0,12.64,0.0043793057959443,0.0114245413545267,0.0013065407278136,0.0088245136152511,0.0004221635946603,-0.0166452416730678,-0.0121763964432905,0.0028759263864919,-0.0015417033733554,0.0039102745852135,-0.0051932142320987,0.0047570158640384,0.0086919485577595,12.22,-0.0296961622759894,0.0063033493353275
2016-12-09,4893.75,133170.0,11.75,0.0063033493353275,0.0043793057959443,0.0114245413545267,0.0013065407278136,0.0088245136152511,0.0004221635946603,-0.0166452416730678,-0.0121763964432905,0.0028759263864919,-0.0015417033733554,0.0039102745852135,0.0039098850103651,0.0088348331994118,12.64,-0.4101780494286473,-0.0053270627433827
2016-12-12,4867.75,124200.0,12.64,-0.0053270627433827,0.0063033493353275,0.0043793057959443,0.0114245413545267,0.0013065407278136,0.0088245136152511,0.0004221635946603,-0.0166452416730678,-0.0121763964432905,0.0028759263864919,-0.0015417033733554,0.0062066449214899,0.0090121688403761,11.75,-0.0673575129533678,0.0142779438432367
2016-12-13,4937.75,131860.0,12.72,0.0142779438432367,-0.0053270627433827,0.0063033493353275,0.0043793057959443,0.0114245413545267,0.0013065407278136,0.0088245136152511,0.0004221635946603,-0.0166452416730678,-0.0121763964432905,0.0028759263864919,0.0075621941005593,0.0100575921211644,12.64,0.0616747181964574,-0.0012158672149889
2016-12-14,4931.75,74020.0,13.19,-0.0012158672149889,0.0142779438432367,-0.0053270627433827,0.0063033493353275,0.0043793057959443,0.0114245413545267,0.0013065407278136,0.0088245136152511,0.0004221635946603,-0.0166452416730678,-0.0121763964432905,0.007496399746662,0.008966360176666,12.72,-0.4386470499014105,0.0005574559880836
2016-12-15,4934.5,48310.0,12.79,0.0005574559880836,-0.0012158672149889,0.0142779438432367,-0.0053270627433827,0.0063033493353275,0.0043793057959443,0.0114245413545267,0.0013065407278136,0.0088245136152511,0.0004221635946603,-0.0166452416730678,0.0076018253284447,0.0061055574273168,13.19,-0.3473385571467171,0.0039823325479761
2016-12-16,4954.19,185360.0,12.2,0.0039823325479761,0.0005574559880836,-0.0012158672149889,0.0142779438432367,-0.0053270627433827,0.0063033493353275,0.0043793057959443,0.0114245413545267,0.0013065407278136,0.0088245136152511,0.0004221635946603,0.0074120035374017,0.0059698680067724,12.79,2.8368867729248604,-0.0031214204344375
2016-12-19,4938.75,146140.0,11.71,-0.0031214204344375,0.0039823325479761,0.0005574559880836,-0.0012158672149889,0.0142779438432367,-0.0053270627433827,0.0063033493353275,0.0043793057959443,0.0114245413545267,0.0013065407278136,0.0088245136152511,0.0068795776176665,0.0061887407336031,12.2,-0.2115882606819162,0.0034867010234325
2016-12-20,4956.0,109980.0,11.45,0.0034867010234325,-0.0031214204344375,0.0039823325479761,0.0005574559880836,-0.0012158672149889,0.0142779438432367,-0.0053270627433827,0.0063033493353275,0.0043793057959443,0.0114245413545267,0.0013065407278136,0.0030342367324624,0.0061506912369188,11.71,-0.2474339674284932,-0.0013124023891709
2016-12-21,4949.5,90650.0,11.27,-0.0013124023891709,0.0034867010234325,-0.0031214204344375,0.0039823325479761,0.0005574559880836,-0.0012158672149889,0.0142779438432367,-0.0053270627433827,0.0063033493353275,0.0043793057959443,0.0114245413545267,0.0030500421485913,0.0056171674785695,11.45,-0.1757592289507182,-0.0026299833083577
2016-12-22,4936.5,110520.0,11.43,-0.0026299833083577,-0.0013124023891709,0.0034867010234325,-0.0031214204344375,0.0039823325479761,0.0005574559880836,-0.0012158672149889,0.0142779438432367,-0.0053270627433827,0.0063033493353275,0.0043793057959443,0.0034046179101264,0.0057508837507088,11.27,0.2191947049089906,0.0011641150245423
2016-12-23,4942.25,69060.0,11.44,0.0011641150245423,-0.0026299833083577,-0.0013124023891709,0.0034867010234325,-0.0031214204344375,0.0039823325479761,0.0005574559880836,-0.0012158672149889,0.0142779438432367,-0.0053270627433827,0.0063033493353275,0.0027717422927626,0.0054980252209367,11.43,-0.3751357220412594,0.0038370320212284
2016-12-27,4961.25,100370.0,11.99,0.0038370320212284,0.0011641150245423,-0.0026299833083577,-0.0013124023891709,0.0034867010234325,-0.0031214204344375,0.0039823325479761,0.0005574559880836,-0.0012158672149889,0.0142779438432367,-0.0053270627433827,0.0028610325560883,0.0050763807030833,11.44,0.4533738777874312,-0.0075872898121594
2016-12-28,4923.75,136660.0,12.95,-0.0075872898121594,0.0038370320212284,0.0011641150245423,-0.0026299833083577,-0.0013124023891709,0.0034867010234325,-0.0031214204344375,0.0039823325479761,0.0005574559880836,-0.0012158672149889,0.0142779438432367,0.0042941768905259,0.0036670665276293,11.99,0.3615622197867889,-0.0010668293323029
2016-12-29,4918.5,121560.0,13.37,-0.0010668293323029,-0.0075872898121594,0.0038370320212284,0.0011641150245423,-0.0026299833083577,-0.0013124023891709,0.0034867010234325,-0.0031214204344375,0.0039823325479761,0.0005574559880836,-0.0012158672149889,0.0042954853192948,0.0036631588708355,12.95,-0.1104931947899897,-0.0111424613068096
2016-12-30,4864.0,197660.0,14.04,-0.0111424613068096,-0.0010668293323029,-0.0075872898121594,0.0038370320212284,0.0011641150245423,-0.0026299833083577,-0.0013124023891709,0.0034867010234325,-0.0031214204344375,0.0039823325479761,0.0005574559880836,0.006228092486522,0.004995867687408,13.37,0.6260282987824943,0.0086487578847155
2017-01-03,4906.25,215980.0,12.85,0.0086487578847155,-0.0111424613068096,-0.0010668293323029,-0.0075872898121594,0.0038370320212284,0.0011641150245423,-0.0026299833083577,-0.0013124023891709,0.0034867010234325,-0.0031214204344375,0.0039823325479761,0.0080884768574273,0.0057234692060982,14.04,0.092684407568552,0.0055387727665028
2017-01-04,4933.5,171950.0,11.85,0.0055387727665028,0.0086487578847155,-0.0111424613068096,-0.0010668293323029,-0.0075872898121594,0.0038370320212284,0.0011641150245423,-0.0026299833083577,-0.0013124023891709,0.0034867010234325,-0.0031214204344375,0.008397116532882,0.0060101738296155,12.85,-0.203861468654505,0.0057602099545248
2017-01-05,4962.0,169570.0,11.67,0.0057602099545248,0.0055387727665028,0.0086487578847155,-0.0111424613068096,-0.0010668293323029,-0.0075872898121594,0.0038370320212284,0.0011641150245423,-0.0026299833083577,-0.0013124023891709,0.0034867010234325,0.00793685836223,0.0062011591270473,11.85,-0.0138412329165454,0.0084287073350555
2017-01-06,5004.0,183320.0,11.32,0.0084287073350555,0.0057602099545248,0.0055387727665028,0.0086487578847155,-0.0111424613068096,-0.0010668293323029,-0.0075872898121594,0.0038370320212284,0.0011641150245423,-0.0026299833083577,-0.0013124023891709,0.008283334589422,0.0066963004752252,11.67,0.0810874565076369,0.0035906681307285
2017-01-09,5022.0,148110.0,11.56,0.0035906681307285,0.0084287073350555,0.0057602099545248,0.0055387727665028,0.0086487578847155,-0.0111424613068096,-0.0010668293323029,-0.0075872898121594,0.0038370320212284,0.0011641150245423,-0.0026299833083577,0.0021339949863194,0.0066000495439923,11.32,-0.1920685140737508,0.0018402014493431
2017-01-10,5031.25,153770.0,11.49,0.0018402014493431,0.0035906681307285,0.0084287073350555,0.0057602099545248,0.0055387727665028,0.0086487578847155,-0.0111424613068096,-0.0010668293323029,-0.0075872898121594,0.0038370320212284,0.0011641150245423,0.0024794023586939,0.0065972169708016,11.56,0.0382148403213826,0.0030264715120405
2017-01-11,5046.5,218750.0,11.26,0.0030264715120405,0.0018402014493431,0.0035906681307285,0.0084287073350555,0.0057602099545248,0.0055387727665028,0.0086487578847155,-0.0111424613068096,-0.0010668293323029,-0.0075872898121594,0.0038370320212284,0.0026024647516605,0.0065741395672427,11.49,0.4225791766924627,-0.0023310611919435
2017-01-12,5034.75,212320.0,11.54,-0.0023310611919435,0.0030264715120405,0.0018402014493431,0.0035906681307285,0.0084287073350555,0.0057602099545248,0.0055387727665028,0.0086487578847155,-0.0111424613068096,-0.0010668293323029,-0.0075872898121594,0.0038583089478906,0.0059270340384011,11.26,-0.0293942857142857,0.0052496158594003
2017-01-13,5061.25,136610.0,11.23,0.0052496158594003,-0.0023310611919435,0.0030264715120405,0.0018402014493431,0.0035906681307285,0.0084287073350555,0.0057602099545248,0.0055387727665028,0.0086487578847155,-0.0111424613068096,-0.0010668293323029,0.0028525813265238,0.0058730564770945,11.54,-0.3565844009042954,-0.0041578043365501
2017-01-17,5040.25,198100.0,11.87,-0.0041578043365501,0.0052496158594003,-0.0023310611919435,0.0030264715120405,0.0018402014493431,0.0035906681307285,0.0084287073350555,0.0057602099545248,0.0055387727665028,0.0086487578847155,-0.0111424613068096,0.0038792357846605,0.0041995163502036,11.23,0.4501134616792328,0.0028232515842915
2017-01-18,5054.5,159690.0,12.48,0.0028232515842915,-0.0041578043365501,0.0052496158594003,-0.0023310611919435,0.0030264715120405,0.0018402014493431,0.0035906681307285,0.0084287073350555,0.0057602099545248,0.0055387727665028,0.0086487578847155,0.0039736203935969,0.0038001573803625,11.87,-0.1938919737506309,-0.0001978630793949
2017-01-19,5053.5,185600.0,12.78,-0.0001978630793949,0.0028232515842915,-0.0041578043365501,0.0052496158594003,-0.0023310611919435,0.0030264715120405,0.0018402014493431,0.0035906681307285,0.0084287073350555,0.0057602099545248,0.0055387727665028,0.0038047757156258,0.0038034462798003,12.48,0.1622518629845324,0.0009395011445867
2017-01-20,5058.25,216180.0,11.54,0.0009395011445867,-0.0001978630793949,0.0028232515842915,-0.0041578043365501,0.0052496158594003,-0.0023310611919435,0.0030264715120405,0.0018402014493431,0.0035906681307285,0.0084287073350555,0.0057602099545248,0.0035143061946029,0.0036323422282087,12.78,0.1647629310344827,0.0010373701130358
2017-01-23,5063.5,181150.0,11.77,0.0010373701130358,0.0009395011445867,-0.0001978630793949,0.0028232515842915,-0.0041578043365501,0.0052496158594003,-0.0023310611919435,0.0030264715120405,0.0018402014493431,0.0035906681307285,0.0084287073350555,0.0026084730799071,0.0028228245686589,11.54,-0.1620408918493847,0.0064470313611235
2017-01-24,5096.25,141580.0,11.07,0.0064470313611235,0.0010373701130358,0.0009395011445867,-0.0001978630793949,0.0028232515842915,-0.0041578043365501,0.0052496158594003,-0.0023310611919435,0.0030264715120405,0.0018402014493431,0.0035906681307285,0.0026036294361337,0.0032114004952038,11.77,-0.2184377587634557,0.0098118968331509
2017-01-25,5146.5,153210.0,10.81,0.0098118968331509,0.0064470313611235,0.0010373701130358,0.0009395011445867,-0.0001978630793949,0.0028232515842915,-0.0041578043365501,0.0052496158594003,-0.0023310611919435,0.0030264715120405,0.0018402014493431,0.0043232525970129,0.0041626696070161,11.07,0.082144370673824,0.0002428540216419
2017-01-26,5147.75,173380.0,10.63,0.0002428540216419,0.0098118968331509,0.0064470313611235,0.0010373701130358,0.0009395011445867,-0.0001978630793949,0.0028232515842915,-0.0041578043365501,0.0052496158594003,-0.0023310611919435,0.0030264715120405,0.0042297512700103,0.0041989927611483,10.81,0.1316493701455519,0.0028612322810321
2017-01-27,5162.5,138340.0,10.58,0.0028612322810321,0.0002428540216419,0.0098118968331509,0.0064470313611235,0.0010373701130358,0.0009395011445867,-0.0001978630793949,0.0028232515842915,-0.0041578043365501,0.0052496158594003,-0.0023310611919435,0.0039976292781448,0.0039173674311839,10.63,-0.2020994347675625,-0.0073879989976705
2017-01-30,5124.5,249340.0,11.88,-0.0073879989976705,0.0028612322810321,0.0002428540216419,0.0098118968331509,0.0064470313611235,0.0010373701130358,0.0009395011445867,-0.0001978630793949,0.0028232515842915,-0.0041578043365501,0.0052496158594003,0.0065571619437366,0.0048590968504715,10.58,0.8023709700737314,-0.0022955393606132
2017-01-31,5112.75,214700.0,11.99,-0.0022955393606132,-0.0073879989976705,0.0028612322810321,0.0002428540216419,0.0098118968331509,0.0064470313611235,0.0010373701130358,0.0009395011445867,-0.0001978630793949,0.0028232515842915,-0.0041578043365501,0.0063694826713789,0.0046607950161919,11.88,-0.1389267666639929,0.006967990185801
2017-02-01,5148.5,237360.0,11.81,0.006967990185801,-0.0022955393606132,-0.0073879989976705,0.0028612322810321,0.0002428540216419,0.0098118968331509,0.0064470313611235,0.0010373701130358,0.0009395011445867,-0.0001978630793949,0.0028232515842915,0.0053995451947654,0.0049725080989055,11.99,0.1055426176059617,-0.0034048381548407
2017-02-02,5131.0,209880.0,11.93,-0.0034048381548407,0.006967990185801,-0.0022955393606132,-0.0073879989976705,0.0028612322810321,0.0002428540216419,0.0098118968331509,0.0064470313611235,0.0010373701130358,0.0009395011445867,-0.0001978630793949,0.0056138238612892,0.0052161765923566,11.81,-0.1157735085945399,0.0046665455090955
2017-02-03,5155.0,181440.0,10.97,0.0046665455090955,-0.0034048381548407,0.006967990185801,-0.0022955393606132,-0.0073879989976705,0.0028612322810321,0.0002428540216419,0.0098118968331509,0.0064470313611235,0.0010373701130358,0.0009395011445867,0.0059445722427964,0.0053023750746238,11.93,-0.1355060034305317,0.0005333204169948
2017-02-06,5157.75,145400.0,11.37,0.0005333204169948,0.0046665455090955,-0.0034048381548407,0.006967990185801,-0.0022955393606132,-0.0073879989976705,0.0028612322810321,0.0002428540216419,0.0098118968331509,0.0064470313611235,0.0010373701130358,0.0044472107219801,0.0053138134467519,10.97,-0.1986331569664903,0.0036770083520788
2017-02-07,5176.75,164420.0,11.29,0.0036770083520788,0.0005333204169948,0.0046665455090955,-0.0034048381548407,0.006967990185801,-0.0022955393606132,-0.0073879989976705,0.0028612322810321,0.0002428540216419,0.0098118968331509,0.0064470313611235,0.0040241902058867,0.0051157232683243,11.37,0.1308115543328747,0.0027970697248291
2017-02-08,5191.25,166260.0,11.45,0.0027970697248291,0.0036770083520788,0.0005333204169948,0.0046665455090955,-0.0034048381548407,0.006967990185801,-0.0022955393606132,-0.0073879989976705,0.0028612322810321,0.0002428540216419,0.0098118968331509,0.0032141238183024,0.0042707409671248,11.29,0.0111908526943194,0.0040371083812024
2017-02-09,5212.25,157900.0,10.88,0.0040371083812024,0.0027970697248291,0.0036770083520788,0.0005333204169948,0.0046665455090955,-0.0034048381548407,0.006967990185801,-0.0022955393606132,-0.0073879989976705,0.0028612322810321,0.0002428540216419,0.0016074730013454,0.0043764879931042,11.45,-0.0502826897630217,0.0027780456605722
2017-02-10,5226.75,147030.0,10.85,0.0027780456605722,0.0040371083812024,0.0027970697248291,0.0036770083520788,0.0005333204169948,0.0046665455090955,-0.0034048381548407,0.006967990185801,-0.0022955393606132,-0.0073879989976705,0.0028612322810321,0.0013630489891682,0.0043731527678311,10.88,-0.0688410386320456,0.0061987610274007
2017-02-13,5259.25,144520.0,11.07,0.0061987610274007,0.0027780456605722,0.0040371083812024,0.0027970697248291,0.0036770083520788,0.0005333204169948,0.0046665455090955,-0.0034048381548407,0.006967990185801,-0.0022955393606132,-0.0073879989976705,0.001398931211951,0.0033975832404094,10.85,-0.0170713459838128,0.0031798038230665
2017-02-14,5276.0,166900.0,10.74,0.0031798038230665,0.0061987610274007,0.0027780456605722,0.0040371083812024,0.0027970697248291,0.0036770083520788,0.0005333204169948,0.0046665455090955,-0.0034048381548407,0.006967990185801,-0.0022955393606132,0.0014357194178979,0.0029309239521928,11.07,0.1548574591752007,0.0064236003987793
2017-02-15,5310.0,168260.0,11.97,0.0064236003987793,0.0031798038230665,0.0061987610274007,0.0027780456605722,0.0040371083812024,0.0027970697248291,0.0036770083520788,0.0005333204169948,0.0046665455090955,-0.0034048381548407,0.006967990185801,0.0016959944061386,0.0028560866521307,10.74,0.0081485919712402,-0.0017906795228322
2017-02-16,5300.5,209930.0,11.76,-0.0017906795228322,0.0064236003987793,0.0031798038230665,0.0061987610274007,0.0027780456605722,0.0040371083812024,0.0027970697248291,0.0036770083520788,0.0005333204169948,0.0046665455090955,-0.0034048381548407,0.0033295957231324,0.0024675003144018,11.97,0.2476524426482824,0.0047523910171602
2017-02-17,5325.75,170810.0,11.49,0.0047523910171602,-0.0017906795228322,0.0064236003987793,0.0031798038230665,0.0061987610274007,0.0027780456605722,0.0040371083812024,0.0027970697248291,0.0036770083520788,0.0005333204169948,0.0046665455090955,0.0033605643928914,0.0024731188324621,11.76,-0.186347830229124,0.0033741069547576
2017-02-21,5343.75,192760.0,11.57,0.0033741069547576,0.0047523910171602,-0.0017906795228322,0.0064236003987793,0.0031798038230665,0.0061987610274007,0.0027780456605722,0.0040371083812024,0.0027970697248291,0.0036770083520788,0.0005333204169948,0.0030715786593096,0.0022809791555603,11.49,0.1285053568292253,0.0013558056262342
2017-02-22,5351.0,156580.0,11.74,0.0013558056262342,0.0033741069547576,0.0047523910171602,-0.0017906795228322,0.0064236003987793,0.0031798038230665,0.0061987610274007,0.0027780456605722,0.0040371083812024,0.0027970697248291,0.0036770083520788,0.0031792015453613,0.0023816792260699,11.57,-0.1876945424361901,-0.0035570570127053
2017-02-23,5332.0,240390.0,11.71,-0.0035570570127053,0.0013558056262342,0.0033741069547576,0.0047523910171602,-0.0017906795228322,0.0064236003987793,0.0031798038230665,0.0061987610274007,0.0027780456605722,0.0040371083812024,0.0027970697248291,0.0034730493015626,0.0032303265555703,11.74,0.5352535445139865,0.0021076797573206
2017-02-24,5343.25,211940.0,11.47,0.0021076797573206,-0.0035570570127053,0.0013558056262342,0.0033741069547576,0.0047523910171602,-0.0017906795228322,0.0064236003987793,0.0031798038230665,0.0061987610274007,0.0027780456605722,0.0040371083812024,0.0031621754554283,0.0031973957867075,11.71,-0.1183493489745829,0.0007950799006406
2017-02-27,5347.5,153780.0,12.09,0.0007950799006406,0.0021076797573206,-0.0035570570127053,0.0013558056262342,0.0033741069547576,0.0047523910171602,-0.0017906795228322,0.0064236003987793,0.0031798038230665,0.0061987610274007,0.0027780456605722,0.0026281076530106,0.0032382415347849,11.47,-0.2744172879116731,-0.0028558740354289
2017-02-28,5332.25,168040.0,12.92,-0.0028558740354289,0.0007950799006406,0.0021076797573206,-0.0035570570127053,0.0013558056262342,0.0033741069547576,0.0047523910171602,-0.0017906795228322,0.0064236003987793,0.0031798038230665,0.0061987610274007,0.0025881019895313,0.0032875060408766,12.09,0.0927298738457536,0.0100297064504124
2017-03-01,5386.0,241770.0,12.54,0.0100297064504124,-0.0028558740354289,0.0007950799006406,0.0021076797573206,-0.0035570570127053,0.0013558056262342,0.0033741069547576,0.0047523910171602,-0.0017906795228322,0.0064236003987793,0.0031798038230665,0.0054308673595202,0.0042710396956724,12.92,0.4387645798619377,-0.0039532177149412
2017-03-02,5364.75,206020.0,11.81,-0.0039532177149412,0.0100297064504124,-0.0028558740354289,0.0007950799006406,0.0021076797573206,-0.0035570570127053,0.0013558056262342,0.0033741069547576,0.0047523910171602,-0.0017906795228322,0.0064236003987793,0.0055216456240776,0.0043537736229841,12.54,-0.147867808247508,0.0013505019865252
2017-03-03,5372.0,176730.0,10.96,0.0013505019865252,-0.0039532177149412,0.0100297064504124,-0.0028558740354289,0.0007950799006406,0.0021076797573206,-0.0035570570127053,0.0013558056262342,0.0033741069547576,0.0047523910171602,-0.0017906795228322,0.0055017213849601,0.0042398154047011,11.81,-0.1421706630424231,-0.0020497538155904
2017-03-06,5361.0,166730.0,11.24,-0.0020497538155904,0.0013505019865252,-0.0039532177149412,0.0100297064504124,-0.0028558740354289,0.0007950799006406,0.0021076797573206,-0.0035570570127053,0.0013558056262342,0.0033741069547576,0.0047523910171602,0.0056818318011034,0.0041766842224391,10.96,-0.0565834889379278,-0.0021006940012805
2017-03-07,5349.75,180790.0,11.45,-0.0021006940012805,-0.0020497538155904,0.0013505019865252,-0.0039532177149412,0.0100297064504124,-0.0028558740354289,0.0007950799006406,0.0021076797573206,-0.0035570570127053,0.0013558056262342,0.0033741069547576,0.0055792933403008,0.0041400029688465,11.24,0.0843279553769567,0.0024736891566678
2017-03-08,5363.0,221620.0,11.86,0.0024736891566678,-0.0021006940012805,-0.0020497538155904,0.0013505019865252,-0.0039532177149412,0.0100297064504124,-0.0028558740354289,0.0007950799006406,0.0021076797573206,-0.0035570570127053,0.0013558056262342,0.0026703253427312,0.0041920783940742,11.45,0.2258421372863543,0.0006989911512726
2017-03-09,5366.75,249230.0,12.3,0.0006989911512726,0.0024736891566678,-0.0021006940012805,-0.0020497538155904,0.0013505019865252,-0.0039532177149412,0.0100297064504124,-0.0028558740354289,0.0007950799006406,0.0021076797573206,-0.0035570570127053,0.0020626561808973,0.0039760319356162,11.86,0.1245826188972114,0.0028375411526533
2017-03-10,5382.0,159750.0,11.66,0.0028375411526533,0.0006989911512726,0.0024736891566678,-0.0021006940012805,-0.0020497538155904,0.0013505019865252,-0.0039532177149412,0.0100297064504124,-0.0028558740354289,0.0007950799006406,0.0021076797573206,0.0023760271913821,0.0040123043231415,12.3,-0.359025799462344,0.0025052205169371
2017-03-13,5395.5,85360.0,11.35,0.0025052205169371,0.0028375411526533,0.0006989911512726,0.0024736891566678,-0.0021006940012805,-0.0020497538155904,0.0013505019865252,-0.0039532177149412,0.0100297064504124,-0.0028558740354289,0.0007950799006406,0.0020687322973332,0.0040519859122002,11.66,-0.4656651017214397,-0.0025981270994353
2017-03-14,5381.5,92070.0,12.3,-0.0025981270994353,0.0025052205169371,0.0028375411526533,0.0006989911512726,0.0024736891566678,-0.0021006940012805,-0.0020497538155904,0.0013505019865252,-0.0039532177149412,0.0100297064504124,-0.0028558740354289,0.0022739193948103,0.0040262232375348,11.35,0.0786082474226803,0.0062519017167345
2017-03-15,5415.25,63830.0,11.63,0.0062519017167345,-0.0025981270994353,0.0025052205169371,0.0028375411526533,0.0006989911512726,0.0024736891566678,-0.0021006940012805,-0.0020497538155904,0.0013505019865252,-0.0039532177149412,0.0100297064504124,0.0032346656434918,0.0031606058605329,12.3,-0.3067231454328228,-0.0004155796241096
2017-03-16,5413.0,35580.0,11.21,-0.0004155796241096,0.0062519017167345,-0.0025981270994353,0.0025052205169371,0.0028375411526533,0.0006989911512726,0.0024736891566678,-0.0021006940012805,-0.0020497538155904,0.0013505019865252,-0.0039532177149412,0.0033767755368951,0.0027762113538816,11.63,-0.4425818580604731,0.0022771024588836
2017-03-17,5425.34,143960.0,11.28,0.0022771024588836,-0.0004155796241096,0.0062519017167345,-0.0025981270994353,0.0025052205169371,0.0028375411526533,0.0006989911512726,0.0024736891566678,-0.0021006940012805,-0.0020497538155904,0.0013505019865252,0.0033393423631384,0.002808367014514,11.21,3.046093310848791,-0.0012615458928117
2017-03-20,5418.5,144690.0,11.34,-0.0012615458928117,0.0022771024588836,-0.0004155796241096,0.0062519017167345,-0.0025981270994353,0.0025052205169371,0.0028375411526533,0.0006989911512726,0.0024736891566678,-0.0021006940012805,-0.0020497538155904,0.0035059613199111,0.0027234100954171,11.28,0.0050708530147263,-0.0149211404750266
2017-03-21,5338.25,414740.0,12.47,-0.0149211404750266,-0.0012615458928117,0.0022771024588836,-0.0004155796241096,0.0062519017167345,-0.0025981270994353,0.0025052205169371,0.0028375411526533,0.0006989911512726,0.0024736891566678,-0.0021006940012805,0.0079945842757925,0.0057339028921578,11.34,1.866404036215357,0.0051382773737508
2017-03-22,5365.75,335870.0,12.81,0.0051382773737508,-0.0149211404750266,-0.0012615458928117,0.0022771024588836,-0.0004155796241096,0.0062519017167345,-0.0025981270994353,0.0025052205169371,0.0028375411526533,0.0006989911512726,0.0024736891566678,0.0077318601881113,0.0059312575504737,12.47,-0.1901673337512658,-0.0020988324208444
2017-03-23,5354.5,269770.0,13.12,-0.0020988324208444,0.0051382773737508,-0.0149211404750266,-0.0012615458928117,0.0022771024588836,-0.0004155796241096,0.0062519017167345,-0.0025981270994353,0.0025052205169371,0.0028375411526533,0.0006989911512726,0.0076910585009699,0.0059632106226281,12.81,-0.1968023342364605,0.0045186763118796
2017-03-24,5378.75,294980.0,12.96,0.0045186763118796,-0.0020988324208444,0.0051382773737508,-0.0149211404750266,-0.0012615458928117,0.0022771024588836,-0.0004155796241096,0.0062519017167345,-0.0025981270994353,0.0025052205169371,0.0028375411526533,0.0080712566243387,0.0060817709656198,13.12,0.0934499759054008,4.647812043309626e-05
2017-03-27,5379.0,276500.0,12.5,4.647812043309626e-05,0.0045186763118796,-0.0020988324208444,0.0051382773737508,-0.0149211404750266,-0.0012615458928117,0.0022771024588836,-0.0004155796241096,0.0062519017167345,-0.0025981270994353,0.0025052205169371,0.0081111291769291,0.0060158669127259,12.96,-0.0626483151400094,0.0048219678000661
2017-03-28,5405.0,245030.0,11.53,0.0048219678000661,4.647812043309626e-05,0.0045186763118796,-0.0020988324208444,0.0051382773737508,-0.0149211404750266,-0.0012615458928117,0.0022771024588836,-0.0004155796241096,0.0062519017167345,-0.0025981270994353,0.0033013272630265,0.0061577093360702,12.5,-0.1138155515370705,0.0057190451977257
2017-03-29,5436.0,173940.0,11.42,0.0057190451977257,0.0048219678000661,4.647812043309626e-05,0.0045186763118796,-0.0020988324208444,0.0051382773737508,-0.0149211404750266,-0.0012615458928117,0.0022771024588836,-0.0004155796241096,0.0062519017167345,0.0034258718593919,0.0061038569902144,11.53,-0.2901277394604742,0.0002759001259051
2017-03-30,5437.5,163120.0,11.54,0.0002759001259051,0.0057190451977257,0.0048219678000661,4.647812043309626e-05,0.0045186763118796,-0.0020988324208444,0.0051382773737508,-0.0149211404750266,-0.0012615458928117,0.0022771024588836,-0.0004155796241096,0.00269879453116,0.0060977256748998,11.42,-0.0622053581694836,0.0001838911369655
2017-03-31,5438.5,166660.0,12.37,0.0001838911369655,0.0002759001259051,0.0057190451977257,0.0048219678000661,4.647812043309626e-05,0.0045186763118796,-0.0020988324208444,0.0051382773737508,-0.0149211404750266,-0.0012615458928117,0.0022771024588836,0.0028134702274231,0.0060639311709123,11.54,0.0217018146150074,-0.0007357675306633
2017-04-03,5434.5,264740.0,12.38,-0.0007357675306633,0.0001838911369655,0.0002759001259051,0.0057190451977257,0.0048219678000661,4.647812043309626e-05,0.0045186763118796,-0.0020988324208444,0.0051382773737508,-0.0149211404750266,-0.0012615458928117,0.0029806017141582,0.0060517105045366,12.37,0.5885035401416057,0.001746564768115
2017-04-04,5444.0,195120.0,11.79,0.001746564768115,-0.0007357675306633,0.0001838911369655,0.0002759001259051,0.0057190451977257,0.0048219678000661,4.647812043309626e-05,0.0045186763118796,-0.0020988324208444,0.0051382773737508,-0.0149211404750266,0.0025529928813719,0.0028364430901847,12.38,-0.2629749943340635,-0.0051103907172375
2017-04-05,5416.25,301130.0,12.89,-0.0051103907172375,0.001746564768115,-0.0007357675306633,0.0001838911369655,0.0002759001259051,0.0057190451977257,0.0048219678000661,4.647812043309626e-05,0.0045186763118796,-0.0020988324208444,0.0051382773737508,0.0026061581123039,0.0033636512931287,11.79,0.5433066830668307,0.0011993727796263
2017-04-06,5422.75,287870.0,12.39,0.0011993727796263,-0.0051103907172375,0.001746564768115,-0.0007357675306633,0.0001838911369655,0.0002759001259051,0.0057190451977257,0.0048219678000661,4.647812043309626e-05,0.0045186763118796,-0.0020988324208444,0.002725094373908,0.0031901536518363,12.89,-0.044034138079899,-0.0002766506841694
2017-04-07,5421.25,243810.0,12.87,-0.0002766506841694,0.0011993727796263,-0.0051103907172375,0.001746564768115,-0.0007357675306633,0.0001838911369655,0.0002759001259051,0.0057190451977257,0.0048219678000661,4.647812043309626e-05,0.0045186763118796,0.002702057731539,0.0030018434679542,12.39,-0.1530551985271129,0.0001844422931406
2017-04-10,5422.25,197530.0,14.05,0.0001844422931406,-0.0002766506841694,0.0011993727796263,-0.0051103907172375,0.001746564768115,-0.0007357675306633,0.0001838911369655,0.0002759001259051,0.0057190451977257,0.0048219678000661,4.647812043309626e-05,0.0027247535263471,0.0029983767133977,12.87,-0.1898199417579262,-0.003787883316937
2017-04-11,5401.75,332140.0,15.07,-0.003787883316937,0.0001844422931406,-0.0002766506841694,0.0011993727796263,-0.0051103907172375,0.001746564768115,-0.0007357675306633,0.0001838911369655,0.0002759001259051,0.0057190451977257,0.0048219678000661,0.0027328064800102,0.0029512009372989,14.05,0.6814661064142156,-0.0053830934204641
2017-04-12,5372.75,251110.0,15.77,-0.0053830934204641,-0.003787883316937,0.0001844422931406,-0.0002766506841694,0.0011993727796263,-0.0051103907172375,0.001746564768115,-0.0007357675306633,0.0001838911369655,0.0002759001259051,0.0057190451977257,0.0028226667577796,0.0026033145003991,15.07,-0.2439633889323779,-0.0025624912104651
2017-04-13,5359.0,278780.0,15.96,-0.0025624912104651,-0.0053830934204641,-0.003787883316937,0.0001844422931406,-0.0002766506841694,0.0011993727796263,-0.0051103907172375,0.001746564768115,-0.0007357675306633,0.0001838911369655,0.0002759001259051,0.0023469845752572,0.0025827617354896,15.77,0.1101907530564294,0.0067415463267228
2017-04-17,5395.25,148630.0,14.66,0.0067415463267228,-0.0025624912104651,-0.0053830934204641,-0.003787883316937,0.0001844422931406,-0.0002766506841694,0.0011993727796263,-0.0051103907172375,0.001746564768115,-0.0007357675306633,0.0001838911369655,0.0047631977267615,0.0036548683287085,15.96,-0.4668555850491427,-0.0011127081680299
2017-04-18,5389.25,246220.0,14.42,-0.0011127081680299,0.0067415463267228,-0.0025624912104651,-0.0053830934204641,-0.003787883316937,0.0001844422931406,-0.0002766506841694,0.0011993727796263,-0.0051103907172375,0.001746564768115,-0.0007357675306633,0.0047203119963057,0.0036560937630221,14.66,0.6565969185225056,0.0015759714024801
2017-04-19,5397.75,213580.0,14.93,0.0015759714024801,-0.0011127081680299,0.0067415463267228,-0.0025624912104651,-0.0053830934204641,-0.003787883316937,0.0001844422931406,-0.0002766506841694,0.0011993727796263,-0.0051103907172375,0.001746564768115,0.0045990368187359,0.0036430787564638,14.42,-0.1325643733246689,0.0083022477703327
2017-04-20,5442.75,231390.0,14.15,0.0083022477703327,0.0015759714024801,-0.0011127081680299,0.0067415463267228,-0.0025624912104651,-0.0053830934204641,-0.003787883316937,0.0001844422931406,-0.0002766506841694,0.0011993727796263,-0.0051103907172375,0.0047736666472246,0.0043096346858638,14.93,0.0833879576739395,-0.0001378074831644
2017-04-21,5442.0,193760.0,14.63,-0.0001378074831644,0.0083022477703327,0.0015759714024801,-0.0011127081680299,0.0067415463267228,-0.0025624912104651,-0.0053830934204641,-0.003787883316937,0.0001844422931406,-0.0002766506841694,0.0011993727796263,0.0042093287162639,0.004305855707769,14.15,-0.1626258697437227,0.0113284602699879
2017-04-24,5504.0,212520.0,10.84,0.0113284602699879,-0.0001378074831644,0.0083022477703327,0.0015759714024801,-0.0011127081680299,0.0067415463267228,-0.0025624912104651,-0.0053830934204641,-0.003787883316937,0.0001844422931406,-0.0002766506841694,0.0055080039874773,0.0055118906223696,14.63,0.0968208092485549,0.0080074620896587
2017-04-25,5548.25,172850.0,10.76,0.0080074620896587,0.0113284602699879,-0.0001378074831644,0.0083022477703327,0.0015759714024801,-0.0011127081680299,0.0067415463267228,-0.0025624912104651,-0.0053830934204641,-0.003787883316937,0.0001844422931406,0.0048681828144758,0.0058470526164028,10.84,-0.1866647844908714,-0.0021651864654305
2017-04-26,5536.25,221750.0,10.85,-0.0021651864654305,0.0080074620896587,0.0113284602699879,-0.0001378074831644,0.0083022477703327,0.0015759714024801,-0.0011127081680299,0.0067415463267228,-0.0025624912104651,-0.0053830934204641,-0.003787883316937,0.0058675713065577,0.0056795310267631,10.76,0.2829042522418281,0.0098407857892374
2017-04-27,5591.0,194730.0,10.36,0.0098407857892374,-0.0021651864654305,0.0080074620896587,0.0113284602699879,-0.0001378074831644,0.0083022477703327,0.0015759714024801,-0.0011127081680299,0.0067415463267228,-0.0025624912104651,-0.0053830934204641,0.0061147822222957,0.0053760367078883,10.85,-0.1218489289740698,-0.0018797839308756
2017-04-28,5580.5,185940.0,10.82,-0.0018797839308756,0.0098407857892374,-0.0021651864654305,0.0080074620896587,0.0113284602699879,-0.0001378074831644,0.0083022477703327,0.0015759714024801,-0.0011127081680299,0.0067415463267228,-0.0025624912104651,0.0065420810473364,0.005287298277675,10.36,-0.0451394238175936,0.0089642700857179
2017-05-01,5630.75,166030.0,10.11,0.0089642700857179,-0.0018797839308756,0.0098407857892374,-0.0021651864654305,0.0080074620896587,0.0113284602699879,-0.0001378074831644,0.0083022477703327,0.0015759714024801,-0.0011127081680299,0.0067415463267228,0.0060387918460258,0.0054570122820373,10.82,-0.1070775518984619,0.0015970900870453
2017-05-02,5639.75,169050.0,10.59,0.0015970900870453,0.0089642700857179,-0.0018797839308756,0.0098407857892374,-0.0021651864654305,0.0080074620896587,0.0113284602699879,-0.0001378074831644,0.0083022477703327,0.0015759714024801,-0.0011127081680299,0.0057978461825269,0.0052221174540887,10.11,0.0181894838282237,-0.0047098638562227
2017-05-03,5613.25,206430.0,10.68,-0.0047098638562227,0.0015970900870453,0.0089642700857179,-0.0018797839308756,0.0098407857892374,-0.0021651864654305,0.0080074620896587,0.0113284602699879,-0.0001378074831644,0.0083022477703327,0.0015759714024801,0.0064674045000698,0.0059469886578031,10.59,0.2211180124223601,0.002224398105545
2017-05-04,5625.75,223460.0,10.46,0.002224398105545,-0.0047098638562227,0.0015970900870453,0.0089642700857179,-0.0018797839308756,0.0098407857892374,-0.0021651864654305,0.0080074620896587,0.0113284602699879,-0.0001378074831644,0.0083022477703327,0.0051452606827757,0.0057562855113562,10.68,0.0824976989778618,0.0039914901317154
2017-05-05,5648.25,166260.0,10.57,0.0039914901317154,0.002224398105545,-0.0047098638562227,0.0015970900870453,0.0089642700857179,-0.0018797839308756,0.0098407857892374,-0.0021651864654305,0.0080074620896587,0.0113284602699879,-0.0001378074831644,0.0049205497373176,0.0056284028624623,10.46,-0.255974223574689,0.0012827603218649
2017-05-08,5655.5,164350.0,9.77,0.0012827603218649,0.0039914901317154,0.002224398105545,-0.0047098638562227,0.0015970900870453,0.0089642700857179,-0.0018797839308756,0.0098407857892374,-0.0021651864654305,0.0080074620896587,0.0113284602699879,0.0032943796533855,0.0049784911419484,10.57,-0.0114880307951401,0.003662280440725
2017-05-09,5676.25,194000.0,9.96,0.003662280440725,0.0012827603218649,0.0039914901317154,0.002224398105545,-0.0047098638562227,0.0015970900870453,0.0089642700857179,-0.0018797839308756,0.0098407857892374,-0.0021651864654305,0.0080074620896587,0.0035283594530637,0.0046436392040256,9.77,0.1804076665652569,-0.0001321382167667
2017-05-10,5675.5,174080.0,10.21,-0.0001321382167667,0.003662280440725,0.0012827603218649,0.0039914901317154,0.002224398105545,-0.0047098638562227,0.0015970900870453,0.0089642700857179,-0.0018797839308756,0.0098407857892374,-0.0021651864654305,0.0017050166974499,0.0044685632081705,9.96,-0.102680412371134,-0.0008372810889051
2017-05-11,5670.75,238810.0,10.6,-0.0008372810889051,-0.0001321382167667,0.003662280440725,0.0012827603218649,0.0039914901317154,0.002224398105545,-0.0047098638562227,0.0015970900870453,0.0089642700857179,-0.0018797839308756,0.0098407857892374,0.0021802117017893,0.0037300844006245,10.21,0.3718405330882353,0.0032131016441583
2017-05-12,5689.0,186830.0,10.4,0.0032131016441583,-0.0008372810889051,-0.0001321382167667,0.003662280440725,0.0012827603218649,0.0039914901317154,0.002224398105545,-0.0047098638562227,0.0015970900870453,0.0089642700857179,-0.0018797839308756,0.0019852422025376,0.0035744792789009,10.6,-0.217662576944014,0.0021509632752628
2017-05-15,5701.25,180920.0,10.42,0.0021509632752628,0.0032131016441583,-0.0008372810889051,-0.0001321382167667,0.003662280440725,0.0012827603218649,0.0039914901317154,0.002224398105545,-0.0047098638562227,0.0015970900870453,0.0089642700857179,0.002006156266001,0.0026003859285303,10.4,-0.031633035379757,0.0040260874478963
2017-05-16,5724.25,183420.0,10.65,0.0040260874478963,0.0021509632752628,0.0032131016441583,-0.0008372810889051,-0.0001321382167667,0.003662280440725,0.0012827603218649,0.0039914901317154,0.002224398105545,-0.0047098638562227,0.0015970900870453,0.0021033780209705,0.0027463518688377,10.42,0.0138182622153437,-0.0257467995303269
2017-05-17,5578.75,506880.0,15.59,-0.0257467995303269,0.0040260874478963,0.0021509632752628,0.0032131016441583,-0.0008372810889051,-0.0001321382167667,0.003662280440725,0.0012827603218649,0.0039914901317154,0.002224398105545,-0.0047098638562227,0.012605876975201,0.0089871083718277,10.65,1.7634936211972525,0.0092335111936006
2017-05-18,5630.5,522260.0,14.66,0.0092335111936006,-0.0257467995303269,0.0040260874478963,0.0021509632752628,0.0032131016441583,-0.0008372810889051,-0.0001321382167667,0.003662280440725,0.0012827603218649,0.0039914901317154,0.002224398105545,0.0138669359190737,0.0094924092277844,15.59,0.0303424873737374,0.0040323528660231
2017-05-19,5653.25,292200.0,12.04,0.0040323528660231,0.0092335111936006,-0.0257467995303269,0.0040260874478963,0.0021509632752628,0.0032131016441583,-0.0008372810889051,-0.0001321382167667,0.003662280440725,0.0012827603218649,0.0039914901317154,0.0139400817359592,0.0094942866345297,14.66,-0.4405085589553096,0.0085863894695137
2017-05-22,5702.0,198200.0,10.93,0.0085863894695137,0.0040323528660231,0.0092335111936006,-0.0257467995303269,0.0040260874478963,0.0021509632752628,0.0032131016441583,-0.0008372810889051,-0.0001321382167667,0.003662280440725,0.0012827603218649,0.0146146098843175,0.0098698593497561,12.04,-0.3216974674880218,0.0016646957013845
2017-05-23,5711.5,219010.0,10.72,0.0016646957013845,0.0085863894695137,0.0040323528660231,0.0092335111936006,-0.0257467995303269,0.0040260874478963,0.0021509632752628,0.0032131016441583,-0.0008372810889051,-0.0001321382167667,0.003662280440725,0.0144906705683501,0.0098260335790644,10.93,0.1049949545913218,0.0034519708307731
2017-05-24,5731.25,191510.0,10.02,0.0034519708307731,0.0016646957013845,0.0085863894695137,0.0040323528660231,0.0092335111936006,-0.0257467995303269,0.0040260874478963,0.0021509632752628,0.0032131016441583,-0.0008372810889051,-0.0001321382167667,0.0033341590866689,0.009860892013009,10.72,-0.1255650426921145,0.0088159865715163
2017-05-25,5782.0,239940.0,9.99,0.0088159865715163,0.0034519708307731,0.0016646957013845,0.0085863894695137,0.0040323528660231,0.0092335111936006,-0.0257467995303269,0.0040260874478963,0.0021509632752628,0.0032131016441583,-0.0008372810889051,0.003217124781086,0.0101322621205845,10.02,0.2528849668424626,0.0017711735411915
2017-05-26,5792.25,163400.0,9.81,0.0017711735411915,0.0088159865715163,0.0034519708307731,0.0016646957013845,0.0085863894695137,0.0040323528660231,0.0092335111936006,-0.0257467995303269,0.0040260874478963,0.0021509632752628,0.0032131016441583,0.0035801240789399,0.0101224314693119,9.99,-0.3189964157706093,-4.316205193061566e-05
2017-05-30,5792.0,197720.0,10.38,-4.316205193061566e-05,0.0017711735411915,0.0088159865715163,0.0034519708307731,0.0016646957013845,0.0085863894695137,0.0040323528660231,0.0092335111936006,-0.0257467995303269,0.0040260874478963,0.0021509632752628,0.0034094196427377,0.0101377140972233,9.81,0.2100367197062422,0.0002157916324378
2017-05-31,5793.25,332650.0,10.41,0.0002157916324378,-4.316205193061566e-05,0.0017711735411915,0.0088159865715163,0.0034519708307731,0.0016646957013845,0.0085863894695137,0.0040323528660231,0.0092335111936006,-0.0257467995303269,0.0040260874478963,0.0036203721877663,0.0101070886556674,10.38,0.6824296985636253,0.0049503986075783
2017-06-01,5822.0,266070.0,9.89,0.0049503986075783,0.0002157916324378,-4.316205193061566e-05,0.0017711735411915,0.0088159865715163,0.0034519708307731,0.0016646957013845,0.0085863894695137,0.0040323528660231,0.0092335111936006,-0.0257467995303269,0.0037433790556853,0.0035464210185061,10.41,-0.2001503081316699,0.0109328044878495
2017-06-02,5886.0,298210.0,9.75,0.0109328044878495,0.0049503986075783,0.0002157916324378,-4.316205193061566e-05,0.0017711735411915,0.0088159865715163,0.0034519708307731,0.0016646957013845,0.0085863894695137,0.0040323528660231,0.0092335111936006,0.0045732295731447,0.0038393977981634,9.89,0.120795279437742,-0.000892345014277
2017-06-05,5880.75,177410.0,10.07,-0.000892345014277,0.0109328044878495,0.0049503986075783,0.0002157916324378,-4.316205193061566e-05,0.0017711735411915,0.0088159865715163,0.0034519708307731,0.0016646957013845,0.0085863894695137,0.0040323528660231,0.0049722001504936,0.0041964266313887,9.75,-0.4050836658730424,-0.0029802474374543
2017-06-06,5863.25,257090.0,10.45,-0.0029802474374543,-0.000892345014277,0.0109328044878495,0.0049503986075783,0.0002157916324378,-4.316205193061566e-05,0.0017711735411915,0.0088159865715163,0.0034519708307731,0.0016646957013845,0.0085863894695137,0.0055646293286588,0.0043657299660559,10.07,0.449129135899893,0.0028101866403095
2017-06-07,5879.75,274940.0,10.39,0.0028101866403095,-0.0029802474374543,-0.000892345014277,0.0109328044878495,0.0049503986075783,0.0002157916324378,-4.316205193061566e-05,0.0017711735411915,0.0088159865715163,0.0034519708307731,0.0016646957013845,0.0054239459179428,0.0043479526340614,10.45,0.0694309385818197,0.0008924967123807
2017-06-08,5885.0,266470.0,10.16,0.0008924967123807,0.0028101866403095,-0.0029802474374543,-0.000892345014277,0.0109328044878495,0.0049503986075783,0.0002157916324378,-4.316205193061566e-05,0.0017711735411915,0.0088159865715163,0.0034519708307731,0.0053556065083099,0.0043872188358313,10.39,-0.0308067214665017,-0.0248604261605104
2017-06-09,5740.5,425290.0,10.7,-0.0248604261605104,0.0008924967123807,0.0028101866403095,-0.0029802474374543,-0.000892345014277,0.0109328044878495,0.0049503986075783,0.0002157916324378,-4.316205193061566e-05,0.0017711735411915,0.0088159865715163,0.0113038611322529,0.0093001911136194,10.16,0.5960145607385448,-0.0051521748690036
2017-06-12,5711.0,260180.0,11.46,-0.0051521748690036,-0.0248604261605104,0.0008924967123807,0.0028101866403095,-0.0029802474374543,-0.000892345014277,0.0109328044878495,0.0049503986075783,0.0002157916324378,-4.316205193061566e-05,0.0017711735411915,0.0110745035374288,0.0093516625750641,10.7,-0.3882292083049213,0.0070230828048155
2017-06-13,5751.25,144810.0,10.42,0.0070230828048155,-0.0051521748690036,-0.0248604261605104,0.0008924967123807,0.0028101866403095,-0.0029802474374543,-0.000892345014277,0.0109328044878495,0.0049503986075783,0.0002157916324378,-4.316205193061566e-05,0.0125320258368833,0.0097261131674946,11.46,-0.4434237835344761,-0.0045310058783919
2017-06-14,5725.25,120810.0,10.64,-0.0045310058783919,0.0070230828048155,-0.0051521748690036,-0.0248604261605104,0.0008924967123807,0.0028101866403095,-0.0029802474374543,-0.000892345014277,0.0109328044878495,0.0049503986075783,0.0002157916324378,0.0119731531243219,0.0097917360106959,10.42,-0.1657344106070022,-0.0039815414327433
2017-06-15,5702.5,64519.99999999999,10.9,-0.0039815414327433,-0.0045310058783919,0.0070230828048155,-0.0051521748690036,-0.0248604261605104,0.0008924967123807,0.0028101866403095,-0.0029802474374543,-0.000892345014277,0.0109328044878495,0.0049503986075783,0.0115305685754451,0.0095753086586497,10.64,-0.4659382501448555,-4.03340006034043e-05
2017-06-16,5702.27,356290.0,10.38,-4.03340006034043e-05,-0.0039815414327433,-0.0045310058783919,0.0070230828048155,-0.0051521748690036,-0.0248604261605104,0.0008924967123807,0.0028101866403095,-0.0029802474374543,-0.000892345014277,0.0109328044878495,0.0050823999647571,0.0084859262702516,10.9,4.52216367017979,0.0111142580404078
2017-06-19,5766.0,271970.0,10.37,0.0111142580404078,-4.03340006034043e-05,-0.0039815414327433,-0.0045310058783919,0.0070230828048155,-0.0051521748690036,-0.0248604261605104,0.0008924967123807,0.0028101866403095,-0.0029802474374543,-0.000892345014277,0.0069076472884143,0.0096180647325579,10.38,-0.2366611468186028,-0.00578325342725
2017-06-20,5732.75,301240.0,10.86,-0.00578325342725,0.0111142580404078,-4.03340006034043e-05,-0.0039815414327433,-0.0045310058783919,0.0070230828048155,-0.0051521748690036,-0.0248604261605104,0.0008924967123807,0.0028101866403095,-0.0029802474374543,0.006915218134352,0.0096913245385259,10.37,0.1076221642092878,0.0109726786694756
2017-06-21,5796.0,319200.0,10.75,0.0109726786694756,-0.00578325342725,0.0111142580404078,-4.03340006034043e-05,-0.0039815414327433,-0.0045310058783919,0.0070230828048155,-0.0051521748690036,-0.0248604261605104,0.0008924967123807,0.0028101866403095,0.0081095340091006,0.0104768595706773,10.86,0.0596202363563935,-0.0017700265808015
2017-06-22,5785.75,233020.0,10.48,-0.0017700265808015,0.0109726786694756,-0.00578325342725,0.0111142580404078,-4.03340006034043e-05,-0.0039815414327433,-0.0045310058783919,0.0070230828048155,-0.0051521748690036,-0.0248604261605104,0.0008924967123807,0.0077216541220146,0.0104449317327701,10.75,-0.2699874686716792,0.0045697613581631
2017-06-23,5812.25,213550.0,10.02,0.0045697613581631,-0.0017700265808015,0.0109726786694756,-0.00578325342725,0.0111142580404078,-4.03340006034043e-05,-0.0039815414327433,-0.0045310058783919,0.0070230828048155,-0.0051521748690036,-0.0248604261605104,0.0075564546221832,0.0066517485135352,10.48,-0.0835550596515321,-0.0058668905611361
2017-06-26,5778.25,311740.0,9.9,-0.0058668905611361,0.0045697613581631,-0.0017700265808015,0.0109726786694756,-0.00578325342725,0.0111142580404078,-4.03340006034043e-05,-0.0039815414327433,-0.0045310058783919,0.0070230828048155,-0.0051521748690036,0.0072694740126121,0.006731450248203,10.02,0.4597986420042144,-0.01776602305221
2017-06-27,5676.5,418000.0,11.06,-0.01776602305221,-0.0058668905611361,0.0045697613581631,-0.0017700265808015,0.0109726786694756,-0.00578325342725,0.0111142580404078,-4.03340006034043e-05,-0.0039815414327433,-0.0045310058783919,0.0070230828048155,0.0108974937186508,0.0086326870860423,9.9,0.3408609738884969,0.0152100834364789
2017-06-28,5763.5,396600.0,10.03,0.0152100834364789,-0.01776602305221,-0.0058668905611361,0.0045697613581631,-0.0017700265808015,0.0109726786694756,-0.00578325342725,0.0111142580404078,-4.03340006034043e-05,-0.0039815414327433,-0.0045310058783919,0.0122381625529078,0.0099677659042617,11.06,-0.0511961722488037,-0.0193585513657764
2017-06-29,5653.0,604720.0,11.44,-0.0193585513657764,0.0152100834364789,-0.01776602305221,-0.0058668905611361,0.0045697613581631,-0.0017700265808015,0.0109726786694756,-0.00578325342725,0.0111142580404078,-4.03340006034043e-05,-0.0039815414327433,0.0147417687679168,0.0117848350148657,10.03,0.5247604639435199,-4.422528360184709e-05
2017-06-30,5652.75,336510.0,11.18,-4.422528360184709e-05,-0.0193585513657764,0.0152100834364789,-0.01776602305221,-0.0058668905611361,0.0045697613581631,-0.0017700265808015,0.0109726786694756,-0.00578325342725,0.0111142580404078,-4.03340006034043e-05,0.0141536320948018,0.0117848045729603,11.44,-0.4435275830136261,-0.0112970424013204
2017-07-03,5589.25,232660.0,11.22,-0.0112970424013204,-4.422528360184709e-05,-0.0193585513657764,0.0152100834364789,-0.01776602305221,-0.0058668905611361,0.0045697613581631,-0.0017700265808015,0.0109726786694756,-0.00578325342725,0.0111142580404078,0.0143889519268664,0.0113759456129313,11.18,-0.3086089566431904,0.0110758866404172
2017-07-05,5651.5,392300.0,11.07,0.0110758866404172,-0.0112970424013204,-4.422528360184709e-05,-0.0193585513657764,0.0152100834364789,-0.01776602305221,-0.0058668905611361,0.0045697613581631,-0.0017700265808015,0.0109726786694756,-0.00578325342725,0.0145988366346232,0.0121586375454347,11.22,0.6861514656580419,-0.0097349245227948
2017-07-06,5596.75,370740.0,12.54,-0.0097349245227948,0.0110758866404172,-0.0112970424013204,-4.422528360184709e-05,-0.0193585513657764,0.0152100834364789,-0.01776602305221,-0.0058668905611361,0.0045697613581631,-0.0017700265808015,0.0109726786694756,0.0116986554582874,0.0115607731689262,11.07,-0.0549579403517715,0.0104866546428751
2017-07-07,5655.75,266770.0,11.19,0.0104866546428751,-0.0097349245227948,0.0110758866404172,-0.0112970424013204,-4.422528360184709e-05,-0.0193585513657764,0.0152100834364789,-0.01776602305221,-0.0058668905611361,0.0045697613581631,-0.0017700265808015,0.0106652679495536,0.0123847133465012,12.54,-0.280439121756487,0.0067402620871166
2017-07-10,5694.0,241360.0,11.11,0.0067402620871166,0.0104866546428751,-0.0097349245227948,0.0110758866404172,-0.0112970424013204,-4.422528360184709e-05,-0.0193585513657764,0.0152100834364789,-0.01776602305221,-0.0058668905611361,0.0045697613581631,0.0110667885295298,0.0125360478991479,11.19,-0.0952505903962214,0.0045558165358606
2017-07-11,5720.0,283450.0,10.89,0.0045558165358606,0.0067402620871166,0.0104866546428751,-0.0097349245227948,0.0110758866404172,-0.0112970424013204,-4.422528360184709e-05,-0.0193585513657764,0.0152100834364789,-0.01776602305221,-0.0058668905611361,0.008465510699431,0.0126169705807515,11.11,0.1743868080875041,0.0114291924859279
2017-07-12,5785.75,262330.0,10.3,0.0114291924859279,0.0045558165358606,0.0067402620871166,0.0104866546428751,-0.0097349245227948,0.0110758866404172,-0.0112970424013204,-4.422528360184709e-05,-0.0193585513657764,0.0152100834364789,-0.01776602305221,0.0085340172532361,0.011650521584677,10.89,-0.07451049567825,0.0020287922699153
2017-07-13,5797.5,240960.0,9.9,0.0020287922699153,0.0114291924859279,0.0045558165358606,0.0067402620871166,0.0104866546428751,-0.0097349245227948,0.0110758866404172,-0.0112970424013204,-4.422528360184709e-05,-0.0193585513657764,0.0152100834364789,0.0039533947604657,0.0106836426740908,10.3,-0.0814622803339305,0.0078603587493905
2017-07-14,5843.25,230870.0,9.51,0.0078603587493905,0.0020287922699153,0.0114291924859279,0.0045558165358606,0.0067402620871166,0.0104866546428751,-0.0097349245227948,0.0110758866404172,-0.0112970424013204,-4.422528360184709e-05,-0.0193585513657764,0.0035346205519122,0.008220484166159,9.9,-0.0418741699867197,0.0020088481527404
2017-07-17,5855.0,217890.0,9.82,0.0020088481527404,0.0078603587493905,0.0020287922699153,0.0114291924859279,0.0045558165358606,0.0067402620871166,0.0104866546428751,-0.0097349245227948,0.0110758866404172,-0.0112970424013204,-4.422528360184709e-05,0.0040566668782907,0.0081527608172529,9.51,-0.0562221163425303,0.0047283426041722
2017-07-18,5882.75,246040.0,9.89,0.0047283426041722,0.0020088481527404,0.0078603587493905,0.0020287922699153,0.0114291924859279,0.0045558165358606,0.0067402620871166,0.0104866546428751,-0.0097349245227948,0.0110758866404172,-0.0112970424013204,0.0040465347138104,0.0062768495445257,9.82,0.1291936298132086,0.0060164574332642
2017-07-19,5918.25,233290.0,9.79,0.0060164574332642,0.0047283426041722,0.0020088481527404,0.0078603587493905,0.0020287922699153,0.0114291924859279,0.0045558165358606,0.0067402620871166,0.0104866546428751,-0.0097349245227948,0.0110758866404172,0.0025471759492074,0.005938011381299,9.89,-0.0518208421394895,0.001182083136759
2017-07-20,5925.25,265350.0,9.58,0.001182083136759,0.0060164574332642,0.0047283426041722,0.0020088481527404,0.0078603587493905,0.0020287922699153,0.0114291924859279,0.0045558165358606,0.0067402620871166,0.0104866546428751,-0.0097349245227948,0.0027730446452297,0.0035174521872291,9.79,0.1374255218826352,-0.0010976022716249
2017-07-21,5918.75,254480.0,9.36,-0.0010976022716249,0.001182083136759,0.0060164574332642,0.0047283426041722,0.0020088481527404,0.0078603587493905,0.0020287922699153,0.0114291924859279,0.0045558165358606,0.0067402620871166,0.0104866546428751,0.0028385293062697,0.0036714111886412,9.58,-0.0409647635198794,0.0025732439163787
2017-07-24,5934.0,195020.0,9.43,0.0025732439163787,-0.0010976022716249,0.001182083136759,0.0060164574332642,0.0047283426041722,0.0020088481527404,0.0078603587493905,0.0020287922699153,0.0114291924859279,0.0045558165358606,0.0067402620871166,0.0028219268712297,0.0036308509805856,9.36,-0.2336529393272556,-4.213098523928308e-05
2017-07-25,5933.75,237100.0,9.43,-4.213098523928308e-05,0.0025732439163787,-0.0010976022716249,0.001182083136759,0.0060164574332642,0.0047283426041722,0.0020088481527404,0.0078603587493905,0.0020287922699153,0.0114291924859279,0.0045558165358606,0.0027622775440928,0.0038549484935956,9.43,0.2157727412573069,0.0023986377145178
2017-07-26,5948.0,190190.0,9.6,0.0023986377145178,-4.213098523928308e-05,0.0025732439163787,-0.0010976022716249,0.001182083136759,0.0060164574332642,0.0047283426041722,0.0020088481527404,0.0078603587493905,0.0020287922699153,0.0114291924859279,0.001577210347317,0.0027280320765127,9.43,-0.1978490088570224,-0.0064938031277503
2017-07-27,5909.5,539450.0,10.11,-0.0064938031277503,0.0023986377145178,-4.213098523928308e-05,0.0025732439163787,-0.0010976022716249,0.001182083136759,0.0060164574332642,0.0047283426041722,0.0020088481527404,0.0078603587493905,0.0020287922699153,0.0036855851218521,0.0040126381651056,9.6,1.8363741521636257,0.0001269062376118
2017-07-28,5910.25,338480.0,10.29,0.0001269062376118,-0.0064938031277503,0.0023986377145178,-4.213098523928308e-05,0.0025732439163787,-0.0010976022716249,0.001182083136759,0.0060164574332642,0.0047283426041722,0.0020088481527404,0.0078603587493905,0.0036793113672307,0.0034441040042176,10.11,-0.3725461117805172,-0.0047062900883895
2017-07-31,5882.5,280480.0,10.26,-0.0047062900883895,0.0001269062376118,-0.0064938031277503,0.0023986377145178,-4.213098523928308e-05,0.0025732439163787,-0.0010976022716249,0.001182083136759,0.0060164574332642,0.0047283426041722,0.0020088481527404,0.0037045204022619,0.0038826235974354,10.29,-0.1713542897660127,0.0011468134711982
2017-08-01,5889.25,229010.0,10.09,0.0011468134711982,-0.0047062900883895,0.0001269062376118,-0.0064938031277503,0.0023986377145178,-4.213098523928308e-05,0.0025732439163787,-0.0010976022716249,0.001182083136759,0.0060164574332642,0.0047283426041722,0.0038752430066113,0.0036009969919502,10.26,-0.1835068454078722,0.0036440718291528
2017-08-02,5910.75,389620.0,10.28,0.0036440718291528,0.0011468134711982,-0.0047062900883895,0.0001269062376118,-0.0064938031277503,0.0023986377145178,-4.213098523928308e-05,0.0025732439163787,-0.0010976022716249,0.001182083136759,0.0060164574332642,0.0042141347988,0.0032274390352705,10.09,0.7013230863281079,-0.0035167292562362
2017-08-03,5890.0,289420.0,10.44,-0.0035167292562362,0.0036440718291528,0.0011468134711982,-0.0047062900883895,0.0001269062376118,-0.0064938031277503,0.0023986377145178,-4.213098523928308e-05,0.0025732439163787,-0.0010976022716249,0.001182083136759,0.0034257185638145,0.00335522412073,10.28,-0.2571736563831426,0.0013573127295891
2017-08-04,5898.0,256730.00000000003,10.03,0.0013573127295891,-0.0035167292562362,0.0036440718291528,0.0011468134711982,-0.0047062900883895,0.0001269062376118,-0.0064938031277503,0.0023986377145178,-4.213098523928308e-05,0.0025732439163787,-0.0010976022716249,0.0035387961526423,0.0034039569186701,10.44,-0.1129500380070485,0.0060852114755456
2017-08-07,5934.0,165200.0,9.93,0.0060852114755456,0.0013573127295891,-0.0035167292562362,0.0036440718291528,0.0011468134711982,-0.0047062900883895,0.0001269062376118,-0.0064938031277503,0.0023986377145178,-4.213098523928308e-05,0.0025732439163787,0.0035580127504657,0.0038862136728591,10.03,-0.3565224165465664,-0.0026999678906121
2017-08-08,5918.0,305080.0,10.96,-0.0026999678906121,0.0060852114755456,0.0013573127295891,-0.0035167292562362,0.0036440718291528,0.0011468134711982,-0.0047062900883895,0.0001269062376118,-0.0064938031277503,0.0023986377145178,-4.213098523928308e-05,0.004094672889294,0.0039791896479464,9.93,0.8467312348668281,0.0007601030727856
2017-08-09,5922.5,377650.0,11.11,0.0007601030727856,-0.0026999678906121,0.0060852114755456,0.0013573127295891,-0.0035167292562362,0.0036440718291528,0.0011468134711982,-0.0047062900883895,0.0001269062376118,-0.0064938031277503,0.0023986377145178,0.0038183203376677,0.0038900210644837,10.96,0.2378720335649666,-0.0226695442910104
2017-08-10,5789.75,548170.0,16.04,-0.0226695442910104,0.0007601030727856,-0.0026999678906121,0.0060852114755456,0.0013573127295891,-0.0035167292562362,0.0036440718291528,0.0011468134711982,-0.0047062900883895,0.0001269062376118,-0.0064938031277503,0.0111994143902964,0.007943300987511,11.11,0.4515291936978685,0.0083419816398059
2017-08-11,5838.25,394750.0,15.51,0.0083419816398059,-0.0226695442910104,0.0007601030727856,-0.0026999678906121,0.0060852114755456,0.0013573127295891,-0.0035167292562362,0.0036440718291528,0.0011468134711982,-0.0047062900883895,0.0001269062376118,0.0123253678801797,0.0085914949624915,16.04,-0.2798766805917873,0.0122147370184079
2017-08-14,5910.0,261540.00000000003,12.33,0.0122147370184079,0.0083419816398059,-0.0226695442910104,0.0007601030727856,-0.0026999678906121,0.0060852114755456,0.0013573127295891,-0.0035167292562362,0.0036440718291528,0.0011468134711982,-0.0047062900883895,0.0135764448566598,0.0094529414676694,15.51,-0.3374540848638377,0.0003383522278937
2017-08-15,5912.0,249830.0,12.04,0.0003383522278937,0.0122147370184079,0.0083419816398059,-0.0226695442910104,0.0007601030727856,-0.0026999678906121,0.0060852114755456,0.0013573127295891,-0.0035167292562362,0.0036440718291528,0.0011468134711982,0.013538677427532,0.0094499323492766,12.33,-0.0447732660396116,0.0019433067667761
2017-08-16,5923.5,293910.0,11.74,0.0019433067667761,0.0003383522278937,0.0122147370184079,0.0083419816398059,-0.0226695442910104,0.0007601030727856,-0.0026999678906121,0.0060852114755456,0.0013573127295891,-0.0035167292562362,0.0036440718291528,0.0135700213609717,0.0093999431666128,12.04,0.1764399791858464,-0.0210264703409541
2017-08-17,5800.25,511900.0,15.55,-0.0210264703409541,0.0019433067667761,0.0003383522278937,0.0122147370184079,0.0083419816398059,-0.0226695442910104,0.0007601030727856,-0.0026999678906121,0.0060852114755456,0.0013573127295891,-0.0035167292562362,0.0128854106929627,0.0115559615256656,11.74,0.7416896328808138,0.0001723915015259
2017-08-18,5801.25,443310.0,14.26,0.0001723915015259,-0.0210264703409541,0.0019433067667761,0.0003383522278937,0.0122147370184079,0.0083419816398059,-0.0226695442910104,0.0007601030727856,-0.0026999678906121,0.0060852114755456,0.0013573127295891,0.012115577488233,0.0115290471342567,15.55,-0.1339910138698964,-0.0012505122260898
2017-08-21,5794.0,360380.0,13.19,-0.0012505122260898,0.0001723915015259,-0.0210264703409541,0.0019433067667761,0.0003383522278937,0.0122147370184079,0.0083419816398059,-0.0226695442910104,0.0007601030727856,-0.0026999678906121,0.0060852114755456,0.0096047794209348,0.0112108906513015,14.26,-0.1870699961652117,0.0144787279785002
2017-08-22,5878.5,307900.0,11.35,0.0144787279785002,-0.0012505122260898,0.0001723915015259,-0.0210264703409541,0.0019433067667761,0.0003383522278937,0.0122147370184079,0.0083419816398059,-0.0226695442910104,0.0007601030727856,-0.0026999678906121,0.012753996142926,0.012409763237262,13.19,-0.1456240634885398,-0.0052019048781814
2017-08-23,5848.0,301680.0,12.25,-0.0052019048781814,0.0144787279785002,-0.0012505122260898,0.0001723915015259,-0.0210264703409541,0.0019433067667761,0.0003383522278937,0.0122147370184079,0.0083419816398059,-0.0226695442910104,0.0007601030727856,0.0127229026434584,0.0124764760438464,11.35,-0.0202013640792465,-0.0012833128338635
2017-08-24,5840.5,372770.0,12.23,-0.0012833128338635,-0.0052019048781814,0.0144787279785002,-0.0012505122260898,0.0001723915015259,-0.0210264703409541,0.0019433067667761,0.0003383522278937,0.0122147370184079,0.0083419816398059,-0.0226695442910104,0.0075889598631959,0.009983926166111,12.25,0.2356470432246089,-0.0026574101618495
2017-08-25,5825.0,300170.0,11.28,-0.0026574101618495,-0.0012833128338635,-0.0052019048781814,0.0144787279785002,-0.0012505122260898,0.0001723915015259,-0.0210264703409541,0.0019433067667761,0.0003383522278937,0.0122147370184079,0.0083419816398059,0.0078042852651588,0.0096705884906241,12.23,-0.1947581618692491,0.0033848229578788
2017-08-28,5844.75,216420.0,11.32,0.0033848229578788,-0.0026574101618495,-0.0012833128338635,-0.0052019048781814,0.0144787279785002,-0.0012505122260898,0.0001723915015259,-0.0210264703409541,0.0019433067667761,0.0003383522278937,0.0122147370184079,0.0077725193064853,0.0087694580027962,11.28,-0.2790085618149714,0.0042682210855868
2017-08-29,5869.75,334340.0,11.7,0.0042682210855868,0.0033848229578788,-0.0026574101618495,-0.0012833128338635,-0.0052019048781814,0.0144787279785002,-0.0012505122260898,0.0001723915015259,-0.0210264703409541,0.0019433067667761,0.0003383522278937,0.0040311133900441,0.0089282029605233,11.32,0.5448664633582849,0.0110549845664014
2017-08-30,5935.0,273970.0,11.22,0.0110549845664014,0.0042682210855868,0.0033848229578788,-0.0026574101618495,-0.0012833128338635,-0.0052019048781814,0.0144787279785002,-0.0012505122260898,0.0001723915015259,-0.0210264703409541,0.0019433067667761,0.0054078988302414,0.0096644784553031,11.7,-0.1805646946222407,0.009349584908909
2017-08-31,5990.75,273830.0,10.59,0.009349584908909,0.0110549845664014,0.0042682210855868,0.0033848229578788,-0.0026574101618495,-0.0012833128338635,-0.0052019048781814,0.0144787279785002,-0.0012505122260898,0.0001723915015259,-0.0210264703409541,0.0054159468719137,0.0065138144096988,11.22,-0.0005110048545461,-0.0004173971176718
2017-09-01,5988.25,229860.0,10.13,-0.0004173971176718,0.009349584908909,0.0110549845664014,0.0042682210855868,0.0033848229578788,-0.0026574101618495,-0.0012833128338635,-0.0052019048781814,0.0144787279785002,-0.0012505122260898,0.0001723915015259,0.0046551065304077,0.0065471757585608,10.59,-0.1605740788080195,-0.0082163530763741
2017-09-05,5939.25,485650.0,12.23,-0.0082163530763741,-0.0004173971176718,0.009349584908909,0.0110549845664014,0.0042682210855868,0.0033848229578788,-0.0026574101618495,-0.0012833128338635,-0.0052019048781814,0.0144787279785002,-0.0012505122260898,0.00781149230332,0.0073867851794501,10.13,1.112807796049769,0.0026483400307688
2017-09-06,5955.0,335780.0,11.63,0.0026483400307688,-0.0082163530763741,-0.0004173971176718,0.009349584908909,0.0110549845664014,0.0042682210855868,0.0033848229578788,-0.0026574101618495,-0.0012833128338635,-0.0052019048781814,0.0144787279785002,0.0077900798106819,0.0060832163031484,12.23,-0.3085967260372696,0.0025157245972473
2017-09-07,5970.0,301530.0,11.55,0.0025157245972473,0.0026483400307688,-0.0082163530763741,-0.0004173971176718,0.009349584908909,0.0110549845664014,0.0042682210855868,0.0033848229578788,-0.0026574101618495,-0.0012833128338635,-0.0052019048781814,0.0063546311480226,0.0056411723187181,11.63,-0.1020013103817976,-0.00904412516619
2017-09-08,5916.25,190960.0,12.12,-0.00904412516619,0.0025157245972473,0.0026483400307688,-0.0082163530763741,-0.0004173971176718,0.009349584908909,0.0110549845664014,0.0042682210855868,0.0033848229578788,-0.0026574101618495,-0.0012833128338635,0.0057337239559165,0.0066045399379127,11.55,-0.3666965144430073,0.0111357385620705
2017-09-11,5982.5,160000.0,10.73,0.0111357385620705,-0.00904412516619,0.0025157245972473,0.0026483400307688,-0.0082163530763741,-0.0004173971176718,0.009349584908909,0.0110549845664014,0.0042682210855868,0.0033848229578788,-0.0026574101618495,0.0084626728501789,0.0071098405475818,12.12,-0.1621281943862589,0.0023374248892473
2017-09-12,5996.5,125610.0,10.58,0.0023374248892473,0.0111357385620705,-0.00904412516619,0.0025157245972473,0.0026483400307688,-0.0082163530763741,-0.0004173971176718,0.009349584908909,0.0110549845664014,0.0042682210855868,0.0033848229578788,0.0071798586149852,0.0071058202897321,10.73,-0.2149375,0.0009167813285366
2017-09-13,6002.0,76180.0,10.5,0.0009167813285366,0.0023374248892473,0.0111357385620705,-0.00904412516619,0.0025157245972473,0.0026483400307688,-0.0082163530763741,-0.0004173971176718,0.009349584908909,0.0110549845664014,0.0042682210855868,0.0071776216679848,0.0070954963544452,10.58,-0.3935196242337393,-0.0059741576802061
2017-09-14,5966.25,72480.0,10.44,-0.0059741576802061,0.0009167813285366,0.0023374248892473,0.0111357385620705,-0.00904412516619,0.0025157245972473,0.0026483400307688,-0.0082163530763741,-0.0004173971176718,0.009349584908909,0.0110549845664014,0.0078695062536432,0.0067780493607586,10.5,-0.048569178262011,0.0012730213358966
2017-09-15,5973.85,268010.0,10.17,0.0012730213358966,-0.0059741576802061,0.0009167813285366,0.0023374248892473,0.0111357385620705,-0.00904412516619,0.0025157245972473,0.0026483400307688,-0.0082163530763741,-0.0004173971176718,0.009349584908909,0.0061001077443249,0.0060520267438177,10.44,2.6977097130242824,0.0021570832570243
2017-09-18,5986.75,235720.0,10.15,0.0021570832570243,0.0012730213358966,-0.0059741576802061,0.0009167813285366,0.0023374248892473,0.0111357385620705,-0.00904412516619,0.0025157245972473,0.0026483400307688,-0.0082163530763741,-0.0004173971176718,0.0034701344034067,0.0061002169803772,10.17,-0.12048057908287,0.0017106502554823
2017-09-19,5997.0,212480.0,10.18,0.0017106502554823,0.0021570832570243,0.0012730213358966,-0.0059741576802061,0.0009167813285366,0.0023374248892473,0.0111357385620705,-0.00904412516619,0.0025157245972473,0.0026483400307688,-0.0082163530763741,0.0033811822412266,0.0053849021260666,10.15,-0.0985915492957746,-0.003089643808875
2017-09-20,5978.5,347500.0,9.78,-0.003089643808875,0.0017106502554823,0.0021570832570243,0.0012730213358966,-0.0059741576802061,0.0009167813285366,0.0023374248892473,0.0111357385620705,-0.00904412516619,0.0025157245972473,0.0026483400307688,0.0035832358162933,0.0054905877549118,10.18,0.6354480421686748,-0.0055771189742597
2017-09-21,5945.25,343400.0,9.67,-0.0055771189742597,-0.003089643808875,0.0017106502554823,0.0021570832570243,0.0012730213358966,-0.0059741576802061,0.0009167813285366,0.0023374248892473,0.0111357385620705,-0.00904412516619,0.0025157245972473,0.0034410581339023,0.0057341054528011,9.78,-0.0117985611510791,-0.0015991923280231
2017-09-22,5935.75,272650.0,9.59,-0.0015991923280231,-0.0055771189742597,-0.003089643808875,0.0017106502554823,0.0021570832570243,0.0012730213358966,-0.0059741576802061,0.0009167813285366,0.0023374248892473,0.0111357385620705,-0.00904412516619,0.0032634129209314,0.0049139706401646,9.67,-0.2060279557367501,-0.010032042484443
2017-09-25,5876.5,447830.0,10.21,-0.010032042484443,-0.0015991923280231,-0.0055771189742597,-0.003089643808875,0.0017106502554823,0.0021570832570243,0.0012730213358966,-0.0059741576802061,0.0009167813285366,0.0023374248892473,0.0111357385620705,0.0044067526450491,0.0042568188311454,9.59,0.6425087108013938,0.0027190092373774
2017-09-26,5892.5,343470.0,10.17,0.0027190092373774,-0.010032042484443,-0.0015991923280231,-0.0055771189742597,-0.003089643808875,0.0017106502554823,0.0021570832570243,0.0012730213358966,-0.0059741576802061,0.0009167813285366,0.0023374248892473,0.0047285910249165,0.0042994028785547,10.21,-0.2330348569769779,0.0081971135454552
2017-09-27,5941.0,349280.0,9.87,0.0081971135454552,0.0027190092373774,-0.010032042484443,-0.0015991923280231,-0.0055771189742597,-0.003089643808875,0.0017106502554823,0.0021570832570243,0.0012730213358966,-0.0059741576802061,0.0009167813285366,0.0070882084491338,0.0053008428594877,10.17,0.0169155967042244,-0.0004208931414464
2017-09-28,5938.5,268100.0,9.55,-0.0004208931414464,0.0081971135454552,0.0027190092373774,-0.010032042484443,-0.0015991923280231,-0.0055771189742597,-0.003089643808875,0.0017106502554823,0.0021570832570243,0.0012730213358966,-0.0059741576802061,0.0066652836344091,0.0050070922960789,9.87,-0.2324209803023362,0.0073819645682334
2017-09-29,5982.5,275660.0,9.51,0.0073819645682334,-0.0004208931414464,0.0081971135454552,0.0027190092373774,-0.010032042484443,-0.0015991923280231,-0.0055771189742597,-0.003089643808875,0.0017106502554823,0.0021570832570243,0.0012730213358966,0.0073754462394601,0.0055824691157911,9.55,0.0281984334203655,-0.0003343642930089
2017-10-02,5980.5,269520.0,9.45,-0.0003343642930089,0.0073819645682334,-0.0004208931414464,0.0081971135454552,0.0027190092373774,-0.010032042484443,-0.0015991923280231,-0.0055771189742597,-0.003089643808875,0.0017106502554823,0.0021570832570243,0.0041175798965235,0.0055380973786216,9.51,-0.0222738155699049,0.0029219038194349
2017-10-03,5998.0,207900.0,9.51,0.0029219038194349,-0.0003343642930089,0.0073819645682334,-0.0004208931414464,0.0081971135454552,0.0027190092373774,-0.010032042484443,-0.0015991923280231,-0.0055771189742597,-0.003089643808875,0.0017106502554823,0.0041088440045286,0.0055951588437392,9.45,-0.2286286731967942,0.0009998334443981
2017-10-04,6004.0,236710.0,9.63,0.0009998334443981,0.0029219038194349,-0.0003343642930089,0.0073819645682334,-0.0004208931414464,0.0081971135454552,0.0027190092373774,-0.010032042484443,-0.0015991923280231,-0.0055771189742597,-0.003089643808875,0.0032429001067055,0.0054913794591527,9.51,0.1385762385762385,0.0102322813257365
2017-10-05,6065.75,254720.0,9.19,0.0102322813257365,0.0009998334443981,0.0029219038194349,-0.0003343642930089,0.0073819645682334,-0.0004208931414464,0.0081971135454552,0.0027190092373774,-0.010032042484443,-0.0015991923280231,-0.0055771189742597,0.0044424160612521,0.0058361061058662,9.63,0.0760846605551095,-0.0002473206937586
2017-10-06,6064.25,232610.0,9.65,-0.0002473206937586,0.0102322813257365,0.0009998334443981,0.0029219038194349,-0.0003343642930089,0.0073819645682334,-0.0004208931414464,0.0081971135454552,0.0027190092373774,-0.010032042484443,-0.0015991923280231,0.0044036373913061,0.0057584428764017,9.19,-0.0868011934673367,4.122436360462512e-05
2017-10-09,6064.5,155750.0,10.33,4.122436360462512e-05,-0.0002473206937586,0.0102322813257365,0.0009998334443981,0.0029219038194349,-0.0003343642930089,0.0073819645682334,-0.0004208931414464,0.0081971135454552,0.0027190092373774,-0.010032042484443,0.0043413917664259,0.0040069512212008,9.65,-0.3304243153776708,0.0001236628951059
2017-10-10,6065.25,238960.0,10.08,0.0001236628951059,4.122436360462512e-05,-0.0002473206937586,0.0102322813257365,0.0009998334443981,0.0029219038194349,-0.0003343642930089,0.0073819645682334,-0.0004208931414464,0.0081971135454552,0.0027190092373774,0.004497619613643,0.0041203492774262,10.33,0.5342536115569823,0.0028400340136365
2017-10-11,6082.5,180900.0,9.85,0.0028400340136365,0.0001236628951059,4.122436360462512e-05,-0.0002473206937586,0.0102322813257365,0.0009998334443981,0.0029219038194349,-0.0003343642930089,0.0073819645682334,-0.0004208931414464,0.0081971135454552,0.0044468001820217,0.0036781304664417,10.08,-0.2429695346501507,-0.0012749595590805
2017-10-12,6074.75,200080.0,9.91,-0.0012749595590805,0.0028400340136365,0.0001236628951059,4.122436360462512e-05,-0.0002473206937586,0.0102322813257365,0.0009998334443981,0.0029219038194349,-0.0003343642930089,0.0073819645682334,-0.0004208931414464,0.0015272384950218,0.0037587509783328,9.85,0.106025428413488,0.0041069506163972
2017-10-13,6099.75,178530.0,9.61,0.0041069506163972,-0.0012749595590805,0.0028400340136365,0.0001236628951059,4.122436360462512e-05,-0.0002473206937586,0.0102322813257365,0.0009998334443981,0.0029219038194349,-0.0003343642930089,0.0073819645682334,0.0022226921341236,0.0033881034454904,9.91,-0.1077069172331067,0.0033551586302549
2017-10-16,6120.25,167590.0,9.91,0.0033551586302549,0.0041069506163972,-0.0012749595590805,0.0028400340136365,0.0001236628951059,4.122436360462512e-05,-0.0002473206937586,0.0102322813257365,0.0009998334443981,0.0029219038194349,-0.0003343642930089,0.0022958191186035,0.0033128548459244,9.61,-0.0612782165462387,0.0005717086075354
2017-10-17,6123.75,154430.0,10.31,0.0005717086075354,0.0033551586302549,0.0041069506163972,-0.0012749595590805,0.0028400340136365,0.0001236628951059,4.122436360462512e-05,-0.0002473206937586,0.0102322813257365,0.0009998334443981,0.0029219038194349,0.0022200535971328,0.0033477915658117,9.91,-0.0785249716570201,-0.0007351139757652
2017-10-18,6119.25,180410.0,10.07,-0.0007351139757652,0.0005717086075354,0.0033551586302549,0.0041069506163972,-0.0012749595590805,0.0028400340136365,0.0001236628951059,4.122436360462512e-05,-0.0002473206937586,0.0102322813257365,0.0009998334443981,0.0024165987896904,0.0034529960189494,10.31,0.1682315612251506,-0.0035196893174336
2017-10-19,6097.75,332210.0,10.05,-0.0035196893174336,-0.0007351139757652,0.0005717086075354,0.0033551586302549,0.0041069506163972,-0.0012749595590805,0.0028400340136365,0.0001236628951059,4.122436360462512e-05,-0.0002473206937586,0.0102322813257365,0.0031033610316005,0.0023185378916875,10.07,0.8414167729061581,0.0021705752353299
2017-10-20,6111.0,222220.0,9.97,0.0021705752353299,-0.0035196893174336,-0.0007351139757652,0.0005717086075354,0.0033551586302549,0.0041069506163972,-0.0012749595590805,0.0028400340136365,0.0001236628951059,4.122436360462512e-05,-0.0002473206937586,0.0026713703710588,0.0023547054953698,10.05,-0.3310857590078565,-0.0075971044817536
2017-10-23,6064.75,247880.0,11.07,-0.0075971044817536,0.0021705752353299,-0.0035196893174336,-0.0007351139757652,0.0005717086075354,0.0033551586302549,0.0041069506163972,-0.0012749595590805,0.0028400340136365,0.0001236628951059,4.122436360462512e-05,0.003843364408388,0.0035514225631097,9.97,0.115471154711547,0.002429134323311
2017-10-24,6079.5,235530.0,11.16,0.002429134323311,-0.0075971044817536,0.0021705752353299,-0.0035196893174336,-0.0007351139757652,0.0005717086075354,0.0033551586302549,0.0041069506163972,-0.0012749595590805,0.0028400340136365,0.0001236628951059,0.004205288829988,0.0036339188161207,11.07,-0.0498224947555269,-0.0024703569875377
2017-10-25,6064.5,436670.0,11.23,-0.0024703569875377,0.002429134323311,-0.0075971044817536,0.0021705752353299,-0.0035196893174336,-0.0007351139757652,0.0005717086075354,0.0033551586302549,0.0041069506163972,-0.0012749595590805,0.0028400340136365,0.0042030983658214,0.0035987268039671,11.16,0.8539888761516579,0.0033335421943487
2017-10-26,6084.75,320280.0,11.3,0.0033335421943487,-0.0024703569875377,0.002429134323311,-0.0075971044817536,0.0021705752353299,-0.0035196893174336,-0.0007351139757652,0.0005717086075354,0.0033551586302549,0.0041069506163972,-0.0012749595590805,0.0045997903187088,0.0037513302056961,11.23,-0.2665399500767169,0.0212203084539775
2017-10-27,6215.25,435840.0,9.8,0.0212203084539775,0.0033335421943487,-0.0024703569875377,0.002429134323311,-0.0075971044817536,0.0021705752353299,-0.0035196893174336,-0.0007351139757652,0.0005717086075354,0.0033551586302549,0.0041069506163972,0.010884695230977,0.0076388657091526,11.3,0.3608092918696142,0.0014470037494055
2017-10-30,6224.25,360340.0,10.5,0.0014470037494055,0.0212203084539775,0.0033335421943487,-0.0024703569875377,0.002429134323311,-0.0075971044817536,0.0021705752353299,-0.0035196893174336,-0.0007351139757652,0.0005717086075354,0.0033551586302549,0.009229445751953,0.0076216194309308,9.8,-0.1732287077826725,0.0040885097837587
2017-10-31,6249.75,239130.0,10.18,0.0040885097837587,0.0014470037494055,0.0212203084539775,0.0033335421943487,-0.0024703569875377,0.002429134323311,-0.0075971044817536,0.0021705752353299,-0.0035196893174336,-0.0007351139757652,0.0005717086075354,0.0091346110825269,0.0076456406734459,10.5,-0.3363767552866736,-0.0014410954817769
2017-11-01,6240.75,346060.0,10.2,-0.0014410954817769,0.0040885097837587,0.0014470037494055,0.0212203084539775,0.0033335421943487,-0.0024703569875377,0.002429134323311,-0.0075971044817536,0.0021705752353299,-0.0035196893174336,-0.0007351139757652,0.0089184615101981,0.0076772726096326,10.18,0.447162631204784,-0.0008015068757539
2017-11-02,6235.75,356530.0,9.93,-0.0008015068757539,-0.0014410954817769,0.0040885097837587,0.0014470037494055,0.0212203084539775,0.0033335421943487,-0.0024703569875377,0.002429134323311,-0.0075971044817536,0.0021705752353299,-0.0035196893174336,0.0093761773277041,0.0075077118729202,10.2,0.0302548690978443,0.0087416982182906
2017-11-03,6290.5,301690.0,9.14,0.0087416982182906,-0.0008015068757539,-0.0014410954817769,0.0040885097837587,0.0014470037494055,0.0212203084539775,0.0033335421943487,-0.0024703569875377,0.002429134323311,-0.0075971044817536,0.0021705752353299,0.004152704680355,0.0077836617916944,9.93,-0.1538159481670546,0.0036496390875493
2017-11-06,6313.5,218390.0,9.4,0.0036496390875493,0.0087416982182906,-0.0008015068757539,-0.0014410954817769,0.0040885097837587,0.0014470037494055,0.0212203084539775,0.0033335421943487,-0.0024703569875377,0.002429134323311,-0.0075971044817536,0.0041422339204905,0.0068565015266319,9.14,-0.2761112400145845,0.0003958984967976
2017-11-07,6316.0,284160.0,9.89,0.0003958984967976,0.0036496390875493,0.0087416982182906,-0.0008015068757539,-0.0014410954817769,0.0040885097837587,0.0014470037494055,0.0212203084539775,0.0033335421943487,-0.0024703569875377,0.002429134323311,0.0041944963759059,0.006938564547333,9.4,0.3011584779522871,0.0040292371319516
2017-11-08,6341.5,218250.0,9.78,0.0040292371319516,0.0003958984967976,0.0036496390875493,0.0087416982182906,-0.0008015068757539,-0.0014410954817769,0.0040885097837587,0.0014470037494055,0.0212203084539775,0.0033335421943487,-0.0024703569875377,0.0037240846658291,0.0065793539263212,9.89,-0.2319467905405405,-0.0042667574212594
2017-11-09,6314.5,550270.0,10.5,-0.0042667574212594,0.0040292371319516,0.0003958984967976,0.0036496390875493,0.0087416982182906,-0.0008015068757539,-0.0014410954817769,0.0040885097837587,0.0014470037494055,0.0212203084539775,0.0033335421943487,0.0048175405471328,0.0071398578875469,9.78,1.5212829324169532,-0.0008317655692923
2017-11-10,6309.25,266730.0,11.29,-0.0008317655692923,-0.0042667574212594,0.0040292371319516,0.0003958984967976,0.0036496390875493,0.0087416982182906,-0.0008015068757539,-0.0014410954817769,0.0040885097837587,0.0014470037494055,0.0212203084539775,0.0034218705024361,0.003712172169666,10.5,-0.5152743198793319,0.0004357730087778
2017-11-13,6312.0,229370.0,11.5,0.0004357730087778,-0.0008317655692923,-0.0042667574212594,0.0040292371319516,0.0003958984967976,0.0036496390875493,0.0087416982182906,-0.0008015068757539,-0.0014410954817769,0.0040885097837587,0.0014470037494055,0.0029777149938514,0.0037275507046256,11.29,-0.1400667341506392,-0.0029352287941504
2017-11-14,6293.5,342800.0,11.59,-0.0029352287941504,0.0004357730087778,-0.0008317655692923,-0.0042667574212594,0.0040292371319516,0.0003958984967976,0.0036496390875493,0.0087416982182906,-0.0008015068757539,-0.0014410954817769,0.0040885097837587,0.003216756422413,0.0038251219669005,11.5,0.4945284910842742,-0.0043392651538465
2017-11-15,6266.25,399620.0,13.13,-0.0043392651538465,-0.0029352287941504,0.0004357730087778,-0.0008317655692923,-0.0042667574212594,0.0040292371319516,0.0003958984967976,0.0036496390875493,0.0087416982182906,-0.0008015068757539,-0.0014410954817769,0.0021232158740307,0.004104739987823,11.59,0.1657526254375729,0.0118583951223184
2017-11-16,6341.0,339690.0,11.76,0.0118583951223184,-0.0043392651538465,-0.0029352287941504,0.0004357730087778,-0.0008317655692923,-0.0042667574212594,0.0040292371319516,0.0003958984967976,0.0036496390875493,0.0087416982182906,-0.0008015068757539,0.0064311807118201,0.0054290075883361,13.13,-0.1499674690956408,-0.0043858852928007
2017-11-17,6313.25,275850.0,11.43,-0.0043858852928007,0.0118583951223184,-0.0043392651538465,-0.0029352287941504,0.0004357730087778,-0.0008317655692923,-0.0042667574212594,0.0040292371319516,0.0003958984967976,0.0036496390875493,0.0087416982182906,0.0068449228496697,0.0051076998457342,11.76,-0.1879360593482293,0.0004354969683019
2017-11-20,6316.0,203720.0,10.65,0.0004354969683019,-0.0043858852928007,0.0118583951223184,-0.0043392651538465,-0.0029352287941504,0.0004357730087778,-0.0008317655692923,-0.0042667574212594,0.0040292371319516,0.0003958984967976,0.0036496390875493,0.0068449197353084,0.0049772229799583,11.43,-0.2614826898676817,0.0100036279862651
2017-11-21,6379.5,216030.0,9.73,0.0100036279862651,0.0004354969683019,-0.0043858852928007,0.0118583951223184,-0.0043392651538465,-0.0029352287941504,0.0004357730087778,-0.0008317655692923,-0.0042667574212594,0.0040292371319516,0.0003958984967976,0.0077798961075173,0.0058961285873874,10.65,0.0604260750049086,0.0015662936869601
2017-11-22,6389.5,191140.0,9.88,0.0015662936869601,0.0100036279862651,0.0004354969683019,-0.0043858852928007,0.0118583951223184,-0.0043392651538465,-0.0029352287941504,0.0004357730087778,-0.0008317655692923,-0.0042667574212594,0.0040292371319516,0.0068318206135848,0.0058063048095539,9.73,-0.1152154793315742,0.0037491256911474
2017-11-24,6413.5,118440.0,9.67,0.0037491256911474,0.0015662936869601,0.0100036279862651,0.0004354969683019,-0.0043858852928007,0.0118583951223184,-0.0043392651538465,-0.0029352287941504,0.0004357730087778,-0.0008317655692923,-0.0042667574212594,0.0052478128298237,0.0055852466079836,9.88,-0.3803494820550381,-3.89810357310728e-05
2017-11-27,6413.25,204120.0,9.87,-3.89810357310728e-05,0.0037491256911474,0.0015662936869601,0.0100036279862651,0.0004354969683019,-0.0043858852928007,0.0118583951223184,-0.0043392651538465,-0.0029352287941504,0.0004357730087778,-0.0008317655692923,0.0041041802906282,0.005553127753587,9.67,0.7234042553191489,0.0010908950316276
2017-11-28,6420.25,307330.0,10.03,0.0010908950316276,-3.89810357310728e-05,0.0037491256911474,0.0015662936869601,0.0100036279862651,0.0004354969683019,-0.0043858852928007,0.0118583951223184,-0.0043392651538465,-0.0029352287941504,0.0004357730087778,0.0040053616743284,0.005541260605292,9.87,0.5056339408191259,-0.0180347893398728
2017-11-29,6305.5,625760.0,10.7,-0.0180347893398728,0.0010908950316276,-3.89810357310728e-05,0.0037491256911474,0.0015662936869601,0.0100036279862651,0.0004354969683019,-0.0043858852928007,0.0118583951223184,-0.0043392651538465,-0.0029352287941504,0.0088843754935773,0.0083102381636598,10.03,1.0361175283896786,0.0100202029754365
2017-11-30,6369.0,457770.0,11.28,0.0100202029754365,-0.0180347893398728,0.0010908950316276,-3.89810357310728e-05,0.0037491256911474,0.0015662936869601,0.0100036279862651,0.0004354969683019,-0.0043858852928007,0.0118583951223184,-0.0043392651538465,0.0104742569270114,0.0086732387178941,10.7,-0.2684575556123754,-0.0035783841097616
2017-12-01,6346.25,608010.0,11.43,-0.0035783841097616,0.0100202029754365,-0.0180347893398728,0.0010908950316276,-3.89810357310728e-05,0.0037491256911474,0.0015662936869601,0.0100036279862651,0.0004354969683019,-0.0043858852928007,0.0118583951223184,0.0102155729672271,0.0079971762071311,11.28,0.3281997509666425,-0.0128455954977396
2017-12-04,6265.25,520740.0,11.68,-0.0128455954977396,-0.0035783841097616,0.0100202029754365,-0.0180347893398728,0.0010908950316276,-3.89810357310728e-05,0.0037491256911474,0.0015662936869601,0.0100036279862651,0.0004354969683019,-0.0043858852928007,0.0111314818761218,0.0089169648883031,11.43,-0.143533823456851,0.0010369307780831
2017-12-05,6271.75,443790.0,11.33,0.0010369307780831,-0.0128455954977396,-0.0035783841097616,0.0100202029754365,-0.0180347893398728,0.0010908950316276,-3.89810357310728e-05,0.0037491256911474,0.0015662936869601,0.0100036279862651,0.0004354969683019,0.0111245243743314,0.0089279697981791,11.68,-0.1477704804701002,0.0033824819849861
2017-12-06,6293.0,363680.0,11.02,0.0033824819849861,0.0010369307780831,-0.0128455954977396,-0.0035783841097616,0.0100202029754365,-0.0180347893398728,0.0010908950316276,-3.89810357310728e-05,0.0037491256911474,0.0015662936869601,0.0100036279862651,0.00851392233377,0.0082667488767486,11.33,-0.1805133058428536,0.0047558745316796
2017-12-07,6323.0,325350.0,10.16,0.0047558745316796,0.0033824819849861,0.0010369307780831,-0.0128455954977396,-0.0035783841097616,0.0100202029754365,-0.0180347893398728,0.0010908950316276,-3.89810357310728e-05,0.0037491256911474,0.0015662936869601,0.0071140740939691,0.0084518812736833,11.02,-0.1053948526176858,0.0026849893726584
2017-12-08,6340.0,180080.0,9.58,0.0026849893726584,0.0047558745316796,0.0033824819849861,0.0010369307780831,-0.0128455954977396,-0.0035783841097616,0.0100202029754365,-0.0180347893398728,0.0010908950316276,-3.89810357310728e-05,0.0037491256911474,0.007196510844877,0.0083912786057666,10.16,-0.4465037651759643,0.0090285206026723
2017-12-11,6397.5,148290.0,9.34,0.0090285206026723,0.0026849893726584,0.0047558745316796,0.0033824819849861,0.0010369307780831,-0.0128455954977396,-0.0035783841097616,0.0100202029754365,-0.0180347893398728,0.0010908950316276,-3.89810357310728e-05,0.0030244724459171,0.0089933049252765,9.58,-0.1765326521545979,-0.0020732692700451
2017-12-12,6384.25,134500.0,9.92,-0.0020732692700451,0.0090285206026723,0.0026849893726584,0.0047558745316796,0.0033824819849861,0.0010369307780831,-0.0128455954977396,-0.0035783841097616,0.0100202029754365,-0.0180347893398728,0.0010908950316276,0.0039957984425533,0.008996708936398,9.34,-0.0929934587632341,0.0022295681137518
2017-12-13,6398.5,109050.0,10.18,0.0022295681137518,-0.0020732692700451,0.0090285206026723,0.0026849893726584,0.0047558745316796,0.0033824819849861,0.0010369307780831,-0.0128455954977396,-0.0035783841097616,0.0100202029754365,-0.0180347893398728,0.0040413006826256,0.0065820405870268,9.92,-0.1892193308550186,-0.0010554915856469
2017-12-14,6391.75,79400.0,10.49,-0.0010554915856469,0.0022295681137518,-0.0020732692700451,0.0090285206026723,0.0026849893726584,0.0047558745316796,0.0033824819849861,0.0010369307780831,-0.0128455954977396,-0.0035783841097616,0.0100202029754365,0.0043507741462479,0.0058763591801855,10.18,-0.2718936267767079,0.0070451756048508
2017-12-15,6436.94,288900.0,9.42,0.0070451756048508,-0.0010554915856469,0.0022295681137518,-0.0020732692700451,0.0090285206026723,0.0026849893726584,0.0047558745316796,0.0033824819849861,0.0010369307780831,-0.0128455954977396,-0.0035783841097616,0.0048856692074376,0.0060438408818242,10.49,2.638539042821159,0.0151573299767973
2017-12-18,6535.25,220350.0,9.53,0.0151573299767973,0.0070451756048508,-0.0010554915856469,0.0022295681137518,-0.0020732692700451,0.0090285206026723,0.0026849893726584,0.0047558745316796,0.0033824819849861,0.0010369307780831,-0.0128455954977396,0.0070533042906634,0.0051164584353604,9.42,-0.2372793354101765,-0.0052930470308315
2017-12-19,6500.75,272970.0,10.03,-0.0052930470308315,0.0151573299767973,0.0070451756048508,-0.0010554915856469,0.0022295681137518,-0.0020732692700451,0.0090285206026723,0.0026849893726584,0.0047558745316796,0.0033824819849861,0.0010369307780831,0.0078752410513967,0.0058873933673204,9.53,0.2388019060585431,-0.0018091192216519
2017-12-20,6489.0,276120.0,9.72,-0.0018091192216519,-0.0052930470308315,0.0151573299767973,0.0070451756048508,-0.0010554915856469,0.0022295681137518,-0.0020732692700451,0.0090285206026723,0.0026849893726584,0.0047558745316796,0.0033824819849861,0.0082512260212817,0.0061312083229055,10.03,0.0115397296406198,0.000500722205936
2017-12-21,6492.25,211560.0,9.62,0.000500722205936,-0.0018091192216519,-0.0052930470308315,0.0151573299767973,0.0070451756048508,-0.0010554915856469,0.0022295681137518,-0.0020732692700451,0.0090285206026723,0.0026849893726584,0.0047558745316796,0.0080969208511719,0.0061486108988416,9.72,-0.2338113863537592,-0.0013101111614945
2017-12-22,6483.75,154620.0,9.9,-0.0013101111614945,0.000500722205936,-0.0018091192216519,-0.0052930470308315,0.0151573299767973,0.0070451756048508,-0.0010554915856469,0.0022295681137518,-0.0020732692700451,0.0090285206026723,0.0026849893726584,0.0079451364814796,0.0062739877725427,9.62,-0.2691435053885422,-0.0036697288889624
2017-12-26,6460.0,135130.0,10.25,-0.0036697288889624,-0.0013101111614945,0.000500722205936,-0.0018091192216519,-0.0052930470308315,0.0151573299767973,0.0070451756048508,-0.0010554915856469,0.0022295681137518,-0.0020732692700451,0.0090285206026723,0.0022303618015426,0.006028028351873,9.9,-0.1260509636528263,-0.0009292241647404
2017-12-27,6454.0,158480.0,10.47,-0.0009292241647404,-0.0036697288889624,-0.0013101111614945,0.000500722205936,-0.0018091192216519,-0.0052930470308315,0.0151573299767973,0.0070451756048508,-0.0010554915856469,0.0022295681137518,-0.0020732692700451,0.0015126173247076,0.0059744248684748,10.25,0.1727965662695183,-0.0012015272467384
2017-12-28,6446.25,138250.0,10.18,-0.0012015272467384,-0.0009292241647404,-0.0036697288889624,-0.0013101111614945,0.000500722205936,-0.0018091192216519,-0.0052930470308315,0.0151573299767973,0.0070451756048508,-0.0010554915856469,0.0022295681137518,0.0015002562329642,0.0059999604805022,10.47,-0.1276501766784452,-0.0058343222672584
2017-12-29,6408.75,210110.0,11.04,-0.0058343222672584,-0.0012015272467384,-0.0009292241647404,-0.0036697288889624,-0.0013101111614945,0.000500722205936,-0.0018091192216519,-0.0052930470308315,0.0151573299767973,0.0070451756048508,-0.0010554915856469,0.0021222384805864,0.0063398507179538,10.18,0.5197830018083183,0.016404592739355
