date,close,volume,vix_close,log_return,ret_lag_1,ret_lag_2,ret_lag_3,ret_lag_4,ret_lag_5,ret_lag_6,ret_lag_7,ret_lag_8,ret_lag_9,ret_lag_10,volatility_5,volatility_10,vix_lag_1,volume_change,target
2010-01-04,1128.75,1290000.0,20.04,0.0160753629151772,-0.0100773442666237,0.0002228412265488,-0.0011137098823505,0.0008908686558016,0.0058100722100543,0.0017945271751648,0.0047260130722593,0.0053107157654643,0.0030708034560771,-0.0104096889308608,0.0094188450679635,0.0065629990128309,21.68,1.0192217387220983,0.0030959777051279
2010-01-05,1132.25,1380000.0,19.35,0.0030959777051279,0.0160753629151772,-0.0100773442666237,0.0002228412265488,-0.0011137098823505,0.0008908686558016,0.0058100722100543,0.0017945271751648,0.0047260130722593,0.0053107157654643,0.0030708034560771,0.0094523407865737,0.0065631742277734,20.04,0.069767441860465,0.0006621785916831
2010-01-06,1133.0,1260000.0,19.16,0.0006621785916831,0.0030959777051279,0.0160753629151772,-0.0100773442666237,0.0002228412265488,-0.0011137098823505,0.0008908686558016,0.0058100722100543,0.0017945271751648,0.0047260130722593,0.0053107157654643,0.0093558434176323,0.0065201160716203,19.35,-0.0869565217391304,0.003963889797099
2010-01-07,1137.5,1570000.0,19.06,0.003963889797099,0.0006621785916831,0.0030959777051279,0.0160753629151772,-0.0100773442666237,0.0002228412265488,-0.0011137098823505,0.0008908686558016,0.0058100722100543,0.0017945271751648,0.0047260130722593,0.0093281577197308,0.0064918147848997,19.16,0.246031746031746,0.0035103151447448
2010-01-08,1141.5,1530000.0,18.13,0.0035103151447448,0.003963889797099,0.0006621785916831,0.0030959777051279,0.0160753629151772,-0.0100773442666237,0.0002228412265488,-0.0011137098823505,0.0008908686558016,0.0058100722100543,0.0017945271751648,0.0060690449483256,0.0065045522877548,19.06,-0.0254777070063694,0.0008756567985094
2010-01-11,1142.5,1460000.0,17.55,0.0008756567985094,0.0035103151447448,0.003963889797099,0.0006621785916831,0.0030959777051279,0.0160753629151772,-0.0100773442666237,0.0002228412265488,-0.0011137098823505,0.0008908686558016,0.0058100722100543,0.001541448008206,0.0063952762667989,18.13,-0.045751633986928,-0.0074676384806623
2010-01-12,1134.0,2120000.0,18.25,-0.0074676384806623,0.0008756567985094,0.0035103151447448,0.003963889797099,0.0006621785916831,0.0030959777051279,0.0160753629151772,-0.0100773442666237,0.0002228412265488,-0.0011137098823505,0.0008908686558016,0.004596971261526,0.0070423277992532,17.55,0.452054794520548,0.0065919816821527
2010-01-13,1141.5,2130000.0,17.85,0.0065919816821527,-0.0074676384806623,0.0008756567985094,0.0035103151447448,0.003963889797099,0.0006621785916831,0.0030959777051279,0.0160753629151772,-0.0100773442666237,0.0002228412265488,-0.0011137098823505,0.0054048267465504,0.007208045202656,18.25,0.0047169811320755,0.0032797667970012
2010-01-14,1145.25,1360000.0,17.63,0.0032797667970012,0.0065919816821527,-0.0074676384806623,0.0008756567985094,0.0035103151447448,0.003963889797099,0.0006621785916831,0.0030959777051279,0.0160753629151772,-0.0100773442666237,0.0002228412265488,0.0053349030428744,0.0072011213158171,17.85,-0.3615023474178404,-0.0114161503305282
2010-01-15,1132.25,2060000.0,17.91,-0.0114161503305282,0.0032797667970012,0.0065919816821527,-0.0074676384806623,0.0008756567985094,0.0035103151447448,0.003963889797099,0.0006621785916831,0.0030959777051279,0.0160753629151772,-0.0100773442666237,0.0075470496390224,0.0074594722506951,17.63,0.5147058823529411,0.0118526409529102
2010-01-19,1145.75,1930000.0,17.58,0.0118526409529102,-0.0114161503305282,0.0032797667970012,0.0065919816821527,-0.0074676384806623,0.0008756567985094,0.0035103151447448,0.003963889797099,0.0006621785916831,0.0030959777051279,0.0160753629151772,0.00973622746202,0.0066438714548203,17.91,-0.0631067961165048,-0.0103082391015361
2010-01-20,1134.0,2390000.0,18.68,-0.0103082391015361,0.0118526409529102,-0.0114161503305282,0.0032797667970012,0.0065919816821527,-0.0074676384806623,0.0008756567985094,0.0035103151447448,0.003963889797099,0.0006621785916831,0.0030959777051279,0.0103836948149828,0.0075722561504178,17.58,0.238341968911917,-0.0204906946480674
2010-01-21,1111.0,3440000.0,22.27,-0.0204906946480674,-0.0103082391015361,0.0118526409529102,-0.0114161503305282,0.0032797667970012,0.0065919816821527,-0.0074676384806623,0.0008756567985094,0.0035103151447448,0.003963889797099,0.0006621785916831,0.0128550043296745,0.0099848271460579,18.68,0.4393305439330544,-0.0181658038065591
2010-01-22,1091.0,3540000.0,27.31,-0.0181658038065591,-0.0204906946480674,-0.0103082391015361,0.0118526409529102,-0.0114161503305282,0.0032797667970012,0.0065919816821527,-0.0074676384806623,0.0008756567985094,0.0035103151447448,0.003963889797099,0.0128056649994035,0.0109331134996873,22.27,0.0290697674418605,0.0013739411366744
2010-01-25,1092.5,2080000.0,25.41,0.0013739411366744,-0.0181658038065591,-0.0204906946480674,-0.0103082391015361,0.0118526409529102,-0.0114161503305282,0.0032797667970012,0.0065919816821527,-0.0074676384806623,0.0008756567985094,0.0035103151447448,0.0136295125467508,0.0107861643035474,27.31,-0.4124293785310734,-0.0048170754919974
2010-01-26,1087.25,2450000.0,24.55,-0.0048170754919974,0.0013739411366744,-0.0181658038065591,-0.0204906946480674,-0.0103082391015361,0.0118526409529102,-0.0114161503305282,0.0032797667970012,0.0065919816821527,-0.0074676384806623,0.0008756567985094,0.0091090574616378,0.0106265682965039,25.41,0.1778846153846154,0.0066460654851698
2010-01-27,1094.5,2630000.0,23.14,0.0066460654851698,-0.0048170754919974,0.0013739411366744,-0.0181658038065591,-0.0204906946480674,-0.0103082391015361,0.0118526409529102,-0.0114161503305282,0.0032797667970012,0.0065919816821527,-0.0074676384806623,0.0119136059283493,0.0111789287924107,24.55,0.073469387755102,-0.0140312825273307
2010-01-28,1079.25,3050000.0,23.73,-0.0140312825273307,0.0066460654851698,-0.0048170754919974,0.0013739411366744,-0.0181658038065591,-0.0204906946480674,-0.0103082391015361,0.0118526409529102,-0.0114161503305282,0.0032797667970012,0.0065919816821527,0.0103441194293757,0.0110018844218671,23.14,0.1596958174904943,-0.0081405264058493
2010-01-29,1070.5,3070000.0,24.62,-0.0081405264058493,-0.0140312825273307,0.0066460654851698,-0.0048170754919974,0.0013739411366744,-0.0181658038065591,-0.0204906946480674,-0.0103082391015361,0.0118526409529102,-0.0114161503305282,0.0032797667970012,0.0080691311719161,0.010560720546362,23.73,0.0065573770491802,0.0146055685498643
2010-02-01,1086.25,1900000.0,22.59,0.0146055685498643,-0.0081405264058493,-0.0140312825273307,0.0066460654851698,-0.0048170754919974,0.0013739411366744,-0.0181658038065591,-0.0204906946480674,-0.0103082391015361,0.0118526409529102,-0.0114161503305282,0.011589422834117,0.0123392722912591,24.62,-0.3811074918566774,0.0100756519887416
2010-02-02,1097.25,2100000.0,21.48,0.0100756519887416,0.0146055685498643,-0.0081405264058493,-0.0140312825273307,0.0066460654851698,-0.0048170754919974,0.0013739411366744,-0.0181658038065591,-0.0204906946480674,-0.0103082391015361,0.0118526409529102,0.0123023584067344,0.0120935997529635,22.59,0.1052631578947369,-0.0006837607104005
2010-02-03,1096.5,1880000.0,21.6,-0.0006837607104005,0.0100756519887416,0.0146055685498643,-0.0081405264058493,-0.0140312825273307,0.0066460654851698,-0.0048170754919974,0.0013739411366744,-0.0181658038065591,-0.0204906946480674,-0.0103082391015361,0.0120186041583465,0.0119466286254608,21.48,-0.1047619047619047,-0.0322047986645623
2010-02-04,1061.75,3300000.0,26.08,-0.0322047986645623,-0.0006837607104005,0.0100756519887416,0.0146055685498643,-0.0081405264058493,-0.0140312825273307,0.0066460654851698,-0.0048170754919974,0.0013739411366744,-0.0181658038065591,-0.0204906946480674,0.0184748180773584,0.0141785115345669,21.6,0.7553191489361701,-0.001885458960634
2010-02-05,1059.75,3980000.0,26.11,-0.001885458960634,-0.0322047986645623,-0.0006837607104005,0.0100756519887416,0.0146055685498643,-0.0081405264058493,-0.0140312825273307,0.0066460654851698,-0.0048170754919974,0.0013739411366744,-0.0181658038065591,0.0182732045863276,0.0133498315200414,26.08,0.206060606060606,-0.0035448459665397
2010-02-08,1056.0,2060000.0,26.51,-0.0035448459665397,-0.001885458960634,-0.0322047986645623,-0.0006837607104005,0.0100756519887416,0.0146055685498643,-0.0081405264058493,-0.0140312825273307,0.0066460654851698,-0.0048170754919974,0.0013739411366744,0.0157775190444753,0.0132649544435958,26.11,-0.4824120603015075,0.0096596345396821
2010-02-09,1066.25,3010000.0,26.0,0.0096596345396821,-0.0035448459665397,-0.001885458960634,-0.0322047986645623,-0.0006837607104005,0.0100756519887416,0.0146055685498643,-0.0081405264058493,-0.0140312825273307,0.0066460654851698,-0.0048170754919974,0.0156746269770415,0.013869082395293,26.51,0.4611650485436893,-0.0028175646721459
2010-02-10,1063.25,2200000.0,25.4,-0.0028175646721459,0.0096596345396821,-0.0035448459665397,-0.001885458960634,-0.0322047986645623,-0.0006837607104005,0.0100756519887416,0.0146055685498643,-0.0081405264058493,-0.0140312825273307,0.0066460654851698,0.0155312183229271,0.013536207464372,26.0,-0.2691029900332226,0.012477671993114
2010-02-11,1076.6,2260000.0,23.96,0.012477671993114,-0.0028175646721459,0.0096596345396821,-0.0035448459665397,-0.001885458960634,-0.0322047986645623,-0.0006837607104005,0.0100756519887416,0.0146055685498643,-0.0081405264058493,-0.0140312825273307,0.0076563226362693,0.0137079950778731,25.4,0.0272727272727273,0.0022267591312777
2010-02-12,1079.0,2750000.0,22.73,0.0022267591312777,0.012477671993114,-0.0028175646721459,0.0096596345396821,-0.0035448459665397,-0.001885458960634,-0.0322047986645623,-0.0006837607104005,0.0100756519887416,0.0146055685498643,-0.0081405264058493,0.0072396819839389,0.0134338785342975,23.96,0.2168141592920354,0.0131202250348953
2010-02-16,1093.25,1760000.0,22.25,0.0131202250348953,0.0022267591312777,0.012477671993114,-0.0028175646721459,0.0096596345396821,-0.0035448459665397,-0.001885458960634,-0.0322047986645623,-0.0006837607104005,0.0100756519887416,0.0146055685498643,0.0069584820722793,0.013271390925986,22.73,-0.36,0.0057006197017859
2010-02-17,1099.5,1670000.0,21.72,0.0057006197017859,0.0131202250348953,0.0022267591312777,0.012477671993114,-0.0028175646721459,0.0096596345396821,-0.0035448459665397,-0.001885458960634,-0.0322047986645623,-0.0006837607104005,0.0100756519887416,0.0067940063647371,0.0129950981408224,22.25,-0.0511363636363636,0.005442190302685
2010-02-18,1105.5,1830000.0,20.63,0.005442190302685,0.0057006197017859,0.0131202250348953,0.0022267591312777,0.012477671993114,-0.0028175646721459,0.0096596345396821,-0.0035448459665397,-0.001885458960634,-0.0322047986645623,-0.0006837607104005,0.0047752716151297,0.0130925788175022,21.72,0.095808383233533,0.0006781960246383
2010-02-19,1106.25,2100000.0,20.02,0.0006781960246383,0.005442190302685,0.0057006197017859,0.0131202250348953,0.0022267591312777,0.012477671993114,-0.0028175646721459,0.0096596345396821,-0.0035448459665397,-0.001885458960634,-0.0322047986645623,0.0047972198476744,0.0061838712792319,20.63,0.1475409836065573,0.0011293055971514
2010-02-22,1107.5,1320000.0,19.94,0.0011293055971514,0.0006781960246383,0.005442190302685,0.0057006197017859,0.0131202250348953,0.0022267591312777,0.012477671993114,-0.0028175646721459,0.0096596345396821,-0.0035448459665397,-0.001885458960634,0.0050013875539886,0.0059275081504258,20.02,-0.3714285714285714,-0.0092981733509473
2010-02-23,1097.25,2220000.0,21.37,-0.0092981733509473,0.0011293055971514,0.0006781960246383,0.005442190302685,0.0057006197017859,0.0131202250348953,0.0022267591312777,0.012477671993114,-0.0028175646721459,0.0096596345396821,-0.0035448459665397,0.0060753227511482,0.0069722508916342,19.94,0.6818181818181819,0.0056798971284477
2010-02-24,1103.5,1880000.0,20.27,0.0056798971284477,-0.0092981733509473,0.0011293055971514,0.0006781960246383,0.005442190302685,0.0057006197017859,0.0131202250348953,0.0022267591312777,0.012477671993114,-0.0028175646721459,0.0096596345396821,0.0060710900858932,0.0067113436888615,21.37,-0.1531531531531531,-0.001133401458744
2010-02-25,1102.25,2700000.0,20.1,-0.001133401458744,0.0056798971284477,-0.0092981733509473,0.0011293055971514,0.0006781960246383,0.005442190302685,0.0057006197017859,0.0131202250348953,0.0022267591312777,0.012477671993114,-0.0028175646721459,0.0054773055503246,0.0065563790459217,20.27,0.4361702127659574,0.0011334014587441
2010-02-26,1103.5,1940000.0,19.5,0.0011334014587441,-0.001133401458744,0.0056798971284477,-0.0092981733509473,0.0011293055971514,0.0006781960246383,0.005442190302685,0.0057006197017859,0.0131202250348953,0.0022267591312777,0.012477671993114,0.0055073313175339,0.0057862826153635,20.1,-0.2814814814814814,0.0099189271291324
2010-03-01,1114.5,1620000.0,19.26,0.0099189271291324,0.0011334014587441,-0.001133401458744,0.0056798971284477,-0.0092981733509473,0.0011293055971514,0.0006781960246383,0.005442190302685,0.0057006197017859,0.0131202250348953,0.0022267591312777,0.0072755056836442,0.0062438616963334,19.5,-0.1649484536082474,0.0026881736618003
2010-03-02,1117.5,1500000.0,19.06,0.0026881736618003,0.0099189271291324,0.0011334014587441,-0.001133401458744,0.0056798971284477,-0.0092981733509473,0.0011293055971514,0.0006781960246383,0.005442190302685,0.0057006197017859,0.0131202250348953,0.00428832611783,0.0051920351541152,19.26,-0.074074074074074,0.0008944544424604
2010-03-03,1118.5,1580000.0,18.83,0.0008944544424604,0.0026881736618003,0.0099189271291324,0.0011334014587441,-0.001133401458744,0.0056798971284477,-0.0092981733509473,0.0011293055971514,0.0006781960246383,0.005442190302685,0.0057006197017859,0.0042579995528403,0.0050519165288376,19.06,0.0533333333333332,0.0033470967318572
2010-03-04,1122.25,1490000.0,18.72,0.0033470967318572,0.0008944544424604,0.0026881736618003,0.0099189271291324,0.0011334014587441,-0.001133401458744,0.0056798971284477,-0.0092981733509473,0.0011293055971514,0.0006781960246383,0.005442190302685,0.003681991584356,0.0049218612165518,18.83,-0.0569620253164556,0.0126177656305562
2010-03-05,1136.5,1870000.0,17.42,0.0126177656305562,0.0033470967318572,0.0008944544424604,0.0026881736618003,0.0099189271291324,0.0011334014587441,-0.001133401458744,0.0056798971284477,-0.0092981733509473,0.0011293055971514,0.0006781960246383,0.0050785961306404,0.0060240815919062,18.72,0.2550335570469799,0.0004398504579381
2010-03-08,1137.0,1180000.0,17.79,0.0004398504579381,0.0126177656305562,0.0033470967318572,0.0008944544424604,0.0026881736618003,0.0099189271291324,0.0011334014587441,-0.001133401458744,0.0056798971284477,-0.0092981733509473,0.0011293055971514,0.004968201420124,0.0060479250948799,17.42,-0.3689839572192513,0.0030735479739066
2010-03-09,1140.5,1760000.0,17.92,0.0030735479739066,0.0004398504579381,0.0126177656305562,0.0033470967318572,0.0008944544424604,0.0026881736618003,0.0099189271291324,0.0011334014587441,-0.001133401458744,0.0056798971284477,-0.0092981733509473,0.0049457500730336,0.0043695379921543,17.79,0.4915254237288136,0.0045926816647908
2010-03-10,1145.75,2110000.0,18.57,0.0045926816647908,0.0030735479739066,0.0004398504579381,0.0126177656305562,0.0033470967318572,0.0008944544424604,0.0026881736618003,0.0099189271291324,0.0011334014587441,-0.001133401458744,0.0056798971284477,0.0046168685901278,0.0043327607020955,17.92,0.1988636363636364,0.0041371860861871
2010-03-11,1150.5,1640000.0,18.06,0.0041371860861871,0.0045926816647908,0.0030735479739066,0.0004398504579381,0.0126177656305562,0.0033470967318572,0.0008944544424604,0.0026881736618003,0.0099189271291324,0.0011334014587441,-0.001133401458744,0.0045673577728695,0.0039777619416344,18.57,-0.2227488151658767,0.0006516780940959
2010-03-12,1151.25,542220.0,17.58,0.0006516780940959,0.0041371860861871,0.0045926816647908,0.0030735479739066,0.0004398504579381,0.0126177656305562,0.0033470967318572,0.0008944544424604,0.0026881736618003,0.0099189271291324,0.0011334014587441,0.0019376510209817,0.0040228223003945,18.06,-0.6693780487804878,-0.0008689985339386
2010-03-15,1150.25,542820.0,18.0,-0.0008689985339386,0.0006516780940959,0.0041371860861871,0.0045926816647908,0.0030735479739066,0.0004398504579381,0.0126177656305562,0.0033470967318572,0.0008944544424604,0.0026881736618003,0.0099189271291324,0.0023445710019766,0.0037679680195417,17.58,0.001106561912139,0.0080095676600082
2010-03-16,1159.5,534350.0,17.69,0.0080095676600082,-0.0008689985339386,0.0006516780940959,0.0041371860861871,0.0045926816647908,0.0030735479739066,0.0004398504579381,0.0126177656305562,0.0033470967318572,0.0008944544424604,0.0026881736618003,0.0034980706772612,0.0040588788987528,18.0,-0.0156036992004716,0.0053757789928438
2010-03-17,1165.75,382980.0,16.91,0.0053757789928438,0.0080095676600082,-0.0008689985339386,0.0006516780940959,0.0041371860861871,0.0045926816647908,0.0030735479739066,0.0004398504579381,0.0126177656305562,0.0033470967318572,0.0008944544424604,0.0035865809219276,0.003962233708007,17.69,-0.2832787498830355,0.0002144312220073
2010-03-18,1166.0,323110.0,16.62,0.0002144312220073,0.0053757789928438,0.0080095676600082,-0.0008689985339386,0.0006516780940959,0.0041371860861871,0.0045926816647908,0.0030735479739066,0.0004398504579381,0.0126177656305562,0.0033470967318572,0.0038229557942584,0.0041510207459127,16.91,-0.1563267011332184,0.0059428550885842
2010-03-19,1172.95,2170000.0,16.97,0.0059428550885842,0.0002144312220073,0.0053757789928438,0.0080095676600082,-0.0008689985339386,0.0006516780940959,0.0041371860861871,0.0045926816647908,0.0030735479739066,0.0004398504579381,0.0126177656305562,0.0038545400219628,0.0029399018696414,16.62,5.715979078332456,-0.0093792845871655
2010-03-22,1162.0,1920000.0,16.87,-0.0093792845871655,0.0059428550885842,0.0002144312220073,0.0053757789928438,0.0080095676600082,-0.0008689985339386,0.0006516780940959,0.0041371860861871,0.0045926816647908,0.0030735479739066,0.0004398504579381,0.0069951399299182,0.0049206865393454,16.97,-0.1152073732718893,0.0064336486123771
2010-03-23,1169.5,1860000.0,16.35,0.0064336486123771,-0.0093792845871655,0.0059428550885842,0.0002144312220073,0.0053757789928438,0.0080095676600082,-0.0008689985339386,0.0006516780940959,0.0041371860861871,0.0045926816647908,0.0030735479739066,0.0066872365830822,0.0051003099028879,16.87,-0.03125,-0.004284496699838
2010-03-24,1164.5,1990000.0,17.55,-0.004284496699838,0.0064336486123771,-0.0093792845871655,0.0059428550885842,0.0002144312220073,0.0053757789928438,0.0080095676600082,-0.0008689985339386,0.0006516780940959,0.0041371860861871,0.0045926816647908,0.006761158060832,0.0054577425955681,16.35,0.0698924731182795,-0.0015039212201892
2010-03-25,1162.75,2360000.0,18.4,-0.0015039212201892,-0.004284496699838,0.0064336486123771,-0.0093792845871655,0.0059428550885842,0.0002144312220073,0.0053757789928438,0.0080095676600082,-0.0008689985339386,0.0006516780940959,0.0041371860861871,0.0067775525319019,0.0054605611528,17.55,0.185929648241206,0.00064481463814
2010-03-26,1163.5,2160000.0,17.77,0.00064481463814,-0.0015039212201892,-0.004284496699838,0.0064336486123771,-0.0093792845871655,0.0059428550885842,0.0002144312220073,0.0053757789928438,0.0080095676600082,-0.0008689985339386,0.0006516780940959,0.0058589703107551,0.0054606184868176,18.4,-0.0847457627118644,0.0045020978605503
2010-03-29,1168.75,1450000.0,17.59,0.0045020978605503,0.00064481463814,-0.0015039212201892,-0.004284496699838,0.0064336486123771,-0.0093792845871655,0.0059428550885842,0.0002144312220073,0.0053757789928438,0.0080095676600082,-0.0008689985339386,0.0043584805835698,0.005513862187686,17.77,-0.3287037037037037,0.000641505421337
2010-03-30,1169.5,1640000.0,17.13,0.000641505421337,0.0045020978605503,0.00064481463814,-0.0015039212201892,-0.004284496699838,0.0064336486123771,-0.0093792845871655,0.0059428550885842,0.0002144312220073,0.0053757789928438,0.0080095676600082,0.0032293533128393,0.0050328456496248,17.59,0.1310344827586207,-0.0036406507713833
2010-03-31,1165.25,2110000.0,17.59,-0.0036406507713833,0.000641505421337,0.0045020978605503,0.00064481463814,-0.0015039212201892,-0.004284496699838,0.0064336486123771,-0.0093792845871655,0.0059428550885842,0.0002144312220073,0.0053757789928438,0.0030219782357306,0.0049405031948609,17.13,0.2865853658536585,0.0072680952696223
2010-04-01,1173.75,1940000.0,17.47,0.0072680952696223,-0.0036406507713833,0.000641505421337,0.0045020978605503,0.00064481463814,-0.0015039212201892,-0.004284496699838,0.0064336486123771,-0.0093792845871655,0.0059428550885842,0.0002144312220073,0.0041666549575367,0.0054577789724119,17.59,-0.0805687203791469,0.0078498334559141
2010-04-05,1183.0,1030000.0,17.02,0.0078498334559141,0.0072680952696223,-0.0036406507713833,0.000641505421337,0.0045020978605503,0.00064481463814,-0.0015039212201892,-0.004284496699838,0.0064336486123771,-0.0093792845871655,0.0059428550885842,0.0048251711863964,0.0056911065688088,17.47,-0.4690721649484536,0.0023219007793042
2010-04-06,1185.75,1400000.0,16.23,0.0023219007793042,0.0078498334559141,0.0072680952696223,-0.0036406507713833,0.000641505421337,0.0045020978605503,0.00064481463814,-0.0015039212201892,-0.004284496699838,0.0064336486123771,-0.0093792845871655,0.0047904987432388,0.0044128681893037,17.02,0.3592233009708738,-0.0057088642203202
2010-04-07,1179.0,2170000.0,16.62,-0.0057088642203202,0.0023219007793042,0.0078498334559141,0.0072680952696223,-0.0036406507713833,0.000641505421337,0.0045020978605503,0.00064481463814,-0.0015039212201892,-0.004284496699838,0.0064336486123771,0.0061763894854467,0.0047240679089167,16.23,0.55,0.0040207439629169
2010-04-08,1183.75,1910000.0,16.48,0.0040207439629169,-0.0057088642203202,0.0023219007793042,0.0078498334559141,0.0072680952696223,-0.0036406507713833,0.000641505421337,0.0045020978605503,0.00064481463814,-0.0015039212201892,-0.004284496699838,0.0054536813534768,0.0044512760274942,16.62,-0.119815668202765,0.0073645782622082
2010-04-09,1192.5,1450000.0,16.14,0.0073645782622082,0.0040207439629169,-0.0057088642203202,0.0023219007793042,0.0078498334559141,0.0072680952696223,-0.0036406507713833,0.000641505421337,0.0045020978605503,0.00064481463814,-0.0015039212201892,0.0054720333227407,0.0046350612554387,16.48,-0.2408376963350785,0.0
2010-04-12,1192.5,1250000.0,15.58,0.0,0.0073645782622082,0.0040207439629169,-0.0057088642203202,0.0023219007793042,0.0078498334559141,0.0072680952696223,-0.0036406507713833,0.000641505421337,0.0045020978605503,0.00064481463814,0.0048885325063517,0.0046685103205554,16.14,-0.1379310344827586,0.0004191993354199
2010-04-13,1193.0,1550000.0,16.2,0.0004191993354199,0.0,0.0073645782622082,0.0040207439629169,-0.0057088642203202,0.0023219007793042,0.0078498334559141,0.0072680952696223,-0.0036406507713833,0.000641505421337,0.0045020978605503,0.0048923114701155,0.0046487549847245,15.58,0.24,0.0112524629671702
2010-04-14,1206.5,1730000.0,15.59,0.0112524629671702,0.0004191993354199,0.0,0.0073645782622082,0.0040207439629169,-0.0057088642203202,0.0023219007793042,0.0078498334559141,0.0072680952696223,-0.0036406507713833,0.000641505421337,0.0047663439553709,0.0054351061345041,16.2,0.1161290322580645,0.0016563150784512
2010-04-15,1208.5,1730000.0,15.89,0.0016563150784512,0.0112524629671702,0.0004191993354199,0.0,0.0073645782622082,0.0040207439629169,-0.0057088642203202,0.0023219007793042,0.0078498334559141,0.0072680952696223,-0.0036406507713833,0.0049532229840741,0.0049390668175231,15.59,0.0,-0.0152165520689095
2010-04-16,1190.25,3580000.0,18.36,-0.0152165520689095,0.0016563150784512,0.0112524629671702,0.0004191993354199,0.0,0.0073645782622082,0.0040207439629169,-0.0057088642203202,0.0023219007793042,0.0078498334559141,0.0072680952696223,0.0094916693018793,0.0075395183267247,15.89,1.0693641618497112,0.0044011388237511
2010-04-19,1195.5,2480000.0,17.34,0.0044011388237511,-0.0152165520689095,0.0016563150784512,0.0112524629671702,0.0004191993354199,0.0,0.0073645782622082,0.0040207439629169,-0.0057088642203202,0.0023219007793042,0.0078498334559141,0.009736373999773,0.0072861231057458,18.36,-0.3072625698324022,0.0083299107228462
2010-04-20,1205.5,1530000.0,15.73,0.0083299107228462,0.0044011388237511,-0.0152165520689095,0.0016563150784512,0.0112524629671702,0.0004191993354199,0.0,0.0073645782622082,0.0040207439629169,-0.0057088642203202,0.0023219007793042,0.0103432739062883,0.007641588944704,17.34,-0.3830645161290322,-0.0041562819599178
2010-04-21,1200.5,2170000.0,16.32,-0.0041562819599178,0.0083299107228462,0.0044011388237511,-0.0152165520689095,0.0016563150784512,0.0112524629671702,0.0004191993354199,0.0,0.0073645782622082,0.0040207439629169,-0.0057088642203202,0.0091562542941503,0.0074896820274459,15.73,0.4183006535947713,0.0010406911127622
2010-04-22,1201.75,2670000.0,16.47,0.0010406911127622,-0.0041562819599178,0.0083299107228462,0.0044011388237511,-0.0152165520689095,0.0016563150784512,0.0112524629671702,0.0004191993354199,0.0,0.0073645782622082,0.0040207439629169,0.0091157029459905,0.0074510061241451,16.32,0.2304147465437787,0.0086993092113914
2010-04-23,1212.25,1860000.0,16.62,0.0086993092113914,0.0010406911127622,-0.0041562819599178,0.0083299107228462,0.0044011388237511,-0.0152165520689095,0.0016563150784512,0.0112524629671702,0.0004191993354199,0.0,0.0073645782622082,0.0053783591677409,0.0075784170078947,16.47,-0.3033707865168539,-0.0033051052602681
2010-04-26,1208.25,1620000.0,17.47,-0.0033051052602681,0.0086993092113914,0.0010406911127622,-0.0041562819599178,0.0083299107228462,0.0044011388237511,-0.0152165520689095,0.0016563150784512,0.0112524629671702,0.0004191993354199,0.0,0.006161141865619,0.0077285980282377,16.62,-0.1290322580645161,-0.0228114945278311
2010-04-27,1181.0,3590000.0,22.81,-0.0228114945278311,-0.0033051052602681,0.0086993092113914,0.0010406911127622,-0.0041562819599178,0.0083299107228462,0.0044011388237511,-0.0152165520689095,0.0016563150784512,0.0112524629671702,0.0004191993354199,0.0116297448159809,0.0108769148180661,17.47,1.2160493827160497,0.0075917699082126
2010-04-28,1190.0,2860000.0,21.08,0.0075917699082126,-0.0228114945278311,-0.0033051052602681,0.0086993092113914,0.0010406911127622,-0.0041562819599178,0.0083299107228462,0.0044011388237511,-0.0152165520689095,0.0016563150784512,0.0112524629671702,0.0127499935921246,0.0104724019899391,22.81,-0.2033426183844011,0.0127337071801565
2010-04-29,1205.25,1980000.0,18.44,0.0127337071801565,0.0075917699082126,-0.0228114945278311,-0.0033051052602681,0.0086993092113914,0.0010406911127622,-0.0041562819599178,0.0083299107228462,0.0044011388237511,-0.0152165520689095,0.0016563150784512,0.014361900494555,0.0113758110258846,21.08,-0.3076923076923077,-0.018210864331693
2010-04-30,1183.5,2900000.0,22.05,-0.018210864331693,0.0127337071801565,0.0075917699082126,-0.0228114945278311,-0.0033051052602681,0.0086993092113914,0.0010406911127622,-0.0041562819599178,0.0083299107228462,0.0044011388237511,-0.0152165520689095,0.015552224725742,0.0118427874905322,18.44,0.4646464646464647,0.0125946249204004
2010-05-03,1198.5,1800000.0,20.19,0.0125946249204004,-0.018210864331693,0.0127337071801565,0.0075917699082126,-0.0228114945278311,-0.0033051052602681,0.0086993092113914,0.0010406911127622,-0.0041562819599178,0.0083299107228462,0.0044011388237511,0.0174447513228209,0.0124905537755085,22.05,-0.3793103448275862,-0.0219325535540045
2010-05-04,1172.5,3550000.0,23.84,-0.0219325535540045,0.0125946249204004,-0.018210864331693,0.0127337071801565,0.0075917699082126,-0.0228114945278311,-0.0033051052602681,0.0086993092113914,0.0010406911127622,-0.0041562819599178,0.0083299107228462,0.0171802508161974,0.0139018878968689,20.19,0.9722222222222224,-0.0072758720290513
2010-05-05,1164.0,3060000.0,24.91,-0.0072758720290513,-0.0219325535540045,0.0125946249204004,-0.018210864331693,0.0127337071801565,0.0075917699082126,-0.0228114945278311,-0.0033051052602681,0.0086993092113914,0.0010406911127622,-0.0041562819599178,0.0164983377260831,0.0139711418534999,23.84,-0.1380281690140845,-0.0363040086749737
2010-05-06,1122.5,5680000.0,32.8,-0.0363040086749737,-0.0072758720290513,-0.0219325535540045,0.0125946249204004,-0.018210864331693,0.0127337071801565,0.0075917699082126,-0.0228114945278311,-0.0033051052602681,0.0086993092113914,0.0010406911127622,0.0182370418246524,0.0173319268271155,24.91,0.8562091503267975,-0.0139046869077725
2010-05-07,1107.0,5010000.0,40.95,-0.0139046869077725,-0.0363040086749737,-0.0072758720290513,-0.0219325535540045,0.0125946249204004,-0.018210864331693,0.0127337071801565,0.0075917699082126,-0.0228114945278311,-0.0033051052602681,0.0086993092113914,0.018102982896821,0.0165385688473431,32.8,-0.1179577464788732,0.0437445489628569
2010-05-10,1156.5,3640000.0,28.84,0.0437445489628569,-0.0139046869077725,-0.0363040086749737,-0.0072758720290513,-0.0219325535540045,0.0125946249204004,-0.018210864331693,0.0127337071801565,0.0075917699082126,-0.0228114945278311,-0.0033051052602681,0.0304317912120987,0.0235647224309495,40.95,-0.2734530938123752,-0.0036816500708762
2010-05-11,1152.25,2660000.0,28.32,-0.0036816500708762,0.0437445489628569,-0.0139046869077725,-0.0363040086749737,-0.0072758720290513,-0.0219325535540045,0.0125946249204004,-0.018210864331693,0.0127337071801565,0.0075917699082126,-0.0228114945278311,0.0292860755337346,0.0226611306797713,28.84,-0.2692307692307693,0.015073498145708
2010-05-12,1169.75,2110000.0,25.52,0.015073498145708,-0.0036816500708762,0.0437445489628569,-0.0139046869077725,-0.0363040086749737,-0.0072758720290513,-0.0219325535540045,0.0125946249204004,-0.018210864331693,0.0127337071801565,0.0075917699082126,0.0302523361622981,0.0231483062948279,28.32,-0.206766917293233,-0.0111757019592166
2010-05-13,1156.75,1960000.0,26.68,-0.0111757019592166,0.015073498145708,-0.0036816500708762,0.0437445489628569,-0.0139046869077725,-0.0363040086749737,-0.0072758720290513,-0.0219325535540045,0.0125946249204004,-0.018210864331693,0.0127337071801565,0.0239369712182317,0.0227207861913392,25.52,-0.0710900473933648,-0.0187614578090484
2010-05-14,1135.25,2980000.0,31.24,-0.0187614578090484,-0.0111757019592166,0.015073498145708,-0.0036816500708762,0.0437445489628569,-0.0139046869077725,-0.0363040086749737,-0.0072758720290513,-0.0219325535540045,0.0125946249204004,-0.018210864331693,0.0250211848199012,0.0227593952812762,26.68,0.5204081632653061,-0.000660865758164
2010-05-17,1134.5,3050000.0,30.84,-0.000660865758164,-0.0187614578090484,-0.0111757019592166,0.015073498145708,-0.0036816500708762,0.0437445489628569,-0.0139046869077725,-0.0363040086749737,-0.0072758720290513,-0.0219325535540045,0.0125946249204004,0.0126916783768424,0.0220499551050252,31.24,0.0234899328859059,-0.0139800346308313
2010-05-18,1118.75,3090000.0,33.55,-0.0139800346308313,-0.000660865758164,-0.0187614578090484,-0.0111757019592166,0.015073498145708,-0.0036816500708762,0.0437445489628569,-0.0139046869077725,-0.0363040086749737,-0.0072758720290513,-0.0219325535540045,0.0134710173676809,0.0215281979102908,30.84,0.0131147540983607,-0.0078519752826853
2010-05-19,1110.0,3590000.0,35.32,-0.0078519752826853,-0.0139800346308313,-0.000660865758164,-0.0187614578090484,-0.0111757019592166,0.015073498145708,-0.0036816500708762,0.0437445489628569,-0.0139046869077725,-0.0363040086749737,-0.0072758720290513,0.0067940878310594,0.0215366480655693,33.55,0.1618122977346279,-0.0367013668504279
2010-05-20,1070.0,4380000.0,45.79,-0.0367013668504279,-0.0078519752826853,-0.0139800346308313,-0.000660865758164,-0.0187614578090484,-0.0111757019592166,0.015073498145708,-0.0036816500708762,0.0437445489628569,-0.0139046869077725,-0.0363040086749737,0.0136115393385135,0.0216016030640075,35.32,0.2200557103064067,0.0134604028109772
2010-05-21,1084.5,4020000.0,40.1,0.0134604028109772,-0.0367013668504279,-0.0078519752826853,-0.0139800346308313,-0.000660865758164,-0.0187614578090484,-0.0111757019592166,0.015073498145708,-0.0036816500708762,0.0437445489628569,-0.0139046869077725,0.0184891020688418,0.0220473643710983,45.79,-0.0821917808219178,-0.0125262598191802
2010-05-24,1071.0,2230000.0,38.32,-0.0125262598191802,0.0134604028109772,-0.0367013668504279,-0.0078519752826853,-0.0139800346308313,-0.000660865758164,-0.0187614578090484,-0.0111757019592166,0.015073498145708,-0.0036816500708762,0.0437445489628569,0.0178790414695006,0.0151670621667138,40.1,-0.445273631840796,0.0018656721829496
2010-05-25,1073.0,3430000.0,34.61,0.0018656721829496,-0.0125262598191802,0.0134604028109772,-0.0367013668504279,-0.0078519752826853,-0.0139800346308313,-0.000660865758164,-0.0187614578090484,-0.0111757019592166,0.015073498145708,-0.0036816500708762,0.0187185923844621,0.0154287601335618,38.32,0.5381165919282511,-0.0110110050051413
2010-05-26,1061.25,2930000.0,35.02,-0.0110110050051413,0.0018656721829496,-0.0125262598191802,0.0134604028109772,-0.0367013668504279,-0.0078519752826853,-0.0139800346308313,-0.000660865758164,-0.0187614578090484,-0.0111757019592166,0.015073498145708,0.0187508357945513,0.0133194308290596,34.61,-0.1457725947521866,0.0367713990971228
2010-05-27,1101.0,2610000.0,29.68,0.0367713990971228,-0.0110110050051413,0.0018656721829496,-0.0125262598191802,0.0134604028109772,-0.0367013668504279,-0.0078519752826853,-0.0139800346308313,-0.000660865758164,-0.0187614578090484,-0.0111757019592166,0.0203212405729624,0.019797505976761,35.02,-0.1092150170648463,-0.0114182560480778
2010-05-28,1088.5,2370000.0,32.07,-0.0114182560480778,0.0367713990971228,-0.0110110050051413,0.0018656721829496,-0.0125262598191802,0.0134604028109772,-0.0367013668504279,-0.0078519752826853,-0.0139800346308313,-0.000660865758164,-0.0187614578090484,0.0209847072235567,0.0193591993875469,29.68,-0.0919540229885057,-0.0176093521521417
2010-06-01,1069.5,2590000.0,35.54,-0.0176093521521417,-0.0114182560480778,0.0367713990971228,-0.0110110050051413,0.0018656721829496,-0.0125262598191802,0.0134604028109772,-0.0367013668504279,-0.0078519752826853,-0.0139800346308313,-0.000660865758164,0.0218913895511528,0.0197523284092598,32.07,0.0928270042194092,0.0251600115238629
2010-06-02,1096.75,2210000.0,30.17,0.0251600115238629,-0.0176093521521417,-0.0114182560480778,0.0367713990971228,-0.0110110050051413,0.0018656721829496,-0.0125262598191802,0.0134604028109772,-0.0367013668504279,-0.0078519752826853,-0.0139800346308313,0.0247538438496192,0.0217501964368648,35.54,-0.1467181467181467,0.0061356856504677
2010-06-03,1103.5,2030000.0,29.46,0.0061356856504677,0.0251600115238629,-0.0176093521521417,-0.0114182560480778,0.0367713990971228,-0.0110110050051413,0.0018656721829496,-0.0125262598191802,0.0134604028109772,-0.0367013668504279,-0.0078519752826853,0.0232296047021196,0.0217807970781834,30.17,-0.081447963800905,-0.0345736209710012
2010-06-04,1066.0,3210000.0,35.48,-0.0345736209710012,0.0061356856504677,0.0251600115238629,-0.0176093521521417,-0.0114182560480778,0.0367713990971228,-0.0110110050051413,0.0018656721829496,-0.0125262598191802,0.0134604028109772,-0.0367013668504279,0.0229005701905318,0.0213957928882701,29.46,0.5812807881773399,-0.0170297398448024
2010-06-07,1048.0,2390000.0,36.57,-0.0170297398448024,-0.0345736209710012,0.0061356856504677,0.0251600115238629,-0.0176093521521417,-0.0114182560480778,0.0367713990971228,-0.0110110050051413,0.0018656721829496,-0.0125262598191802,0.0134604028109772,0.0233375737298774,0.0213776758180214,35.48,-0.2554517133956386,0.010677524625681
2010-06-08,1059.25,3400000.0,33.7,0.010677524625681,-0.0170297398448024,-0.0345736209710012,0.0061356856504677,0.0251600115238629,-0.0176093521521417,-0.0114182560480778,0.0367713990971228,-0.0110110050051413,0.0018656721829496,-0.0125262598191802,0.0237248906275123,0.0215385557858945,36.57,0.4225941422594141,-0.0035465222182932
2010-06-09,1055.5,2970000.0,33.73,-0.0035465222182932,0.010677524625681,-0.0170297398448024,-0.0345736209710012,0.0061356856504677,0.0251600115238629,-0.0176093521521417,-0.0114182560480778,0.0367713990971228,-0.0110110050051413,0.0018656721829496,0.0184095165673648,0.0215236594628139,33.7,-0.1264705882352941,0.0264126608063762
2010-06-10,1083.75,2420000.0,30.57,0.0264126608063762,-0.0035465222182932,0.010677524625681,-0.0170297398448024,-0.0345736209710012,0.0061356856504677,0.0251600115238629,-0.0176093521521417,-0.0114182560480778,0.0367713990971228,-0.0110110050051413,0.0236871947135062,0.0229221450724556,33.73,-0.1851851851851852,0.0050621369027998
2010-06-11,1089.25,1180000.0,28.79,0.0050621369027998,0.0264126608063762,-0.0035465222182932,0.010677524625681,-0.0170297398448024,-0.0345736209710012,0.0061356856504677,0.0251600115238629,-0.0176093521521417,-0.0114182560480778,0.0367713990971228,0.0161767425389333,0.0195357650802322,30.57,-0.5123966942148761,0.0011469206441323
2010-06-14,1090.5,887310.0,28.58,0.0011469206441323,0.0050621369027998,0.0264126608063762,-0.0035465222182932,0.010677524625681,-0.0170297398448024,-0.0345736209710012,0.0061356856504677,0.0251600115238629,-0.0176093521521417,-0.0114182560480778,0.0115661240078579,0.0191975955852465,28.79,-0.2480423728813559,0.0208719010557385
2010-06-15,1113.5,796630.0,25.87,0.0208719010557385,0.0011469206441323,0.0050621369027998,0.0264126608063762,-0.0035465222182932,0.010677524625681,-0.0170297398448024,-0.0345736209710012,0.0061356856504677,0.0251600115238629,-0.0176093521521417,0.0129792226060362,0.0190912060220259,28.58,-0.1021965265803382,0.0004489337898069
2010-06-16,1114.0,589440.0,25.92,0.0004489337898069,0.0208719010557385,0.0011469206441323,0.0050621369027998,0.0264126608063762,-0.0035465222182932,0.010677524625681,-0.0170297398448024,-0.0345736209710012,0.0061356856504677,0.0251600115238629,0.0120254656247193,0.0175930353936507,25.87,-0.2600831000589985,0.0020177117034795
2010-06-17,1116.25,469610.0,25.05,0.0020177117034795,0.0004489337898069,0.0208719010557385,0.0011469206441323,0.0050621369027998,0.0264126608063762,-0.0035465222182932,0.010677524625681,-0.0170297398448024,-0.0345736209710012,0.0061356856504677,0.0085474766915572,0.0175220994500897,25.92,-0.2032946525515744,0.0023086432216422
2010-06-18,1118.83,1630000.0,23.95,0.0023086432216422,0.0020177117034795,0.0004489337898069,0.0208719010557385,0.0011469206441323,0.0050621369027998,0.0264126608063762,-0.0035465222182932,0.010677524625681,-0.0170297398448024,-0.0345736209710012,0.0087030073200473,0.0122585124485645,25.05,2.470965269053044,-0.0074731320778688
2010-06-21,1110.5,2160000.0,24.88,-0.0074731320778688,0.0023086432216422,0.0020177117034795,0.0004489337898069,0.0208719010557385,0.0011469206441323,0.0050621369027998,0.0264126608063762,-0.0035465222182932,0.010677524625681,-0.0170297398448024,0.0104286530496559,0.0106285359395293,23.95,0.3251533742331287,-0.0181740576927984
2010-06-22,1090.5,2290000.0,27.05,-0.0181740576927984,-0.0074731320778688,0.0023086432216422,0.0020177117034795,0.0004489337898069,0.0208719010557385,0.0011469206441323,0.0050621369027998,0.0264126608063762,-0.0035465222182932,0.010677524625681,0.0087837827974219,0.0128408778257433,24.88,0.0601851851851851,-0.0027548226788446
2010-06-23,1087.5,2240000.0,26.91,-0.0027548226788446,-0.0181740576927984,-0.0074731320778688,0.0023086432216422,0.0020177117034795,0.0004489337898069,0.0208719010557385,0.0011469206441323,0.0050621369027998,0.0264126608063762,-0.0035465222182932,0.0084735863284555,0.0127990367496675,27.05,-0.0218340611353712,-0.0157556549331016
2010-06-24,1070.5,2550000.0,29.74,-0.0157556549331016,-0.0027548226788446,-0.0181740576927984,-0.0074731320778688,0.0023086432216422,0.0020177117034795,0.0004489337898069,0.0208719010557385,0.0011469206441323,0.0050621369027998,0.0264126608063762,0.0086173582859974,0.0110504939011475,26.91,0.1383928571428572,0.0039622473466534
2010-06-25,1074.75,2450000.0,28.53,0.0039622473466534,-0.0157556549331016,-0.0027548226788446,-0.0181740576927984,-0.0074731320778688,0.0023086432216422,0.0020177117034795,0.0004489337898069,0.0208719010557385,0.0011469206441323,0.0050621369027998,0.0091452013660154,0.0109861928333929,29.74,-0.0392156862745097,-0.0034952849286421
2010-06-28,1071.0,1690000.0,29.0,-0.0034952849286421,0.0039622473466534,-0.0157556549331016,-0.0027548226788446,-0.0181740576927984,-0.0074731320778688,0.0023086432216422,0.0020177117034795,0.0004489337898069,0.0208719010557385,0.0011469206441323,0.0093768329806935,0.0109674880767442,28.53,-0.310204081632653,-0.0339498480220721
2010-06-29,1035.25,3110000.0,34.13,-0.0339498480220721,-0.0034952849286421,0.0039622473466534,-0.0157556549331016,-0.0027548226788446,-0.0181740576927984,-0.0074731320778688,0.0023086432216422,0.0020177117034795,0.0004489337898069,0.0208719010557385,0.0149639261905988,0.0120238201074147,29.0,0.8402366863905326,-0.0084879859666883
2010-06-30,1026.5,2620000.0,34.54,-0.0084879859666883,-0.0339498480220721,-0.0034952849286421,0.0039622473466534,-0.0157556549331016,-0.0027548226788446,-0.0181740576927984,-0.0074731320778688,0.0023086432216422,0.0020177117034795,0.0004489337898069,0.0144423405062333,0.0117130959782554,34.13,-0.157556270096463,-0.0046381140146015
2010-07-01,1021.75,3350000.0,32.86,-0.0046381140146015,-0.0084879859666883,-0.0339498480220721,-0.0034952849286421,0.0039622473466534,-0.0157556549331016,-0.0027548226788446,-0.0181740576927984,-0.0074731320778688,0.0023086432216422,0.0020177117034795,0.014487814719742,0.0112491396214579,34.54,0.2786259541984732,-0.00736742035783
2010-07-02,1014.25,2140000.0,30.12,-0.00736742035783,-0.0046381140146015,-0.0084879859666883,-0.0339498480220721,-0.0034952849286421,0.0039622473466534,-0.0157556549331016,-0.0027548226788446,-0.0181740576927984,-0.0074731320778688,0.0023086432216422,0.012661640677242,0.0105792755648244,32.86,-0.3611940298507462,0.0098112143404238
2010-07-06,1024.25,2430000.0,29.65,0.0098112143404238,-0.00736742035783,-0.0046381140146015,-0.0084879859666883,-0.0339498480220721,-0.0034952849286421,0.0039622473466534,-0.0157556549331016,-0.0027548226788446,-0.0181740576927984,-0.0074731320778688,0.0157978096833146,0.0122794483576709,30.12,0.1355140186915888,0.0336004730796882
2010-07-07,1059.25,2560000.0,26.84,0.0336004730796882,0.0098112143404238,-0.00736742035783,-0.0046381140146015,-0.0084879859666883,-0.0339498480220721,-0.0034952849286421,0.0039622473466534,-0.0157556549331016,-0.0027548226788446,-0.0181740576927984,0.0178047755648185,0.017400160334347,29.65,0.0534979423868313,0.0072898617950846
2010-07-08,1067.0,2110000.0,25.71,0.0072898617950846,0.0336004730796882,0.0098112143404238,-0.00736742035783,-0.0046381140146015,-0.0084879859666883,-0.0339498480220721,-0.0034952849286421,0.0039622473466534,-0.0157556549331016,-0.0027548226788446,0.016238137781186,0.0176973441810694,26.84,-0.17578125,0.0051413995004186
2010-07-09,1072.5,1420000.0,24.98,0.0051413995004186,0.0072898617950846,0.0336004730796882,0.0098112143404238,-0.00736742035783,-0.0046381140146015,-0.0084879859666883,-0.0339498480220721,-0.0034952849286421,0.0039622473466534,-0.0157556549331016,0.0149091524293183,0.017103686689123,25.71,-0.3270142180094787,0.0037226660022456
2010-07-12,1076.5,1380000.0,24.43,0.0037226660022456,0.0051413995004186,0.0072898617950846,0.0336004730796882,0.0098112143404238,-0.00736742035783,-0.0046381140146015,-0.0084879859666883,-0.0339498480220721,-0.0034952849286421,0.0039622473466534,0.0123397076813823,0.0170979772072237,24.98,-0.028169014084507,0.0122332743140841
2010-07-13,1089.75,2000000.0,24.56,0.0122332743140841,0.0037226660022456,0.0051413995004186,0.0072898617950846,0.0336004730796882,0.0098112143404238,-0.00736742035783,-0.0046381140146015,-0.0084879859666883,-0.0339498480220721,-0.0034952849286421,0.0122839808782486,0.017444026979945,24.43,0.4492753623188406,0.0011463947145688
2010-07-14,1091.0,1940000.0,24.89,0.0011463947145688,0.0122332743140841,0.0037226660022456,0.0051413995004186,0.0072898617950846,0.0336004730796882,0.0098112143404238,-0.00736742035783,-0.0046381140146015,-0.0084879859666883,-0.0339498480220721,0.0041819515441254,0.0122127956437956,24.56,-0.03,-0.000458400191387
2010-07-15,1090.5,2420000.0,25.14,-0.000458400191387,0.0011463947145688,0.0122332743140841,0.0037226660022456,0.0051413995004186,0.0072898617950846,0.0336004730796882,0.0098112143404238,-0.00736742035783,-0.0046381140146015,-0.0084879859666883,0.0049129783366952,0.0114496725351397,24.89,0.2474226804123711,-0.0255412072997357
2010-07-16,1063.0,2500000.0,26.25,-0.0255412072997357,-0.000458400191387,0.0011463947145688,0.0122332743140841,0.0037226660022456,0.0051413995004186,0.0072898617950846,0.0336004730796882,0.0098112143404238,-0.00736742035783,-0.0046381140146015,0.0141558872299366,0.014980920106291,25.14,0.0330578512396693,0.0007053015456359
2010-07-19,1063.75,1760000.0,25.97,0.0007053015456359,-0.0255412072997357,-0.000458400191387,0.0011463947145688,0.0122332743140841,0.0037226660022456,0.0051413995004186,0.0072898617950846,0.0336004730796882,0.0098112143404238,-0.00736742035783,0.0139251243984302,0.0145130306891996,26.25,-0.296,0.0151606402306814
2010-07-20,1080.0,2280000.0,23.93,0.0151606402306814,0.0007053015456359,-0.0255412072997357,-0.000458400191387,0.0011463947145688,0.0122332743140841,0.0037226660022456,0.0051413995004186,0.0072898617950846,0.0336004730796882,0.0098112143404238,0.0147314788495012,0.014815138327013,25.97,0.2954545454545454,-0.0149256502166757
2010-07-21,1064.0,2440000.0,25.64,-0.0149256502166757,0.0151606402306814,0.0007053015456359,-0.0255412072997357,-0.000458400191387,0.0011463947145688,0.0122332743140841,0.0037226660022456,0.0051413995004186,0.0072898617950846,0.0336004730796882,0.0156531708843428,0.0122387386636184,23.93,0.0701754385964912,0.0220759516991998
2010-07-22,1087.75,2180000.0,24.63,0.0220759516991998,-0.0149256502166757,0.0151606402306814,0.0007053015456359,-0.0255412072997357,-0.000458400191387,0.0011463947145688,0.0122332743140841,0.0037226660022456,0.0051413995004186,0.0072898617950846,0.0199470757376669,0.0139331411757911,25.64,-0.1065573770491803,0.0116532793657267
2010-07-23,1100.5,2090000.0,23.47,0.0116532793657267,0.0220759516991998,-0.0149256502166757,0.0151606402306814,0.0007053015456359,-0.0255412072997357,-0.000458400191387,0.0011463947145688,0.0122332743140841,0.0037226660022456,0.0051413995004186,0.0144556987072828,0.0142487115866888,24.63,-0.0412844036697247,0.0081448414061322
2010-07-26,1109.5,1540000.0,22.73,0.0081448414061322,0.0116532793657267,0.0220759516991998,-0.0149256502166757,0.0151606402306814,0.0007053015456359,-0.0255412072997357,-0.000458400191387,0.0011463947145688,0.0122332743140841,0.0037226660022456,0.0140309517037566,0.0143564263218266,23.47,-0.2631578947368421,0.0013510472669812
2010-07-27,1111.0,1820000.0,23.19,0.0013510472669812,0.0081448414061322,0.0116532793657267,0.0220759516991998,-0.0149256502166757,0.0151606402306814,0.0007053015456359,-0.0255412072997357,-0.000458400191387,0.0011463947145688,0.0122332743140841,0.013728741502794,0.0139881273119104,22.73,0.1818181818181818,-0.0081337999267701
2010-07-28,1102.0,1640000.0,24.25,-0.0081337999267701,0.0013510472669812,0.0081448414061322,0.0116532793657267,0.0220759516991998,-0.0149256502166757,0.0151606402306814,0.0007053015456359,-0.0255412072997357,-0.000458400191387,0.0011463947145688,0.0113047433593059,0.0143491611161791,23.19,-0.0989010989010988,-0.0045475294376295
2010-07-29,1097.0,2250000.0,24.13,-0.0045475294376295,-0.0081337999267701,0.0013510472669812,0.0081448414061322,0.0116532793657267,0.0220759516991998,-0.0149256502166757,0.0151606402306814,0.0007053015456359,-0.0255412072997357,-0.000458400191387,0.0083135515439535,0.0144533273761774,24.25,0.3719512195121952,0.0011388225806587
2010-07-30,1098.25,2130000.0,23.5,0.0011388225806587,-0.0045475294376295,-0.0081337999267701,0.0013510472669812,0.0081448414061322,0.0116532793657267,0.0220759516991998,-0.0149256502166757,0.0151606402306814,0.0007053015456359,-0.0255412072997357,0.0062342137277999,0.0111859936365241,24.13,-0.0533333333333333,0.0211719620002037
2010-08-02,1121.75,1610000.0,22.01,0.0211719620002037,0.0011388225806587,-0.0045475294376295,-0.0081337999267701,0.0013510472669812,0.0081448414061322,0.0116532793657267,0.0220759516991998,-0.0149256502166757,0.0151606402306814,0.0007053015456359,0.0113368719098672,0.0124653644882888,23.5,-0.244131455399061,-0.0031250025431352
2010-08-03,1118.25,1490000.0,22.63,-0.0031250025431352,0.0211719620002037,0.0011388225806587,-0.0045475294376295,-0.0081337999267701,0.0013510472669812,0.0081448414061322,0.0116532793657267,0.0220759516991998,-0.0149256502166757,0.0151606402306814,0.0115940898416154,0.0121979384686494,22.01,-0.0745341614906832,0.0055735290864129
2010-08-04,1124.5,1590000.0,22.21,0.0055735290864129,-0.0031250025431352,0.0211719620002037,0.0011388225806587,-0.0045475294376295,-0.0081337999267701,0.0013510472669812,0.0081448414061322,0.0116532793657267,0.0220759516991998,-0.0149256502166757,0.0103604483418605,0.0103423858978326,22.63,0.0671140939597314,-0.0008896797739864
2010-08-05,1123.5,1340000.0,22.1,-0.0008896797739864,0.0055735290864129,-0.0031250025431352,0.0211719620002037,0.0011388225806587,-0.0045475294376295,-0.0081337999267701,0.0013510472669812,0.0081448414061322,0.0116532793657267,0.0220759516991998,0.0097110559302498,0.008675639636875,22.21,-0.1572327044025157,-0.0035666555865743
2010-08-06,1119.5,2180000.0,21.74,-0.0035666555865743,-0.0008896797739864,0.0055735290864129,-0.0031250025431352,0.0211719620002037,0.0011388225806587,-0.0045475294376295,-0.0081337999267701,0.0013510472669812,0.0081448414061322,0.0116532793657267,0.0103578647780267,0.0083638960627864,22.1,0.6268656716417911,0.0053452243079773
2010-08-09,1125.5,998910.0,22.14,0.0053452243079773,-0.0035666555865743,-0.0008896797739864,0.0055735290864129,-0.0031250025431352,0.0211719620002037,0.0011388225806587,-0.0045475294376295,-0.0081337999267701,0.0013510472669812,0.0081448414061322,0.004491274429832,0.0081692276304101,21.74,-0.5417844036697248,-0.0051219352593775
2010-08-10,1119.75,2030000.0,22.37,-0.0051219352593775,0.0053452243079773,-0.0035666555865743,-0.0008896797739864,0.0055735290864129,-0.0031250025431352,0.0211719620002037,0.0011388225806587,-0.0045475294376295,-0.0081337999267701,0.0013510472669812,0.00497551639382,0.0084286639845112,22.14,1.0322151144747775,-0.0315254591128495
2010-08-11,1085.0,2640000.0,25.39,-0.0315254591128495,-0.0051219352593775,0.0053452243079773,-0.0035666555865743,-0.0008896797739864,0.0055735290864129,-0.0031250025431352,0.0211719620002037,0.0011388225806587,-0.0045475294376295,-0.0081337999267701,0.0141989316157063,0.0131193728653463,22.37,0.3004926108374384,-0.005313631538973
2010-08-12,1079.25,2180000.0,25.73,-0.005313631538973,-0.0315254591128495,-0.0051219352593775,0.0053452243079773,-0.0035666555865743,-0.0008896797739864,0.0055735290864129,-0.0031250025431352,0.0211719620002037,0.0011388225806587,-0.0045475294376295,0.0138445833724151,0.0131410103990767,25.39,-0.1742424242424242,-0.0030158937138571
2010-08-13,1076.0,1480000.0,26.24,-0.0030158937138571,-0.005313631538973,-0.0315254591128495,-0.0051219352593775,0.0053452243079773,-0.0035666555865743,-0.0008896797739864,0.0055735290864129,-0.0031250025431352,0.0211719620002037,0.0011388225806587,0.0138911505666725,0.0131093388569071,25.73,-0.3211009174311926,0.0009289364346588
2010-08-16,1077.0,1610000.0,26.1,0.0009289364346588,-0.0030158937138571,-0.005313631538973,-0.0315254591128495,-0.0051219352593775,0.0053452243079773,-0.0035666555865743,-0.0008896797739864,0.0055735290864129,-0.0031250025431352,0.0211719620002037,0.0129444683781698,0.0104107894417637,26.24,0.0878378378378379,0.0110804457765719
2010-08-17,1089.0,1780000.0,24.33,0.0110804457765719,0.0009289364346588,-0.0030158937138571,-0.005313631538973,-0.0315254591128495,-0.0051219352593775,0.0053452243079773,-0.0035666555865743,-0.0008896797739864,0.0055735290864129,-0.0031250025431352,0.0158094003439378,0.0114695459845629,26.1,0.1055900621118013,-0.002068253064059
2010-08-18,1086.75,1810000.0,24.59,-0.002068253064059,0.0110804457765719,0.0009289364346588,-0.0030158937138571,-0.005313631538973,-0.0315254591128495,-0.0051219352593775,0.0053452243079773,-0.0035666555865743,-0.0008896797739864,0.0055735290864129,0.0064173147391835,0.0111096497445017,24.33,0.0168539325842695,-0.0143653999569119
2010-08-19,1071.25,2430000.0,26.44,-0.0143653999569119,-0.002068253064059,0.0110804457765719,0.0009289364346588,-0.0030158937138571,-0.005313631538973,-0.0315254591128495,-0.0051219352593775,0.0053452243079773,-0.0035666555865743,-0.0008896797739864,0.009114631005036,0.011576804977381,24.59,0.3425414364640884,-0.000933924886934
2010-08-20,1070.25,1810000.0,25.49,-0.000933924886934,-0.0143653999569119,-0.002068253064059,0.0110804457765719,0.0009289364346588,-0.0030158937138571,-0.005313631538973,-0.0315254591128495,-0.0051219352593775,0.0053452243079773,-0.0035666555865743,0.0090748519496997,0.0116367964545553,26.44,-0.2551440329218106,-0.0044480934863836
2010-08-23,1065.5,1570000.0,25.66,-0.0044480934863836,-0.000933924886934,-0.0143653999569119,-0.002068253064059,0.0110804457765719,0.0009289364346588,-0.0030158937138571,-0.005313631538973,-0.0315254591128495,-0.0051219352593775,0.0053452243079773,0.0090970792402281,0.0111167462810511,25.49,-0.1325966850828729,-0.0148921319743691
2010-08-24,1049.75,2470000.0,27.46,-0.0148921319743691,-0.0044480934863836,-0.000933924886934,-0.0143653999569119,-0.002068253064059,0.0110804457765719,0.0009289364346588,-0.0030158937138571,-0.005313631538973,-0.0315254591128495,-0.0051219352593775,0.006774643295567,0.0115045188469789,25.66,0.5732484076433122,0.0045146803545266
2010-08-25,1054.5,2480000.0,26.7,0.0045146803545266,-0.0148921319743691,-0.0044480934863836,-0.000933924886934,-0.0143653999569119,-0.002068253064059,0.0110804457765719,0.0009289364346588,-0.0030158937138571,-0.005313631538973,-0.0315254591128495,0.0084805489625363,0.0078395502555144,27.46,0.0040485829959513,-0.0092890985908045
2010-08-26,1044.75,1990000.0,27.37,-0.0092890985908045,0.0045146803545266,-0.0148921319743691,-0.0044480934863836,-0.000933924886934,-0.0143653999569119,-0.002068253064059,0.0110804457765719,0.0009289364346588,-0.0030158937138571,-0.005313631538973,0.0074769124612399,0.0080755355006435,26.7,-0.1975806451612903,0.0180227785595591
2010-08-27,1063.75,2540000.0,24.45,0.0180227785595591,-0.0092890985908045,0.0045146803545266,-0.0148921319743691,-0.0044480934863836,-0.000933924886934,-0.0143653999569119,-0.002068253064059,0.0110804457765719,0.0009289364346588,-0.0030158937138571,0.0128998953927458,0.0105150409905466,27.37,0.2763819095477386,-0.0177835154886724
2010-08-30,1045.0,1510000.0,27.21,-0.0177835154886724,0.0180227785595591,-0.0092890985908045,0.0045146803545266,-0.0148921319743691,-0.0044480934863836,-0.000933924886934,-0.0143653999569119,-0.002068253064059,0.0110804457765719,0.0009289364346588,0.0149502120310706,0.0117028864210604,24.45,-0.405511811023622,0.0031052216519606
2010-08-31,1048.25,2520000.0,26.05,0.0031052216519606,-0.0177835154886724,0.0180227785595591,-0.0092890985908045,0.0045146803545266,-0.0148921319743691,-0.0044480934863836,-0.000933924886934,-0.0143653999569119,-0.002068253064059,0.0110804457765719,0.0137566086028972,0.0108781794754156,27.21,0.6688741721854305,0.0314579930541221
2010-09-01,1081.75,2360000.0,23.89,0.0314579930541221,0.0031052216519606,-0.0177835154886724,0.0180227785595591,-0.0092890985908045,0.0045146803545266,-0.0148921319743691,-0.0044480934863836,-0.000933924886934,-0.0143653999569119,-0.002068253064059,0.0199776284113882,0.0156121849395932,26.05,-0.0634920634920634,0.0071387752796802
2010-09-02,1089.5,1600000.0,23.19,0.0071387752796802,0.0314579930541221,0.0031052216519606,-0.0177835154886724,0.0180227785595591,-0.0092890985908045,0.0045146803545266,-0.0148921319743691,-0.0044480934863836,-0.000933924886934,-0.0143653999569119,0.0182993857106265,0.0149512190870528,23.89,-0.3220338983050848,0.0127680713121164
2010-09-03,1103.5,2020000.0,21.31,0.0127680713121164,0.0071387752796802,0.0314579930541221,0.0031052216519606,-0.0177835154886724,0.0180227785595591,-0.0092890985908045,0.0045146803545266,-0.0148921319743691,-0.0044480934863836,-0.000933924886934,0.017750397041191,0.0153077134854264,23.19,0.2624999999999999,-0.011163118542979
2010-09-07,1091.25,1750000.0,23.8,-0.011163118542979,0.0127680713121164,0.0071387752796802,0.0314579930541221,0.0031052216519606,-0.0177835154886724,0.0180227785595591,-0.0092890985908045,0.0045146803545266,-0.0148921319743691,-0.0044480934863836,0.0155141100572625,0.015812597518782,21.31,-0.1336633663366336,0.0073043009071075
2010-09-08,1099.25,2000000.0,23.25,0.0073043009071075,-0.011163118542979,0.0127680713121164,0.0071387752796802,0.0314579930541221,0.0031052216519606,-0.0177835154886724,0.0180227785595591,-0.0092890985908045,0.0045146803545266,-0.0148921319743691,0.015249546603265,0.0146311865613355,23.8,0.1428571428571428,0.0029521992600815
2010-09-09,1102.5,1610000.0,22.81,0.0029521992600815,0.0073043009071075,-0.011163118542979,0.0127680713121164,0.0071387752796802,0.0314579930541221,0.0031052216519606,-0.0177835154886724,0.0180227785595591,-0.0092890985908045,0.0045146803545266,0.0090618366086901,0.0146406291312166,23.25,-0.1949999999999999,0.0065544363931436
2010-09-10,1109.75,892730.0,21.99,0.0065544363931436,0.0029521992600815,0.0073043009071075,-0.011163118542979,0.0127680713121164,0.0071387752796802,0.0314579930541221,0.0031052216519606,-0.0177835154886724,0.0180227785595591,-0.0092890985908045,0.0090116423769669,0.0138229002291936,22.81,-0.4455093167701863,0.0103093696588612
2010-09-13,1121.25,891530.0,21.21,0.0103093696588612,0.0065544363931436,0.0029521992600815,0.0073043009071075,-0.011163118542979,0.0127680713121164,0.0071387752796802,0.0314579930541221,0.0031052216519606,-0.0177835154886724,0.0180227785595591,0.0084409845294464,0.0132844014152176,21.99,-0.0013441914128572,-0.000446030337457
2010-09-14,1120.75,652410.0,21.56,-0.000446030337457,0.0103093696588612,0.0065544363931436,0.0029521992600815,0.0073043009071075,-0.011163118542979,0.0127680713121164,0.0071387752796802,0.0314579930541221,0.0031052216519606,-0.0177835154886724,0.0041595545346386,0.0108506148310864,21.21,-0.2682130719100871,0.0044513761461321
2010-09-15,1125.75,540330.0,22.1,0.0044513761461321,-0.000446030337457,0.0103093696588612,0.0065544363931436,0.0029521992600815,0.0073043009071075,-0.011163118542979,0.0127680713121164,0.0071387752796802,0.0314579930541221,0.0031052216519606,0.0040150205005265,0.0108052076354805,21.56,-0.1717938106405481,0.0017750171068242
2010-09-16,1127.75,375120.0,21.72,0.0017750171068242,0.0044513761461321,-0.000446030337457,0.0103093696588612,0.0065544363931436,0.0029521992600815,0.0073043009071075,-0.011163118542979,0.0127680713121164,0.0071387752796802,0.0314579930541221,0.0041790082536061,0.0066637643786318,22.1,-0.3057575925823108,0.0030103170282604
2010-09-17,1131.15,1930000.0,22.01,0.0030103170282604,0.0017750171068242,0.0044513761461321,-0.000446030337457,0.0103093696588612,0.0065544363931436,0.0029521992600815,0.0073043009071075,-0.011163118542979,0.0127680713121164,0.0071387752796802,0.004048058509797,0.006586456741293,21.72,4.145020260183408,0.0047185499758322
2010-09-20,1136.5,1790000.0,21.5,0.0047185499758322,0.0030103170282604,0.0017750171068242,0.0044513761461321,-0.000446030337457,0.0103093696588612,0.0065544363931436,0.0029521992600815,0.0073043009071075,-0.011163118542979,0.0127680713121164,0.0021208042263946,0.0058079578672527,22.01,-0.0725388601036269,-0.0015410019560229
2010-09-21,1134.75,2100000.0,22.35,-0.0015410019560229,0.0047185499758322,0.0030103170282604,0.0017750171068242,0.0044513761461321,-0.000446030337457,0.0103093696588612,0.0065544363931436,0.0029521992600815,0.0073043009071075,-0.011163118542979,0.0025418538020738,0.0035806031281406,21.5,0.1731843575418994,-0.0044159930451859
2010-09-22,1129.75,1960000.0,22.51,-0.0044159930451859,-0.0015410019560229,0.0047185499758322,0.0030103170282604,0.0017750171068242,0.0044513761461321,-0.000446030337457,0.0103093696588612,0.0065544363931436,0.0029521992600815,0.0073043009071075,0.0036686852327111,0.0042087731758164,22.35,-0.0666666666666666,-0.0082213550504073
2010-09-23,1120.5,2190000.0,23.87,-0.0082213550504073,-0.0044159930451859,-0.0015410019560229,0.0047185499758322,0.0030103170282604,0.0017750171068242,0.0044513761461321,-0.000446030337457,0.0103093696588612,0.0065544363931436,0.0029521992600815,0.0053026860325085,0.0054464505804695,22.51,0.1173469387755101,0.0201000692971828
2010-09-24,1143.25,1850000.0,21.71,0.0201000692971828,-0.0082213550504073,-0.0044159930451859,-0.0015410019560229,0.0047185499758322,0.0030103170282604,0.0017750171068242,0.0044513761461321,-0.000446030337457,0.0103093696588612,0.0065544363931436,0.0111029364840303,0.0079288831599587,23.87,-0.1552511415525114,-0.0048224556414132
2010-09-27,1137.75,1340000.0,22.54,-0.0048224556414132,0.0201000692971828,-0.0082213550504073,-0.0044159930451859,-0.0015410019560229,0.0047185499758322,0.0030103170282604,0.0017750171068242,0.0044513761461321,-0.000446030337457,0.0103093696588612,0.0113632472090849,0.0078165459635382,21.71,-0.2756756756756756,0.0035095451683569
2010-09-28,1141.75,2310000.0,22.6,0.0035095451683569,-0.0048224556414132,0.0201000692971828,-0.0082213550504073,-0.0044159930451859,-0.0015410019560229,0.0047185499758322,0.0030103170282604,0.0017750171068242,0.0044513761461321,-0.000446030337457,0.0113920302239582,0.0078094090247147,22.54,0.7238805970149254,-0.0006571022030326
2010-09-29,1141.0,1860000.0,23.25,-0.0006571022030326,0.0035095451683569,-0.0048224556414132,0.0201000692971828,-0.0082213550504073,-0.0044159930451859,-0.0015410019560229,0.0047185499758322,0.0030103170282604,0.0017750171068242,0.0044513761461321,0.0110450414243268,0.007787854014683,22.6,-0.1948051948051947,-0.0037317571569557
2010-09-30,1136.75,2830000.0,23.7,-0.0037317571569557,-0.0006571022030326,0.0035095451683569,-0.0048224556414132,0.0201000692971828,-0.0082213550504073,-0.0044159930451859,-0.0015410019560229,0.0047185499758322,0.0030103170282604,0.0017750171068242,0.0101548185698415,0.0079471747666732,23.25,0.521505376344086,0.0048266877382609
2010-10-01,1142.25,2070000.0,22.5,0.0048266877382609,-0.0037317571569557,-0.0006571022030326,0.0035095451683569,-0.0048224556414132,0.0201000692971828,-0.0082213550504073,-0.0044159930451859,-0.0015410019560229,0.0047185499758322,0.0030103170282604,0.0042741824152111,0.0080238233276578,23.7,-0.2685512367491166,-0.0065876391068058
2010-10-04,1134.75,1850000.0,23.53,-0.0065876391068058,0.0048266877382609,-0.0037317571569557,-0.0006571022030326,0.0035095451683569,-0.0048224556414132,0.0201000692971828,-0.0082213550504073,-0.0044159930451859,-0.0015410019560229,0.0047185499758322,0.0047951643650398,0.0082318241634877,22.5,-0.106280193236715,0.0174715079741396
2010-10-05,1154.75,2200000.0,21.76,0.0174715079741396,-0.0065876391068058,0.0048266877382609,-0.0037317571569557,-0.0006571022030326,0.0035095451683569,-0.0048224556414132,0.0201000692971828,-0.0082213550504073,-0.0044159930451859,-0.0015410019560229,0.0094956453637193,0.0099020613735109,23.53,0.1891891891891892,0.0008656135576199
2010-10-06,1155.75,1720000.0,21.49,0.0008656135576199,0.0174715079741396,-0.0065876391068058,0.0048266877382609,-0.0037317571569557,-0.0006571022030326,0.0035095451683569,-0.0048224556414132,0.0201000692971828,-0.0082213550504073,-0.0044159930451859,0.0094024864215425,0.0096750573013111,21.76,-0.2181818181818181,0.0006487188031591
2010-10-07,1156.5,1990000.0,21.56,0.0006487188031591,0.0008656135576199,0.0174715079741396,-0.0065876391068058,0.0048266877382609,-0.0037317571569557,-0.0006571022030326,0.0035095451683569,-0.0048224556414132,0.0201000692971828,-0.0082213550504073,0.0088568936054146,0.0089880079298139,21.49,0.1569767441860465,0.0034527440429978
2010-10-08,1160.5,1970000.0,20.71,0.0034527440429978,0.0006487188031591,0.0008656135576199,0.0174715079741396,-0.0065876391068058,0.0048266877382609,-0.0037317571569557,-0.0006571022030326,0.0035095451683569,-0.0048224556414132,0.0201000692971828,0.0088245630350395,0.0067703782222926,21.56,-0.0100502512562814,0.0015068348562024
2010-10-11,1162.25,1010000.0,18.96,0.0015068348562024,0.0034527440429978,0.0006487188031591,0.0008656135576199,0.0174715079741396,-0.0065876391068058,0.0048266877382609,-0.0037317571569557,-0.0006571022030326,0.0035095451683569,-0.0048224556414132,0.0071752889498943,0.0063995950810022,20.71,-0.4873096446700508,0.0019340287537014
2010-10-12,1164.5,1940000.0,18.93,0.0019340287537014,0.0015068348562024,0.0034527440429978,0.0006487188031591,0.0008656135576199,0.0174715079741396,-0.0065876391068058,0.0048266877382609,-0.0037317571569557,-0.0006571022030326,0.0035095451683569,0.0011139896535014,0.0063812399823164,18.96,0.9207920792079208,0.0083378355827087
2010-10-13,1174.25,2160000.0,19.07,0.0083378355827087,0.0019340287537014,0.0015068348562024,0.0034527440429978,0.0006487188031591,0.0008656135576199,0.0174715079741396,-0.0065876391068058,0.0048266877382609,-0.0037317571569557,-0.0006571022030326,0.0030592845954894,0.0065995409755598,18.93,0.1134020618556701,-0.0006389096160263
2010-10-14,1173.5,2400000.0,19.88,-0.0006389096160263,0.0083378355827087,0.0019340287537014,0.0015068348562024,0.0034527440429978,0.0006487188031591,0.0008656135576199,0.0174715079741396,-0.0065876391068058,0.0048266877382609,-0.0037317571569557,0.0033642146239669,0.006322296936348,19.07,0.1111111111111111,0.0012774112871811
2010-10-15,1175.0,2640000.0,19.03,0.0012774112871811,-0.0006389096160263,0.0083378355827087,0.0019340287537014,0.0015068348562024,0.0034527440429978,0.0006487188031591,0.0008656135576199,0.0174715079741396,-0.0065876391068058,0.0048266877382609,0.0034180817114327,0.0063193164314505,19.88,0.1,0.0027621392255807
2010-10-18,1178.25,1470000.0,19.09,0.0027621392255807,0.0012774112871811,-0.0006389096160263,0.0083378355827087,0.0019340287537014,0.0015068348562024,0.0034527440429978,0.0006487188031591,0.0008656135576199,0.0174715079741396,-0.0065876391068058,0.0033742364969685,0.0053958240027201,19.03,-0.4431818181818182,-0.0123827372125633
2010-10-19,1163.75,3070000.0,20.63,-0.0123827372125633,0.0027621392255807,0.0012774112871811,-0.0006389096160263,0.0083378355827087,0.0019340287537014,0.0015068348562024,0.0034527440429978,0.0006487188031591,0.0008656135576199,0.0174715079741396,0.0076229598401275,0.0052238363140649,19.09,1.0884353741496595,0.0093652462385636
2010-10-20,1174.7,2290000.0,19.79,0.0093652462385636,-0.0123827372125633,0.0027621392255807,0.0012774112871811,-0.0006389096160263,0.0083378355827087,0.0019340287537014,0.0015068348562024,0.0034527440429978,0.0006487188031591,0.0008656135576199,0.0079164394680819,0.0058890923919141,20.63,-0.254071661237785,0.0008934459953169
2010-10-21,1175.75,2410000.0,19.27,0.0008934459953169,0.0093652462385636,-0.0123827372125633,0.0027621392255807,0.0012774112871811,-0.0006389096160263,0.0083378355827087,0.0019340287537014,0.0015068348562024,0.0034527440429978,0.0006487188031591,0.0079114730635128,0.0058850855595717,19.79,0.0524017467248907,0.0042435879510691
2010-10-22,1180.75,1200000.0,18.78,0.0042435879510691,0.0008934459953169,0.0093652462385636,-0.0123827372125633,0.0027621392255807,0.0012774112871811,-0.0006389096160263,0.0083378355827087,0.0019340287537014,0.0015068348562024,0.0034527440429978,0.0081041586749401,0.0059172167426441,19.27,-0.5020746887966805,0.0016924057350309
2010-10-25,1182.75,1750000.0,19.85,0.0016924057350309,0.0042435879510691,0.0008934459953169,0.0093652462385636,-0.0123827372125633,0.0027621392255807,0.0012774112871811,-0.0006389096160263,0.0083378355827087,0.0019340287537014,0.0015068348562024,0.0080592237376141,0.0059167304622038,18.78,0.4583333333333332,0.0
2010-10-26,1182.75,1740000.0,20.22,0.0,0.0016924057350309,0.0042435879510691,0.0008934459953169,0.0093652462385636,-0.0123827372125633,0.0027621392255807,0.0012774112871811,-0.0006389096160263,0.0083378355827087,0.0019340287537014,0.0037724258878249,0.0059415473821775,19.85,-0.0057142857142856,-0.0033876805635902
2010-10-27,1178.75,2250000.0,20.71,-0.0033876805635902,0.0,0.0016924057350309,0.0042435879510691,0.0008934459953169,0.0093652462385636,-0.0123827372125633,0.0027621392255807,0.0012774112871811,-0.0006389096160263,0.0083378355827087,0.0027738853641084,0.005601520869678,20.22,0.2931034482758621,0.0004240882167038
2010-10-28,1179.25,2010000.0,20.88,0.0004240882167038,-0.0033876805635902,0.0,0.0016924057350309,0.0042435879510691,0.0008934459953169,0.0093652462385636,-0.0123827372125633,0.0027621392255807,0.0012774112871811,-0.0006389096160263,0.002773151291519,0.0055900586297432,20.71,-0.1066666666666666,0.0004239084421259
2010-10-29,1179.75,1750000.0,21.2,0.0004239084421259,0.0004240882167038,-0.0033876805635902,0.0,0.0016924057350309,0.0042435879510691,0.0008934459953169,0.0093652462385636,-0.0123827372125633,0.0027621392255807,0.0012774112871811,0.0019076549672539,0.0055831914399908,20.88,-0.1293532338308457,0.0027510333718897
2010-11-01,1183.0,2030000.0,21.83,0.0027510333718897,0.0004239084421259,0.0004240882167038,-0.0033876805635902,0.0,0.0016924057350309,0.0042435879510691,0.0008934459953169,0.0093652462385636,-0.0123827372125633,0.0027621392255807,0.0022019979380989,0.0055826712062936,21.2,0.1599999999999999,0.0082079804178295
2010-11-02,1192.75,1570000.0,21.57,0.0082079804178295,0.0027510333718897,0.0004239084421259,0.0004240882167038,-0.0033876805635902,0.0,0.0016924057350309,0.0042435879510691,0.0008934459953169,0.0093652462385636,-0.0123827372125633,0.004260223961077,0.0038811286625562,21.83,-0.2266009852216748,0.0037656948265023
2010-11-03,1197.25,2360000.0,19.56,0.0037656948265023,0.0082079804178295,0.0027510333718897,0.0004239084421259,0.0004240882167038,-0.0033876805635902,0.0,0.0016924057350309,0.0042435879510691,0.0008934459953169,0.0093652462385636,0.0032006758639851,0.003099660366073,21.57,0.5031847133757963,0.0175933338425422
2010-11-04,1218.5,2300000.0,18.52,0.0175933338425422,0.0037656948265023,0.0082079804178295,0.0027510333718897,0.0004239084421259,0.0004240882167038,-0.0033876805635902,0.0,0.0016924057350309,0.0042435879510691,0.0008934459953169,0.0067900222566323,0.0058099693003149,19.56,-0.0254237288135593,0.0028682666662797
2010-11-05,1222.0,2100000.0,18.26,0.0028682666662797,0.0175933338425422,0.0037656948265023,0.0082079804178295,0.0027510333718897,0.0004239084421259,0.0004240882167038,-0.0033876805635902,0.0,0.0016924057350309,0.0042435879510691,0.0063098467508027,0.0058085683386591,18.52,-0.0869565217391304,-0.0016380020042383
2010-11-08,1220.0,1540000.0,18.29,-0.0016380020042383,0.0028682666662797,0.0175933338425422,0.0037656948265023,0.0082079804178295,0.0027510333718897,0.0004239084421259,0.0004240882167038,-0.0033876805635902,0.0,0.0016924057350309,0.0072851284464071,0.0060114468772069,18.26,-0.2666666666666667,-0.00740439417421
2010-11-09,1211.0,2320000.0,19.08,-0.00740439417421,-0.0016380020042383,0.0028682666662797,0.0175933338425422,0.0037656948265023,0.0082079804178295,0.0027510333718897,0.0004239084421259,0.0004240882167038,-0.0033876805635902,0.0,0.0092645112939436,0.0068353655808427,18.29,0.5064935064935066,0.0024742280663512
2010-11-10,1214.0,2480000.0,18.47,0.0024742280663512,-0.00740439417421,-0.0016380020042383,0.0028682666662797,0.0175933338425422,0.0037656948265023,0.0082079804178295,0.0027510333718897,0.0004239084421259,0.0004240882167038,-0.0033876805635902,0.0092571157061586,0.0065322793748009,19.08,0.0689655172413792,-0.0024742280663512
2010-11-11,1211.0,1780000.0,18.64,-0.0024742280663512,0.0024742280663512,-0.00740439417421,-0.0016380020042383,0.0028682666662797,0.0175933338425422,0.0037656948265023,0.0082079804178295,0.0027510333718897,0.0004239084421259,0.0004240882167038,0.0041938851714096,0.0067182870814395,18.47,-0.282258064516129,-0.0128819566547128
2010-11-12,1195.5,2770000.0,20.61,-0.0128819566547128,-0.0024742280663512,0.0024742280663512,-0.00740439417421,-0.0016380020042383,0.0028682666662797,0.0175933338425422,0.0037656948265023,0.0082079804178295,0.0027510333718897,0.0004239084421259,0.0059067984248005,0.0083332033691855,18.64,0.5561797752808988,0.0002090956620269
2010-11-15,1195.75,2070000.0,20.2,0.0002090956620269,-0.0128819566547128,-0.0024742280663512,0.0024742280663512,-0.00740439417421,-0.0016380020042383,0.0028682666662797,0.0175933338425422,0.0037656948265023,0.0082079804178295,0.0027510333718897,0.0061732883331769,0.0083236751401006,20.61,-0.2527075812274368,-0.0177182445774811
2010-11-16,1174.75,3170000.0,22.58,-0.0177182445774811,0.0002090956620269,-0.0128819566547128,-0.0024742280663512,0.0024742280663512,-0.00740439417421,-0.0016380020042383,0.0028682666662797,0.0175933338425422,0.0037656948265023,0.0082079804178295,0.0087670472316858,0.009766646003396,20.2,0.5314009661835748,0.0023381879076476
2010-11-17,1177.5,2020000.0,21.76,0.0023381879076476,-0.0177182445774811,0.0002090956620269,-0.0128819566547128,-0.0024742280663512,0.0024742280663512,-0.00740439417421,-0.0016380020042383,0.0028682666662797,0.0175933338425422,0.0037656948265023,0.0087340185639638,0.009690934262912,22.58,-0.362776025236593,0.0170512498726587
2010-11-18,1197.75,2070000.0,18.75,0.0170512498726587,0.0023381879076476,-0.0177182445774811,0.0002090956620269,-0.0128819566547128,-0.0024742280663512,0.0024742280663512,-0.00740439417421,-0.0016380020042383,0.0028682666662797,0.0175933338425422,0.0137106676099017,0.0095720358286405,21.76,0.0247524752475247,0.0004173622765091
2010-11-19,1198.25,1730000.0,18.04,0.0004173622765091,0.0170512498726587,0.0023381879076476,-0.0177182445774811,0.0002090956620269,-0.0128819566547128,-0.0024742280663512,0.0024742280663512,-0.00740439417421,-0.0016380020042383,0.0028682666662797,0.0123421078824789,0.0094724285640549,18.75,-0.1642512077294685,-0.000208659364346
2010-11-22,1198.0,2210000.0,18.37,-0.000208659364346,0.0004173622765091,0.0170512498726587,0.0023381879076476,-0.0177182445774811,0.0002090956620269,-0.0128819566547128,-0.0024742280663512,0.0024742280663512,-0.00740439417421,-0.0016380020042383,0.0123456405659882,0.0094886421494217,18.04,0.277456647398844,-0.0166232128715544
2010-11-23,1178.25,2460000.0,20.63,-0.0166232128715544,-0.000208659364346,0.0004173622765091,0.0170512498726587,0.0023381879076476,-0.0177182445774811,0.0002090956620269,-0.0128819566547128,-0.0024742280663512,0.0024742280663512,-0.00740439417421,0.0119477104708032,0.010486842703823,18.37,0.1131221719457014,0.0153703415445878
2010-11-24,1196.5,1820000.0,19.56,0.0153703415445878,-0.0166232128715544,-0.000208659364346,0.0004173622765091,0.0170512498726587,0.0023381879076476,-0.0177182445774811,0.0002090956620269,-0.0128819566547128,-0.0024742280663512,0.0024742280663512,0.0137140085882158,0.011897580880722,20.63,-0.2601626016260162,-0.0111357385620706
2010-11-26,1183.25,963330.0,22.22,-0.0111357385620706,0.0153703415445878,-0.0166232128715544,-0.000208659364346,0.0004173622765091,0.0170512498726587,0.0023381879076476,-0.0177182445774811,0.0002090956620269,-0.0128819566547128,-0.0024742280663512,0.0123200140208949,0.0122891073353385,19.56,-0.4706978021978022,0.0027429070894608
2010-11-29,1186.5,2490000.0,21.53,0.0027429070894608,-0.0111357385620706,0.0153703415445878,-0.0166232128715544,-0.000208659364346,0.0004173622765091,0.0170512498726587,0.0023381879076476,-0.0177182445774811,0.0002090956620269,-0.0128819566547128,0.0124972863653801,0.0117794845985226,22.22,1.584784030394569,-0.0059171770280885
2010-11-30,1179.5,3090000.0,23.54,-0.0059171770280885,0.0027429070894608,-0.0111357385620706,0.0153703415445878,-0.0166232128715544,-0.000208659364346,0.0004173622765091,0.0170512498726587,0.0023381879076476,-0.0177182445774811,0.0002090956620269,0.0125566631342701,0.0118825902688066,21.53,0.2409638554216868,0.0209739232071964
2010-12-01,1204.5,2350000.0,21.36,0.0209739232071964,-0.0059171770280885,0.0027429070894608,-0.0111357385620706,0.0153703415445878,-0.0166232128715544,-0.000208659364346,0.0004173622765091,0.0170512498726587,0.0023381879076476,-0.0177182445774811,0.0136527685909935,0.0122606384770958,23.54,-0.2394822006472492,0.0150378773645405
2010-12-02,1222.75,2040000.0,19.39,0.0150378773645405,0.0209739232071964,-0.0059171770280885,0.0027429070894608,-0.0111357385620706,0.0153703415445878,-0.0166232128715544,-0.000208659364346,0.0004173622765091,0.0170512498726587,0.0023381879076476,0.013586674088232,0.0128837966723357,21.36,-0.1319148936170212,0.0006131834632598
2010-12-03,1223.5,1890000.0,18.01,0.0006131834632598,0.0150378773645405,0.0209739232071964,-0.0059171770280885,0.0027429070894608,-0.0111357385620706,0.0153703415445878,-0.0166232128715544,-0.000208659364346,0.0004173622765091,0.0170512498726587,0.0110132383164953,0.012020870798171,19.39,-0.0735294117647058,-0.0012267431511856
2010-12-06,1222.0,1330000.0,18.02,-0.0012267431511856,0.0006131834632598,0.0150378773645405,0.0209739232071964,-0.0059171770280885,0.0027429070894608,-0.0111357385620706,0.0153703415445878,-0.0166232128715544,-0.000208659364346,0.0004173622765091,0.01150120060928,0.0120580388207646,18.01,-0.2962962962962963,0.0010223904376924
2010-12-07,1223.25,2450000.0,17.99,0.0010223904376924,-0.0012267431511856,0.0006131834632598,0.0150378773645405,0.0209739232071964,-0.0059171770280885,0.0027429070894608,-0.0111357385620706,0.0153703415445878,-0.0166232128715544,-0.000208659364346,0.0100458562114762,0.0120396779557169,18.02,0.8421052631578947,0.0044861412921434
2010-12-08,1228.75,2140000.0,17.74,0.0044861412921434,0.0010223904376924,-0.0012267431511856,0.0006131834632598,0.0150378773645405,0.0209739232071964,-0.0059171770280885,0.0027429070894608,-0.0111357385620706,0.0153703415445878,-0.0166232128715544,0.0065139407649604,0.0100871736435008,17.99,-0.1265306122448979,0.0034528317029679
2010-12-09,1233.0,1390000.0,17.25,0.0034528317029679,0.0044861412921434,0.0010223904376924,-0.0012267431511856,0.0006131834632598,0.0150378773645405,0.0209739232071964,-0.0059171770280885,0.0027429070894608,-0.0111357385620706,0.0153703415445878,0.0022932793067551,0.0092931293106255,17.74,-0.3504672897196261,0.0064672820402629
2010-12-10,1241.0,893220.0,17.61,0.0064672820402629,0.0034528317029679,0.0044861412921434,0.0010223904376924,-0.0012267431511856,0.0006131834632598,0.0150378773645405,0.0209739232071964,-0.0059171770280885,0.0027429070894608,-0.0111357385620706,0.0030035238680759,0.007876138160017,17.25,-0.3573956834532373,0.000201430154775
2010-12-13,1241.25,682650.0,17.55,0.000201430154775,0.0064672820402629,0.0034528317029679,0.0044861412921434,0.0010223904376924,-0.0012267431511856,0.0006131834632598,0.0150378773645405,0.0209739232071964,-0.0059171770280885,0.0027429070894608,0.0025543712992788,0.0079888443069546,17.61,-0.2357425942097132,0.0004027386280775
2010-12-14,1241.75,662940.0,17.61,0.0004027386280775,0.000201430154775,0.0064672820402629,0.0034528317029679,0.0044861412921434,0.0010223904376924,-0.0012267431511856,0.0006131834632598,0.0150378773645405,0.0209739232071964,-0.0059171770280885,0.0026932069786609,0.0072917766615675,17.55,-0.0288727752142385,-0.0038325815949719
2010-12-15,1237.0,533900.0,17.94,-0.0038325815949719,0.0004027386280775,0.000201430154775,0.0064672820402629,0.0034528317029679,0.0044861412921434,0.0010223904376924,-0.0012267431511856,0.0006131834632598,0.0150378773645405,0.0209739232071964,0.003862753735321,0.005238129056694,17.61,-0.1946480827827555,0.0052408908509713
2010-12-16,1243.5,317800.0,17.39,0.0052408908509713,-0.0038325815949719,0.0004027386280775,0.000201430154775,0.0064672820402629,0.0034528317029679,0.0044861412921434,0.0010223904376924,-0.0012267431511856,0.0006131834632598,0.0150378773645405,0.0041774053517745,0.0031770203205511,17.94,-0.4047574452144596,-0.0009252369065225
2010-12-17,1242.35,1340000.0,16.11,-0.0009252369065225,0.0052408908509713,-0.0038325815949719,0.0004027386280775,0.000201430154775,0.0064672820402629,0.0034528317029679,0.0044861412921434,0.0010223904376924,-0.0012267431511856,0.0006131834632598,0.0032778817771895,0.0032704415620498,17.39,3.2164883574575205,-0.0008858109775544
2010-12-20,1241.25,1150000.0,16.41,-0.0008858109775544,-0.0009252369065225,0.0052408908509713,-0.0038325815949719,0.0004027386280775,0.000201430154775,0.0064672820402629,0.0034528317029679,0.0044861412921434,0.0010223904376924,-0.0012267431511856,0.0033150618929967,0.0032401597829112,16.11,-0.1417910447761193,0.0076244350089321
2010-12-21,1250.75,943290.0,16.49,0.0076244350089321,-0.0008858109775544,-0.0009252369065225,0.0052408908509713,-0.0038325815949719,0.0004027386280775,0.000201430154775,0.0064672820402629,0.0034528317029679,0.0044861412921434,0.0010223904376924,0.0047827234003502,0.0037502245166281,16.41,-0.1797478260869565,0.0029937154381625
2010-12-22,1254.5,664450.0,15.45,0.0029937154381625,0.0076244350089321,-0.0008858109775544,-0.0009252369065225,0.0052408908509713,-0.0038325815949719,0.0004027386280775,0.000201430154775,0.0064672820402629,0.0034528317029679,0.0044861412921434,0.0037660582467335,0.003679186934025,16.49,-0.2956036849749281,-0.0011964109104087
2010-12-23,1253.0,594050.0,16.47,-0.0011964109104087,0.0029937154381625,0.0076244350089321,-0.0008858109775544,-0.0009252369065225,0.0052408908509713,-0.0038325815949719,0.0004027386280775,0.000201430154775,0.0064672820402629,0.0034528317029679,0.0038269419688435,0.0037780113701487,15.45,-0.1059522913688012,0.0001995012475444
2010-12-27,1253.25,587700.0,17.67,0.0001995012475444,-0.0011964109104087,0.0029937154381625,0.0076244350089321,-0.0008858109775544,-0.0009252369065225,0.0052408908509713,-0.0038325815949719,0.0004027386280775,0.000201430154775,0.0064672820402629,0.0036772494969376,0.0033815869093882,16.47,-0.0106893359144852,0.0005982650492532
2010-12-28,1254.0,553800.0,17.52,0.0005982650492532,0.0001995012475444,-0.0011964109104087,0.0029937154381625,0.0076244350089321,-0.0008858109775544,-0.0009252369065225,0.0052408908509713,-0.0038325815949719,0.0004027386280775,0.000201430154775,0.0034653932791771,0.0033737248403106,17.67,-0.0576824910668708,0.0013945614372881
2010-12-29,1255.75,588440.0,17.28,0.0013945614372881,0.0005982650492532,0.0001995012475444,-0.0011964109104087,0.0029937154381625,0.0076244350089321,-0.0008858109775544,-0.0009252369065225,0.0052408908509713,-0.0038325815949719,0.0004027386280775,0.0015453819506504,0.0033680726080454,17.52,0.0625496569158541,-0.0009959168236771
2010-12-30,1254.5,713590.0,17.52,-0.0009959168236771,0.0013945614372881,0.0005982650492532,0.0001995012475444,-0.0011964109104087,0.0029937154381625,0.0076244350089321,-0.0008858109775544,-0.0009252369065225,0.0052408908509713,-0.0038325815949719,0.0010915325012932,0.0030043147411063,17.28,0.2126809870165182,-0.0011964109104087
2010-12-31,1253.0,667050.0,17.75,-0.0011964109104087,-0.0009959168236771,0.0013945614372881,0.0005982650492532,0.0001995012475444,-0.0011964109104087,0.0029937154381625,0.0076244350089321,-0.0008858109775544,-0.0009252369065225,0.0052408908509713,0.0010915325012932,0.0027716816972984,17.52,-0.065219523816197,0.0097290551981191
2011-01-03,1265.25,1590000.0,17.61,0.0097290551981191,-0.0011964109104087,-0.0009959168236771,0.0013945614372881,0.0005982650492532,0.0001995012475444,-0.0011964109104087,0.0029937154381625,0.0076244350089321,-0.0008858109775544,-0.0009252369065225,0.0045060516920695,0.0038782832137279,17.75,1.383629413087475,0.0
2011-01-04,1265.25,1780000.0,17.38,0.0,0.0097290551981191,-0.0011964109104087,-0.0009959168236771,0.0013945614372881,0.0005982650492532,0.0001995012475444,-0.0011964109104087,0.0029937154381625,0.0076244350089321,-0.0008858109775544,0.004557109329083,0.003819114707666,17.61,0.1194968553459119,0.005124173608687
2011-01-05,1271.75,1800000.0,17.02,0.005124173608687,0.0,0.0097290551981191,-0.0011964109104087,-0.0009959168236771,0.0013945614372881,0.0005982650492532,0.0001995012475444,-0.0011964109104087,0.0029937154381625,0.0076244350089321,0.004776903715054,0.003469664540049,17.38,0.0112359550561798,-0.0011801732290331
2011-01-06,1270.25,1610000.0,17.4,-0.0011801732290331,0.005124173608687,0.0,0.0097290551981191,-0.0011964109104087,-0.0009959168236771,0.0013945614372881,0.0005982650492532,0.0001995012475444,-0.0011964109104087,0.0029937154381625,0.0048115108257682,0.0035423624371795,17.02,-0.1055555555555555,-0.002167275008503
2011-01-07,1267.5,2180000.0,17.14,-0.002167275008503,-0.0011801732290331,0.005124173608687,0.0,0.0097290551981191,-0.0011964109104087,-0.0009959168236771,0.0013945614372881,0.0005982650492532,0.0001995012475444,-0.0011964109104087,0.0050131068892297,0.0036290346770907,17.4,0.3540372670807452,-0.0015791554801594
2011-01-10,1265.5,1880000.0,17.54,-0.0015791554801594,-0.002167275008503,-0.0011801732290331,0.005124173608687,0.0,0.0097290551981191,-0.0011964109104087,-0.0009959168236771,0.0013945614372881,0.0005982650492532,0.0001995012475444,0.0029509731548725,0.0037231941230077,17.14,-0.1376146788990825,0.00394322277504
2011-01-11,1270.5,1660000.0,16.89,0.00394322277504,-0.0015791554801594,-0.002167275008503,-0.0011801732290331,0.005124173608687,0.0,0.0097290551981191,-0.0011964109104087,-0.0009959168236771,0.0013945614372881,0.0005982650492532,0.0034263884079472,0.0038344116926038,17.54,-0.1170212765957446,0.0101801975509763
2011-01-12,1283.5,1600000.0,16.24,0.0101801975509763,0.00394322277504,-0.0015791554801594,-0.002167275008503,-0.0011801732290331,0.005124173608687,0.0,0.0097290551981191,-0.0011964109104087,-0.0009959168236771,0.0013945614372881,0.0052643319312282,0.0047531040998707,16.89,-0.036144578313253,-0.0017545574244767
2011-01-13,1281.25,1670000.0,16.39,-0.0017545574244767,0.0101801975509763,0.00394322277504,-0.0015791554801594,-0.002167275008503,-0.0011801732290331,0.005124173608687,0.0,0.0097290551981191,-0.0011964109104087,-0.0009959168236771,0.0053522295502983,0.0048151783808262,16.24,0.0437499999999999,0.0064183824346811
2011-01-14,1289.5,1630000.0,15.46,0.0064183824346811,-0.0017545574244767,0.0101801975509763,0.00394322277504,-0.0015791554801594,-0.002167275008503,-0.0011801732290331,0.005124173608687,0.0,0.0097290551981191,-0.0011964109104087,0.0051655007887851,0.0048362771431407,16.39,-0.0239520958083832,0.0040630799826013
2011-01-18,1294.75,1670000.0,15.87,0.0040630799826013,0.0064183824346811,-0.0017545574244767,0.0101801975509763,0.00394322277504,-0.0015791554801594,-0.002167275008503,-0.0011801732290331,0.005124173608687,0.0,0.0097290551981191,0.0043457070303321,0.0042385582122065,15.46,0.0245398773006135,-0.0126301105727595
2011-01-19,1278.5,2320000.0,17.31,-0.0126301105727595,0.0040630799826013,0.0064183824346811,-0.0017545574244767,0.0101801975509763,0.00394322277504,-0.0015791554801594,-0.002167275008503,-0.0011801732290331,0.005124173608687,0.0,0.0088890201005903,0.0063550120047999,15.87,0.3892215568862276,-0.0017614252523659
2011-01-20,1276.25,2530000.0,17.99,-0.0017614252523659,-0.0126301105727595,0.0040630799826013,0.0064183824346811,-0.0017545574244767,0.0101801975509763,0.00394322277504,-0.0015791554801594,-0.002167275008503,-0.0011801732290331,0.005124173608687,0.0073652465553626,0.0062354403926877,17.31,0.0905172413793102,0.0027386558588173
2011-01-21,1279.75,2010000.0,18.47,0.0027386558588173,-0.0017614252523659,-0.0126301105727595,0.0040630799826013,0.0064183824346811,-0.0017545574244767,0.0101801975509763,0.00394322277504,-0.0015791554801594,-0.002167275008503,-0.0011801732290331,0.0075424193088298,0.0062514864940254,17.99,-0.2055335968379447,0.0068140047547271
2011-01-24,1288.5,1640000.0,17.65,0.0068140047547271,0.0027386558588173,-0.0017614252523659,-0.0126301105727595,0.0040630799826013,0.0064183824346811,-0.0017545574244767,0.0101801975509763,0.00394322277504,-0.0015791554801594,-0.002167275008503,0.0076312098648875,0.0064292133774826,18.47,-0.1840796019900498,-0.0007763975545285
2011-01-25,1287.5,2360000.0,17.59,-0.0007763975545285,0.0068140047547271,0.0027386558588173,-0.0017614252523659,-0.0126301105727595,0.0040630799826013,0.0064183824346811,-0.0017545574244767,0.0101801975509763,0.00394322277504,-0.0015791554801594,0.0072603330540924,0.0063893961637198,17.65,0.4390243902439024,0.0046493690881926
2011-01-26,1293.5,1610000.0,16.64,0.0046493690881926,-0.0007763975545285,0.0068140047547271,0.0027386558588173,-0.0017614252523659,-0.0126301105727595,0.0040630799826013,0.0064183824346811,-0.0017545574244767,0.0101801975509763,0.00394322277504,0.0036070139039765,0.0064204804170568,17.59,-0.3177966101694915,0.0017379554437321
2011-01-27,1295.75,1550000.0,16.15,0.0017379554437321,0.0046493690881926,-0.0007763975545285,0.0068140047547271,0.0027386558588173,-0.0017614252523659,-0.0126301105727595,0.0040630799826013,0.0064183824346811,-0.0017545574244767,0.0101801975509763,0.0028802749083272,0.0057111278293056,16.64,-0.0372670807453415,-0.0188923722076415
2011-01-28,1271.5,3240000.0,20.04,-0.0188923722076415,0.0017379554437321,0.0046493690881926,-0.0007763975545285,0.0068140047547271,0.0027386558588173,-0.0017614252523659,-0.0126301105727595,0.0040630799826013,0.0064183824346811,-0.0017545574244767,0.0102497164152715,0.008502181996919,16.15,1.0903225806451613,0.0086139921827502
2011-01-31,1282.5,2310000.0,19.53,0.0086139921827502,-0.0188923722076415,0.0017379554437321,0.0046493690881926,-0.0007763975545285,0.0068140047547271,0.0027386558588173,-0.0017614252523659,-0.0126301105727595,0.0040630799826013,0.0064183824346811,0.0106302102586419,0.0087334696976456,20.04,-0.2870370370370371,0.0156661167443994
2011-02-01,1302.75,2090000.0,17.63,0.0156661167443994,0.0086139921827502,-0.0188923722076415,0.0017379554437321,0.0046493690881926,-0.0007763975545285,0.0068140047547271,0.0027386558588173,-0.0017614252523659,-0.0126301105727595,0.0040630799826013,0.0129755203301575,0.0100805016812046,19.53,-0.0952380952380952,-0.0021131503396958
2011-02-02,1300.0,1400000.0,17.3,-0.0021131503396958,0.0156661167443994,0.0086139921827502,-0.0188923722076415,0.0017379554437321,0.0046493690881926,-0.0007763975545285,0.0068140047547271,0.0027386558588173,-0.0017614252523659,-0.0126301105727595,0.013028915737521,0.0090398945619325,17.63,-0.3301435406698564,0.002535245087046
2011-02-03,1303.3,1830000.0,16.69,0.002535245087046,-0.0021131503396958,0.0156661167443994,0.0086139921827502,-0.0188923722076415,0.0017379554437321,0.0046493690881926,-0.0007763975545285,0.0068140047547271,0.0027386558588173,-0.0017614252523659,0.0130450358995345,0.0089605620857526,17.3,0.3071428571428571,0.0030261845315659
2011-02-04,1307.25,1590000.0,15.93,0.0030261845315659,0.002535245087046,-0.0021131503396958,0.0156661167443994,0.0086139921827502,-0.0188923722076415,0.0017379554437321,0.0046493690881926,-0.0007763975545285,0.0068140047547271,0.0027386558588173,0.0068173682147329,0.0089633094941855,16.69,-0.1311475409836066,0.0064811511656483
2011-02-07,1315.75,1500000.0,16.28,0.0064811511656483,0.0030261845315659,0.002535245087046,-0.0021131503396958,0.0156661167443994,0.0086139921827502,-0.0188923722076415,0.0017379554437321,0.0046493690881926,-0.0007763975545285,0.0068140047547271,0.0066418519994288,0.0089445650216097,15.93,-0.0566037735849056,0.0045497708816712
2011-02-08,1321.75,1450000.0,15.81,0.0045497708816712,0.0064811511656483,0.0030261845315659,0.002535245087046,-0.0021131503396958,0.0156661167443994,0.0086139921827502,-0.0188923722076415,0.0017379554437321,0.0046493690881926,-0.0007763975545285,0.0031947983554201,0.0089132528968881,16.28,-0.0333333333333333,-0.0018932228297823
2011-02-09,1319.25,1830000.0,15.87,-0.0018932228297823,0.0045497708816712,0.0064811511656483,0.0030261845315659,0.002535245087046,-0.0021131503396958,0.0156661167443994,0.0086139921827502,-0.0188923722076415,0.0017379554437321,0.0046493690881926,0.0031089552486737,0.008987991920891,15.81,0.2620689655172414,-0.0003790750614006
2011-02-10,1318.75,2060000.0,16.09,-0.0003790750614006,-0.0018932228297823,0.0045497708816712,0.0064811511656483,0.0030261845315659,0.002535245087046,-0.0021131503396958,0.0156661167443994,0.0086139921827502,-0.0188923722076415,0.0017379554437321,0.0034574259121129,0.0090189741810781,15.87,0.1256830601092895,0.0064248142394043
2011-02-11,1327.25,1880000.0,15.69,0.0064248142394043,-0.0003790750614006,-0.0018932228297823,0.0045497708816712,0.0064811511656483,0.0030261845315659,0.002535245087046,-0.0021131503396958,0.0156661167443994,0.0086139921827502,-0.0188923722076415,0.003924430015992,0.0054083086068009,16.09,-0.0873786407766989,0.0003766478387277
2011-02-14,1327.75,1170000.0,15.95,0.0003766478387277,0.0064248142394043,-0.0003790750614006,-0.0018932228297823,0.0045497708816712,0.0064811511656483,0.0030261845315659,0.002535245087046,-0.0021131503396958,0.0156661167443994,0.0086139921827502,0.0035129437395972,0.0053030361784861,15.69,-0.377659574468085,-0.0011303693743156
2011-02-15,1326.25,1460000.0,16.37,-0.0011303693743156,0.0003766478387277,0.0064248142394043,-0.0003790750614006,-0.0018932228297823,0.0045497708816712,0.0064811511656483,0.0030261845315659,0.002535245087046,-0.0021131503396958,0.0156661167443994,0.0033209737230727,0.0032866726310839,15.95,0.2478632478632478,0.0050766302505158
2011-02-16,1333.0,1800000.0,16.72,0.0050766302505158,-0.0011303693743156,0.0003766478387277,0.0064248142394043,-0.0003790750614006,-0.0018932228297823,0.0045497708816712,0.0064811511656483,0.0030261845315659,0.002535245087046,-0.0021131503396958,0.0034319068061632,0.0031207131445976,16.37,0.2328767123287671,0.0035570570127053
2011-02-17,1337.75,1680000.0,16.59,0.0035570570127053,0.0050766302505158,-0.0011303693743156,0.0003766478387277,0.0064248142394043,-0.0003790750614006,-0.0018932228297823,0.0045497708816712,0.0064811511656483,0.0030261845315659,0.002535245087046,0.0031700678162567,0.0031384270850676,16.72,-0.0666666666666666,0.0035444491916057
2011-02-18,1342.5,1520000.0,16.43,0.0035444491916057,0.0035570570127053,0.0050766302505158,-0.0011303693743156,0.0003766478387277,0.0064248142394043,-0.0003790750614006,-0.0018932228297823,0.0045497708816712,0.0064811511656483,0.0030261845315659,0.0025643759782535,0.0031503390678646,16.59,-0.0952380952380952,-0.0210771822130838
2011-02-22,1314.5,3260000.0,20.8,-0.0210771822130838,0.0035444491916057,0.0035570570127053,0.0050766302505158,-0.0011303693743156,0.0003766478387277,0.0064248142394043,-0.0003790750614006,-0.0018932228297823,0.0045497708816712,0.0064811511656483,0.0109132426522732,0.0079040879743829,16.43,1.1447368421052633,-0.0068702560307524
2011-02-23,1305.5,3080000.0,22.13,-0.0068702560307524,-0.0210771822130838,0.0035444491916057,0.0035570570127053,0.0050766302505158,-0.0011303693743156,0.0003766478387277,0.0064248142394043,-0.0003790750614006,-0.0018932228297823,0.0045497708816712,0.0110984436020665,0.0079830296404546,20.8,-0.0552147239263803,-0.0021086943498594
2011-02-24,1302.75,2900000.0,21.32,-0.0021086943498594,-0.0068702560307524,-0.0210771822130838,0.0035444491916057,0.0035570570127053,0.0050766302505158,-0.0011303693743156,0.0003766478387277,0.0064248142394043,-0.0003790750614006,-0.0018932228297823,0.0101946973957176,0.0079852879872596,22.13,-0.0584415584415584,0.0122069034350525
2011-02-25,1318.75,1830000.0,19.22,0.0122069034350525,-0.0021086943498594,-0.0068702560307524,-0.0210771822130838,0.0035444491916057,0.0035570570127053,0.0050766302505158,-0.0011303693743156,0.0003766478387277,0.0064248142394043,-0.0003790750614006,0.0124151206739629,0.0090589973519092,21.32,-0.3689655172413792,0.0054825735214311
2011-02-28,1326.0,1940000.0,18.35,0.0054825735214311,0.0122069034350525,-0.0021086943498594,-0.0068702560307524,-0.0210771822130838,0.0035444491916057,0.0035570570127053,0.0050766302505158,-0.0011303693743156,0.0003766478387277,0.0064248142394043,0.012692270181034,0.0089893794733753,19.22,0.0601092896174864,-0.0190336922333025
2011-03-01,1301.0,3050000.0,21.01,-0.0190336922333025,0.0054825735214311,0.0122069034350525,-0.0021086943498594,-0.0068702560307524,-0.0210771822130838,0.0035444491916057,0.0035570570127053,0.0050766302505158,-0.0011303693743156,0.0003766478387277,0.0119549362594885,0.0107913859348836,18.35,0.5721649484536082,0.0036443888039027
2011-03-02,1305.75,2680000.0,20.7,0.0036443888039027,-0.0190336922333025,0.0054825735214311,0.0122069034350525,-0.0021086943498594,-0.0068702560307524,-0.0210771822130838,0.0035444491916057,0.0035570570127053,0.0050766302505158,-0.0011303693743156,0.0118223239327421,0.0109404744318262,21.01,-0.1213114754098361,0.0182133663060187
2011-03-03,1329.75,2360000.0,18.6,0.0182133663060187,0.0036443888039027,-0.0190336922333025,0.0054825735214311,0.0122069034350525,-0.0021086943498594,-0.0068702560307524,-0.0210771822130838,0.0035444491916057,0.0035570570127053,0.0050766302505158,0.0141615303072888,0.0125027611617623,20.7,-0.1194029850746268,-0.0071698420353844
2011-03-04,1320.25,2940000.0,19.06,-0.0071698420353844,0.0182133663060187,0.0036443888039027,-0.0190336922333025,0.0054825735214311,0.0122069034350525,-0.0021086943498594,-0.0068702560307524,-0.0210771822130838,0.0035444491916057,0.0035570570127053,0.0140400900008597,0.0126001834911825,18.6,0.2457627118644068,-0.0085576256771425
2011-03-07,1309.0,2700000.0,20.66,-0.0085576256771425,-0.0071698420353844,0.0182133663060187,0.0036443888039027,-0.0190336922333025,0.0054825735214311,0.0122069034350525,-0.0021086943498594,-0.0068702560307524,-0.0210771822130838,0.0035444491916057,0.0141300189557011,0.0126624266680672,19.06,-0.0816326530612244,0.0083682496705165
2011-03-08,1320.0,2210000.0,19.82,0.0083682496705165,-0.0085576256771425,-0.0071698420353844,0.0182133663060187,0.0036443888039027,-0.0190336922333025,0.0054825735214311,0.0122069034350525,-0.0021086943498594,-0.0068702560307524,-0.0210771822130838,0.0111538553998141,0.0112097559573602,20.66,-0.1814814814814814,-0.0034149151000691
2011-03-09,1315.5,2200000.0,20.22,-0.0034149151000691,0.0083682496705165,-0.0085576256771425,-0.0071698420353844,0.0182133663060187,0.0036443888039027,-0.0190336922333025,0.0054825735214311,0.0122069034350525,-0.0021086943498594,-0.0068702560307524,0.0114780999507208,0.0110116578648011,19.82,-0.004524886877828,-0.0162854446983367
2011-03-10,1294.25,2610000.0,21.88,-0.0162854446983367,-0.0034149151000691,0.0083682496705165,-0.0085576256771425,-0.0071698420353844,0.0182133663060187,0.0036443888039027,-0.0190336922333025,0.0054825735214311,0.0122069034350525,-0.0021086943498594,0.0090152703533158,0.0122638416732025,20.22,0.1863636363636363,0.0090376540543655
2011-03-11,1306.0,1130000.0,20.08,0.0090376540543655,-0.0162854446983367,-0.0034149151000691,0.0083682496705165,-0.0085576256771425,-0.0071698420353844,0.0182133663060187,0.0036443888039027,-0.0190336922333025,0.0054825735214311,0.0122069034350525,0.0109346189815101,0.0119309745949044,21.88,-0.5670498084291188,-0.0080723098342117
2011-03-14,1295.5,817830.0,21.13,-0.0080723098342117,0.0090376540543655,-0.0162854446983367,-0.0034149151000691,0.0083682496705165,-0.0085576256771425,-0.0071698420353844,0.0182133663060187,0.0036443888039027,-0.0190336922333025,0.0054825735214311,0.0108656841305563,0.0118861523676326,20.08,-0.2762566371681416,-0.0120366430885017
2011-03-15,1280.0,1010000.0,24.32,-0.0120366430885017,-0.0080723098342117,0.0090376540543655,-0.0162854446983367,-0.0034149151000691,0.0083682496705165,-0.0085576256771425,-0.0071698420353844,0.0182133663060187,0.0036443888039027,-0.0190336922333025,0.0097367924961007,0.0109635433027115,21.13,0.2349754839025224,-0.0167409128808908
2011-03-16,1258.75,798950.0,29.4,-0.0167409128808908,-0.0120366430885017,-0.0080723098342117,0.0090376540543655,-0.0162854446983367,-0.0034149151000691,0.0083682496705165,-0.0085576256771425,-0.0071698420353844,0.0182133663060187,0.0036443888039027,0.0105862571995529,0.0117419834543415,24.32,-0.2089603960396039,0.0118461405041624
2011-03-17,1273.75,482800.0,26.37,0.0118461405041624,-0.0167409128808908,-0.0120366430885017,-0.0080723098342117,0.0090376540543655,-0.0162854446983367,-0.0034149151000691,0.0083682496705165,-0.0085576256771425,-0.0071698420353844,0.0182133663060187,0.0128581518543221,0.0105342576781494,29.4,-0.3957068652606545,0.0109001414966059
2011-03-18,1287.71,2340000.0,24.44,0.0109001414966059,0.0118461405041624,-0.0167409128808908,-0.0120366430885017,-0.0080723098342117,0.0090376540543655,-0.0162854446983367,-0.0034149151000691,0.0083682496705165,-0.0085576256771425,-0.0071698420353844,0.0133197507602312,0.0114938816424772,26.37,3.846727423363712,0.004099652738317
2011-03-21,1293.0,1490000.0,20.61,0.004099652738317,0.0109001414966059,0.0118461405041624,-0.0167409128808908,-0.0120366430885017,-0.0080723098342117,0.0090376540543655,-0.0162854446983367,-0.0034149151000691,0.0083682496705165,-0.0085576256771425,0.0132320065643428,0.0114489762955679,24.44,-0.3632478632478633,-0.0036803915635237
2011-03-22,1288.25,1440000.0,20.21,-0.0036803915635237,0.004099652738317,0.0109001414966059,0.0118461405041624,-0.0167409128808908,-0.0120366430885017,-0.0080723098342117,0.0090376540543655,-0.0162854446983367,-0.0034149151000691,0.0083682496705165,0.0118479908985338,0.010949766395406,20.61,-0.0335570469798657,0.0029066971342135
2011-03-23,1292.0,1940000.0,19.17,0.0029066971342135,-0.0036803915635237,0.004099652738317,0.0109001414966059,0.0118461405041624,-0.0167409128808908,-0.0120366430885017,-0.0080723098342117,0.0090376540543655,-0.0162854446983367,-0.0034149151000691,0.0063638256851114,0.0110687242890148,20.21,0.3472222222222223,0.0102031879481145
2011-03-24,1305.25,1830000.0,18.0,0.0102031879481145,0.0029066971342135,-0.0036803915635237,0.004099652738317,0.0109001414966059,0.0118461405041624,-0.0167409128808908,-0.0120366430885017,-0.0080723098342117,0.0090376540543655,-0.0162854446983367,0.00596576549542,0.0103648348386094,19.17,-0.056701030927835,0.0036325439045355
2011-03-25,1310.0,1650000.0,17.91,0.0036325439045355,0.0102031879481145,0.0029066971342135,-0.0036803915635237,0.004099652738317,0.0109001414966059,0.0118461405041624,-0.0167409128808908,-0.0120366430885017,-0.0080723098342117,0.0090376540543655,0.004929427465428,0.0100255883585392,18.0,-0.0983606557377049,-0.0059335995698963
2011-03-28,1302.25,1290000.0,19.44,-0.0059335995698963,0.0036325439045355,0.0102031879481145,0.0029066971342135,-0.0036803915635237,0.004099652738317,0.0109001414966059,0.0118461405041624,-0.0167409128808908,-0.0120366430885017,-0.0080723098342117,0.0064097439189021,0.0098482470316013,17.91,-0.2181818181818181,0.0108831623110632
2011-03-29,1316.5,1550000.0,18.16,0.0108831623110632,-0.0059335995698963,0.0036325439045355,0.0102031879481145,0.0029066971342135,-0.0036803915635237,0.004099652738317,0.0109001414966059,0.0118461405041624,-0.0167409128808908,-0.0120366430885017,0.0068060934549856,0.0092502277348102,19.44,0.2015503875968991,0.0056807575605894
2011-03-30,1324.0,1410000.0,17.71,0.0056807575605894,0.0108831623110632,-0.0059335995698963,0.0036325439045355,0.0102031879481145,0.0029066971342135,-0.0036803915635237,0.004099652738317,0.0109001414966059,0.0118461405041624,-0.0167409128808908,0.0067731955184666,0.0061981700127853,18.16,-0.0903225806451613,-0.0022684319746281
2011-03-31,1321.0,1520000.0,17.74,-0.0022684319746281,0.0056807575605894,0.0108831623110632,-0.0059335995698963,0.0036325439045355,0.0102031879481145,0.0029066971342135,-0.0036803915635237,0.004099652738317,0.0109001414966059,0.0118461405041624,0.0066236264639716,0.006085627011499,17.71,0.0780141843971631,0.0050967547801831
2011-04-01,1327.75,1660000.0,17.4,0.0050967547801831,-0.0022684319746281,0.0056807575605894,0.0108831623110632,-0.0059335995698963,0.0036325439045355,0.0102031879481145,0.0029066971342135,-0.0036803915635237,0.004099652738317,0.0109001414966059,0.0067234200795027,0.0055716124392437,17.74,0.0921052631578946,0.0011290930819392
2011-04-04,1329.25,1270000.0,17.5,0.0011290930819392,0.0050967547801831,-0.0022684319746281,0.0056807575605894,0.0108831623110632,-0.0059335995698963,0.0036325439045355,0.0102031879481145,0.0029066971342135,-0.0036803915635237,0.004099652738317,0.0049720903095106,0.0055893049462406,17.4,-0.2349397590361446,-0.0018825306764435
2011-04-05,1326.75,1560000.0,17.25,-0.0018825306764435,0.0011290930819392,0.0050967547801831,-0.0022684319746281,0.0056807575605894,0.0108831623110632,-0.0059335995698963,0.0036325439045355,0.0102031879481145,0.0029066971342135,-0.0036803915635237,0.0037477484357342,0.005384094766023,17.5,0.2283464566929134,0.001694437005241
2011-04-06,1329.0,1660000.0,16.9,0.001694437005241,-0.0018825306764435,0.0011290930819392,0.0050967547801831,-0.0022684319746281,0.0056807575605894,0.0108831623110632,-0.0059335995698963,0.0036325439045355,0.0102031879481145,0.0029066971342135,0.0029987924494261,0.0053986747114208,17.25,0.0641025641025641,-0.0003762935133771
2011-04-07,1328.5,2180000.0,17.11,-0.0003762935133771,0.001694437005241,-0.0018825306764435,0.0011290930819392,0.0050967547801831,-0.0022684319746281,0.0056807575605894,0.0108831623110632,-0.0059335995698963,0.0036325439045355,0.0102031879481145,0.0026171534344116,0.0047946536360186,16.9,0.3132530120481926,-0.0035818682842519
2011-04-08,1323.75,1860000.0,17.87,-0.0035818682842519,-0.0003762935133771,0.001694437005241,-0.0018825306764435,0.0011290930819392,0.0050967547801831,-0.0022684319746281,0.0056807575605894,0.0108831623110632,-0.0059335995698963,0.0036325439045355,0.0021702887561518,0.0050199971233998,17.11,-0.146788990825688,-0.0032157409722374
2011-04-11,1319.5,1530000.0,16.59,-0.0032157409722374,-0.0035818682842519,-0.0003762935133771,0.001694437005241,-0.0018825306764435,0.0011290930819392,0.0050967547801831,-0.0022684319746281,0.0056807575605894,0.0108831623110632,-0.0059335995698963,0.0021729937532856,0.004660976972574,17.87,-0.1774193548387096,-0.0085625106910615
2011-04-12,1308.25,2080000.0,17.09,-0.0085625106910615,-0.0032157409722374,-0.0035818682842519,-0.0003762935133771,0.001694437005241,-0.0018825306764435,0.0011290930819392,0.0050967547801831,-0.0022684319746281,0.0056807575605894,0.0108831623110632,0.0038750694431621,0.0042656345952989,16.59,0.3594771241830066,0.0003821169324295
2011-04-13,1308.75,1920000.0,16.92,0.0003821169324295,-0.0085625106910615,-0.0032157409722374,-0.0035818682842519,-0.0003762935133771,0.001694437005241,-0.0018825306764435,0.0011290930819392,0.0050967547801831,-0.0022684319746281,0.0056807575605894,0.0035222182471432,0.0036842968503068,17.09,-0.0769230769230768,0.0011454754975289
2011-04-14,1310.25,2030000.0,16.27,0.0011454754975289,0.0003821169324295,-0.0085625106910615,-0.0032157409722374,-0.0035818682842519,-0.0003762935133771,0.001694437005241,-0.0018825306764435,0.0011290930819392,0.0050967547801831,-0.0022684319746281,0.0038625679185383,0.0037279313547796,16.92,0.0572916666666667,0.0064663595421009
2011-04-15,1318.75,1640000.0,15.32,0.0064663595421009,0.0011454754975289,0.0003821169324295,-0.0085625106910615,-0.0032157409722374,-0.0035818682842519,-0.0003762935133771,0.001694437005241,-0.0018825306764435,0.0011290930819392,0.0050967547801831,0.005569230819818,0.0039855961606539,16.27,-0.1921182266009852,-0.0135511187118713
2011-04-18,1301.0,2260000.0,16.96,-0.0135511187118713,0.0064663595421009,0.0011454754975289,0.0003821169324295,-0.0085625106910615,-0.0032157409722374,-0.0035818682842519,-0.0003762935133771,0.001694437005241,-0.0018825306764435,0.0011290930819392,0.0080676558355043,0.0056154797496038,15.32,0.3780487804878047,0.0057482434576951
2011-04-19,1308.5,1530000.0,15.83,0.0057482434576951,-0.0135511187118713,0.0064663595421009,0.0011454754975289,0.0003821169324295,-0.0085625106910615,-0.0032157409722374,-0.0035818682842519,-0.0003762935133771,0.001694437005241,-0.0018825306764435,0.0080613235936001,0.0061487341546809,16.96,-0.323008849557522,0.014980843360852
2011-04-20,1328.25,1870000.0,15.07,0.014980843360852,0.0057482434576951,-0.0135511187118713,0.0064663595421009,0.0011454754975289,0.0003821169324295,-0.0085625106910615,-0.0032157409722374,-0.0035818682842519,-0.0003762935133771,0.001694437005241,0.0104937964223678,0.00803443846796,15.83,0.2222222222222223,0.002068253064059
2011-04-21,1331.0,1280000.0,14.69,0.002068253064059,0.014980843360852,0.0057482434576951,-0.0135511187118713,0.0064663595421009,0.0011454754975289,0.0003821169324295,-0.0085625106910615,-0.0032157409722374,-0.0035818682842519,-0.0003762935133771,0.0104620173356739,0.0080607712111315,15.07,-0.3155080213903743,-0.0001878463422448
2011-04-25,1330.75,599320.0,15.77,-0.0001878463422448,0.002068253064059,0.014980843360852,0.0057482434576951,-0.0135511187118713,0.0064663595421009,0.0011454754975289,0.0003821169324295,-0.0085625106910615,-0.0032157409722374,-0.0035818682842519,0.0103561927738085,0.0079551637433583,14.69,-0.53178125,0.0076729112288117
2011-04-26,1341.0,1390000.0,15.62,0.0076729112288117,-0.0001878463422448,0.002068253064059,0.014980843360852,0.0057482434576951,-0.0135511187118713,0.0064663595421009,0.0011454754975289,0.0003821169324295,-0.0085625106910615,-0.0032157409722374,0.0058576805700082,0.00812918240888,15.77,1.3192952012280583,0.0074294546785202
2011-04-27,1351.0,1390000.0,15.35,0.0074294546785202,0.0076729112288117,-0.0001878463422448,0.002068253064059,0.014980843360852,0.0057482434576951,-0.0135511187118713,0.0064663595421009,0.0011454754975289,0.0003821169324295,-0.0085625106910615,0.0058837581294155,0.0074488150914882,15.62,0.0,0.0029563953536025
2011-04-28,1355.0,1710000.0,14.62,0.0029563953536025,0.0074294546785202,0.0076729112288117,-0.0001878463422448,0.002068253064059,0.014980843360852,0.0057482434576951,-0.0135511187118713,0.0064663595421009,0.0011454754975289,0.0003821169324295,0.0034499822480931,0.0073842186022095,15.35,0.2302158273381294,0.0034994049892688
2011-04-29,1359.75,1270000.0,14.75,0.0034994049892688,0.0029563953536025,0.0074294546785202,0.0076729112288117,-0.0001878463422448,0.002068253064059,0.014980843360852,0.0057482434576951,-0.0135511187118713,0.0064663595421009,0.0011454754975289,0.0033073268649212,0.0073391633808215,14.62,-0.2573099415204678,-0.0014719413881154
2011-05-02,1357.75,1710000.0,15.99,-0.0014719413881154,0.0034994049892688,0.0029563953536025,0.0074294546785202,0.0076729112288117,-0.0001878463422448,0.002068253064059,0.014980843360852,0.0057482434576951,-0.0135511187118713,0.0064663595421009,0.003759381528892,0.0074363675468651,14.75,0.3464566929133859,-0.0042439403120452
2011-05-03,1352.0,1670000.0,16.7,-0.0042439403120452,-0.0014719413881154,0.0034994049892688,0.0029563953536025,0.0074294546785202,0.0076729112288117,-0.0001878463422448,0.002068253064059,0.014980843360852,0.0057482434576951,-0.0135511187118713,0.0045555684144741,0.0054687101560568,15.99,-0.023391812865497,-0.0066790600796717
2011-05-04,1343.0,2380000.0,17.08,-0.0066790600796717,-0.0042439403120452,-0.0014719413881154,0.0034994049892688,0.0029563953536025,0.0074294546785202,0.0076729112288117,-0.0001878463422448,0.002068253064059,0.014980843360852,0.0057482434576951,0.004436183972013,0.0063320635033381,16.7,0.4251497005988023,-0.0059746256888876
2011-05-05,1335.0,2920000.0,18.2,-0.0059746256888876,-0.0066790600796717,-0.0042439403120452,-0.0014719413881154,0.0034994049892688,0.0029563953536025,0.0074294546785202,0.0076729112288117,-0.0001878463422448,0.002068253064059,0.014980843360852,0.0041383911529205,0.0051346706495009,17.08,0.2268907563025211,-0.000374601989771
2011-05-06,1334.5,2670000.0,18.4,-0.000374601989771,-0.0059746256888876,-0.0066790600796717,-0.0042439403120452,-0.0014719413881154,0.0034994049892688,0.0029563953536025,0.0074294546785202,0.0076729112288117,-0.0001878463422448,0.002068253064059,0.0027547770057408,0.0051101865054493,18.2,-0.0856164383561643,0.0061630599409898
2011-05-09,1342.75,1670000.0,17.16,0.0061630599409898,-0.000374601989771,-0.0059746256888876,-0.0066790600796717,-0.0042439403120452,-0.0014719413881154,0.0034994049892688,0.0029563953536025,0.0074294546785202,0.0076729112288117,-0.0001878463422448,0.0052857813098905,0.0054324640258801,18.4,-0.3745318352059925,0.0081587695296316
2011-05-10,1353.75,1570000.0,15.91,0.0081587695296316,0.0061630599409898,-0.000374601989771,-0.0059746256888876,-0.0066790600796717,-0.0042439403120452,-0.0014719413881154,0.0034994049892688,0.0029563953536025,0.0074294546785202,0.0076729112288117,0.0067944922614295,0.0055015252502254,17.16,-0.0598802395209581,-0.0111421765532418
2011-05-11,1338.75,2190000.0,16.95,-0.0111421765532418,0.0081587695296316,0.0061630599409898,-0.000374601989771,-0.0059746256888876,-0.0066790600796717,-0.0042439403120452,-0.0014719413881154,0.0034994049892688,0.0029563953536025,0.0074294546785202,0.0081012987285537,0.0061645052721059,15.91,0.394904458598726,0.0065146810211936
2011-05-12,1347.5,2250000.0,16.03,0.0065146810211936,-0.0111421765532418,0.0081587695296316,0.0061630599409898,-0.000374601989771,-0.0059746256888876,-0.0066790600796717,-0.0042439403120452,-0.0014719413881154,0.0034994049892688,0.0029563953536025,0.0079672272648113,0.0065057843129526,16.95,0.0273972602739727,-0.0100690763075832
2011-05-13,1334.0,2240000.0,17.07,-0.0100690763075832,0.0065146810211936,-0.0111421765532418,0.0081587695296316,0.0061630599409898,-0.000374601989771,-0.0059746256888876,-0.0066790600796717,-0.0042439403120452,-0.0014719413881154,0.0034994049892688,0.0096500803953216,0.0069649517595022,16.03,-0.0044444444444444,-0.0063922007464887
2011-05-16,1325.5,2180000.0,18.24,-0.0063922007464887,-0.0100690763075832,0.0065146810211936,-0.0111421765532418,0.0081587695296316,0.0061630599409898,-0.000374601989771,-0.0059746256888876,-0.0066790600796717,-0.0042439403120452,-0.0014719413881154,0.0092461372968977,0.0071028452816811,17.07,-0.0267857142857143,0.0
2011-05-17,1325.5,2290000.0,17.55,0.0,-0.0063922007464887,-0.0100690763075832,0.0065146810211936,-0.0111421765532418,0.0081587695296316,0.0061630599409898,-0.000374601989771,-0.0059746256888876,-0.0066790600796717,-0.0042439403120452,0.0074143177262818,0.0071074743840774,18.24,0.0504587155963303,0.009759837231327
2011-05-18,1338.5,1610000.0,16.23,0.009759837231327,0.0,-0.0063922007464887,-0.0100690763075832,0.0065146810211936,-0.0111421765532418,0.0081587695296316,0.0061630599409898,-0.000374601989771,-0.0059746256888876,-0.0066790600796717,0.0083656297415562,0.0077699487153556,17.55,-0.296943231441048,0.0024251480965311
2011-05-19,1341.75,1830000.0,15.52,0.0024251480965311,0.009759837231327,0.0,-0.0063922007464887,-0.0100690763075832,0.0065146810211936,-0.0111421765532418,0.0081587695296316,0.0061630599409898,-0.000374601989771,-0.0059746256888876,0.0077415269804784,0.0075433339747511,16.23,0.1366459627329193,-0.0104889517544297
2011-05-20,1327.75,2250000.0,17.43,-0.0104889517544297,0.0024251480965311,0.009759837231327,0.0,-0.0063922007464887,-0.0100690763075832,0.0065146810211936,-0.0111421765532418,0.0081587695296316,0.0061630599409898,-0.000374601989771,0.0078677078640922,0.0083130886486126,15.52,0.2295081967213115,-0.0094590186915919
2011-05-23,1315.25,2050000.0,18.27,-0.0094590186915919,-0.0104889517544297,0.0024251480965311,0.009759837231327,0.0,-0.0063922007464887,-0.0100690763075832,0.0065146810211936,-0.0111421765532418,0.0081587695296316,0.0061630599409898,0.0084937347792029,0.0083878758341869,17.43,-0.0888888888888889,-0.001331431485322
2011-05-24,1313.5,1860000.0,17.82,-0.001331431485322,-0.0094590186915919,-0.0104889517544297,0.0024251480965311,0.009759837231327,0.0,-0.0063922007464887,-0.0100690763075832,0.0065146810211936,-0.0111421765532418,0.0081587695296316,0.0084536669072552,0.0076021402223626,18.27,-0.0926829268292682,0.0022813698107695
2011-05-25,1316.5,2100000.0,17.07,0.0022813698107695,-0.001331431485322,-0.0094590186915919,-0.0104889517544297,0.0024251480965311,0.009759837231327,0.0,-0.0063922007464887,-0.0100690763075832,0.0065146810211936,-0.0111421765532418,0.0062733114828505,0.0071817925781138,17.82,0.1290322580645162,0.0075671946414303
2011-05-26,1326.5,2290000.0,16.09,0.0075671946414303,0.0022813698107695,-0.001331431485322,-0.0094590186915919,-0.0104889517544297,0.0024251480965311,0.009759837231327,0.0,-0.0063922007464887,-0.0100690763075832,0.0065146810211936,0.0077071091722934,0.0073215195722807,17.07,0.0904761904761903,0.002635047638005
2011-05-27,1330.0,1390000.0,15.98,0.002635047638005,0.0075671946414303,0.0022813698107695,-0.001331431485322,-0.0094590186915919,-0.0104889517544297,0.0024251480965311,0.009759837231327,0.0,-0.0063922007464887,-0.0100690763075832,0.0063261944319708,0.0067640274386771,16.09,-0.3930131004366812,0.0104712998672954
2011-05-31,1344.0,1930000.0,15.45,0.0104712998672954,0.002635047638005,0.0075671946414303,0.0022813698107695,-0.001331431485322,-0.0094590186915919,-0.0104889517544297,0.0024251480965311,0.009759837231327,0.0,-0.0063922007464887,0.0046721624590258,0.0071666431484975,15.98,0.3884892086330935,-0.0240975515790605
2011-06-01,1312.0,2680000.0,18.3,-0.0240975515790605,0.0104712998672954,0.002635047638005,0.0075671946414303,0.0022813698107695,-0.001331431485322,-0.0094590186915919,-0.0104889517544297,0.0024251480965311,0.009759837231327,0.0,0.0137794189551363,0.0108098235127798,15.45,0.3886010362694301,0.0003810249617445
2011-06-02,1312.5,2430000.0,18.09,0.0003810249617445,-0.0240975515790605,0.0104712998672954,0.002635047638005,0.0075671946414303,0.0022813698107695,-0.001331431485322,-0.0094590186915919,-0.0104889517544297,0.0024251480965311,0.009759837231327,0.01371895816868,0.0101574429140635,18.3,-0.0932835820895522,-0.0124582349220417
2011-06-03,1296.25,2680000.0,17.95,-0.0124582349220417,0.0003810249617445,-0.0240975515790605,0.0104712998672954,0.002635047638005,0.0075671946414303,0.0022813698107695,-0.001331431485322,-0.0094590186915919,-0.0104889517544297,0.0024251480965311,0.0136583860801319,0.0105269362813136,18.09,0.102880658436214,-0.0087167622144169
2011-06-06,1285.0,2190000.0,18.49,-0.0087167622144169,-0.0124582349220417,0.0003810249617445,-0.0240975515790605,0.0104712998672954,0.002635047638005,0.0075671946414303,0.0022813698107695,-0.001331431485322,-0.0094590186915919,-0.0104889517544297,0.0130836204033341,0.0104095314164519,17.95,-0.1828358208955224,-0.0001945714569811
2011-06-07,1284.75,2070000.0,18.07,-0.0001945714569811,-0.0087167622144169,-0.0124582349220417,0.0003810249617445,-0.0240975515790605,0.0104712998672954,0.002635047638005,0.0075671946414303,0.0022813698107695,-0.001331431485322,-0.0094590186915919,0.0100686815768452,0.0102080934760255,18.49,-0.0547945205479452,-0.0060505698397996
2011-06-08,1277.0,2700000.0,18.79,-0.0060505698397996,-0.0001945714569811,-0.0087167622144169,-0.0124582349220417,0.0003810249617445,-0.0240975515790605,0.0104712998672954,0.002635047638005,0.0075671946414303,0.0022813698107695,-0.001331431485322,0.0055172289890446,0.0102648891622579,18.07,0.3043478260869565,0.0081887765053518
2011-06-09,1287.5,1730000.0,17.77,0.0081887765053518,-0.0060505698397996,-0.0001945714569811,-0.0087167622144169,-0.0124582349220417,0.0003810249617445,-0.0240975515790605,0.0104712998672954,0.002635047638005,0.0075671946414303,0.0022813698107695,0.008076568247838,0.0107495189972697,18.79,-0.3592592592592593,-0.0142761787103874
2011-06-10,1269.25,1450000.0,18.86,-0.0142761787103874,0.0081887765053518,-0.0060505698397996,-0.0001945714569811,-0.0087167622144169,-0.0124582349220417,0.0003810249617445,-0.0240975515790605,0.0104712998672954,0.002635047638005,0.0075671946414303,0.0085860334546761,0.0107573933389242,17.77,-0.161849710982659,0.0017711310346706
2011-06-13,1271.5,798750.0,19.61,0.0017711310346706,-0.0142761787103874,0.0081887765053518,-0.0060505698397996,-0.0001945714569811,-0.0087167622144169,-0.0124582349220417,0.0003810249617445,-0.0240975515790605,0.0104712998672954,0.002635047638005,0.0084903005121346,0.0106978169674105,18.86,-0.4491379310344827,0.0144449124935434
2011-06-14,1290.0,1070000.0,18.26,0.0144449124935434,0.0017711310346706,-0.0142761787103874,0.0081887765053518,-0.0060505698397996,-0.0001945714569811,-0.0087167622144169,-0.0124582349220417,0.0003810249617445,-0.0240975515790605,0.0104712998672954,0.0113571673767625,0.0113684061560083,19.61,0.3395931142410016,-0.019174917370539
2011-06-15,1265.5,757020.0,21.32,-0.019174917370539,0.0144449124935434,0.0017711310346706,-0.0142761787103874,0.0081887765053518,-0.0060505698397996,-0.0001945714569811,-0.0087167622144169,-0.0124582349220417,0.0003810249617445,-0.0240975515790605,0.0144392535767573,0.0104780281125314,18.26,-0.2925046728971963,0.0027618877292089
2011-06-16,1269.0,407050.0,22.73,0.0027618877292089,-0.019174917370539,0.0144449124935434,0.0017711310346706,-0.0142761787103874,0.0081887765053518,-0.0060505698397996,-0.0001945714569811,-0.0087167622144169,-0.0124582349220417,0.0003810249617445,0.0136840478354643,0.0106050329941836,21.32,-0.4622995429447042,0.0081620293016496
2011-06-17,1279.4,2340000.0,21.85,0.0081620293016496,0.0027618877292089,-0.019174917370539,0.0144449124935434,0.0017711310346706,-0.0142761787103874,0.0081887765053518,-0.0060505698397996,-0.0001945714569811,-0.0087167622144169,-0.0124582349220417,0.0126592675716823,0.0106462896404848,22.73,4.748679523400074,-0.0044259124791027
2011-06-20,1273.75,1680000.0,19.99,-0.0044259124791027,0.0081620293016496,0.0027618877292089,-0.019174917370539,0.0144449124935434,0.0017711310346706,-0.0142761787103874,0.0081887765053518,-0.0060505698397996,-0.0001945714569811,-0.0087167622144169,0.0129377667698635,0.0103981060641269,21.85,-0.282051282051282,0.0111253221273642
2011-06-21,1288.0,2080000.0,18.86,0.0111253221273642,-0.0044259124791027,0.0081620293016496,0.0027618877292089,-0.019174917370539,0.0144449124935434,0.0017711310346706,-0.0142761787103874,0.0081887765053518,-0.0060505698397996,-0.0001945714569811,0.0120913627157186,0.0110750697123853,19.99,0.2380952380952381,-0.0064258813266062
2011-06-22,1279.75,1870000.0,18.52,-0.0064258813266062,0.0111253221273642,-0.0044259124791027,0.0081620293016496,0.0027618877292089,-0.019174917370539,0.0144449124935434,0.0017711310346706,-0.0142761787103874,0.0081887765053518,-0.0060505698397996,0.0076456463788084,0.0110994125731768,18.86,-0.1009615384615384,-0.0021511693051533
2011-06-23,1277.0,3320000.0,19.29,-0.0021511693051533,-0.0064258813266062,0.0111253221273642,-0.0044259124791027,0.0081620293016496,0.0027618877292089,-0.019174917370539,0.0144449124935434,0.0017711310346706,-0.0142761787103874,0.0081887765053518,0.0078740235732386,0.0107502002607893,18.52,0.7754010695187166,-0.0102322813257366
2011-06-24,1264.0,2500000.0,21.1,-0.0102322813257366,-0.0021511693051533,-0.0064258813266062,0.0111253221273642,-0.0044259124791027,0.0081620293016496,0.0027618877292089,-0.019174917370539,0.0144449124935434,0.0017711310346706,-0.0142761787103874,0.0081340412983833,0.0102522580556389,19.29,-0.2469879518072288,0.0096447947720724
2011-06-27,1276.25,2000000.0,20.56,0.0096447947720724,-0.0102322813257366,-0.0021511693051533,-0.0064258813266062,0.0111253221273642,-0.0044259124791027,0.0081620293016496,0.0027618877292089,-0.019174917370539,0.0144449124935434,0.0017711310346706,0.0095739879941351,0.0107299784458149,21.1,-0.1999999999999999,0.0141984297127169
2011-06-28,1294.5,1910000.0,19.17,0.0141984297127169,0.0096447947720724,-0.0102322813257366,-0.0021511693051533,-0.0064258813266062,0.0111253221273642,-0.0044259124791027,0.0081620293016496,0.0027618877292089,-0.019174917370539,0.0144449124935434,0.0104900967469223,0.010694285011963,20.56,-0.045,0.0075036427109096
2011-06-29,1304.25,2490000.0,17.27,0.0075036427109096,0.0141984297127169,0.0096447947720724,-0.0102322813257366,-0.0021511693051533,-0.0064258813266062,0.0111253221273642,-0.0044259124791027,0.0081620293016496,0.0027618877292089,-0.019174917370539,0.0098530071980803,0.0083545175302407,19.17,0.3036649214659686,0.0085886585778453
2011-06-30,1315.5,1880000.0,16.52,0.0085886585778453,0.0075036427109096,0.0141984297127169,0.0096447947720724,-0.0102322813257366,-0.0021511693051533,-0.0064258813266062,0.0111253221273642,-0.0044259124791027,0.0081620293016496,0.0027618877292089,0.0093932185323496,0.008536037909656,17.27,-0.2449799196787149,0.0145271868999482
2011-07-01,1334.75,1960000.0,15.87,0.0145271868999482,0.0085886585778453,0.0075036427109096,0.0141984297127169,0.0096447947720724,-0.0102322813257366,-0.0021511693051533,-0.0064258813266062,0.0111253221273642,-0.0044259124791027,0.0081620293016496,0.0032591765630706,0.0091307235426254,16.52,0.0425531914893617,0.0014972864485453
2011-07-05,1336.75,1730000.0,16.06,0.0014972864485453,0.0145271868999482,0.0085886585778453,0.0075036427109096,0.0141984297127169,0.0096447947720724,-0.0102322813257366,-0.0021511693051533,-0.0064258813266062,0.0111253221273642,-0.0044259124791027,0.0053834587289666,0.0086878136112581,15.87,-0.1173469387755101,-0.0007483629909602
2011-07-06,1335.75,1820000.0,16.34,-0.0007483629909602,0.0014972864485453,0.0145271868999482,0.0085886585778453,0.0075036427109096,0.0141984297127169,0.0096447947720724,-0.0102322813257366,-0.0021511693051533,-0.0064258813266062,0.0111253221273642,0.006064555493992,0.0085416271031338,16.06,0.0520231213872832,0.0119071174242336
2011-07-07,1351.75,1680000.0,15.95,0.0119071174242336,-0.0007483629909602,0.0014972864485453,0.0145271868999482,0.0085886585778453,0.0075036427109096,0.0141984297127169,0.0096447947720724,-0.0102322813257366,-0.0021511693051533,-0.0064258813266062,0.0065852107763824,0.0080969093756921,16.34,-0.0769230769230768,-0.007425317205176
2011-07-08,1341.75,2250000.0,15.95,-0.007425317205176,0.0119071174242336,-0.0007483629909602,0.0014972864485453,0.0145271868999482,0.0085886585778453,0.0075036427109096,0.0141984297127169,0.0096447947720724,-0.0102322813257366,-0.0021511693051533,0.0091197703916095,0.0087907908388371,15.95,0.3392857142857142,-0.0174800052635968
2011-07-11,1318.5,2430000.0,18.39,-0.0174800052635968,-0.007425317205176,0.0119071174242336,-0.0007483629909602,0.0014972864485453,0.0145271868999482,0.0085886585778453,0.0075036427109096,0.0141984297127169,0.0096447947720724,-0.0102322813257366,0.0109002098484762,0.0103429860520761,15.95,0.08,-0.0058952343406992
2011-07-12,1310.75,2890000.0,19.87,-0.0058952343406992,-0.0174800052635968,-0.007425317205176,0.0119071174242336,-0.0007483629909602,0.0014972864485453,0.0145271868999482,0.0085886585778453,0.0075036427109096,0.0141984297127169,0.0096447947720724,0.0107310195222565,0.0106017729393705,18.39,0.1893004115226337,0.001143728679767
2011-07-13,1312.25,2320000.0,19.91,0.001143728679767,-0.0058952343406992,-0.0174800052635968,-0.007425317205176,0.0119071174242336,-0.0007483629909602,0.0014972864485453,0.0145271868999482,0.0085886585778453,0.0075036427109096,0.0141984297127169,0.0109031741039757,0.0097973417588738,19.87,-0.1972318339100346,-0.0042000825393779
2011-07-14,1306.75,2880000.0,20.8,-0.0042000825393779,0.001143728679767,-0.0058952343406992,-0.0174800052635968,-0.007425317205176,0.0119071174242336,-0.0007483629909602,0.0014972864485453,0.0145271868999482,0.0085886585778453,0.0075036427109096,0.0068031322963077,0.0096804922832132,19.91,0.2413793103448276,0.0062935270188336
2011-07-15,1315.0,2300000.0,19.53,0.0062935270188336,-0.0042000825393779,0.001143728679767,-0.0058952343406992,-0.0174800052635968,-0.007425317205176,0.0119071174242336,-0.0007483629909602,0.0014972864485453,0.0145271868999482,0.0085886585778453,0.0089128182816265,0.0094845082173173,20.8,-0.2013888888888888,-0.0110878597231587
2011-07-18,1300.5,2170000.0,20.95,-0.0110878597231587,0.0062935270188336,-0.0042000825393779,0.001143728679767,-0.0058952343406992,-0.0174800052635968,-0.007425317205176,0.0119071174242336,-0.0007483629909602,0.0014972864485453,0.0145271868999482,0.0066794768477066,0.0085241091794211,19.53,-0.0565217391304347,0.0158294522957411
2011-07-19,1321.25,2100000.0,19.21,0.0158294522957411,-0.0110878597231587,0.0062935270188336,-0.0042000825393779,0.001143728679767,-0.0058952343406992,-0.0174800052635968,-0.007425317205176,0.0119071174242336,-0.0007483629909602,0.0014972864485453,0.010238863995462,0.0103077427310164,20.95,-0.032258064516129,0.0
2011-07-20,1321.25,1640000.0,19.09,0.0,0.0158294522957411,-0.0110878597231587,0.0062935270188336,-0.0042000825393779,0.001143728679767,-0.0058952343406992,-0.0174800052635968,-0.007425317205176,0.0119071174242336,-0.0007483629909602,0.0102642318587097,0.0103138290496784,19.21,-0.219047619047619,0.0159552891985723
2011-07-21,1342.5,2310000.0,17.56,0.0159552891985723,0.0,0.0158294522957411,-0.0110878597231587,0.0062935270188336,-0.0042000825393779,0.001143728679767,-0.0058952343406992,-0.0174800052635968,-0.007425317205176,0.0119071174242336,0.0114236103710726,0.0109410824182174,19.09,0.4085365853658536,-0.0011179431013412
2011-07-22,1341.0,1480000.0,17.52,-0.0011179431013412,0.0159552891985723,0.0,0.0158294522957411,-0.0110878597231587,0.0062935270188336,-0.0042000825393779,0.001143728679767,-0.0058952343406992,-0.0174800052635968,-0.007425317205176,0.0117544276288153,0.0106883303131086,17.56,-0.3593073593073593,-0.0056085396596095
2011-07-25,1333.5,1640000.0,19.35,-0.0056085396596095,-0.0011179431013412,0.0159552891985723,0.0,0.0158294522957411,-0.0110878597231587,0.0062935270188336,-0.0042000825393779,0.001143728679767,-0.0058952343406992,-0.0174800052635968,0.0101521556963882,0.0090756275614592,17.52,0.1081081081081081,-0.005451653693876
2011-07-26,1326.25,1700000.0,20.23,-0.005451653693876,-0.0056085396596095,-0.0011179431013412,0.0159552891985723,0.0,0.0158294522957411,-0.0110878597231587,0.0062935270188336,-0.0042000825393779,0.001143728679767,-0.0058952343406992,0.0088620527916695,0.0090384771183461,19.35,0.0365853658536585,-0.0207606732575933
2011-07-27,1299.0,2540000.0,22.98,-0.0207606732575933,-0.005451653693876,-0.0056085396596095,-0.0011179431013412,0.0159552891985723,0.0,0.0158294522957411,-0.0110878597231587,0.0062935270188336,-0.0042000825393779,0.001143728679767,0.013136921781747,0.0113942726677745,20.23,0.4941176470588235,-0.0017336034390899
2011-07-28,1296.75,2340000.0,23.74,-0.0017336034390899,-0.0207606732575933,-0.005451653693876,-0.0056085396596095,-0.0011179431013412,0.0159552891985723,0.0,0.0158294522957411,-0.0110878597231587,0.0062935270188336,-0.0042000825393779,0.0080000270332662,0.0113442476208635,22.98,-0.0787401574803149,-0.0063823831390898
2011-07-29,1288.5,2890000.0,25.25,-0.0063823831390898,-0.0017336034390899,-0.0207606732575933,-0.005451653693876,-0.0056085396596095,-0.0011179431013412,0.0159552891985723,0.0,0.0158294522957411,-0.0110878597231587,0.0062935270188336,0.0073642981014144,0.0111744289920807,23.74,0.2350427350427351,-0.006814004754727
2011-08-01,1279.75,3020000.0,23.66,-0.006814004754727,-0.0063823831390898,-0.0017336034390899,-0.0207606732575933,-0.005451653693876,-0.0056085396596095,-0.0011179431013412,0.0159552891985723,0.0,0.0158294522957411,-0.0110878597231587,0.007286269065158,0.0108672574913133,25.25,0.0449826989619377,-0.0257236185965458
2011-08-02,1247.25,3290000.0,24.79,-0.0257236185965458,-0.006814004754727,-0.0063823831390898,-0.0017336034390899,-0.0207606732575933,-0.005451653693876,-0.0056085396596095,-0.0011179431013412,0.0159552891985723,0.0,0.0158294522957411,0.0103505812415169,0.0113904169212067,23.66,0.0894039735099336,0.0057959590653301
2011-08-03,1254.5,3820000.0,23.38,0.0057959590653301,-0.0257236185965458,-0.006814004754727,-0.0063823831390898,-0.0017336034390899,-0.0207606732575933,-0.005451653693876,-0.0056085396596095,-0.0011179431013412,0.0159552891985723,0.0,0.0116453573007671,0.0118543039339538,24.79,0.1610942249240121,-0.0454577396088289
2011-08-04,1198.75,5040000.0,31.66,-0.0454577396088289,0.0057959590653301,-0.0257236185965458,-0.006814004754727,-0.0063823831390898,-0.0017336034390899,-0.0207606732575933,-0.005451653693876,-0.0056085396596095,-0.0011179431013412,0.0159552891985723,0.0200863747984559,0.0151388200471583,23.38,0.3193717277486911,-0.0008345504344164
2011-08-05,1197.75,6160000.0,32.0,-0.0008345504344164,-0.0454577396088289,0.0057959590653301,-0.0257236185965458,-0.006814004754727,-0.0063823831390898,-0.0017336034390899,-0.0207606732575933,-0.005451653693876,-0.0056085396596095,-0.0011179431013412,0.0208688716978486,0.0151603011559715,31.66,0.2222222222222223,-0.0749592889351171
2011-08-08,1111.25,6170000.0,48.0,-0.0749592889351171,-0.0008345504344164,-0.0454577396088289,0.0057959590653301,-0.0257236185965458,-0.006814004754727,-0.0063823831390898,-0.0017336034390899,-0.0207606732575933,-0.005451653693876,-0.0056085396596095,0.0331473218389839,0.0249623654255819,32.0,0.0016233766233766,0.0530128499747011
2011-08-09,1171.75,6290000.0,35.06,0.0530128499747011,-0.0749592889351171,-0.0008345504344164,-0.0454577396088289,0.0057959590653301,-0.0257236185965458,-0.006814004754727,-0.0063823831390898,-0.0017336034390899,-0.0207606732575933,-0.005451653693876,0.0493713810391276,0.0336299750049328,48.0,0.019448946515397,-0.0420495451774315
2011-08-10,1123.5,4930000.0,42.99,-0.0420495451774315,0.0530128499747011,-0.0749592889351171,-0.0008345504344164,-0.0454577396088289,0.0057959590653301,-0.0257236185965458,-0.006814004754727,-0.0063823831390898,-0.0017336034390899,-0.0207606732575933,0.049577775742086,0.0348700104677343,35.06,-0.2162162162162162,0.0392720623535288
2011-08-11,1168.5,4480000.0,39.0,0.0392720623535288,-0.0420495451774315,0.0530128499747011,-0.0749592889351171,-0.0008345504344164,-0.0454577396088289,0.0057959590653301,-0.0257236185965458,-0.006814004754727,-0.0063823831390898,-0.0017336034390899,0.0538743115158404,0.0387366647546078,42.99,-0.0912778904665314,0.0070355263023389
2011-08-12,1176.75,2720000.0,36.36,0.0070355263023389,0.0392720623535288,-0.0420495451774315,0.0530128499747011,-0.0749592889351171,-0.0008345504344164,-0.0454577396088289,0.0057959590653301,-0.0257236185965458,-0.006814004754727,-0.0063823831390898,0.0541448038934309,0.0391223031968104,39.0,-0.3928571428571429,0.0183143735931874
2011-08-15,1198.5,2000000.0,31.87,0.0183143735931874,0.0070355263023389,0.0392720623535288,-0.0420495451774315,0.0530128499747011,-0.0749592889351171,-0.0008345504344164,-0.0454577396088289,0.0057959590653301,-0.0257236185965458,-0.006814004754727,0.0366166280026485,0.0400787761129609,36.36,-0.2647058823529411,-0.0052284966961053
2011-08-16,1192.25,2560000.0,32.85,-0.0052284966961053,0.0183143735931874,0.0070355263023389,0.0392720623535288,-0.0420495451774315,0.0530128499747011,-0.0749592889351171,-0.0008345504344164,-0.0454577396088289,0.0057959590653301,-0.0257236185965458,0.0302594981141986,0.0395098771932897,31.87,0.28,-0.0018889710727586
2011-08-17,1190.0,2110000.0,31.58,-0.0018889710727586,-0.0052284966961053,0.0183143735931874,0.0070355263023389,0.0392720623535288,-0.0420495451774315,0.0530128499747011,-0.0749592889351171,-0.0008345504344164,-0.0454577396088289,0.0057959590653301,0.0180052895303826,0.0393616092093183,32.85,-0.17578125,-0.0398595726427392
2011-08-18,1143.5,3810000.0,42.67,-0.0398595726427392,-0.0018889710727586,-0.0052284966961053,0.0183143735931874,0.0070355263023389,0.0392720623535288,-0.0420495451774315,0.0530128499747011,-0.0749592889351171,-0.0008345504344164,-0.0454577396088289,0.0218578314898688,0.0387619092693916,31.58,0.8056872037914693,-0.0171999830091994
2011-08-19,1124.0,3580000.0,43.05,-0.0171999830091994,-0.0398595726427392,-0.0018889710727586,-0.0052284966961053,0.0183143735931874,0.0070355263023389,0.0392720623535288,-0.0420495451774315,0.0530128499747011,-0.0749592889351171,-0.0008345504344164,0.0213908279787283,0.0389248394014925,42.67,-0.0603674540682415,-0.000667482503367
2011-08-22,1123.25,2710000.0,42.44,-0.000667482503367,-0.0171999830091994,-0.0398595726427392,-0.0018889710727586,-0.0052284966961053,0.0183143735931874,0.0070355263023389,0.0392720623535288,-0.0420495451774315,0.0530128499747011,-0.0749592889351171,0.0163937021396618,0.0305690035060347,43.05,-0.2430167597765363,0.0308997959221615
2011-08-23,1158.5,3340000.0,36.27,0.0308997959221615,-0.000667482503367,-0.0171999830091994,-0.0398595726427392,-0.0018889710727586,-0.0052284966961053,0.0183143735931874,0.0070355263023389,0.0392720623535288,-0.0420495451774315,0.0530128499747011,0.0258771709141946,0.0269839754794038,42.44,0.2324723247232472,0.0115856262645269
2011-08-24,1172.0,2620000.0,35.9,0.0115856262645269,0.0308997959221615,-0.000667482503367,-0.0171999830091994,-0.0398595726427392,-0.0018889710727586,-0.0052284966961053,0.0183143735931874,0.0070355263023389,0.0392720623535288,-0.0420495451774315,0.0270538039477649,0.0229821058289828,36.27,-0.2155688622754491,-0.0124491841765687
2011-08-25,1157.5,3200000.0,39.76,-0.0124491841765687,0.0115856262645269,0.0308997959221615,-0.000667482503367,-0.0171999830091994,-0.0398595726427392,-0.0018889710727586,-0.0052284966961053,0.0183143735931874,0.0070355263023389,0.0392720623535288,0.0194337043189419,0.0198212877079859,35.9,0.2213740458015267,0.015856342498183
2011-08-26,1176.0,3050000.0,35.59,0.015856342498183,-0.0124491841765687,0.0115856262645269,0.0308997959221615,-0.000667482503367,-0.0171999830091994,-0.0398595726427392,-0.0018889710727586,-0.0052284966961053,0.0183143735931874,0.0070355263023389,0.0164834276095373,0.0204036527503677,39.76,-0.046875,0.026847250036188
2011-08-29,1208.0,1830000.0,32.28,0.026847250036188,0.015856342498183,-0.0124491841765687,0.0115856262645269,0.0308997959221615,-0.000667482503367,-0.0171999830091994,-0.0398595726427392,-0.0018889710727586,-0.0052284966961053,0.0183143735931874,0.0170146124921468,0.0214111782761551,35.59,-0.4,-0.0026940229743181
2011-08-30,1204.75,2580000.0,32.89,-0.0026940229743181,0.026847250036188,0.015856342498183,-0.0124491841765687,0.0115856262645269,0.0308997959221615,-0.000667482503367,-0.0171999830091994,-0.0398595726427392,-0.0018889710727586,-0.0052284966961053,0.0155095379422277,0.0213469308863124,32.28,0.4098360655737705,0.0107328171662098
2011-08-31,1217.75,3160000.0,31.62,0.0107328171662098,-0.0026940229743181,0.026847250036188,0.015856342498183,-0.0124491841765687,0.0115856262645269,0.0308997959221615,-0.000667482503367,-0.0171999830091994,-0.0398595726427392,-0.0018889710727586,0.0154625181519252,0.021526698621711,32.89,0.2248062015503875,-0.0136422124021497
2011-09-01,1201.25,2660000.0,31.82,-0.0136422124021497,0.0107328171662098,-0.0026940229743181,0.026847250036188,0.015856342498183,-0.0124491841765687,0.0115856262645269,0.0308997959221615,-0.000667482503367,-0.0171999830091994,-0.0398595726427392,0.015854612327996,0.016925680233211,31.62,-0.1582278481012657,-0.0270001636785066
2011-09-02,1169.25,2430000.0,33.92,-0.0270001636785066,-0.0136422124021497,0.0107328171662098,-0.0026940229743181,0.026847250036188,0.015856342498183,-0.0124491841765687,0.0115856262645269,0.0308997959221615,-0.000667482503367,-0.0171999830091994,0.0209267632783187,0.0185545497484048,31.82,-0.0864661654135338,-0.0040707072815998
2011-09-06,1164.5,3520000.0,37.0,-0.0040707072815998,-0.0270001636785066,-0.0136422124021497,0.0107328171662098,-0.0026940229743181,0.026847250036188,0.015856342498183,-0.0124491841765687,0.0115856262645269,0.0308997959221615,-0.000667482503367,0.0140101738260372,0.0186793795842501,33.92,0.448559670781893,0.0291960657031186
2011-09-07,1199.0,2600000.0,33.38,0.0291960657031186,-0.0040707072815998,-0.0270001636785066,-0.0136422124021497,0.0107328171662098,-0.0026940229743181,0.026847250036188,0.015856342498183,-0.0124491841765687,0.0115856262645269,0.0308997959221615,0.021764164110165,0.0184085873085157,37.0,-0.2613636363636363,-0.0111123902698231
2011-09-08,1185.75,2140000.0,34.32,-0.0111123902698231,0.0291960657031186,-0.0040707072815998,-0.0270001636785066,-0.0136422124021497,0.0107328171662098,-0.0026940229743181,0.026847250036188,0.015856342498183,-0.0124491841765687,0.0115856262645269,0.021010472700443,0.0186893084644524,33.38,-0.1769230769230769,-0.0236811066247505
2011-09-09,1158.0,1620000.0,38.52,-0.0236811066247505,-0.0111123902698231,0.0291960657031186,-0.0040707072815998,-0.0270001636785066,-0.0136422124021497,0.0107328171662098,-0.0026940229743181,0.026847250036188,0.015856342498183,-0.0124491841765687,0.0224352228701067,0.0198969864869696,34.32,-0.2429906542056075,0.0045234325918173
2011-09-12,1163.25,1150000.0,38.59,0.0045234325918173,-0.0236811066247505,-0.0111123902698231,0.0291960657031186,-0.0040707072815998,-0.0270001636785066,-0.0136422124021497,0.0107328171662098,-0.0026940229743181,0.026847250036188,0.015856342498183,0.0198016967801169,0.0192070122476918,38.52,-0.2901234567901234,0.0070671672230923
2011-09-13,1171.5,1130000.0,36.91,0.0070671672230923,0.0045234325918173,-0.0236811066247505,-0.0111123902698231,0.0291960657031186,-0.0040707072815998,-0.0270001636785066,-0.0136422124021497,0.0107328171662098,-0.0026940229743181,0.026847250036188,0.0199994560048799,0.0168888656285284,38.59,-0.017391304347826,0.0144070288523982
2011-09-14,1188.5,868480.0,34.6,0.0144070288523982,0.0070671672230923,0.0045234325918173,-0.0236811066247505,-0.0111123902698231,0.0291960657031186,-0.0040707072815998,-0.0270001636785066,-0.0136422124021497,0.0107328171662098,-0.0026940229743181,0.0153848573622984,0.0177735760476393,36.91,-0.231433628318584,0.0189608764047274
2011-09-15,1211.25,457740.0,31.97,0.0189608764047274,0.0144070288523982,0.0070671672230923,0.0045234325918173,-0.0236811066247505,-0.0111123902698231,0.0291960657031186,-0.0040707072815998,-0.0270001636785066,-0.0136422124021497,0.0107328171662098,0.0166413106710149,0.0185681894812318,34.6,-0.4729412306558584,0.0045222668596513
2011-09-16,1216.74,2660000.0,30.98,0.0045222668596513,0.0189608764047274,0.0144070288523982,0.0070671672230923,0.0045234325918173,-0.0236811066247505,-0.0111123902698231,0.0291960657031186,-0.0040707072815998,-0.0270001636785066,-0.0136422124021497,0.0064858528490827,0.0180240220760622,31.97,4.811159173329838,-0.0157303543013958
2011-09-19,1197.75,2450000.0,32.73,-0.0157303543013958,0.0045222668596513,0.0189608764047274,0.0144070288523982,0.0070671672230923,0.0045234325918173,-0.0236811066247505,-0.0111123902698231,0.0291960657031186,-0.0040707072815998,-0.0270001636785066,0.0133610794853731,0.0163321219796131,30.98,-0.0789473684210526,-0.0014621412526544
2011-09-20,1196.0,2610000.0,32.86,-0.0014621412526544,-0.0157303543013958,0.0045222668596513,0.0189608764047274,0.0144070288523982,0.0070671672230923,0.0045234325918173,-0.0236811066247505,-0.0111123902698231,0.0291960657031186,-0.0040707072815998,0.0137061241094098,0.0162377015674713,32.73,0.0653061224489794,-0.0342331716422422
2011-09-21,1155.75,3250000.0,37.32,-0.0342331716422422,-0.0014621412526544,-0.0157303543013958,0.0045222668596513,0.0189608764047274,0.0144070288523982,0.0070671672230923,0.0045234325918173,-0.0236811066247505,-0.0111123902698231,0.0291960657031186,0.0202811534868304,0.0170903986486429,32.86,0.2452107279693487,-0.0283006712429509
2011-09-22,1123.5,4740000.0,41.35,-0.0283006712429509,-0.0342331716422422,-0.0014621412526544,-0.0157303543013958,0.0045222668596513,0.0189608764047274,0.0144070288523982,0.0070671672230923,0.0045234325918173,-0.0236811066247505,-0.0111123902698231,0.0166713853510976,0.0187092984824565,37.32,0.4584615384615385,0.0055475566660051
2011-09-23,1129.75,3370000.0,41.25,0.0055475566660051,-0.0283006712429509,-0.0342331716422422,-0.0014621412526544,-0.0157303543013958,0.0045222668596513,0.0189608764047274,0.0144070288523982,0.0070671672230923,0.0045234325918173,-0.0236811066247505,0.0169756957800641,0.0177955383292152,41.35,-0.2890295358649789,0.0251296955810417
2011-09-26,1158.5,3090000.0,39.02,0.0251296955810417,0.0055475566660051,-0.0283006712429509,-0.0342331716422422,-0.0014621412526544,-0.0157303543013958,0.0045222668596513,0.0189608764047274,0.0144070288523982,0.0070671672230923,0.0045234325918173,0.0245724708593156,0.0197779218861313,41.25,-0.0830860534124628,0.0094502421518028
2011-09-27,1169.5,3260000.0,37.71,0.0094502421518028,0.0251296955810417,0.0055475566660051,-0.0283006712429509,-0.0342331716422422,-0.0014621412526544,-0.0157303543013958,0.0045222668596513,0.0189608764047274,0.0144070288523982,0.0070671672230923,0.0256125613941508,0.0198920426710165,39.02,0.0550161812297733,-0.0179019123543368
2011-09-28,1148.75,2800000.0,41.08,-0.0179019123543368,0.0094502421518028,0.0251296955810417,0.0055475566660051,-0.0283006712429509,-0.0342331716422422,-0.0014621412526544,-0.0157303543013958,0.0045222668596513,0.0189608764047274,0.0144070288523982,0.021596349105093,0.0198850261807556,37.71,-0.1411042944785275,0.0065076151567382
2011-09-29,1156.25,2980000.0,38.84,0.0065076151567382,-0.0179019123543368,0.0094502421518028,0.0251296955810417,0.0055475566660051,-0.0283006712429509,-0.0342331716422422,-0.0014621412526544,-0.0157303543013958,0.0045222668596513,0.0189608764047274,0.0154052933952541,0.0186825176766253,41.08,0.0642857142857142,-0.0265104801269992
2011-09-30,1126.0,2980000.0,42.96,-0.0265104801269992,0.0065076151567382,-0.0179019123543368,0.0094502421518028,0.0251296955810417,0.0055475566660051,-0.0283006712429509,-0.0342331716422422,-0.0014621412526544,-0.0157303543013958,0.0045222668596513,0.0211200783769612,0.0195475373377337,38.84,0.0,-0.0359401321200339
2011-10-03,1086.25,3500000.0,45.45,-0.0359401321200339,-0.0265104801269992,0.0065076151567382,-0.0179019123543368,0.0094502421518028,0.0251296955810417,0.0055475566660051,-0.0283006712429509,-0.0342331716422422,-0.0014621412526544,-0.0157303543013958,0.0201078256899954,0.021419345587461,42.96,0.1744966442953019,0.0247768101178205
2011-10-04,1113.5,4190000.000000001,40.82,0.0247768101178205,-0.0359401321200339,-0.0265104801269992,0.0065076151567382,-0.0179019123543368,0.0094502421518028,0.0251296955810417,0.0055475566660051,-0.0283006712429509,-0.0342331716422422,-0.0014621412526544,0.024948350745317,0.0240018029880858,45.45,0.1971428571428575,0.0191244432180807
2011-10-05,1135.0,3040000.0,37.81,0.0191244432180807,0.0247768101178205,-0.0359401321200339,-0.0265104801269992,0.0065076151567382,-0.0179019123543368,0.0094502421518028,0.0251296955810417,0.0055475566660051,-0.0283006712429509,-0.0342331716422422,0.027328929899854,0.0232298919335981,40.82,-0.2744630071599047,0.0196298560448861
2011-10-06,1157.5,2900000.0,36.27,0.0196298560448861,0.0191244432180807,0.0247768101178205,-0.0359401321200339,-0.0265104801269992,0.0065076151567382,-0.0179019123543368,0.0094502421518028,0.0251296955810417,0.0055475566660051,-0.0283006712429509,0.028979436911875,0.0220730869194822,37.81,-0.0460526315789473,-0.0021621630044952
2011-10-07,1155.0,2870000.0,36.2,-0.0021621630044952,0.0196298560448861,0.0191244432180807,0.0247768101178205,-0.0359401321200339,-0.0265104801269992,0.0065076151567382,-0.0179019123543368,0.0094502421518028,0.0251296955810417,0.0055475566660051,0.0251595360804145,0.0221081109466986,36.27,-0.0103448275862069,0.0306929463994061
2011-10-10,1191.0,1780000.0,33.02,0.0306929463994061,-0.0021621630044952,0.0196298560448861,0.0191244432180807,0.0247768101178205,-0.0359401321200339,-0.0265104801269992,0.0065076151567382,-0.0179019123543368,0.0094502421518028,0.0251296955810417,0.0124159109976378,0.0228078532244432,36.2,-0.3797909407665505,-0.0012602396122877
2011-10-11,1189.5,1950000.0,32.86,-0.0012602396122877,0.0306929463994061,-0.0021621630044952,0.0196298560448861,0.0191244432180807,0.0247768101178205,-0.0359401321200339,-0.0265104801269992,0.0065076151567382,-0.0179019123543368,0.0094502421518028,0.0143834949535985,0.022710396704691,33.02,0.0955056179775279,0.0073291082967282
2011-10-12,1198.25,2560000.0,31.26,0.0073291082967282,-0.0012602396122877,0.0306929463994061,-0.0021621630044952,0.0196298560448861,0.0191244432180807,0.0247768101178205,-0.0359401321200339,-0.0265104801269992,0.0065076151567382,-0.0179019123543368,0.0141350564015851,0.0216688942402202,32.86,0.3128205128205128,-0.000208659364346
2011-10-13,1198.0,2320000.0,30.7,-0.000208659364346,0.0073291082967282,-0.0012602396122877,0.0306929463994061,-0.0021621630044952,0.0196298560448861,0.0191244432180807,0.0247768101178205,-0.0359401321200339,-0.0265104801269992,0.0065076151567382,0.0138341190773571,0.0216941399386261,31.26,-0.09375,0.0175824159147674
2011-10-14,1219.25,2240000.0,28.24,0.0175824159147674,-0.000208659364346,0.0073291082967282,-0.0012602396122877,0.0306929463994061,-0.0021621630044952,0.0196298560448861,0.0191244432180807,0.0247768101178205,-0.0359401321200339,-0.0265104801269992,0.0134202631855597,0.0192493309289829,30.7,-0.0344827586206896,-0.0209269006376145
2011-10-17,1194.0,2390000.0,33.39,-0.0209269006376145,0.0175824159147674,-0.000208659364346,0.0073291082967282,-0.0012602396122877,0.0306929463994061,-0.0021621630044952,0.0196298560448861,0.0191244432180807,0.0247768101178205,-0.0359401321200339,0.0141523700902224,0.0157043140705275,28.24,0.0669642857142858,0.023997841734625
2011-10-18,1223.0,2980000.0,31.56,0.023997841734625,-0.0209269006376145,0.0175824159147674,-0.000208659364346,0.0073291082967282,-0.0012602396122877,0.0306929463994061,-0.0021621630044952,0.0196298560448861,0.0191244432180807,0.0247768101178205,0.0174818150905969,0.0156215994617908,33.39,0.2468619246861925,-0.0135832506220859
2011-10-19,1206.5,2430000.0,34.44,-0.0135832506220859,0.023997841734625,-0.0209269006376145,0.0175824159147674,-0.000208659364346,0.0073291082967282,-0.0012602396122877,0.0306929463994061,-0.0021621630044952,0.0196298560448861,0.0191244432180807,0.0193526824545911,0.0167387702717168,31.56,-0.1845637583892617,0.0028967535257004
2011-10-20,1210.0,2900000.0,34.78,0.0028967535257004,-0.0135832506220859,0.023997841734625,-0.0209269006376145,0.0175824159147674,-0.000208659364346,0.0073291082967282,-0.0012602396122877,0.0306929463994061,-0.0021621630044952,0.0196298560448861,0.0193390870179605,0.0160595640443124,34.44,0.1934156378600822,0.0206530191350726
2011-10-21,1235.25,2120000.0,31.32,0.0206530191350726,0.0028967535257004,-0.0135832506220859,0.023997841734625,-0.0209269006376145,0.0175824159147674,-0.000208659364346,0.0073291082967282,-0.0012602396122877,0.0306929463994061,-0.0021621630044952,0.0199954967871424,0.0166286194895471,34.78,-0.2689655172413793,0.009467287954177
2011-10-24,1247.0,2010000.0,29.26,0.009467287954177,0.0206530191350726,0.0028967535257004,-0.0135832506220859,0.023997841734625,-0.0209269006376145,0.0175824159147674,-0.000208659364346,0.0073291082967282,-0.0012602396122877,0.0306929463994061,0.0150640910165246,0.0144386709860545,31.32,-0.0518867924528302,-0.018208069287814
2011-10-25,1224.5,2640000.0,32.22,-0.018208069287814,0.009467287954177,0.0206530191350726,0.0028967535257004,-0.0135832506220859,0.023997841734625,-0.0209269006376145,0.0175824159147674,-0.000208659364346,0.0073291082967282,-0.0012602396122877,0.0161268868522931,0.0161012122746773,29.26,0.3134328358208955,0.0105606180506229
2011-10-26,1237.5,2700000.0,29.86,0.0105606180506229,-0.018208069287814,0.009467287954177,0.0206530191350726,0.0028967535257004,-0.0135832506220859,0.023997841734625,-0.0209269006376145,0.0175824159147674,-0.000208659364346,0.0073291082967282,0.0144819279309989,0.0162318802447321,32.22,0.0227272727272727,0.0357180826020792
2011-10-27,1282.5,3320000.0,25.46,0.0357180826020792,0.0105606180506229,-0.018208069287814,0.009467287954177,0.0206530191350726,0.0028967535257004,-0.0135832506220859,0.023997841734625,-0.0209269006376145,0.0175824159147674,-0.000208659364346,0.0197343706672917,0.0191088660759589,29.86,0.2296296296296296,-0.0011702751481903
2011-10-28,1281.0,1930000.0,24.53,-0.0011702751481903,0.0357180826020792,0.0105606180506229,-0.018208069287814,0.009467287954177,0.0206530191350726,0.0028967535257004,-0.0135832506220859,0.023997841734625,-0.0209269006376145,0.0175824159147674,0.0196552781854634,0.0188533202026232,25.46,-0.4186746987951807,-0.0250976516724198
2011-10-31,1249.25,2240000.0,29.96,-0.0250976516724198,-0.0011702751481903,0.0357180826020792,0.0105606180506229,-0.018208069287814,0.009467287954177,0.0206530191350726,0.0028967535257004,-0.0135832506220859,0.023997841734625,-0.0209269006376145,0.0242355811784436,0.0195233702042864,24.53,0.160621761658031,-0.0200107738320919
2011-11-01,1224.5,3670000.0,34.77,-0.0200107738320919,-0.0250976516724198,-0.0011702751481903,0.0357180826020792,0.0105606180506229,-0.018208069287814,0.009467287954177,0.0206530191350726,0.0028967535257004,-0.0135832506220859,0.023997841734625,0.0245916693777171,0.0196057162110841,29.96,0.6383928571428572,0.0079309007467499
2011-11-02,1234.25,2260000.0,32.74,0.0079309007467499,-0.0200107738320919,-0.0250976516724198,-0.0011702751481903,0.0357180826020792,0.0105606180506229,-0.018208069287814,0.009467287954177,0.0206530191350726,0.0028967535257004,-0.0135832506220859,0.0243361370268363,0.0191087281901721,34.77,-0.3841961852861035,0.0172695054911817
2011-11-03,1255.75,2820000.0,30.5,0.0172695054911817,0.0079309007467499,-0.0200107738320919,-0.0250976516724198,-0.0011702751481903,0.0357180826020792,0.0105606180506229,-0.018208069287814,0.009467287954177,0.0206530191350726,0.0028967535257004,0.0180552543614685,0.0196923885767745,32.74,0.2477876106194689,-0.003789772163243
2011-11-04,1251.0,2240000.0,30.16,-0.003789772163243,0.0172695054911817,0.0079309007467499,-0.0200107738320919,-0.0250976516724198,-0.0011702751481903,0.0357180826020792,0.0105606180506229,-0.018208069287814,0.009467287954177,0.0206530191350726,0.0179826548701311,0.0188550288084138,30.5,-0.2056737588652482,0.005182391506983
2011-11-07,1257.5,1980000.0,29.85,0.005182391506983,-0.003789772163243,0.0172695054911817,0.0079309007467499,-0.0200107738320919,-0.0250976516724198,-0.0011702751481903,0.0357180826020792,0.0105606180506229,-0.018208069287814,0.009467287954177,0.014090071176948,0.0186959841512745,30.16,-0.1160714285714286,0.0124470637908198
2011-11-08,1273.25,2240000.0,27.48,0.0124470637908198,0.005182391506983,-0.003789772163243,0.0172695054911817,0.0079309007467499,-0.0200107738320919,-0.0250976516724198,-0.0011702751481903,0.0357180826020792,0.0105606180506229,-0.018208069287814,0.0079444672998886,0.0177133719472326,29.85,0.1313131313131312,-0.0382237627965467
2011-11-09,1225.5,3250000.0,36.16,-0.0382237627965467,0.0124470637908198,0.005182391506983,-0.003789772163243,0.0172695054911817,0.0079309007467499,-0.0200107738320919,-0.0250976516724198,-0.0011702751481903,0.0357180826020792,0.0105606180506229,0.0220528761214037,0.021899566298525,27.48,0.4508928571428572,0.0097442914746781
2011-11-10,1237.5,2580000.0,32.81,0.0097442914746781,-0.0382237627965467,0.0124470637908198,0.005182391506983,-0.003789772163243,0.0172695054911817,0.0079309007467499,-0.0200107738320919,-0.0250976516724198,-0.0011702751481903,0.0357180826020792,0.0206717895380998,0.0183103061668177,36.16,-0.2061538461538461,0.0192082736382669
2011-11-11,1261.5,1600000.0,30.04,0.0192082736382669,0.0097442914746781,-0.0382237627965467,0.0124470637908198,0.005182391506983,-0.003789772163243,0.0172695054911817,0.0079309007467499,-0.0200107738320919,-0.0250976516724198,-0.0011702751481903,0.022873453606244,0.0196893712225441,32.81,-0.3798449612403101,-0.0071599351220925
2011-11-14,1252.5,1890000.0,31.13,-0.0071599351220925,0.0192082736382669,0.0097442914746781,-0.0382237627965467,0.0124470637908198,0.005182391506983,-0.003789772163243,0.0172695054911817,0.0079309007467499,-0.0200107738320919,-0.0250976516724198,0.0230650414134407,0.0180532227906222,30.04,0.1812499999999999,0.0011968882338461
2011-11-15,1254.0,2240000.0,31.22,0.0011968882338461,-0.0071599351220925,0.0192082736382669,0.0097442914746781,-0.0382237627965467,0.0124470637908198,0.005182391506983,-0.003789772163243,0.0172695054911817,0.0079309007467499,-0.0200107738320919,0.0219729709284759,0.0165940899148556,31.13,0.1851851851851851,-0.0185115950084124
2011-11-16,1231.0,2710000.0,33.51,-0.0185115950084124,0.0011968882338461,-0.0071599351220925,0.0192082736382669,0.0097442914746781,-0.0382237627965467,0.0124470637908198,0.005182391506983,-0.003789772163243,0.0172695054911817,0.0079309007467499,0.014622542489186,0.017682480268029,31.22,0.2098214285714286,-0.0132885528984411
2011-11-17,1214.75,3100000.0,34.51,-0.0132885528984411,-0.0185115950084124,0.0011968882338461,-0.0071599351220925,0.0192082736382669,0.0097442914746781,-0.0382237627965467,0.0124470637908198,0.005182391506983,-0.003789772163243,0.0172695054911817,0.0147653543525233,0.0169407041506191,33.51,0.1439114391143912,-0.0006176016665688
2011-11-18,1214.0,2180000.0,32.0,-0.0006176016665688,-0.0132885528984411,-0.0185115950084124,0.0011968882338461,-0.0071599351220925,0.0192082736382669,0.0097442914746781,-0.0382237627965467,0.0124470637908198,0.005182391506983,-0.003789772163243,0.0083325615014107,0.0169606071753143,34.51,-0.2967741935483871,-0.0193373319384737
2011-11-21,1190.75,2400000.0,32.91,-0.0193373319384737,-0.0006176016665688,-0.0132885528984411,-0.0185115950084124,0.0011968882338461,-0.0071599351220925,0.0192082736382669,0.0097442914746781,-0.0382237627965467,0.0124470637908198,0.005182391506983,0.0097952154920603,0.0174122703633154,32.0,0.1009174311926606,-0.0067411251697122
2011-11-22,1182.75,2310000.0,31.97,-0.0067411251697122,-0.0193373319384737,-0.0006176016665688,-0.0132885528984411,-0.0185115950084124,0.0011968882338461,-0.0071599351220925,0.0192082736382669,0.0097442914746781,-0.0382237627965467,0.0124470637908198,0.0079790374659736,0.0162380407198888,32.91,-0.0374999999999999,-0.0194222304108471
2011-11-23,1160.0,2330000.0,33.98,-0.0194222304108471,-0.0067411251697122,-0.0193373319384737,-0.0006176016665688,-0.0132885528984411,-0.0185115950084124,0.0011968882338461,-0.0071599351220925,0.0192082736382669,0.0097442914746781,-0.0382237627965467,0.0081812392377011,0.013043227365606,31.97,0.0086580086580085,-0.005619206486602
2011-11-25,1153.5,1520000.0,34.47,-0.005619206486602,-0.0194222304108471,-0.0067411251697122,-0.0193373319384737,-0.0006176016665688,-0.0132885528984411,-0.0185115950084124,0.0011968882338461,-0.0071599351220925,0.0192082736382669,0.0097442914746781,0.0085615628079198,0.0119041193272888,33.98,-0.3476394849785408,0.0319924917414917
2011-11-28,1191.0,2360000.0,32.13,0.0319924917414917,-0.005619206486602,-0.0194222304108471,-0.0067411251697122,-0.0193373319384737,-0.0006176016665688,-0.0132885528984411,-0.0185115950084124,0.0011968882338461,-0.0071599351220925,0.0192082736382669,0.0210862616119956,0.0152509284183321,34.47,0.5526315789473684,0.0046073379931278
2011-11-29,1196.5,2420000.0,30.64,0.0046073379931278,0.0319924917414917,-0.005619206486602,-0.0194222304108471,-0.0067411251697122,-0.0193373319384737,-0.0006176016665688,-0.0132885528984411,-0.0185115950084124,0.0011968882338461,-0.0071599351220925,0.0193283933752987,0.0155805302845055,32.13,0.0254237288135592,0.0405377919989703
2011-11-30,1246.0,3300000.0,27.8,0.0405377919989703,0.0046073379931278,0.0319924917414917,-0.005619206486602,-0.0194222304108471,-0.0067411251697122,-0.0193373319384737,-0.0006176016665688,-0.0132885528984411,-0.0185115950084124,0.0011968882338461,0.0252688330366627,0.0211654423631072,30.64,0.3636363636363635,-0.0020084361039391
2011-12-01,1243.5,2110000.0,27.41,-0.0020084361039391,0.0405377919989703,0.0046073379931278,0.0319924917414917,-0.005619206486602,-0.0194222304108471,-0.0067411251697122,-0.0193373319384737,-0.0006176016665688,-0.0132885528984411,-0.0185115950084124,0.0209603287688514,0.020240297839764,27.8,-0.3606060606060606,0.0
2011-12-02,1243.5,2180000.0,27.52,0.0,-0.0020084361039391,0.0405377919989703,0.0046073379931278,0.0319924917414917,-0.005619206486602,-0.0194222304108471,-0.0067411251697122,-0.0193373319384737,-0.0006176016665688,-0.0132885528984411,0.0197687542619205,0.019624054099167,27.41,0.0331753554502369,0.0092055883224248
2011-12-05,1255.0,2330000.0,27.84,0.0092055883224248,0.0,-0.0020084361039391,0.0405377919989703,0.0046073379931278,0.0319924917414917,-0.005619206486602,-0.0194222304108471,-0.0067411251697122,-0.0193373319384737,-0.0006176016665688,0.0173592476369065,0.0197052931666359,27.52,0.0688073394495412,0.0
2011-12-06,1255.0,2190000.0,28.13,0.0,0.0092055883224248,0.0,-0.0020084361039391,0.0405377919989703,0.0046073379931278,0.0319924917414917,-0.005619206486602,-0.0194222304108471,-0.0067411251697122,-0.0193373319384737,0.0178631203335854,0.0181196766286292,27.84,-0.0600858369098712,0.0071457231409185
2011-12-07,1264.0,2720000.0,28.67,0.0071457231409185,0.0,0.0092055883224248,0.0,-0.0020084361039391,0.0405377919989703,0.0046073379931278,0.0319924917414917,-0.005619206486602,-0.0194222304108471,-0.0067411251697122,0.0049672531754767,0.0176234734444362,28.13,0.2420091324200912,-0.0224009366891666
2011-12-08,1236.0,2440000.0,30.59,-0.0224009366891666,0.0071457231409185,0.0,0.0092055883224248,0.0,-0.0020084361039391,0.0405377919989703,0.0046073379931278,0.0319924917414917,-0.005619206486602,-0.0194222304108471,0.0125527545487642,0.0181308622601768,28.67,-0.1029411764705882,0.018238806015136
2011-12-09,1258.75,1140000.0,26.38,0.018238806015136,-0.0224009366891666,0.0071457231409185,0.0,0.0092055883224248,0.0,-0.0020084361039391,0.0405377919989703,0.0046073379931278,0.0319924917414917,-0.005619206486602,0.015334153052219,0.0179502522437199,30.59,-0.5327868852459017,-0.0188457863069126
2011-12-12,1235.25,909000.0,25.67,-0.0188457863069126,0.018238806015136,-0.0224009366891666,0.0071457231409185,0.0,0.0092055883224248,0.0,-0.0020084361039391,0.0405377919989703,0.0046073379931278,0.0319924917414917,0.0172507912243074,0.0178291838190155,26.38,-0.2026315789473683,-0.0073126468462866
2011-12-13,1226.25,1000000.0,25.41,-0.0073126468462866,-0.0188457863069126,0.018238806015136,-0.0224009366891666,0.0071457231409185,0.0,0.0092055883224248,0.0,-0.0020084361039391,0.0405377919989703,0.0046073379931278,0.0172245550441339,0.0181534362146433,25.67,0.1001100110011001,-0.0112763880679346
2011-12-14,1212.5,593670.0,26.04,-0.0112763880679346,-0.0073126468462866,-0.0188457863069126,0.018238806015136,-0.0224009366891666,0.0071457231409185,0.0,0.0092055883224248,0.0,-0.0020084361039391,0.0405377919989703,0.016001485253712,0.0126306987801033,25.41,-0.4063299999999999,0.0045258254582041
2011-12-15,1218.0,327310.0,25.11,0.0045258254582041,-0.0112763880679346,-0.0073126468462866,-0.0188457863069126,0.018238806015136,-0.0224009366891666,0.0071457231409185,0.0,0.0092055883224248,0.0,-0.0020084361039391,0.0145420909842051,0.0128392092222979,26.04,-0.4486667677329156,0.0057714902025519
2011-12-16,1225.05,2190000.0,24.29,0.0057714902025519,0.0045258254582041,-0.0112763880679346,-0.0073126468462866,-0.0188457863069126,0.018238806015136,-0.0224009366891666,0.0071457231409185,0.0,0.0092055883224248,0.0,0.0105154617933705,0.0130703378012607,25.11,5.690904646970762,-0.0214937834448801
2011-12-19,1199.0,1680000.0,24.92,-0.0214937834448801,0.0057714902025519,0.0045258254582041,-0.0112763880679346,-0.0073126468462866,-0.0188457863069126,0.018238806015136,-0.0224009366891666,0.0071457231409185,0.0,0.0092055883224248,0.0113904830842485,0.0138592827455313,24.29,-0.2328767123287671,0.0303924829901217
2011-12-20,1236.0,1830000.0,23.22,0.0303924829901217,-0.0214937834448801,0.0057714902025519,0.0045258254582041,-0.0112763880679346,-0.0073126468462866,-0.0188457863069126,0.018238806015136,-0.0224009366891666,0.0071457231409185,0.0,0.0197109853468439,0.017756124302385,24.92,0.0892857142857141,0.0002022449192857
2011-12-21,1236.25,1990000.0,21.43,0.0002022449192857,0.0303924829901217,-0.0214937834448801,0.0057714902025519,0.0045258254582041,-0.0112763880679346,-0.0073126468462866,-0.0188457863069126,0.018238806015136,-0.0224009366891666,0.0071457231409185,0.0184679543273359,0.0175134648465665,23.22,0.0874316939890711,0.0102606271886557
2011-12-22,1249.0,1330000.0,21.16,0.0102606271886557,0.0002022449192857,0.0303924829901217,-0.0214937834448801,0.0057714902025519,0.0045258254582041,-0.0112763880679346,-0.0073126468462866,-0.0188457863069126,0.018238806015136,-0.0224009366891666,0.0186948058421417,0.0163377632988883,21.43,-0.3316582914572864,0.0089668828371626
2011-12-23,1260.25,693970.0,20.73,0.0089668828371626,0.0102606271886557,0.0002022449192857,0.0303924829901217,-0.0214937834448801,0.0057714902025519,0.0045258254582041,-0.0112763880679346,-0.0073126468462866,-0.0188457863069126,0.018238806015136,0.0187810532415335,0.0154950130428811,21.16,-0.478218045112782,0.0
2011-12-27,1260.25,508260.0,21.91,0.0,0.0089668828371626,0.0102606271886557,0.0002022449192857,0.0303924829901217,-0.0214937834448801,0.0057714902025519,0.0045258254582041,-0.0112763880679346,-0.0073126468462866,-0.0188457863069126,0.0123791993365618,0.014006704590246,20.73,-0.2676052278916956,-0.0125762711550935
2011-12-28,1244.5,1010000.0,23.52,-0.0125762711550935,0.0,0.0089668828371626,0.0102606271886557,0.0002022449192857,0.0303924829901217,-0.0214937834448801,0.0057714902025519,0.0045258254582041,-0.0112763880679346,-0.0073126468462866,0.0091446009929602,0.0144863934198025,21.91,0.9871719198835244,0.0103917801662476
2011-12-29,1257.5,878740.0,22.65,0.0103917801662476,-0.0125762711550935,0.0,0.0089668828371626,0.0102606271886557,0.0002022449192857,0.0303924829901217,-0.0214937834448801,0.0057714902025519,0.0045258254582041,-0.0112763880679346,0.0099214949696493,0.0139783972771313,23.52,-0.1299603960396039,-0.0039840690148744
2011-12-30,1252.5,692360.0,23.4,-0.0039840690148744,0.0103917801662476,-0.0125762711550935,0.0,0.0089668828371626,0.0102606271886557,0.0002022449192857,0.0303924829901217,-0.0214937834448801,0.0057714902025519,0.0045258254582041,0.0094982019717509,0.0141763907074232,22.65,-0.2120991419532512,0.0154489109410475
2012-01-03,1272.0,1570000.0,22.97,0.0154489109410475,-0.0039840690148744,0.0103917801662476,-0.0125762711550935,0.0,0.0089668828371626,0.0102606271886557,0.0002022449192857,0.0303924829901217,-0.0214937834448801,0.0057714902025519,0.0112190503571576,0.014722104438971,23.4,1.2676064475128546,0.000785854657339
2012-01-04,1273.0,1420000.0,22.22,0.000785854657339,0.0154489109410475,-0.0039840690148744,0.0103917801662476,-0.0125762711550935,0.0,0.0089668828371626,0.0102606271886557,0.0002022449192857,0.0303924829901217,-0.0214937834448801,0.0111920196445658,0.0118887329037068,22.97,-0.0955414012738853,0.0
2012-01-05,1273.0,1820000.0,21.48,0.0,0.000785854657339,0.0154489109410475,-0.0039840690148744,0.0103917801662476,-0.0125762711550935,0.0,0.0089668828371626,0.0102606271886557,0.0002022449192857,0.0303924829901217,0.0080717403184363,0.0083001747386106,22.22,0.2816901408450705,0.0009814506627446
2012-01-06,1274.25,1690000.0,20.63,0.0009814506627446,0.0,0.000785854657339,0.0154489109410475,-0.0039840690148744,0.0103917801662476,-0.0125762711550935,0.0,0.0089668828371626,0.0102606271886557,0.0002022449192857,0.0074347919267493,0.0082751371125794,21.48,-0.0714285714285714,0.000980488361715
2012-01-09,1275.5,1440000.0,21.07,0.000980488361715,0.0009814506627446,0.0,0.000785854657339,0.0154489109410475,-0.0039840690148744,0.0103917801662476,-0.0125762711550935,0.0,0.0089668828371626,0.0102606271886557,0.0066141327438203,0.0078850166403648,20.63,-0.1479289940828402,0.0081983672156986
2012-01-10,1286.0,1530000.0,20.69,0.0081983672156986,0.000980488361715,0.0009814506627446,0.0,0.000785854657339,0.0154489109410475,-0.0039840690148744,0.0103917801662476,-0.0125762711550935,0.0,0.0089668828371626,0.0033834785243138,0.007814072516557,21.07,0.0625,0.001748082410769
2012-01-11,1288.25,1800000.0,21.05,0.001748082410769,0.0081983672156986,0.000980488361715,0.0009814506627446,0.0,0.000785854657339,0.0154489109410475,-0.0039840690148744,0.0103917801662476,-0.0125762711550935,0.0,0.0033102747581139,0.0077832887553008,20.69,0.1764705882352941,0.0027131799589603
2012-01-12,1291.75,1760000.0,20.47,0.0027131799589603,0.001748082410769,0.0081983672156986,0.000980488361715,0.0009814506627446,0.0,0.000785854657339,0.0154489109410475,-0.0039840690148744,0.0103917801662476,-0.0125762711550935,0.0030330229028192,0.0058103583321136,21.05,-0.0222222222222222,-0.0021311642281065
2012-01-13,1289.0,2120000.0,20.91,-0.0021311642281065,0.0027131799589603,0.001748082410769,0.0081983672156986,0.000980488361715,0.0009814506627446,0.0,0.000785854657339,0.0154489109410475,-0.0039840690148744,0.0103917801662476,0.0037630565323022,0.0055582155552809,20.47,0.2045454545454545,0.000193929991881
2012-01-17,1289.25,1840000.0,22.2,0.000193929991881,-0.0021311642281065,0.0027131799589603,0.001748082410769,0.0081983672156986,0.000980488361715,0.0009814506627446,0.0,0.000785854657339,0.0154489109410475,-0.0039840690148744,0.0038475927543065,0.005161711793316,20.91,-0.1320754716981131,0.0100328836942326
2012-01-18,1302.25,2010000.0,20.89,0.0100328836942326,0.000193929991881,-0.0021311642281065,0.0027131799589603,0.001748082410769,0.0081983672156986,0.000980488361715,0.0009814506627446,0.0,0.000785854657339,0.0154489109410475,0.0045858520393034,0.0038030881495536,22.2,0.0923913043478261,0.00631520613816
2012-01-19,1310.5,1840000.0,19.87,0.00631520613816,0.0100328836942326,0.000193929991881,-0.0021311642281065,0.0027131799589603,0.001748082410769,0.0081983672156986,0.000980488361715,0.0009814506627446,0.0,0.000785854657339,0.0048434202881177,0.0039494986110644,20.89,-0.0845771144278606,0.0001907486891811
2012-01-20,1310.75,1420000.0,18.28,0.0001907486891811,0.00631520613816,0.0100328836942326,0.000193929991881,-0.0021311642281065,0.0027131799589603,0.001748082410769,0.0081983672156986,0.000980488361715,0.0009814506627446,0.0,0.0050624862745393,0.0039343504432564,19.87,-0.2282608695652174,0.0001907123110576
2012-01-23,1311.0,1610000.0,18.67,0.0001907123110576,0.0001907486891811,0.00631520613816,0.0100328836942326,0.000193929991881,-0.0021311642281065,0.0027131799589603,0.001748082410769,0.0081983672156986,0.000980488361715,0.0009814506627446,0.0045653616569686,0.0039853090842705,18.28,0.1338028169014085,0.0003813155432284
2012-01-24,1311.5,1480000.0,18.91,0.0003813155432284,0.0001907123110576,0.0001907486891811,0.00631520613816,0.0100328836942326,0.000193929991881,-0.0021311642281065,0.0027131799589603,0.001748082410769,0.0081983672156986,0.000980488361715,0.004533276738587,0.0040207728413039,18.67,-0.0807453416149068,0.0066495922801142
2012-01-25,1320.25,1970000.0,18.31,0.0066495922801142,0.0003813155432284,0.0001907123110576,0.0001907486891811,0.00631520613816,0.0100328836942326,0.000193929991881,-0.0021311642281065,0.0027131799589603,0.001748082410769,0.0081983672156986,0.0034142276207318,0.0038134994414226,18.91,0.3310810810810811,-0.0037943509761259
2012-01-26,1315.25,2010000.0,18.57,-0.0037943509761259,0.0066495922801142,0.0003813155432284,0.0001907123110576,0.0001907486891811,0.00631520613816,0.0100328836942326,0.000193929991881,-0.0021311642281065,0.0027131799589603,0.001748082410769,0.0037488106108601,0.0043242270441706,18.31,0.0203045685279188,-0.0020930461451377
2012-01-27,1312.5,1730000.0,18.53,-0.0020930461451377,-0.0037943509761259,0.0066495922801142,0.0003813155432284,0.0001907123110576,0.0001907486891811,0.00631520613816,0.0100328836942326,0.000193929991881,-0.0021311642281065,0.0027131799589603,0.0039629774635615,0.0045084879358414,18.57,-0.1393034825870647,-0.0026702285558789
2012-01-30,1309.0,1710000.0,19.4,-0.0026702285558789,-0.0020930461451377,-0.0037943509761259,0.0066495922801142,0.0003813155432284,0.0001907123110576,0.0001907486891811,0.00631520613816,0.0100328836942326,0.000193929991881,-0.0021311642281065,0.0041774504063652,0.0045608900076045,18.53,-0.0115606936416184,-0.0005731206575827
2012-01-31,1308.25,1890000.0,19.44,-0.0005731206575827,-0.0026702285558789,-0.0020930461451377,-0.0037943509761259,0.0066495922801142,0.0003813155432284,0.0001907123110576,0.0001907486891811,0.00631520613816,0.0100328836942326,0.000193929991881,0.004159999450952,0.0045923789542746,19.4,0.1052631578947369,0.0087519584514084
2012-02-01,1319.75,1900000.0,18.55,0.0087519584514084,-0.0005731206575827,-0.0026702285558789,-0.0020930461451377,-0.0037943509761259,0.0066495922801142,0.0003813155432284,0.0001907123110576,0.0001907486891811,0.00631520613816,0.0100328836942326,0.005069630410778,0.0043375794358899,19.44,0.0052910052910053,0.0022705780805155
2012-02-02,1322.75,1360000.0,17.98,0.0022705780805155,0.0087519584514084,-0.0005731206575827,-0.0026702285558789,-0.0020930461451377,-0.0037943509761259,0.0066495922801142,0.0003813155432284,0.0001907123110576,0.0001907486891811,0.00631520613816,0.0046670464766473,0.0039967671471144,18.55,-0.2842105263157894,0.0122101639069313
2012-02-03,1339.0,1710000.0,17.1,0.0122101639069313,0.0022705780805155,0.0087519584514084,-0.0005731206575827,-0.0026702285558789,-0.0020930461451377,-0.0037943509761259,0.0066495922801142,0.0003813155432284,0.0001907123110576,0.0001907486891811,0.0062925384292701,0.0053333989777602,17.98,0.2573529411764705,0.0
2012-02-06,1339.0,1200000.0,17.76,0.0,0.0122101639069313,0.0022705780805155,0.0087519584514084,-0.0005731206575827,-0.0026702285558789,-0.0020930461451377,-0.0037943509761259,0.0066495922801142,0.0003813155432284,0.0001907123110576,0.0056673971164986,0.0053414482765988,17.1,-0.2982456140350877,0.0042850554621794
2012-02-07,1344.75,1500000.0,17.65,0.0042850554621794,0.0,0.0122101639069313,0.0022705780805155,0.0087519584514084,-0.0005731206575827,-0.0026702285558789,-0.0020930461451377,-0.0037943509761259,0.0066495922801142,0.0003813155432284,0.0049436000681988,0.0053434546473814,17.76,0.25,0.001671775257012
2012-02-08,1347.0,1540000.0,18.16,0.001671775257012,0.0042850554621794,0.0,0.0122101639069313,0.0022705780805155,0.0087519584514084,-0.0005731206575827,-0.0026702285558789,-0.0020930461451377,-0.0037943509761259,0.0066495922801142,0.0047922146406938,0.0051423943999162,17.65,0.0266666666666666,0.0009275578069724
2012-02-09,1348.25,1760000.0,18.63,0.0009275578069724,0.001671775257012,0.0042850554621794,0.0,0.0122101639069313,0.0022705780805155,0.0087519584514084,-0.0005731206575827,-0.0026702285558789,-0.0020930461451377,-0.0037943509761259,0.0049544074423501,0.0047526419895927,18.16,0.1428571428571428,-0.0057647765413224
2012-02-10,1340.5,1710000.0,20.79,-0.0057647765413224,0.0009275578069724,0.001671775257012,0.0042850554621794,0.0,0.0122101639069313,0.0022705780805155,0.0087519584514084,-0.0005731206575827,-0.0026702285558789,-0.0020930461451377,0.0037080600952936,0.0052598025323864,18.63,-0.0284090909090909,0.0063208985317418
2012-02-13,1349.0,1240000.0,19.04,0.0063208985317418,-0.0057647765413224,0.0009275578069724,0.001671775257012,0.0042850554621794,0.0,0.0122101639069313,0.0022705780805155,0.0087519584514084,-0.0005731206575827,-0.0026702285558789,0.0045861493592025,0.005118274785429,20.79,-0.2748538011695907,-0.0009270418759778
2012-02-14,1347.75,1740000.0,19.54,-0.0009270418759778,0.0063208985317418,-0.0057647765413224,0.0009275578069724,0.001671775257012,0.0042850554621794,0.0,0.0122101639069313,0.0022705780805155,0.0087519584514084,-0.0005731206575827,0.004379150728059,0.0051469479248236,19.04,0.403225806451613,-0.0040892250290992
2012-02-15,1342.25,2280000.0,21.14,-0.0040892250290992,-0.0009270418759778,0.0063208985317418,-0.0057647765413224,0.0009275578069724,0.001671775257012,0.0042850554621794,0.0,0.0122101639069313,0.0022705780805155,0.0087519584514084,0.0047204900155856,0.0051472780806014,19.54,0.3103448275862068,0.0092696251435447
2012-02-16,1354.75,1960000.0,19.22,0.0092696251435447,-0.0040892250290992,-0.0009270418759778,0.0063208985317418,-0.0057647765413224,0.0009275578069724,0.001671775257012,0.0042850554621794,0.0,0.0122101639069313,0.0022705780805155,0.0065587213899852,0.005682900729313,21.14,-0.1403508771929824,0.0036839238568465
2012-02-17,1359.75,1250000.0,17.78,0.0036839238568465,0.0092696251435447,-0.0040892250290992,-0.0009270418759778,0.0063208985317418,-0.0057647765413224,0.0009275578069724,0.001671775257012,0.0042850554621794,0.0,0.0122101639069313,0.0053938165651309,0.0045781372465109,19.22,-0.3622448979591837,0.0001838404270276
2012-02-21,1360.0,1580000.0,18.19,0.0001838404270276,0.0036839238568465,0.0092696251435447,-0.0040892250290992,-0.0009270418759778,0.0063208985317418,-0.0057647765413224,0.0009275578069724,0.001671775257012,0.0042850554621794,0.0,0.0050970992819771,0.0045716404958695,17.78,0.264,-0.0029455102297568
2012-02-22,1356.0,1440000.0,18.19,-0.0029455102297568,0.0001838404270276,0.0036839238568465,0.0092696251435447,-0.0040892250290992,-0.0009270418759778,0.0063208985317418,-0.0057647765413224,0.0009275578069724,0.001671775257012,0.0042850554621794,0.0054194177929801,0.0046629649077804,18.19,-0.0886075949367088,0.0051489631961917
2012-02-23,1363.0,1600000.0,16.8,0.0051489631961917,-0.0029455102297568,0.0001838404270276,0.0036839238568465,0.0092696251435447,-0.0040892250290992,-0.0009270418759778,0.0063208985317418,-0.0057647765413224,0.0009275578069724,0.001671775257012,0.0046810951182977,0.0048580213632275,18.19,0.1111111111111111,0.0001834021096383
2012-02-24,1363.25,1170000.0,17.31,0.0001834021096383,0.0051489631961917,-0.0029455102297568,0.0001838404270276,0.0036839238568465,0.0092696251435447,-0.0040892250290992,-0.0009270418759778,0.0063208985317418,-0.0057647765413224,0.0009275578069724,0.0032016608370201,0.0048680212299579,16.8,-0.26875,0.0029298684207112
2012-02-27,1367.25,1660000.0,18.19,0.0029298684207112,0.0001834021096383,0.0051489631961917,-0.0029455102297568,0.0001838404270276,0.0036839238568465,0.0092696251435447,-0.0040892250290992,-0.0009270418759778,0.0063208985317418,-0.0057647765413224,0.0030736043341836,0.0042404243498041,17.31,0.4188034188034188,0.0031036081507758
2012-02-28,1371.5,1540000.0,17.96,0.0031036081507758,0.0029298684207112,0.0001834021096383,0.0051489631961917,-0.0029455102297568,0.0001838404270276,0.0036839238568465,0.0092696251435447,-0.0040892250290992,-0.0009270418759778,0.0063208985317418,0.0031327944533758,0.0039887096398576,18.19,-0.072289156626506,-0.0051169702292647
2012-02-29,1364.5,2280000.0,18.43,-0.0051169702292647,0.0031036081507758,0.0029298684207112,0.0001834021096383,0.0051489631961917,-0.0029455102297568,0.0001838404270276,0.0036839238568465,0.0092696251435447,-0.0040892250290992,-0.0009270418759778,0.003972898054261,0.0044798086592677,17.96,0.4805194805194805,0.0073019674569073
2012-03-01,1374.5,1970000.0,17.26,0.0073019674569073,-0.0051169702292647,0.0031036081507758,0.0029298684207112,0.0001834021096383,0.0051489631961917,-0.0029455102297568,0.0001838404270276,0.0036839238568465,0.0092696251435447,-0.0040892250290992,0.0045725801841438,0.0044234160978951,18.43,-0.1359649122807017,-0.0041921140404894
2012-03-02,1368.75,1460000.0,17.29,-0.0041921140404894,0.0073019674569073,-0.0051169702292647,0.0031036081507758,0.0029298684207112,0.0001834021096383,0.0051489631961917,-0.0029455102297568,0.0001838404270276,0.0036839238568465,0.0092696251435447,0.0052926867263332,0.0041304986742089,17.26,-0.2588832487309644,-0.0031098534164177
2012-03-05,1364.5,1540000.0,18.05,-0.0031098534164177,-0.0041921140404894,0.0073019674569073,-0.0051169702292647,0.0031036081507758,0.0029298684207112,0.0001834021096383,0.0051489631961917,-0.0029455102297568,0.0001838404270276,0.0036839238568465,0.0053751460364049,0.0042032112387768,17.29,0.0547945205479452,-0.0166270226167661
2012-03-06,1342.0,2450000.0,20.87,-0.0166270226167661,-0.0031098534164177,-0.0041921140404894,0.0073019674569073,-0.0051169702292647,0.0031036081507758,0.0029298684207112,0.0001834021096383,0.0051489631961917,-0.0029455102297568,0.0001838404270276,0.0084947742405225,0.0068222756805571,18.05,0.5909090909090908,0.0079785189912176
2012-03-07,1352.75,1890000.0,19.07,0.0079785189912176,-0.0166270226167661,-0.0031098534164177,-0.0041921140404894,0.0073019674569073,-0.0051169702292647,0.0031036081507758,0.0029298684207112,0.0001834021096383,0.0051489631961917,-0.0029455102297568,0.0100712345387897,0.0073865336581266,20.87,-0.2285714285714285,0.010113168845278
2012-03-08,1366.5,1830000.0,17.95,0.010113168845278,0.0079785189912176,-0.0166270226167661,-0.0031098534164177,-0.0041921140404894,0.0073019674569073,-0.0051169702292647,0.0031036081507758,0.0029298684207112,0.0001834021096383,0.0051489631961917,0.0107566377112367,0.0079353666651414,19.07,-0.0317460317460317,0.004381168015563
2012-03-09,1372.5,904650.0,17.11,0.004381168015563,0.010113168845278,0.0079785189912176,-0.0166270226167661,-0.0031098534164177,-0.0041921140404894,0.0073019674569073,-0.0051169702292647,0.0031036081507758,0.0029298684207112,0.0001834021096383,0.0108369683816912,0.0080413941162411,17.95,-0.505655737704918,0.0
2012-03-12,1372.5,905370.0,15.64,0.0,0.004381168015563,0.010113168845278,0.0079785189912176,-0.0166270226167661,-0.0031098534164177,-0.0041921140404894,0.0073019674569073,-0.0051169702292647,0.0031036081507758,0.0029298684207112,0.0106624423846319,0.0080034449886086,17.11,0.0007958879124523,0.0171561769997247
2012-03-13,1396.25,1030000.0,14.8,0.0171561769997247,0.0,0.004381168015563,0.010113168845278,0.0079785189912176,-0.0166270226167661,-0.0031098534164177,-0.0041921140404894,0.0073019674569073,-0.0051169702292647,0.0031036081507758,0.0064298122612414,0.0096071705210195,15.64,0.1376564277588168,-0.0014334351137473
2012-03-14,1394.25,511160.0,15.31,-0.0014334351137473,0.0171561769997247,0.0,0.004381168015563,0.010113168845278,0.0079785189912176,-0.0166270226167661,-0.0031098534164177,-0.0041921140404894,0.0073019674569073,-0.0051169702292647,0.0076688589950951,0.009380938137179,14.8,-0.5037281553398059,0.0053648197341189
2012-03-15,1401.75,354750.0,15.42,0.0053648197341189,-0.0014334351137473,0.0171561769997247,0.0,0.004381168015563,0.010113168845278,0.0079785189912176,-0.0166270226167661,-0.0031098534164177,-0.0041921140404894,0.0073019674569073,0.0073251933691288,0.0092823704715867,15.31,-0.305990296580327,0.0023941355143665
2012-03-16,1405.11,1380000.0,14.47,0.0023941355143665,0.0053648197341189,-0.0014334351137473,0.0171561769997247,0.0,0.004381168015563,0.010113168845278,0.0079785189912176,-0.0166270226167661,-0.0031098534164177,-0.0041921140404894,0.0074267136246292,0.0090272569635027,15.42,2.890063424947146,-0.0007902859323921
2012-03-19,1404.0,1520000.0,15.04,-0.0007902859323921,0.0023941355143665,0.0053648197341189,-0.0014334351137473,0.0171561769997247,0.0,0.004381168015563,0.010113168845278,0.0079785189912176,-0.0166270226167661,-0.0031098534164177,0.0075588829283595,0.0088924119001945,14.47,0.1014492753623188,-0.0028530689824063
2012-03-20,1400.0,1580000.0,15.58,-0.0028530689824063,-0.0007902859323921,0.0023941355143665,0.0053648197341189,-0.0014334351137473,0.0171561769997247,0.0,0.004381168015563,0.010113168845278,0.0079785189912176,-0.0166270226167661,0.0033126146880505,0.0061983036203082,15.04,0.0394736842105263,-0.0017873105740957
2012-03-21,1397.5,1530000.0,15.13,-0.0017873105740957,-0.0028530689824063,-0.0007902859323921,0.0023941355143665,0.0053648197341189,-0.0014334351137473,0.0171561769997247,0.0,0.004381168015563,0.010113168845278,0.0079785189912176,0.0033685316742383,0.0063105913688852,15.58,-0.0316455696202531,-0.0061008622749104
2012-03-22,1389.0,1680000.0,15.57,-0.0061008622749104,-0.0017873105740957,-0.0028530689824063,-0.0007902859323921,0.0023941355143665,0.0053648197341189,-0.0014334351137473,0.0171561769997247,0.0,0.004381168015563,0.010113168845278,0.0030908353036083,0.0064343285091186,15.13,0.0980392156862746,0.0035932485661254
2012-03-23,1394.0,1560000.0,14.82,0.0035932485661254,-0.0061008622749104,-0.0017873105740957,-0.0028530689824063,-0.0007902859323921,0.0023941355143665,0.0053648197341189,-0.0014334351137473,0.0171561769997247,0.0,0.004381168015563,0.0035173759392797,0.006401679695493,15.57,-0.0714285714285714,0.0149522187568688
2012-03-26,1415.0,1460000.0,14.26,0.0149522187568688,0.0035932485661254,-0.0061008622749104,-0.0017873105740957,-0.0028530689824063,-0.0007902859323921,0.0023941355143665,0.0053648197341189,-0.0014334351137473,0.0171561769997247,0.0,0.0082591478996109,0.0076271719707829,14.82,-0.0641025641025641,-0.0060251821474264
2012-03-27,1406.5,1250000.0,15.59,-0.0060251821474264,0.0149522187568688,0.0035932485661254,-0.0061008622749104,-0.0017873105740957,-0.0028530689824063,-0.0007902859323921,0.0023941355143665,0.0053648197341189,-0.0014334351137473,0.0171561769997247,0.0087878724328673,0.0062643674970534,14.26,-0.1438356164383561,-0.0044535568399697
2012-03-28,1400.25,1760000.0,15.47,-0.0044535568399697,-0.0060251821474264,0.0149522187568688,0.0035932485661254,-0.0061008622749104,-0.0017873105740957,-0.0028530689824063,-0.0007902859323921,0.0023941355143665,0.0053648197341189,-0.0014334351137473,0.0090700725475521,0.006450374853247,15.59,0.4079999999999999,-0.0014293373882443
2012-03-29,1398.25,1830000.0,15.48,-0.0014293373882443,-0.0044535568399697,-0.0060251821474264,0.0149522187568688,0.0035932485661254,-0.0061008622749104,-0.0017873105740957,-0.0028530689824063,-0.0007902859323921,0.0023941355143665,0.0053648197341189,0.0084535389497468,0.0062267051487595,15.47,0.0397727272727272,0.0035695201206114
2012-03-30,1403.25,1620000.0,15.5,0.0035695201206114,-0.0014293373882443,-0.0044535568399697,-0.0060251821474264,0.0149522187568688,0.0035932485661254,-0.0061008622749104,-0.0017873105740957,-0.0028530689824063,-0.0007902859323921,0.0023941355143665,0.0084519555002524,0.0062929046625593,15.48,-0.1147540983606557,0.0065702091982872
2012-04-02,1412.5,1720000.0,15.64,0.0065702091982872,0.0035695201206114,-0.0014293373882443,-0.0044535568399697,-0.0060251821474264,0.0149522187568688,0.0035932485661254,-0.0061008622749104,-0.0017873105740957,-0.0028530689824063,-0.0007902859323921,0.0053259671972333,0.0066289031854108,15.5,0.0617283950617284,-0.00265839766661
2012-04-03,1408.75,1670000.0,15.66,-0.00265839766661,0.0065702091982872,0.0035695201206114,-0.0014293373882443,-0.0044535568399697,-0.0060251821474264,0.0149522187568688,0.0035932485661254,-0.0061008622749104,-0.0017873105740957,-0.0028530689824063,0.0045919052258042,0.0066179008113341,15.64,-0.0290697674418605,-0.0110636389043403
2012-04-04,1393.25,1830000.0,16.44,-0.0110636389043403,-0.00265839766661,0.0065702091982872,0.0035695201206114,-0.0014293373882443,-0.0044535568399697,-0.0060251821474264,0.0149522187568688,0.0035932485661254,-0.0061008622749104,-0.0017873105740957,0.0067527771274024,0.007574323771497,15.66,0.095808383233533,-0.0021555603819723
2012-04-05,1390.25,1540000.0,16.7,-0.0021555603819723,-0.0110636389043403,-0.00265839766661,0.0065702091982872,0.0035695201206114,-0.0014293373882443,-0.0044535568399697,-0.0060251821474264,0.0149522187568688,0.0035932485661254,-0.0061008622749104,0.0067720403558192,0.0073379236233462,16.44,-0.1584699453551912,-0.0110298559670016
2012-04-09,1375.0,1080000.0,18.81,-0.0110298559670016,-0.0021555603819723,-0.0110636389043403,-0.00265839766661,0.0065702091982872,0.0035695201206114,-0.0014293373882443,-0.0044535568399697,-0.0060251821474264,0.0149522187568688,0.0035932485661254,0.0073522496496513,0.0079902693695581,16.7,-0.2987012987012987,-0.0131773502658024
2012-04-10,1357.0,2520000.0,20.39,-0.0131773502658024,-0.0110298559670016,-0.0021555603819723,-0.0110636389043403,-0.00265839766661,0.0065702091982872,0.0035695201206114,-0.0014293373882443,-0.0044535568399697,-0.0060251821474264,0.0149522187568688,0.0051975864089148,0.0063973814546356,18.81,1.3333333333333337,0.0051451785685382
2012-04-11,1364.0,1740000.0,20.02,0.0051451785685382,-0.0131773502658024,-0.0110298559670016,-0.0021555603819723,-0.0110636389043403,-0.00265839766661,0.0065702091982872,0.0035695201206114,-0.0014293373882443,-0.0044535568399697,-0.0060251821474264,0.0077525506909273,0.0069883530811917,20.39,-0.3095238095238095,0.0160003413464411
2012-04-12,1386.0,1850000.0,17.2,0.0160003413464411,0.0051451785685382,-0.0131773502658024,-0.0110298559670016,-0.0021555603819723,-0.0110636389043403,-0.00265839766661,0.0065702091982872,0.0035695201206114,-0.0014293373882443,-0.0044535568399697,0.0120102724398765,0.009185682090868,20.02,0.0632183908045977,-0.0152674721307884
2012-04-13,1365.0,1940000.0,19.55,-0.0152674721307884,0.0160003413464411,0.0051451785685382,-0.0131773502658024,-0.0110298559670016,-0.0021555603819723,-0.0110636389043403,-0.00265839766661,0.0065702091982872,0.0035695201206114,-0.0014293373882443,0.0136353232796544,0.0102360167302841,17.2,0.0486486486486485,-0.0007328692156526
2012-04-16,1364.0,1960000.0,19.55,-0.0007328692156526,-0.0152674721307884,0.0160003413464411,0.0051451785685382,-0.0131773502658024,-0.0110298559670016,-0.0021555603819723,-0.0110636389043403,-0.00265839766661,0.0065702091982872,0.0035695201206114,0.013008228086957,0.0100455616028226,19.55,0.0103092783505154,0.0141949608235732
2012-04-17,1383.5,1850000.0,18.46,0.0141949608235732,-0.0007328692156526,-0.0152674721307884,0.0160003413464411,0.0051451785685382,-0.0131773502658024,-0.0110298559670016,-0.0021555603819723,-0.0110636389043403,-0.00265839766661,0.0065702091982872,0.0126768026597594,0.0110754849437267,19.55,-0.0561224489795918,-0.0038019417571875
2012-04-18,1378.25,1850000.0,18.64,-0.0038019417571875,0.0141949608235732,-0.0007328692156526,-0.0152674721307884,0.0160003413464411,0.0051451785685382,-0.0131773502658024,-0.0110298559670016,-0.0021555603819723,-0.0110636389043403,-0.00265839766661,0.013076624474604,0.0110880803206392,18.46,0.0,-0.0041806840861072
2012-04-19,1372.5,2630000.0,18.36,-0.0041806840861072,-0.0038019417571875,0.0141949608235732,-0.0007328692156526,-0.0152674721307884,0.0160003413464411,0.0051451785685382,-0.0131773502658024,-0.0110298559670016,-0.0021555603819723,-0.0110636389043403,0.0105818427289684,0.0106821624052827,18.64,0.4216216216216215,0.0020016383718818
2012-04-20,1375.25,1810000.0,17.44,0.0020016383718818,-0.0041806840861072,-0.0038019417571875,0.0141949608235732,-0.0007328692156526,-0.0152674721307884,0.0160003413464411,0.0051451785685382,-0.0131773502658024,-0.0110298559670016,-0.0021555603819723,0.0075296092689865,0.0107346023691223,18.36,-0.311787072243346,-0.0091308158111772
2012-04-23,1362.75,1850000.0,18.97,-0.0091308158111772,0.0020016383718818,-0.0041806840861072,-0.0038019417571875,0.0141949608235732,-0.0007328692156526,-0.0152674721307884,0.0160003413464411,0.0051451785685382,-0.0131773502658024,-0.0110298559670016,0.0089532120893306,0.0105544030292377,17.44,0.022099447513812,0.0053060228777804
2012-04-24,1370.0,1440000.0,18.1,0.0053060228777804,-0.0091308158111772,0.0020016383718818,-0.0041806840861072,-0.0038019417571875,0.0141949608235732,-0.0007328692156526,-0.0152674721307884,0.0160003413464411,0.0051451785685382,-0.0131773502658024,0.0056620324754534,0.0097524254179334,18.97,-0.2216216216216215,0.0125126303838399
2012-04-25,1387.25,1830000.0,16.82,0.0125126303838399,0.0053060228777804,-0.0091308158111772,0.0020016383718818,-0.0041806840861072,-0.0038019417571875,0.0141949608235732,-0.0007328692156526,-0.0152674721307884,0.0160003413464411,0.0051451785685382,0.0083830692008697,0.010363421516194,18.1,0.2708333333333332,0.0068247391332474
2012-04-26,1396.75,1670000.0,16.24,0.0068247391332474,0.0125126303838399,0.0053060228777804,-0.0091308158111772,0.0020016383718818,-0.0041806840861072,-0.0038019417571875,0.0141949608235732,-0.0007328692156526,-0.0152674721307884,0.0160003413464411,0.0080206868562864,0.0093081110487279,16.82,-0.087431693989071,0.0012521243027561
2012-04-27,1398.5,1620000.0,16.32,0.0012521243027561,0.0068247391332474,0.0125126303838399,0.0053060228777804,-0.0091308158111772,0.0020016383718818,-0.0041806840861072,-0.0038019417571875,0.0141949608235732,-0.0007328692156526,-0.0152674721307884,0.0080626521012595,0.007419374153449,16.24,-0.029940119760479,-0.0035816657200114
2012-04-30,1393.5,1320000.0,17.15,-0.0035816657200114,0.0012521243027561,0.0068247391332474,0.0125126303838399,0.0053060228777804,-0.0091308158111772,0.0020016383718818,-0.0041806840861072,-0.0038019417571875,0.0141949608235732,-0.0007328692156526,0.0060438277947057,0.0076064151015156,16.32,-0.1851851851851852,0.0050107477781604
2012-05-01,1400.5,1310000.0,16.6,0.0050107477781604,-0.0035816657200114,0.0012521243027561,0.0068247391332474,0.0125126303838399,0.0053060228777804,-0.0091308158111772,0.0020016383718818,-0.0041806840861072,-0.0038019417571875,0.0141949608235732,0.006034964467921,0.0064566640579081,17.15,-0.0075757575757575,-0.002144389670909
2012-05-02,1397.5,1680000.0,16.88,-0.002144389670909,0.0050107477781604,-0.0035816657200114,0.0012521243027561,0.0068247391332474,0.0125126303838399,0.0053060228777804,-0.0091308158111772,0.0020016383718818,-0.0041806840861072,-0.0038019417571875,0.0044676813999439,0.0063334809274974,16.6,0.2824427480916029,-0.0082630252794056
2012-05-03,1386.0,1760000.0,17.56,-0.0082630252794056,-0.002144389670909,0.0050107477781604,-0.0035816657200114,0.0012521243027561,0.0068247391332474,0.0125126303838399,0.0053060228777804,-0.0091308158111772,0.0020016383718818,-0.0041806840861072,0.0050110096759827,0.0068432808940241,16.88,0.0476190476190476,-0.0171006532124493
2012-05-04,1362.5,2080000.0,19.16,-0.0171006532124493,-0.0082630252794056,-0.002144389670909,0.0050107477781604,-0.0035816657200114,0.0012521243027561,0.0068247391332474,0.0125126303838399,0.0053060228777804,-0.0091308158111772,0.0020016383718818,0.0081734563297687,0.008886976367579,17.56,0.1818181818181818,0.0023824807384279
2012-05-07,1365.75,1610000.0,18.94,0.0023824807384279,-0.0171006532124493,-0.0082630252794056,-0.002144389670909,0.0050107477781604,-0.0035816657200114,0.0012521243027561,0.0068247391332474,0.0125126303838399,0.0053060228777804,-0.0091308158111772,0.0088765250392297,0.0084413110062719,19.16,-0.2259615384615384,-0.0053225784094245
2012-05-08,1358.5,2310000.0,19.05,-0.0053225784094245,0.0023824807384279,-0.0171006532124493,-0.0082630252794056,-0.002144389670909,0.0050107477781604,-0.0035816657200114,0.0012521243027561,0.0068247391332474,0.0125126303838399,0.0053060228777804,0.0073125957940162,0.0083987784302755,18.94,0.4347826086956521,-0.0055360909062035
2012-05-09,1351.0,2520000.0,20.08,-0.0055360909062035,-0.0053225784094245,0.0023824807384279,-0.0171006532124493,-0.0082630252794056,-0.002144389670909,0.0050107477781604,-0.0035816657200114,0.0012521243027561,0.0068247391332474,0.0125126303838399,0.0070060146361087,0.0070390450545995,19.05,0.0909090909090908,0.0047997138478915
2012-05-10,1357.5,1840000.0,18.83,0.0047997138478915,-0.0055360909062035,-0.0053225784094245,0.0023824807384279,-0.0171006532124493,-0.0082630252794056,-0.002144389670909,0.0050107477781604,-0.0035816657200114,0.0012521243027561,0.0068247391332474,0.0085700954214007,0.0067598460174196,20.08,-0.2698412698412699,-0.0055401803756153
2012-05-11,1350.0,1840000.0,19.89,-0.0055401803756153,0.0047997138478915,-0.0055360909062035,-0.0053225784094245,0.0023824807384279,-0.0171006532124493,-0.0082630252794056,-0.002144389670909,0.0050107477781604,-0.0035816657200114,0.0012521243027561,0.0050347756471009,0.0066420481901248,18.83,0.0,-0.0119226449569061
2012-05-14,1334.0,1910000.0,21.87,-0.0119226449569061,-0.0055401803756153,0.0047997138478915,-0.0055360909062035,-0.0053225784094245,0.0023824807384279,-0.0171006532124493,-0.0082630252794056,-0.002144389670909,0.0050107477781604,-0.0035816657200114,0.0060042406561439,0.0071533607899336,19.89,0.0380434782608696,-0.0043196611445163
2012-05-15,1328.25,2400000.0,21.97,-0.0043196611445163,-0.0119226449569061,-0.0055401803756153,0.0047997138478915,-0.0055360909062035,-0.0053225784094245,0.0023824807384279,-0.0171006532124493,-0.0082630252794056,-0.002144389670909,0.0050107477781604,0.0059951698542425,0.0063591741148389,21.87,0.256544502617801,-0.0043384015985981
2012-05-16,1322.5,2280000.0,22.27,-0.0043384015985981,-0.0043196611445163,-0.0119226449569061,-0.0055401803756153,0.0047997138478915,-0.0055360909062035,-0.0053225784094245,0.0023824807384279,-0.0171006532124493,-0.0082630252794056,-0.002144389670909,0.0059674747826995,0.0062756296939443,21.97,-0.05,-0.0161985438032758
2012-05-17,1301.25,2910000.0,24.49,-0.0161985438032758,-0.0043384015985981,-0.0043196611445163,-0.0119226449569061,-0.0055401803756153,0.0047997138478915,-0.0055360909062035,-0.0053225784094245,0.0023824807384279,-0.0171006532124493,-0.0082630252794056,0.0053509396518933,0.0071080818529379,22.27,0.2763157894736843,-0.0081018961694201
2012-05-18,1290.75,2820000.0,25.1,-0.0081018961694201,-0.0161985438032758,-0.0043384015985981,-0.0043196611445163,-0.0119226449569061,-0.0055401803756153,0.0047997138478915,-0.0055360909062035,-0.0053225784094245,0.0023824807384279,-0.0171006532124493,0.0051186112180273,0.0060863434514738,24.49,-0.0309278350515463,0.0191834004741298
2012-05-21,1315.75,2050000.0,22.01,0.0191834004741298,-0.0081018961694201,-0.0161985438032758,-0.0043384015985981,-0.0043196611445163,-0.0119226449569061,-0.0055401803756153,0.0047997138478915,-0.0055360909062035,-0.0053225784094245,0.0023824807384279,0.0131868012527484,0.0097140808842856,25.1,-0.2730496453900709,-0.0007603117644347
2012-05-22,1314.75,2450000.0,22.48,-0.0007603117644347,0.0191834004741298,-0.0081018961694201,-0.0161985438032758,-0.0043384015985981,-0.0043196611445163,-0.0119226449569061,-0.0055401803756153,0.0047997138478915,-0.0055360909062035,-0.0053225784094245,0.013177289912398,0.009738062648366,22.01,0.1951219512195121,0.0007603117644347
2012-05-23,1315.75,2560000.0,22.33,0.0007603117644347,-0.0007603117644347,0.0191834004741298,-0.0081018961694201,-0.0161985438032758,-0.0043384015985981,-0.0043196611445163,-0.0119226449569061,-0.0055401803756153,0.0047997138478915,-0.0055360909062035,0.0131525256695229,0.0097789805496315,22.48,0.0448979591836735,0.005117039498566
2012-05-24,1322.5,2170000.0,21.54,0.005117039498566,0.0007603117644347,-0.0007603117644347,0.0191834004741298,-0.0081018961694201,-0.0161985438032758,-0.0043384015985981,-0.0043196611445163,-0.0119226449569061,-0.0055401803756153,0.0047997138478915,0.0101057564314816,0.0098062951472607,22.33,-0.15234375,-0.0056872191205895
2012-05-25,1315.0,1520000.0,21.76,-0.0056872191205895,0.005117039498566,0.0007603117644347,-0.0007603117644347,0.0191834004741298,-0.0081018961694201,-0.0161985438032758,-0.0043384015985981,-0.0043196611445163,-0.0119226449569061,-0.0055401803756153,0.0094656901249557,0.009811282421606,21.54,-0.2995391705069125,0.013970399010204
2012-05-29,1333.5,2240000.0,21.03,0.013970399010204,-0.0056872191205895,0.005117039498566,0.0007603117644347,-0.0007603117644347,0.0191834004741298,-0.0081018961694201,-0.0161985438032758,-0.0043384015985981,-0.0043196611445163,-0.0119226449569061,0.0073983710215118,0.0104793993401574,21.76,0.4736842105263157,-0.0189256216518683
2012-05-30,1308.5,2310000.0,24.14,-0.0189256216518683,0.013970399010204,-0.0056872191205895,0.005117039498566,0.0007603117644347,-0.0007603117644347,0.0191834004741298,-0.0081018961694201,-0.0161985438032758,-0.0043384015985981,-0.0043196611445163,0.0123279825443518,0.0120436772910371,21.03,0.03125,0.0005730111893964
2012-05-31,1309.25,2750000.0,24.06,0.0005730111893964,-0.0189256216518683,0.013970399010204,-0.0056872191205895,0.005117039498566,0.0007603117644347,-0.0007603117644347,0.0191834004741298,-0.0081018961694201,-0.0161985438032758,-0.0043384015985981,0.0123217578324085,0.0120150891298415,24.14,0.1904761904761904,-0.0272928970274883
2012-06-01,1274.0,3280000.0,26.66,-0.0272928970274883,0.0005730111893964,-0.0189256216518683,0.013970399010204,-0.0056872191205895,0.005117039498566,0.0007603117644347,-0.0007603117644347,0.0191834004741298,-0.0081018961694201,-0.0161985438032758,0.0162152515396208,0.0139328527697589,24.06,0.1927272727272726,-0.000785237574702
2012-06-04,1273.0,2340000.0,26.12,-0.000785237574702,-0.0272928970274883,0.0005730111893964,-0.0189256216518683,0.013970399010204,-0.0056872191205895,0.005117039498566,0.0007603117644347,-0.0007603117644347,0.0191834004741298,-0.0081018961694201,0.0164959355467029,0.0137748226044904,26.66,-0.2865853658536585,0.0093823987719137
2012-06-05,1285.0,2040000.0,24.68,0.0093823987719137,-0.000785237574702,-0.0272928970274883,0.0005730111893964,-0.0189256216518683,0.013970399010204,-0.0056872191205895,0.005117039498566,0.0007603117644347,-0.0007603117644347,0.0191834004741298,0.0151454591961119,0.0124319887121824,26.12,-0.1282051282051282,0.0234581031510271
2012-06-06,1315.5,2840000.0,22.16,0.0234581031510271,0.0093823987719137,-0.000785237574702,-0.0272928970274883,0.0005730111893964,-0.0189256216518683,0.013970399010204,-0.0056872191205895,0.005117039498566,0.0007603117644347,-0.0007603117644347,0.0185638487753422,0.0148943855465798,24.68,0.392156862745098,0.0009497578831512
2012-06-07,1316.75,2580000.0,21.72,0.0009497578831512,0.0234581031510271,0.0093823987719137,-0.000785237574702,-0.0272928970274883,0.0005730111893964,-0.0189256216518683,0.013970399010204,-0.0056872191205895,0.005117039498566,0.0007603117644347,0.0185621065717824,0.0148954999043176,22.16,-0.0915492957746478,0.009072071292659
2012-06-08,1328.75,1330000.0,21.23,0.009072071292659,0.0009497578831512,0.0234581031510271,0.0093823987719137,-0.000785237574702,-0.0272928970274883,0.0005730111893964,-0.0189256216518683,0.013970399010204,-0.0056872191205895,0.005117039498566,0.0095921421733825,0.0150953872966699,21.72,-0.4844961240310077,-0.0165042160319357
2012-06-11,1307.0,1170000.0,23.56,-0.0165042160319357,0.009072071292659,0.0009497578831512,0.0234581031510271,0.0093823987719137,-0.000785237574702,-0.0272928970274883,0.0005730111893964,-0.0189256216518683,0.013970399010204,-0.0056872191205895,0.0146198121447304,0.0159491564517453,21.23,-0.1203007518796992,0.0149979080837824
2012-06-12,1326.75,817730.0,22.09,0.0149979080837824,-0.0165042160319357,0.009072071292659,0.0009497578831512,0.0234581031510271,0.0093823987719137,-0.000785237574702,-0.0272928970274883,0.0005730111893964,-0.0189256216518683,0.013970399010204,0.015218007290349,0.0160564765892067,23.56,-0.30108547008547,-0.0085155212276569
2012-06-13,1315.5,511480.0,24.27,-0.0085155212276569,0.0149979080837824,-0.0165042160319357,0.009072071292659,0.0009497578831512,0.0234581031510271,0.0093823987719137,-0.000785237574702,-0.0272928970274883,0.0005730111893964,-0.0189256216518683,0.012777372706006,0.0150346177015008,22.09,-0.3745123696085505,0.0132152196983611
2012-06-14,1333.0,485340.0,21.68,0.0132152196983611,-0.0085155212276569,0.0149979080837824,-0.0165042160319357,0.009072071292659,0.0009497578831512,0.0234581031510271,0.0093823987719137,-0.000785237574702,-0.0272928970274883,0.0005730111893964,0.0141129080455094,0.0155606287990878,24.27,-0.0511065926331429,0.0025997684592209
2012-06-15,1336.47,1820000.0,21.11,0.0025997684592209,0.0132152196983611,-0.0085155212276569,0.0149979080837824,-0.0165042160319357,0.009072071292659,0.0009497578831512,0.0234581031510271,0.0093823987719137,-0.000785237574702,-0.0272928970274883,0.0136430310508419,0.0117578264313196,21.68,2.749948489718548,0.0033837946437489
2012-06-18,1341.0,2070000.0,18.32,0.0033837946437489,0.0025997684592209,0.0132152196983611,-0.0085155212276569,0.0149979080837824,-0.0165042160319357,0.009072071292659,0.0009497578831512,0.0234581031510271,0.0093823987719137,-0.000785237574702,0.0094656979085249,0.0116112933612037,21.11,0.1373626373626373,0.0070592899509917
2012-06-19,1350.5,1770000.0,18.38,0.0070592899509917,0.0033837946437489,0.0025997684592209,0.0132152196983611,-0.0085155212276569,0.0149979080837824,-0.0165042160319357,0.009072071292659,0.0009497578831512,0.0234581031510271,0.0093823987719137,0.0079410160461104,0.0115414339104929,18.32,-0.144927536231884,0.0001850994915048
2012-06-20,1350.75,2360000.0,17.24,0.0001850994915048,0.0070592899509917,0.0033837946437489,0.0025997684592209,0.0132152196983611,-0.0085155212276569,0.0149979080837824,-0.0165042160319357,0.009072071292659,0.0009497578831512,0.0234581031510271,0.0050712537571873,0.0095791417359896,18.38,0.3333333333333332,-0.0243548943135959
2012-06-21,1318.25,2710000.0,20.08,-0.0243548943135959,0.0001850994915048,0.0070592899509917,0.0033837946437489,0.0025997684592209,0.0132152196983611,-0.0085155212276569,0.0149979080837824,-0.0165042160319357,0.009072071292659,0.0009497578831512,0.0126142360952883,0.0128577385155803,17.24,0.1483050847457627,0.0064272432974252
2012-06-22,1326.75,1860000.0,18.11,0.0064272432974252,-0.0243548943135959,0.0001850994915048,0.0070592899509917,0.0033837946437489,0.0025997684592209,0.0132152196983611,-0.0085155212276569,0.0149979080837824,-0.0165042160319357,0.009072071292659,0.013087511151509,0.0126789530890407,20.08,-0.3136531365313653,-0.0153805367473371
2012-06-25,1306.5,1840000.0,20.38,-0.0153805367473371,0.0064272432974252,-0.0243548943135959,0.0001850994915048,0.0070592899509917,0.0033837946437489,0.0025997684592209,0.0132152196983611,-0.0085155212276569,0.0149979080837824,-0.0165042160319357,0.0140092359170402,0.0125219215893492,18.11,-0.010752688172043,0.0068650155196803
2012-06-26,1315.5,1810000.0,19.72,0.0068650155196803,-0.0153805367473371,0.0064272432974252,-0.0243548943135959,0.0001850994915048,0.0070592899509917,0.0033837946437489,0.0025997684592209,0.0132152196983611,-0.0085155212276569,0.0149979080837824,0.0139668953873154,0.0116720992308615,20.38,-0.0163043478260869,0.0075729252487327
2012-06-27,1325.5,1620000.0,19.45,0.0075729252487327,0.0068650155196803,-0.0153805367473371,0.0064272432974252,-0.0243548943135959,0.0001850994915048,0.0070592899509917,0.0033837946437489,0.0025997684592209,0.0132152196983611,-0.0085155212276569,0.0150357210888277,0.0116069552406951,19.72,-0.1049723756906076,-0.0022658619966257
2012-06-28,1322.5,2290000.0,19.71,-0.0022658619966257,0.0075729252487327,0.0068650155196803,-0.0153805367473371,0.0064272432974252,-0.0243548943135959,0.0001850994915048,0.0070592899509917,0.0033837946437489,0.0025997684592209,0.0132152196983611,0.0098159311421141,0.0107624130627111,19.45,0.4135802469135803,0.0253839683665318
2012-06-29,1356.5,2490000.0,17.08,0.0253839683665318,-0.0022658619966257,0.0075729252487327,0.0068650155196803,-0.0153805367473371,0.0064272432974252,-0.0243548943135959,0.0001850994915048,0.0070592899509917,0.0033837946437489,0.0025997684592209,0.0149345896658165,0.0135981089180141,19.71,0.0873362445414847,0.0007369197091041
2012-07-02,1357.5,1690000.0,16.74,0.0007369197091041,0.0253839683665318,-0.0022658619966257,0.0075729252487327,0.0068650155196803,-0.0153805367473371,0.0064272432974252,-0.0243548943135959,0.0001850994915048,0.0070592899509917,0.0033837946437489,0.0107381376899264,0.0135828506679193,17.08,-0.321285140562249,0.0077050463744051
2012-07-03,1368.0,1050000.0,16.66,0.0077050463744051,0.0007369197091041,0.0253839683665318,-0.0022658619966257,0.0075729252487327,0.0068650155196803,-0.0153805367473371,0.0064272432974252,-0.0243548943135959,0.0001850994915048,0.0070592899509917,0.0107291852661544,0.0136151775703967,16.74,-0.378698224852071,-0.0047627860686815
2012-07-05,1361.5,1890000.0,17.5,-0.0047627860686815,0.0077050463744051,0.0007369197091041,0.0253839683665318,-0.0022658619966257,0.0075729252487327,0.0068650155196803,-0.0153805367473371,0.0064272432974252,-0.0243548943135959,0.0001850994915048,0.0121290559250212,0.0137489392951402,16.66,0.8,-0.0071869838517
2012-07-06,1351.75,1960000.0,17.1,-0.0071869838517,-0.0047627860686815,0.0077050463744051,0.0007369197091041,0.0253839683665318,-0.0022658619966257,0.0075729252487327,0.0068650155196803,-0.0153805367473371,0.0064272432974252,-0.0243548943135959,0.0130659882274299,0.0110709830441495,17.5,0.0370370370370369,-0.001851166763362
2012-07-09,1349.25,1470000.0,17.98,-0.001851166763362,-0.0071869838517,-0.0047627860686815,0.0077050463744051,0.0007369197091041,0.0253839683665318,-0.0022658619966257,0.0075729252487327,0.0068650155196803,-0.0153805367473371,0.0064272432974252,0.0057430558833463,0.0110549807869968,17.1,-0.25,-0.0102431289487365
2012-07-10,1335.5,2020000.0,18.72,-0.0102431289487365,-0.001851166763362,-0.0071869838517,-0.0047627860686815,0.0077050463744051,0.0007369197091041,0.0253839683665318,-0.0022658619966257,0.0075729252487327,0.0068650155196803,-0.0153805367473371,0.0068676853203139,0.010265130845136,17.98,0.3741496598639455,0.0005614297892395
2012-07-11,1336.25,1910000.0,17.95,0.0005614297892395,-0.0102431289487365,-0.001851166763362,-0.0071869838517,-0.0047627860686815,0.0077050463744051,0.0007369197091041,0.0253839683665318,-0.0022658619966257,0.0075729252487327,0.0068650155196803,0.0042636176905836,0.0101392919190464,18.72,-0.0544554455445545,-0.0052523099548071
2012-07-12,1329.25,1900000.0,18.33,-0.0052523099548071,0.0005614297892395,-0.0102431289487365,-0.001851166763362,-0.0071869838517,-0.0047627860686815,0.0077050463744051,0.0007369197091041,0.0253839683665318,-0.0022658619966257,0.0075729252487327,0.0042711333619535,0.0101059936956289,17.95,-0.0052356020942407,0.0167851758776663
2012-07-13,1351.75,1760000.0,16.74,0.0167851758776663,-0.0052523099548071,0.0005614297892395,-0.0102431289487365,-0.001851166763362,-0.0071869838517,-0.0047627860686815,0.0077050463744051,0.0007369197091041,0.0253839683665318,-0.0022658619966257,0.010222433682348,0.0112976371789772,18.33,-0.0736842105263158,-0.003149025478962
2012-07-16,1347.5,1550000.0,17.11,-0.003149025478962,0.0167851758776663,-0.0052523099548071,0.0005614297892395,-0.0102431289487365,-0.001851166763362,-0.0071869838517,-0.0047627860686815,0.0077050463744051,0.0007369197091041,0.0253839683665318,0.0102973935681833,0.0078720693572148,16.74,-0.1193181818181817,0.0081301260832503
2012-07-17,1358.5,1970000.0,16.48,0.0081301260832503,-0.003149025478962,0.0167851758776663,-0.0052523099548071,0.0005614297892395,-0.0102431289487365,-0.001851166763362,-0.0071869838517,-0.0047627860686815,0.0077050463744051,0.0007369197091041,0.0090463469455652,0.008351036500485,17.11,0.2709677419354839,0.0064202733604796
2012-07-18,1367.25,1800000.0,16.16,0.0064202733604796,0.0081301260832503,-0.003149025478962,0.0167851758776663,-0.0052523099548071,0.0005614297892395,-0.0102431289487365,-0.001851166763362,-0.0071869838517,-0.0047627860686815,0.0077050463744051,0.0089633732333436,0.0082295849590786,16.48,-0.0862944162436548,0.0034681060589484
2012-07-19,1372.0,1740000.0,15.45,0.0034681060589484,0.0064202733604796,0.0081301260832503,-0.003149025478962,0.0167851758776663,-0.0052523099548071,0.0005614297892395,-0.0102431289487365,-0.001851166763362,-0.0071869838517,-0.0047627860686815,0.0072560606125722,0.0081172398494222,16.16,-0.0333333333333333,-0.010072422854198
2012-07-20,1358.25,1800000.0,16.27,-0.010072422854198,0.0034681060589484,0.0064202733604796,0.0081301260832503,-0.003149025478962,0.0167851758776663,-0.0052523099548071,0.0005614297892395,-0.0102431289487365,-0.001851166763362,-0.0071869838517,0.0075185492602019,0.0084748524026554,15.45,0.0344827586206897,-0.0107328935556595
2012-07-23,1343.75,2080000.0,18.62,-0.0107328935556595,-0.010072422854198,0.0034681060589484,0.0064202733604796,0.0081301260832503,-0.003149025478962,0.0167851758776663,-0.0052523099548071,0.0005614297892395,-0.0102431289487365,-0.001851166763362,0.0091438785946302,0.0091821627691261,16.27,0.1555555555555554,-0.0106612811928984
2012-07-24,1329.5,2120000.0,20.47,-0.0106612811928984,-0.0107328935556595,-0.010072422854198,0.0034681060589484,0.0064202733604796,0.0081301260832503,-0.003149025478962,0.0167851758776663,-0.0052523099548071,0.0005614297892395,-0.0102431289487365,0.0085210825687066,0.0092327385861299,18.62,0.0192307692307691,0.0041283601512754
2012-07-25,1335.0,1840000.0,19.34,0.0041283601512754,-0.0106612811928984,-0.0107328935556595,-0.010072422854198,0.0034681060589484,0.0064202733604796,0.0081301260832503,-0.003149025478962,0.0167851758776663,-0.0052523099548071,0.0005614297892395,0.0078330406857799,0.009344393812539,20.47,-0.1320754716981131,0.0146856436118737
2012-07-26,1354.75,2280000.0,17.53,0.0146856436118737,0.0041283601512754,-0.0106612811928984,-0.0107328935556595,-0.010072422854198,0.0034681060589484,0.0064202733604796,0.0081301260832503,-0.003149025478962,0.0167851758776663,-0.0052523099548071,0.0115217781024081,0.0102084952802332,19.34,0.2391304347826086,0.0202765189502662
2012-07-27,1382.5,2500000.0,16.7,0.0202765189502662,0.0146856436118737,0.0041283601512754,-0.0106612811928984,-0.0107328935556595,-0.010072422854198,0.0034681060589484,0.0064202733604796,0.0081301260832503,-0.003149025478962,0.0167851758776663,0.0142309037051991,0.0108157702930143,17.53,0.0964912280701755,-0.0014477020262807
2012-07-30,1380.5,1490000.0,18.03,-0.0014477020262807,0.0202765189502662,0.0146856436118737,0.0041283601512754,-0.0106612811928984,-0.0107328935556595,-0.010072422854198,0.0034681060589484,0.0064202733604796,0.0081301260832503,-0.003149025478962,0.0123895799939833,0.0107344942502858,16.7,-0.404,-0.0043557237649087
2012-07-31,1374.5,1770000.0,18.93,-0.0043557237649087,-0.0014477020262807,0.0202765189502662,0.0146856436118737,0.0041283601512754,-0.0106612811928984,-0.0107328935556595,-0.010072422854198,0.0034681060589484,0.0064202733604796,0.0081301260832503,0.0105274725474025,0.0107225949682555,18.03,0.1879194630872482,-0.0029143918624598
2012-08-01,1370.5,1800000.0,18.96,-0.0029143918624598,-0.0043557237649087,-0.0014477020262807,0.0202765189502662,0.0146856436118737,0.0041283601512754,-0.0106612811928984,-0.0107328935556595,-0.010072422854198,0.0034681060589484,0.0064202733604796,0.0113865498692685,0.010620662517179,18.93,0.0169491525423728,-0.0062214290333828
2012-08-02,1362.0,2840000.0,17.57,-0.0062214290333828,-0.0029143918624598,-0.0043557237649087,-0.0014477020262807,0.0202765189502662,0.0146856436118737,0.0041283601512754,-0.0106612811928984,-0.0107328935556595,-0.010072422854198,0.0034681060589484,0.0108824164999851,0.0107345597970137,18.96,0.5777777777777777,0.0196298560448861
2012-08-03,1389.0,1950000.0,15.64,0.0196298560448861,-0.0062214290333828,-0.0029143918624598,-0.0043557237649087,-0.0014477020262807,0.0202765189502662,0.0146856436118737,0.0041283601512754,-0.0106612811928984,-0.0107328935556595,-0.010072422854198,0.0105971566343503,0.0119079260236843,17.57,-0.3133802816901408,0.0007196833703936
2012-08-06,1390.0,1170000.0,15.95,0.0007196833703936,0.0196298560448861,-0.0062214290333828,-0.0029143918624598,-0.0043557237649087,-0.0014477020262807,0.0202765189502662,0.0146856436118737,0.0041283601512754,-0.0106612811928984,-0.0107328935556595,0.0105192081777517,0.0110409210452445,15.64,-0.4,0.0050233331322244
2012-08-07,1397.0,1460000.0,15.99,0.0050233331322244,0.0007196833703936,0.0196298560448861,-0.0062214290333828,-0.0029143918624598,-0.0043557237649087,-0.0014477020262807,0.0202765189502662,0.0146856436118737,0.0041283601512754,-0.0106612811928984,0.0100691925958777,0.0098766597786546,15.95,0.2478632478632478,0.0008943744447355
2012-08-08,1398.25,1230000.0,15.32,0.0008943744447355,0.0050233331322244,0.0007196833703936,0.0196298560448861,-0.0062214290333828,-0.0029143918624598,-0.0043557237649087,-0.0014477020262807,0.0202765189502662,0.0146856436118737,0.0041283601512754,0.0096205793691278,0.0099592415760253,15.99,-0.1575342465753424,0.0016078609984658
2012-08-09,1400.5,1180000.0,15.28,0.0016078609984658,0.0008943744447355,0.0050233331322244,0.0007196833703936,0.0196298560448861,-0.0062214290333828,-0.0029143918624598,-0.0043557237649087,-0.0014477020262807,0.0202765189502662,0.0146856436118737,0.0080477304532543,0.0093307569136666,15.32,-0.040650406504065,0.0014270426966881
2012-08-10,1402.5,1250000.0,14.74,0.0014270426966881,0.0016078609984658,0.0008943744447355,0.0050233331322244,0.0007196833703936,0.0196298560448861,-0.0062214290333828,-0.0029143918624598,-0.0043557237649087,-0.0014477020262807,0.0202765189502662,0.0017651300714517,0.0071813289580687,15.28,0.0593220338983051,0.0
2012-08-13,1402.5,1200000.0,13.7,0.0,0.0014270426966881,0.0016078609984658,0.0008943744447355,0.0050233331322244,0.0007196833703936,0.0196298560448861,-0.0062214290333828,-0.0029143918624598,-0.0043557237649087,-0.0014477020262807,0.0019121715100463,0.0071311468932537,14.74,-0.04,-0.0007132667920084
2012-08-14,1401.5,1440000.0,14.85,-0.0007132667920084,0.0,0.0014270426966881,0.0016078609984658,0.0008943744447355,0.0050233331322244,0.0007196833703936,0.0196298560448861,-0.0062214290333828,-0.0029143918624598,-0.0043557237649087,0.0009825702537968,0.0068829183442733,13.7,0.1999999999999999,0.0014260251970942
2012-08-15,1403.5,1100000.0,14.63,0.0014260251970942,-0.0007132667920084,0.0,0.0014270426966881,0.0016078609984658,0.0008943744447355,0.0050233331322244,0.0007196833703936,0.0196298560448861,-0.0062214290333828,-0.0029143918624598,0.0010434283617434,0.0066761611475652,14.85,-0.2361111111111111,0.0067459868825903
2012-08-16,1413.0,1500000.0,14.29,0.0067459868825903,0.0014260251970942,-0.0007132667920084,0.0,0.0014270426966881,0.0016078609984658,0.0008943744447355,0.0050233331322244,0.0007196833703936,0.0196298560448861,-0.0062214290333828,0.002928124042666,0.0060499672254417,14.63,0.3636363636363635,0.0015910902322419
2012-08-17,1415.25,1140000.0,13.45,0.0015910902322419,0.0067459868825903,0.0014260251970942,-0.0007132667920084,0.0,0.0014270426966881,0.0016078609984658,0.0008943744447355,0.0050233331322244,0.0007196833703936,0.0196298560448861,0.0029241366221083,0.002278005515347,14.29,-0.24,-0.0003533568941361
2012-08-20,1414.75,1110000.0,14.02,-0.0003533568941361,0.0015910902322419,0.0067459868825903,0.0014260251970942,-0.0007132667920084,0.0,0.0014270426966881,0.0016078609984658,0.0008943744447355,0.0050233331322244,0.0007196833703936,0.0029825038777607,0.0023620489564043,13.45,-0.0263157894736841,-0.0015916530020372
2012-08-21,1412.5,1730000.0,15.02,-0.0015916530020372,-0.0003533568941361,0.0015910902322419,0.0067459868825903,0.0014260251970942,-0.0007132667920084,0.0,0.0014270426966881,0.0016078609984658,0.0008943744447355,0.0050233331322244,0.0031822618363056,0.0022727089516302,14.02,0.5585585585585586,-0.0001770068152244
2012-08-22,1412.25,1680000.0,15.11,-0.0001770068152244,-0.0015916530020372,-0.0003533568941361,0.0015910902322419,0.0067459868825903,0.0014260251970942,-0.0007132667920084,0.0,0.0014270426966881,0.0016078609984658,0.0008943744447355,0.0032788741882581,0.0023086273024068,15.02,-0.0289017341040462,-0.0087119406020214
2012-08-23,1400.0,1590000.0,15.96,-0.0087119406020214,-0.0001770068152244,-0.0015916530020372,-0.0003533568941361,0.0015910902322419,0.0067459868825903,0.0014260251970942,-0.0007132667920084,0.0,0.0014270426966881,0.0016078609984658,0.004001028323768,0.0038179890820505,15.11,-0.0535714285714286,0.0069401470839415
2012-08-24,1409.75,1570000.0,15.18,0.0069401470839415,-0.0087119406020214,-0.0001770068152244,-0.0015916530020372,-0.0003533568941361,0.0015910902322419,0.0067459868825903,0.0014260251970942,-0.0007132667920084,0.0,0.0014270426966881,0.0055614914988114,0.0044055122950061,15.96,-0.0125786163522012,-0.0010645849124681
2012-08-27,1408.25,932100.0,16.35,-0.0010645849124681,0.0069401470839415,-0.0087119406020214,-0.0001770068152244,-0.0015916530020372,-0.0003533568941361,0.0015910902322419,0.0067459868825903,0.0014260251970942,-0.0007132667920084,0.0,0.0055569844986851,0.0044321384293441,15.18,-0.4063057324840764,-0.0003551136400954
2012-08-28,1407.75,1210000.0,16.49,-0.0003551136400954,-0.0010645849124681,0.0069401470839415,-0.0087119406020214,-0.0001770068152244,-0.0015916530020372,-0.0003533568941361,0.0015910902322419,0.0067459868825903,0.0014260251970942,-0.0007132667920084,0.0055471833347414,0.0044234993170459,16.35,0.2981439759682438,-0.0003552397905918
2012-08-29,1407.25,959750.0,17.06,-0.0003552397905918,-0.0003551136400954,-0.0010645849124681,0.0069401470839415,-0.0087119406020214,-0.0001770068152244,-0.0015916530020372,-0.0003533568941361,0.0015910902322419,0.0067459868825903,0.0014260251970942,0.0055437652201107,0.0044154608901806,16.49,-0.2068181818181818,-0.0073103650871741
2012-08-30,1397.0,1220000.0,17.83,-0.0073103650871741,-0.0003552397905918,-0.0003551136400954,-0.0010645849124681,0.0069401470839415,-0.0087119406020214,-0.0001770068152244,-0.0015916530020372,-0.0003533568941361,0.0015910902322419,0.0067459868825903,0.0050515438765409,0.004360721684721,17.06,0.2711643657202396,0.0057102225108842
2012-08-31,1405.0,2050000.0,17.47,0.0057102225108842,-0.0073103650871741,-0.0003552397905918,-0.0003551136400954,-0.0010645849124681,0.0069401470839415,-0.0087119406020214,-0.0001770068152244,-0.0015916530020372,-0.0003533568941361,0.0015910902322419,0.0046139865255294,0.004817827373484,17.83,0.680327868852459,0.000711490602764
2012-09-04,1406.0,1680000.0,17.98,0.000711490602764,0.0057102225108842,-0.0073103650871741,-0.0003552397905918,-0.0003551136400954,-0.0010645849124681,0.0069401470839415,-0.0087119406020214,-0.0001770068152244,-0.0015916530020372,-0.0003533568941361,0.0046447614324918,0.0048387230326385,17.47,-0.1804878048780488,-0.001779676568673
2012-09-05,1403.5,1430000.0,17.74,-0.001779676568673,0.000711490602764,0.0057102225108842,-0.0073103650871741,-0.0003552397905918,-0.0003551136400954,-0.0010645849124681,0.0069401470839415,-0.0087119406020214,-0.0001770068152244,-0.0015916530020372,0.0046909313737968,0.0048432796294373,17.98,-0.1488095238095238,0.0194043837545136
2012-09-06,1431.0,2040000.0,15.6,0.0194043837545136,-0.001779676568673,0.000711490602764,0.0057102225108842,-0.0073103650871741,-0.0003552397905918,-0.0003551136400954,-0.0010645849124681,0.0069401470839415,-0.0087119406020214,-0.0001770068152244,0.0101270991216263,0.0079882206535412,17.74,0.4265734265734267,0.0050535961869518
2012-09-07,1438.25,1470000.0,14.38,0.0050535961869518,0.0194043837545136,-0.001779676568673,0.000711490602764,0.0057102225108842,-0.0073103650871741,-0.0003552397905918,-0.0003551136400954,-0.0010645849124681,0.0069401470839415,-0.0087119406020214,0.0082004094425474,0.0072163804776474,15.6,-0.2794117647058823,-0.008203205089848
2012-09-10,1426.5,1100000.0,16.28,-0.008203205089848,0.0050535961869518,0.0194043837545136,-0.001779676568673,0.000711490602764,0.0057102225108842,-0.0073103650871741,-0.0003552397905918,-0.0003551136400954,-0.0010645849124681,0.0069401470839415,0.0103308819593187,0.0077925714872575,14.38,-0.2517006802721088,0.0028001418366103
2012-09-11,1430.5,1430000.0,16.41,0.0028001418366103,-0.008203205089848,0.0050535961869518,0.0194043837545136,-0.001779676568673,0.000711490602764,0.0057102225108842,-0.0073103650871741,-0.0003552397905918,-0.0003551136400954,-0.0010645849124681,0.0102552763957861,0.0077646043419561,16.28,0.3,0.0062717975620656
2012-09-12,1439.5,1730000.0,15.8,0.0062717975620656,0.0028001418366103,-0.008203205089848,0.0050535961869518,0.0194043837545136,-0.001779676568673,0.000711490602764,0.0057102225108842,-0.0073103650871741,-0.0003552397905918,-0.0003551136400954,0.0098520209231503,0.0078644238748484,16.41,0.2097902097902098,0.0122552668734285
2012-09-13,1457.25,2600000.0,14.05,0.0122552668734285,0.0062717975620656,0.0028001418366103,-0.008203205089848,0.0050535961869518,0.0194043837545136,-0.001779676568673,0.000711490602764,0.0057102225108842,-0.0073103650871741,-0.0003552397905918,0.0074852221751776,0.0083967887704706,15.8,0.5028901734104045,0.0058159589186653
2012-09-14,1465.75,1290000.0,14.51,0.0058159589186653,0.0122552668734285,0.0062717975620656,0.0028001418366103,-0.008203205089848,0.0050535961869518,0.0194043837545136,-0.001779676568673,0.000711490602764,0.0057102225108842,-0.0073103650871741,0.0075289663843787,0.0074985248471197,14.05,-0.5038461538461538,-0.003417054409778
2012-09-17,1460.75,676510.0,14.59,-0.003417054409778,0.0058159589186653,0.0122552668734285,0.0062717975620656,0.0028001418366103,-0.008203205089848,0.0050535961869518,0.0194043837545136,-0.001779676568673,0.000711490602764,0.0057102225108842,0.0057070959674824,0.0079196282823667,14.51,-0.4755736434108527,-0.0010273973506459
2012-09-18,1459.25,457470.0,14.18,-0.0010273973506459,-0.003417054409778,0.0058159589186653,0.0122552668734285,0.0062717975620656,0.0028001418366103,-0.008203205089848,0.0050535961869518,0.0194043837545136,-0.001779676568673,0.000711490602764,0.006262858069671,0.0080157104587153,14.59,-0.323779397200337,0.0001713062102689
2012-09-19,1459.5,457470.0,13.88,0.0001713062102689,-0.0010273973506459,-0.003417054409778,0.0058159589186653,0.0122552668734285,0.0062717975620656,0.0028001418366103,-0.008203205089848,0.0050535961869518,0.0194043837545136,-0.001779676568673,0.0062988231556205,0.0078898028272349,14.18,0.0,0.0006849315336261
2012-09-20,1460.5,309520.0,14.07,0.0006849315336261,0.0001713062102689,-0.0010273973506459,-0.003417054409778,0.0058159589186653,0.0122552668734285,0.0062717975620656,0.0028001418366103,-0.008203205089848,0.0050535961869518,0.0194043837545136,0.0033934897912297,0.0057311728029162,13.88,-0.3234091853017684,0.004556532355218
2012-09-21,1467.17,1610000.0,13.98,0.004556532355218,0.0006849315336261,0.0001713062102689,-0.0010273973506459,-0.003417054409778,0.0058159589186653,0.0122552668734285,0.0062717975620656,0.0028001418366103,-0.008203205089848,0.0050535961869518,0.0029070922844854,0.0057042291545983,14.07,4.201602481261308,-0.0107378707183291
2012-09-24,1451.5,1260000.0,14.15,-0.0107378707183291,0.004556532355218,0.0006849315336261,0.0001713062102689,-0.0010273973506459,-0.003417054409778,0.0058159589186653,0.0122552668734285,0.0062717975620656,0.0028001418366103,-0.008203205089848,0.0056909364544821,0.0062387951016448,13.98,-0.217391304347826,-0.0098659389612843
2012-09-25,1437.25,1810000.0,15.43,-0.0098659389612843,-0.0107378707183291,0.004556532355218,0.0006849315336261,0.0001713062102689,-0.0010273973506459,-0.003417054409778,0.0058159589186653,0.0122552668734285,0.0062717975620656,0.0028001418366103,0.0068510135485861,0.0072093087402558,14.15,0.4365079365079365,-0.0071572270265638
2012-09-26,1427.0,1790000.0,16.81,-0.0071572270265638,-0.0098659389612843,-0.0107378707183291,0.004556532355218,0.0006849315336261,0.0001713062102689,-0.0010273973506459,-0.003417054409778,0.0058159589186653,0.0122552668734285,0.0062717975620656,0.0067762342823277,0.0072592262302114,15.43,-0.011049723756906,0.0097629785226856
2012-09-27,1441.0,1750000.0,14.84,0.0097629785226856,-0.0071572270265638,-0.0098659389612843,-0.0107378707183291,0.004556532355218,0.0006849315336261,0.0001713062102689,-0.0010273973506459,-0.003417054409778,0.0058159589186653,0.0122552668734285,0.0092710211314779,0.0067857942109175,16.81,-0.0223463687150837,-0.0046952525175416
2012-09-28,1434.25,2100000.0,15.73,-0.0046952525175416,0.0097629785226856,-0.0071572270265638,-0.0098659389612843,-0.0107378707183291,0.004556532355218,0.0006849315336261,0.0001713062102689,-0.0010273973506459,-0.003417054409778,0.0058159589186653,0.0083400898314148,0.0063946193064319,14.84,0.1999999999999999,0.0019155425970444
2012-10-01,1437.0,1900000.0,16.32,0.0019155425970444,-0.0046952525175416,0.0097629785226856,-0.0071572270265638,-0.0098659389612843,-0.0107378707183291,0.004556532355218,0.0006849315336261,0.0001713062102689,-0.0010273973506459,-0.003417054409778,0.0078967270383626,0.0065007684505983,15.73,-0.0952380952380952,0.0027797099204972
2012-10-02,1441.0,1610000.0,15.71,0.0027797099204972,0.0019155425970444,-0.0046952525175416,0.0097629785226856,-0.0071572270265638,-0.0098659389612843,-0.0107378707183291,0.004556532355218,0.0006849315336261,0.0001713062102689,-0.0010273973506459,0.0066825359531199,0.0066503406002427,16.32,-0.1526315789473684,0.0025989791983653
2012-10-03,1444.75,1550000.0,15.43,0.0025989791983653,0.0027797099204972,0.0019155425970444,-0.0046952525175416,0.0097629785226856,-0.0071572270265638,-0.0098659389612843,-0.0107378707183291,0.004556532355218,0.0006849315336261,0.0001713062102689,0.0051222146005223,0.006751870943353,15.71,-0.0372670807453415,0.007584935519342
2012-10-04,1455.75,1570000.0,14.55,0.007584935519342,0.0025989791983653,0.0027797099204972,0.0019155425970444,-0.0046952525175416,0.0097629785226856,-0.0071572270265638,-0.0098659389612843,-0.0107378707183291,0.004556532355218,0.0006849315336261,0.0043870549004223,0.0072771215171456,15.43,0.0129032258064516,-0.0001717475315514
2012-10-05,1455.5,1680000.0,14.33,-0.0001717475315514,0.007584935519342,0.0025989791983653,0.0027797099204972,0.0019155425970444,-0.0046952525175416,0.0097629785226856,-0.0071572270265638,-0.0098659389612843,-0.0107378707183291,0.004556532355218,0.0028482401907035,0.0070754642234886,14.55,0.0700636942675159,-0.0039583564291279
2012-10-08,1449.75,961600.0,15.11,-0.0039583564291279,-0.0001717475315514,0.007584935519342,0.0025989791983653,0.0027797099204972,0.0019155425970444,-0.0046952525175416,0.0097629785226856,-0.0071572270265638,-0.0098659389612843,-0.0107378707183291,0.0042457211481317,0.0062995447356069,14.33,-0.4276190476190475,-0.0095296571483804
2012-10-09,1436.0,1960000.0,16.37,-0.0095296571483804,-0.0039583564291279,-0.0001717475315514,0.007584935519342,0.0025989791983653,0.0027797099204972,0.0019155425970444,-0.0046952525175416,0.0097629785226856,-0.0071572270265638,-0.0098659389612843,0.0064881061620309,0.0062423803919893,15.11,1.038269550748752,-0.006812848431884
2012-10-10,1426.25,1670000.0,16.29,-0.006812848431884,-0.0095296571483804,-0.0039583564291279,-0.0001717475315514,0.007584935519342,0.0025989791983653,0.0027797099204972,0.0019155425970444,-0.0046952525175416,0.0097629785226856,-0.0071572270265638,0.0066565788970624,0.00619984668646,16.37,-0.1479591836734693,0.0015763204945424
2012-10-11,1428.5,1590000.0,15.59,0.0015763204945424,-0.006812848431884,-0.0095296571483804,-0.0039583564291279,-0.0001717475315514,0.007584935519342,0.0025989791983653,0.0027797099204972,0.0019155425970444,-0.0046952525175416,0.0097629785226856,0.0045825263314188,0.0052233345905775,16.29,-0.0479041916167665,-0.0049122905797732
2012-10-12,1421.5,1620000.0,16.14,-0.0049122905797732,0.0015763204945424,-0.006812848431884,-0.0095296571483804,-0.0039583564291279,-0.0001717475315514,0.007584935519342,0.0025989791983653,0.0027797099204972,0.0019155425970444,-0.0046952525175416,0.0041162262294871,0.0052414091279855,15.59,0.0188679245283018,0.0098005684700642
2012-10-15,1435.5,1530000.0,15.27,0.0098005684700642,-0.0049122905797732,0.0015763204945424,-0.006812848431884,-0.0095296571483804,-0.0039583564291279,-0.0001717475315514,0.007584935519342,0.0025989791983653,0.0027797099204972,0.0019155425970444,0.0077521156207071,0.0062137618947564,16.14,-0.0555555555555555,0.0095329606587236
2012-10-16,1449.25,1620000.0,15.22,0.0095329606587236,0.0098005684700642,-0.0049122905797732,0.0015763204945424,-0.006812848431884,-0.0095296571483804,-0.0039583564291279,-0.0001717475315514,0.007584935519342,0.0025989791983653,0.0027797099204972,0.007795623583951,0.006892008616204,15.27,0.0588235294117647,0.0053333459753626
2012-10-17,1457.0,1530000.0,15.07,0.0053333459753626,0.0095329606587236,0.0098005684700642,-0.0049122905797732,0.0015763204945424,-0.006812848431884,-0.0095296571483804,-0.0039583564291279,-0.0001717475315514,0.007584935519342,0.0025989791983653,0.0061438372334906,0.0070341881740622,15.22,-0.0555555555555555,-0.0037820227305202
2012-10-18,1451.5,1810000.0,15.03,-0.0037820227305202,0.0053333459753626,0.0095329606587236,0.0098005684700642,-0.0049122905797732,0.0015763204945424,-0.006812848431884,-0.0095296571483804,-0.0039583564291279,-0.0001717475315514,0.007584935519342,0.0071200914525847,0.0067360116404073,15.07,0.1830065359477124,-0.0191276914927634
2012-10-19,1424.0,2400000.0,17.06,-0.0191276914927634,-0.0037820227305202,0.0053333459753626,0.0095329606587236,0.0098005684700642,-0.0049122905797732,0.0015763204945424,-0.006812848431884,-0.0095296571483804,-0.0039583564291279,-0.0001717475315514,0.0121955710757466,0.0089887990599881,15.03,0.3259668508287292,0.0042046312820318
2012-10-22,1430.0,1780000.0,16.62,0.0042046312820318,-0.0191276914927634,-0.0037820227305202,0.0053333459753626,0.0095329606587236,0.0098005684700642,-0.0049122905797732,0.0015763204945424,-0.006812848431884,-0.0095296571483804,-0.0039583564291279,0.0113382745545865,0.0091788051514622,17.06,-0.2583333333333333,-0.0163923649405646
2012-10-23,1406.75,1760000.0,18.83,-0.0163923649405646,0.0042046312820318,-0.0191276914927634,-0.0037820227305202,0.0053333459753626,0.0095329606587236,0.0098005684700642,-0.0049122905797732,0.0015763204945424,-0.006812848431884,-0.0095296571483804,0.0113778848778271,0.0100698286705066,16.62,-0.0112359550561798,-0.0010668564312039
2012-10-24,1405.25,1760000.0,18.33,-0.0010668564312039,-0.0163923649405646,0.0042046312820318,-0.0191276914927634,-0.0037820227305202,0.0053333459753626,0.0095329606587236,0.0098005684700642,-0.0049122905797732,0.0015763204945424,-0.006812848431884,0.0100763042790355,0.0099313447960023,18.83,0.0,0.002132575892639
2012-10-25,1408.25,1810000.0,18.12,0.002132575892639,-0.0010668564312039,-0.0163923649405646,0.0042046312820318,-0.0191276914927634,-0.0037820227305202,0.0053333459753626,0.0095329606587236,0.0098005684700642,-0.0049122905797732,0.0015763204945424,0.0108964932217071,0.0099519225860534,18.33,0.0284090909090908,-0.0005327177609778
2012-10-26,1407.5,2090000.0,17.81,-0.0005327177609778,0.002132575892639,-0.0010668564312039,-0.0163923649405646,0.0042046312820318,-0.0191276914927634,-0.0037820227305202,0.0053333459753626,0.0095329606587236,0.0098005684700642,-0.0049122905797732,0.0081423560465489,0.0098776265163123,18.12,0.1546961325966851,-0.000533001700457
2012-10-31,1406.75,1780000.0,18.6,-0.000533001700457,-0.0005327177609778,0.002132575892639,-0.0010668564312039,-0.0163923649405646,0.0042046312820318,-0.0191276914927634,-0.0037820227305202,0.0053333459753626,0.0095329606587236,0.0098005684700642,0.0074367607915666,0.0091360505844968,17.81,-0.1483253588516746,0.0116609095178028
2012-11-01,1423.25,1710000.0,16.69,0.0116609095178028,-0.000533001700457,-0.0005327177609778,0.002132575892639,-0.0010668564312039,-0.0163923649405646,0.0042046312820318,-0.0191276914927634,-0.0037820227305202,0.0053333459753626,0.0095329606587236,0.0053627276230038,0.0094543558718043,18.6,-0.0393258426966292,-0.0125498774846046
2012-11-02,1405.5,2090000.0,17.59,-0.0125498774846046,0.0116609095178028,-0.000533001700457,-0.0005327177609778,0.002132575892639,-0.0010668564312039,-0.0163923649405646,0.0042046312820318,-0.0191276914927634,-0.0037820227305202,0.0053333459753626,0.008639815764286,0.0096424339656958,16.69,0.2222222222222223,0.0046140277066008
2012-11-05,1412.0,1390000.0,18.42,0.0046140277066008,-0.0125498774846046,0.0116609095178028,-0.000533001700457,-0.0005327177609778,0.002132575892639,-0.0010668564312039,-0.0163923649405646,0.0042046312820318,-0.0191276914927634,-0.0037820227305202,0.0088588789954001,0.009984174906083,17.59,-0.3349282296650717,0.0093400978585039
2012-11-06,1425.25,1480000.0,17.58,0.0093400978585039,0.0046140277066008,-0.0125498774846046,0.0116609095178028,-0.000533001700457,-0.0005327177609778,0.002132575892639,-0.0010668564312039,-0.0163923649405646,0.0042046312820318,-0.0191276914927634,0.009629070825731,0.0087848886810021,18.42,0.0647482014388489,-0.0257631731573475
2012-11-07,1389.0,3200000.0,19.08,-0.0257631731573475,0.0093400978585039,0.0046140277066008,-0.0125498774846046,0.0116609095178028,-0.000533001700457,-0.0005327177609778,0.002132575892639,-0.0010668564312039,-0.0163923649405646,0.0042046312820318,0.0160740169734621,0.011813751651133,17.58,1.1621621621621625,-0.0099485309987763
2012-11-08,1375.25,2620000.0,18.49,-0.0099485309987763,-0.0257631731573475,0.0093400978585039,0.0046140277066008,-0.0125498774846046,0.0116609095178028,-0.000533001700457,-0.0005327177609778,0.002132575892639,-0.0010668564312039,-0.0163923649405646,0.0140831473422598,0.0111538962301791,19.08,-0.18125,0.0003635041843006
2012-11-09,1375.75,2550000.0,18.61,0.0003635041843006,-0.0099485309987763,-0.0257631731573475,0.0093400978585039,0.0046140277066008,-0.0125498774846046,0.0116609095178028,-0.000533001700457,-0.0005327177609778,0.002132575892639,-0.0010668564312039,0.0139627351475342,0.0111801039310181,18.49,-0.0267175572519083,0.0018155415299248
2012-11-12,1378.25,1140000.0,16.68,0.0018155415299248,0.0003635041843006,-0.0099485309987763,-0.0257631731573475,0.0093400978585039,0.0046140277066008,-0.0125498774846046,0.0116609095178028,-0.000533001700457,-0.0005327177609778,0.002132575892639,0.0135676464152607,0.0111671418963937,18.61,-0.5529411764705883,-0.0052741779074785
2012-11-13,1371.0,1950000.0,16.65,-0.0052741779074785,0.0018155415299248,0.0003635041843006,-0.0099485309987763,-0.0257631731573475,0.0093400978585039,0.0046140277066008,-0.0125498774846046,0.0116609095178028,-0.000533001700457,-0.0005327177609778,0.011099161337892,0.0111913198605094,16.68,0.7105263157894737,-0.0132160513915263
2012-11-14,1353.0,2450000.0,17.92,-0.0132160513915263,-0.0052741779074785,0.0018155415299248,0.0003635041843006,-0.0099485309987763,-0.0257631731573475,0.0093400978585039,0.0046140277066008,-0.0125498774846046,0.0116609095178028,-0.000533001700457,0.0064608056841567,0.0116373732004048,16.65,0.2564102564102564,-0.00129425921737
2012-11-15,1351.25,2420000.0,17.99,-0.00129425921737,-0.0132160513915263,-0.0052741779074785,0.0018155415299248,0.0003635041843006,-0.0099485309987763,-0.0257631731573475,0.0093400978585039,0.0046140277066008,-0.0125498774846046,0.0116609095178028,0.0060331185342215,0.0103646297998199,17.92,-0.0122448979591837,0.0062707693496521
2012-11-16,1359.75,2610000.0,16.41,0.0062707693496521,-0.00129425921737,-0.0132160513915263,-0.0052741779074785,0.0018155415299248,0.0003635041843006,-0.0099485309987763,-0.0257631731573475,0.0093400978585039,0.0046140277066008,-0.0125498774846046,0.0074061687326164,0.0105863553365327,17.99,0.0785123966942149,0.0165925950934196
2012-11-19,1382.5,1740000.0,15.24,0.0165925950934196,0.0062707693496521,-0.00129425921737,-0.0132160513915263,-0.0052741779074785,0.0018155415299248,0.0003635041843006,-0.0099485309987763,-0.0257631731573475,0.0093400978585039,0.0046140277066008,0.0113676837865201,0.0121453886110089,16.41,-0.3333333333333333,0.0027088052680868
2012-11-20,1386.25,1550000.0,15.08,0.0027088052680868,0.0165925950934196,0.0062707693496521,-0.00129425921737,-0.0132160513915263,-0.0052741779074785,0.0018155415299248,0.0003635041843006,-0.0099485309987763,-0.0257631731573475,0.0093400978585039,0.0108839395681971,0.0116203593859119,15.24,-0.1091954022988506,0.0014417014571398
2012-11-21,1388.25,1070000.0,15.31,0.0014417014571398,0.0027088052680868,0.0165925950934196,0.0062707693496521,-0.00129425921737,-0.0132160513915263,-0.0052741779074785,0.0018155415299248,0.0003635041843006,-0.0099485309987763,-0.0257631731573475,0.0069539253012797,0.0083704598800698,15.08,-0.3096774193548387,0.0121712617604678
2012-11-23,1405.25,913300.0,15.14,0.0121712617604678,0.0014417014571398,0.0027088052680868,0.0165925950934196,0.0062707693496521,-0.00129425921737,-0.0132160513915263,-0.0052741779074785,0.0018155415299248,0.0003635041843006,-0.0099485309987763,0.0064245150314136,0.0083878788189482,15.31,-0.1464485981308411,-0.0014242480598756
2012-11-26,1403.25,1220000.0,15.5,-0.0014242480598756,0.0121712617604678,0.0014417014571398,0.0027088052680868,0.0165925950934196,0.0062707693496521,-0.00129425921737,-0.0132160513915263,-0.0052741779074785,0.0018155415299248,0.0003635041843006,0.0076904642464058,0.0084492022572689,15.14,0.3358151757363408,-0.0041060487930544
2012-11-27,1397.5,1640000.0,15.92,-0.0041060487930544,-0.0014242480598756,0.0121712617604678,0.0014417014571398,0.0027088052680868,0.0165925950934196,0.0062707693496521,-0.00129425921737,-0.0132160513915263,-0.0052741779074785,0.0018155415299248,0.0061877437152123,0.0086666541094422,15.5,0.3442622950819671,0.0067748520851348
2012-11-28,1407.0,2130000.0,15.51,0.0067748520851348,-0.0041060487930544,-0.0014242480598756,0.0121712617604678,0.0014417014571398,0.0027088052680868,0.0165925950934196,0.0062707693496521,-0.00129425921737,-0.0132160513915263,-0.0052741779074785,0.0065355888227169,0.0084730746755922,15.92,0.2987804878048781,0.0061996478795254
2012-11-29,1415.75,1880000.0,15.06,0.0061996478795254,0.0067748520851348,-0.0041060487930544,-0.0014242480598756,0.0121712617604678,0.0014417014571398,0.0027088052680868,0.0165925950934196,0.0062707693496521,-0.00129425921737,-0.0132160513915263,0.0066031941937953,0.0064253237167296,15.51,-0.1173708920187793,-0.0008833142522924
2012-11-30,1414.5,1690000.0,15.87,-0.0008833142522924,0.0061996478795254,0.0067748520851348,-0.0041060487930544,-0.0014242480598756,0.0121712617604678,0.0014417014571398,0.0027088052680868,0.0165925950934196,0.0062707693496521,-0.00129425921737,0.0048834814777901,0.0063850978330682,15.06,-0.101063829787234,-0.0053163336272327
2012-12-03,1407.0,1650000.0,16.64,-0.0053163336272327,-0.0008833142522924,0.0061996478795254,0.0067748520851348,-0.0041060487930544,-0.0014242480598756,0.0121712617604678,0.0014417014571398,0.0027088052680868,0.0165925950934196,0.0062707693496521,0.0056747915467988,0.0070589014060974,15.87,-0.0236686390532544,-0.0010666667678024
2012-12-04,1405.5,1620000.0,17.12,-0.0010666667678024,-0.0053163336272327,-0.0008833142522924,0.0061996478795254,0.0067748520851348,-0.0041060487930544,-0.0014242480598756,0.0121712617604678,0.0014417014571398,0.0027088052680868,0.0165925950934196,0.0051961284621348,0.0054133135580215,16.64,-0.0181818181818181,0.0019546874282368
2012-12-05,1408.25,2050000.0,16.46,0.0019546874282368,-0.0010666667678024,-0.0053163336272327,-0.0008833142522924,0.0061996478795254,0.0067748520851348,-0.0041060487930544,-0.0014242480598756,0.0121712617604678,0.0014417014571398,0.0027088052680868,0.0042508865525738,0.0054021653870224,17.12,0.2654320987654321,0.0033673049097041
2012-12-06,1413.0,1380000.0,16.58,0.0033673049097041,0.0019546874282368,-0.0010666667678024,-0.0053163336272327,-0.0008833142522924,0.0061996478795254,0.0067748520851348,-0.0041060487930544,-0.0014242480598756,0.0121712617604678,0.0014417014571398,0.0033385959903206,0.005431145053422,16.46,-0.3268292682926829,0.0021208915691376
2012-12-07,1416.0,1770000.0,15.9,0.0021208915691376,0.0033673049097041,0.0019546874282368,-0.0010666667678024,-0.0053163336272327,-0.0008833142522924,0.0061996478795254,0.0067748520851348,-0.0041060487930544,-0.0014242480598756,0.0121712617604678,0.0034940748762302,0.0040449407126782,16.58,0.2826086956521738,0.0029969171835711
2012-12-10,1420.25,1140000.0,16.05,0.0029969171835711,0.0021208915691376,0.0033673049097041,0.0019546874282368,-0.0010666667678024,-0.0053163336272327,-0.0008833142522924,0.0061996478795254,0.0067748520851348,-0.0041060487930544,-0.0014242480598756,0.0017468462680601,0.0040209690566726,15.9,-0.3559322033898305,0.0078899331009334
2012-12-11,1431.5,1770000.0,15.57,0.0078899331009334,0.0029969171835711,0.0021208915691376,0.0033673049097041,0.0019546874282368,-0.0010666667678024,-0.0053163336272327,-0.0008833142522924,0.0061996478795254,0.0067748520851348,-0.0041060487930544,0.0024338473750742,0.0040500179116092,16.05,0.5526315789473684,-0.0029733296938011
2012-12-12,1427.25,1830000.0,15.95,-0.0029733296938011,0.0078899331009334,0.0029969171835711,0.0021208915691376,0.0033673049097041,0.0019546874282368,-0.0010666667678024,-0.0053163336272327,-0.0008833142522924,0.0061996478795254,0.0067748520851348,0.0038726272003301,0.0040541935962701,15.57,0.0338983050847456,-0.0065020877522957
2012-12-13,1418.0,1950000.0,16.56,-0.0065020877522957,-0.0029733296938011,0.0078899331009334,0.0029969171835711,0.0021208915691376,0.0033673049097041,0.0019546874282368,-0.0010666667678024,-0.0053163336272327,-0.0008833142522924,0.0061996478795254,0.005575686268366,0.0043708296711211,15.95,0.0655737704918033,-0.0021178970147348
2012-12-14,1415.0,1040000.0,17.0,-0.0021178970147348,-0.0065020877522957,-0.0029733296938011,0.0078899331009334,0.0029969171835711,0.0021208915691376,0.0033673049097041,0.0019546874282368,-0.0010666667678024,-0.0053163336272327,-0.0008833142522924,0.0056288555894495,0.004420687432289,16.56,-0.4666666666666667,0.0122916385115567
2012-12-17,1432.5,856690.0,16.34,0.0122916385115567,-0.0021178970147348,-0.0065020877522957,-0.0029733296938011,0.0078899331009334,0.0029969171835711,0.0021208915691376,0.0033673049097041,0.0019546874282368,-0.0010666667678024,-0.0053163336272327,0.0079716232949599,0.005441145739041,17.0,-0.1762596153846154,0.009207048449433
2012-12-18,1445.75,875270.0,15.57,0.009207048449433,0.0122916385115567,-0.0021178970147348,-0.0065020877522957,-0.0029733296938011,0.0078899331009334,0.0029969171835711,0.0021208915691376,0.0033673049097041,0.0019546874282368,-0.0010666667678024,0.0082436969853825,0.0057987124923332,16.34,0.0216881252261611,-0.0058966525349273
2012-12-19,1437.25,505130.0,17.36,-0.0058966525349273,0.009207048449433,0.0122916385115567,-0.0021178970147348,-0.0065020877522957,-0.0029733296938011,0.0078899331009334,0.0029969171835711,0.0021208915691376,0.0033673049097041,0.0019546874282368,0.0087697984438353,0.0064269194078858,15.57,-0.4228866521187747,0.0057237169530004
2012-12-20,1445.5,343850.0,17.67,0.0057237169530004,-0.0058966525349273,0.009207048449433,0.0122916385115567,-0.0021178970147348,-0.0065020877522957,-0.0029733296938011,0.0078899331009334,0.0029969171835711,0.0021208915691376,0.0033673049097041,0.0076498810323018,0.0065235305082541,17.36,-0.319284144675628,-0.0082734947064918
2012-12-21,1433.59,2110000.0,17.84,-0.0082734947064918,0.0057237169530004,-0.0058966525349273,0.009207048449433,0.0122916385115567,-0.0021178970147348,-0.0065020877522957,-0.0029733296938011,0.0078899331009334,0.0029969171835711,0.0021208915691376,0.0091891784063337,0.0073290161539297,17.67,5.136396684600843,-0.0097009879923669
2012-12-24,1419.75,318130.0,18.59,-0.0097009879923669,-0.0082734947064918,0.0057237169530004,-0.0058966525349273,0.009207048449433,0.0122916385115567,-0.0021178970147348,-0.0065020877522957,-0.0029733296938011,0.0078899331009334,0.0029969171835711,0.0086440012171454,0.0080538977201934,17.84,-0.8492274881516588,-0.0044119016238968
2012-12-26,1413.5,578180.0,19.48,-0.0044119016238968,-0.0097009879923669,-0.0082734947064918,0.0057237169530004,-0.0058966525349273,0.009207048449433,0.0122916385115567,-0.0021178970147348,-0.0065020877522957,-0.0029733296938011,0.0078899331009334,0.0060780675915272,0.0076376363987096,18.59,0.8174331248231854,-0.0019474202843955
2012-12-27,1410.75,1470000.0,19.47,-0.0019474202843955,-0.0044119016238968,-0.0097009879923669,-0.0082734947064918,0.0057237169530004,-0.0058966525349273,0.009207048449433,0.0122916385115567,-0.0021178970147348,-0.0065020877522957,-0.0029733296938011,0.0061096453998663,0.0076190133208976,19.48,1.5424608253485077,-0.0191436206716345
2012-12-28,1384.0,1060000.0,22.72,-0.0191436206716345,-0.0019474202843955,-0.0044119016238968,-0.0097009879923669,-0.0082734947064918,0.0057237169530004,-0.0058966525349273,0.009207048449433,0.0122916385115567,-0.0021178970147348,-0.0065020877522957,0.0065999642997965,0.0094355431019654,19.47,-0.2789115646258503,0.0256790144176914
2012-12-31,1420.0,1480000.0,18.02,0.0256790144176914,-0.0191436206716345,-0.0019474202843955,-0.0044119016238968,-0.0097009879923669,-0.0082734947064918,0.0057237169530004,-0.0058966525349273,0.009207048449433,0.0122916385115567,-0.0021178970147348,0.0167713422097342,0.0129694022413637,22.72,0.3962264150943395,0.0257226555998984
2013-01-02,1457.0,1940000.0,14.68,0.0257226555998984,0.0256790144176914,-0.0191436206716345,-0.0019474202843955,-0.0044119016238968,-0.0097009879923669,-0.0082734947064918,0.0057237169530004,-0.0058966525349273,0.009207048449433,0.0122916385115567,0.0198535482352611,0.0148955802846178,18.02,0.3108108108108107,-0.0024050861962741
2013-01-03,1453.5,1600000.0,14.56,-0.0024050861962741,0.0257226555998984,0.0256790144176914,-0.0191436206716345,-0.0019474202843955,-0.0044119016238968,-0.0097009879923669,-0.0082734947064918,0.0057237169530004,-0.0058966525349273,0.009207048449433,0.0196301937448968,0.0146962575957155,14.68,-0.1752577319587629,0.0029197101033348
2013-01-04,1457.75,1510000.0,13.83,0.0029197101033348,-0.0024050861962741,0.0257226555998984,0.0256790144176914,-0.0191436206716345,-0.0019474202843955,-0.0044119016238968,-0.0097009879923669,-0.0082734947064918,0.0057237169530004,-0.0058966525349273,0.0192811081713659,0.0145310946622767,14.56,-0.05625,-0.001372919385036
2013-01-07,1455.75,1200000.0,13.79,-0.001372919385036,0.0029197101033348,-0.0024050861962741,0.0257226555998984,0.0256790144176914,-0.0191436206716345,-0.0019474202843955,-0.0044119016238968,-0.0097009879923669,-0.0082734947064918,0.0057237169530004,0.0143730155581689,0.0144705198394875,13.83,-0.2052980132450331,-0.0024071538445874
2013-01-08,1452.25,1370000.0,13.62,-0.0024071538445874,-0.001372919385036,0.0029197101033348,-0.0024050861962741,0.0257226555998984,0.0256790144176914,-0.0191436206716345,-0.0019474202843955,-0.0044119016238968,-0.0097009879923669,-0.0082734947064918,0.012070400079562,0.0141820525309358,13.79,0.1416666666666666,0.0024071538445874
2013-01-09,1455.75,1190000.0,13.81,0.0024071538445874,-0.0024071538445874,-0.001372919385036,0.0029197101033348,-0.0024050861962741,0.0257226555998984,0.0256790144176914,-0.0191436206716345,-0.0019474202843955,-0.0044119016238968,-0.0097009879923669,0.0026284738620701,0.0136458493364773,13.62,-0.1313868613138685,0.0076982674257523
2013-01-10,1467.0,1540000.0,13.49,0.0076982674257523,0.0024071538445874,-0.0024071538445874,-0.001372919385036,0.0029197101033348,-0.0024050861962741,0.0257226555998984,0.0256790144176914,-0.0191436206716345,-0.0019474202843955,-0.0044119016238968,0.0040052308088722,0.0135004810209829,13.81,0.2941176470588236,0.0001704012954622
2013-01-11,1467.25,1150000.0,13.36,0.0001704012954622,0.0076982674257523,0.0024071538445874,-0.0024071538445874,-0.001372919385036,0.0029197101033348,-0.0024050861962741,0.0257226555998984,0.0256790144176914,-0.0191436206716345,-0.0019474202843955,0.0040102086283952,0.0134181439985393,13.49,-0.2532467532467533,-0.0020467344685522
2013-01-14,1464.25,1170000.0,13.52,-0.0020467344685522,0.0001704012954622,0.0076982674257523,0.0024071538445874,-0.0024071538445874,-0.001372919385036,0.0029197101033348,-0.0024050861962741,0.0257226555998984,0.0256790144176914,-0.0191436206716345,0.0041319267757065,0.0110283790618902,13.36,0.0173913043478259,0.0006827103866468
2013-01-15,1465.25,1320000.0,13.55,0.0006827103866468,-0.0020467344685522,0.0001704012954622,0.0076982674257523,0.0024071538445874,-0.0024071538445874,-0.001372919385036,0.0029197101033348,-0.0024050861962741,0.0257226555998984,0.0256790144176914,0.003669398200137,0.0085308848841302,13.52,0.1282051282051282,0.0001706047944084
2013-01-16,1465.5,1230000.0,13.42,0.0001706047944084,0.0006827103866468,-0.0020467344685522,0.0001704012954622,0.0076982674257523,0.0024071538445874,-0.0024071538445874,-0.001372919385036,0.0029197101033348,-0.0024050861962741,0.0257226555998984,0.003710285986689,0.0031336137761043,13.55,-0.0681818181818182,0.0069698539698517
2013-01-17,1475.75,1750000.0,13.57,0.0069698539698517,0.0001706047944084,0.0006827103866468,-0.0020467344685522,0.0001704012954622,0.0076982674257523,0.0024071538445874,-0.0024071538445874,-0.001372919385036,0.0029197101033348,-0.0024050861962741,0.0033992370756465,0.0035193839906214,13.42,0.4227642276422765,0.0021998485900011
2013-01-18,1479.0,1490000.0,12.46,0.0021998485900011,0.0069698539698517,0.0001706047944084,0.0006827103866468,-0.0020467344685522,0.0001704012954622,0.0076982674257523,0.0024071538445874,-0.0024071538445874,-0.001372919385036,0.0029197101033348,0.0033681708932473,0.0034948309720874,13.57,-0.1485714285714285,0.0070743094425371
2013-01-22,1489.5,1470000.0,12.43,0.0070743094425371,0.0021998485900011,0.0069698539698517,0.0001706047944084,0.0006827103866468,-0.0020467344685522,0.0001704012954622,0.0076982674257523,0.0024071538445874,-0.0024071538445874,-0.001372919385036,0.0033725188054739,0.0037490777601772,12.46,-0.0134228187919462,0.0005033979466989
2013-01-23,1490.25,1190000.0,12.46,0.0005033979466989,0.0070743094425371,0.0021998485900011,0.0069698539698517,0.0001706047944084,0.0006827103866468,-0.0020467344685522,0.0001704012954622,0.0076982674257523,0.0024071538445874,-0.0024071538445874,0.0034096452595953,0.0034443287633343,12.43,-0.1904761904761904,0.0010060363021554
2013-01-24,1491.75,1830000.0,12.69,0.0010060363021554,0.0005033979466989,0.0070743094425371,0.0021998485900011,0.0069698539698517,0.0001706047944084,0.0006827103866468,-0.0020467344685522,0.0001704012954622,0.0076982674257523,0.0024071538445874,0.0032284903609728,0.0034805831715786,12.46,0.5378151260504203,0.0026778258679498
2013-01-25,1495.75,1590000.0,12.89,0.0026778258679498,0.0010060363021554,0.0005033979466989,0.0070743094425371,0.0021998485900011,0.0069698539698517,0.0001706047944084,0.0006827103866468,-0.0020467344685522,0.0001704012954622,0.0076982674257523,0.0026018984464452,0.0029617121063773,12.69,-0.1311475409836066,0.0008353521494871
2013-01-28,1497.0,1210000.0,13.57,0.0008353521494871,0.0026778258679498,0.0010060363021554,0.0005033979466989,0.0070743094425371,0.0021998485900011,0.0069698539698517,0.0001706047944084,0.0006827103866468,-0.0020467344685522,0.0001704012954622,0.002734631339393,0.0029247811129209,12.89,-0.2389937106918238,0.0053297927633478
2013-01-29,1505.0,1500000.0,13.31,0.0053297927633478,0.0008353521494871,0.0026778258679498,0.0010060363021554,0.0005033979466989,0.0070743094425371,0.0021998485900011,0.0069698539698517,0.0001706047944084,0.0006827103866468,-0.0020467344685522,0.002006633751298,0.0027111138733128,13.57,0.2396694214876034,-0.0064994812583096
2013-01-30,1495.25,1800000.0,14.32,-0.0064994812583096,0.0053297927633478,0.0008353521494871,0.0026778258679498,0.0010060363021554,0.0005033979466989,0.0070743094425371,0.0021998485900011,0.0069698539698517,0.0001706047944084,0.0006827103866468,0.0043956443359119,0.0039749195498587,13.31,0.1999999999999999,-0.001338464312251
2013-01-31,1493.25,1640000.0,14.28,-0.001338464312251,-0.0064994812583096,0.0053297927633478,0.0008353521494871,0.0026778258679498,0.0010060363021554,0.0005033979466989,0.0070743094425371,0.0021998485900011,0.0069698539698517,0.0001706047944084,0.0044751531733726,0.0040804621808066,14.32,-0.0888888888888889,0.0090000607507382
2013-02-01,1506.75,1780000.0,12.9,0.0090000607507382,-0.001338464312251,-0.0064994812583096,0.0053297927633478,0.0008353521494871,0.0026778258679498,0.0010060363021554,0.0005033979466989,0.0070743094425371,0.0021998485900011,0.0069698539698517,0.0059875410829282,0.0044000616723899,14.28,0.0853658536585366,-0.008832654706989
2013-02-04,1493.5,1770000.0,14.67,-0.008832654706989,0.0090000607507382,-0.001338464312251,-0.0064994812583096,0.0053297927633478,0.0008353521494871,0.0026778258679498,0.0010060363021554,0.0005033979466989,0.0070743094425371,0.0021998485900011,0.0075888486915053,0.0055888774383833,12.9,-0.0056179775280899,0.0083347707036743
2013-02-05,1506.0,1740000.0,13.72,0.0083347707036743,-0.008832654706989,0.0090000607507382,-0.001338464312251,-0.0064994812583096,0.0053297927633478,0.0008353521494871,0.0026778258679498,0.0010060363021554,0.0005033979466989,0.0070743094425371,0.0082527539055716,0.0057534933872224,14.67,-0.0169491525423728,0.0004978840033147
2013-02-06,1506.75,1750000.0,13.41,0.0004978840033147,0.0083347707036743,-0.008832654706989,0.0090000607507382,-0.001338464312251,-0.0064994812583096,0.0053297927633478,0.0008353521494871,0.0026778258679498,0.0010060363021554,0.0005033979466989,0.0073956853734351,0.0057535573573672,13.72,0.0057471264367816,-0.0009960160185963
2013-02-07,1505.25,1960000.0,13.5,-0.0009960160185963,0.0004978840033147,0.0083347707036743,-0.008832654706989,0.0090000607507382,-0.001338464312251,-0.0064994812583096,0.0053297927633478,0.0008353521494871,0.0026778258679498,0.0010060363021554,0.0073639709964787,0.0057919377536112,13.41,0.1200000000000001,0.0048049135604393
2013-02-08,1512.5,1430000.0,13.02,0.0048049135604393,-0.0009960160185963,0.0004978840033147,0.0083347707036743,-0.008832654706989,0.0090000607507382,-0.001338464312251,-0.0064994812583096,0.0053297927633478,0.0008353521494871,0.0026778258679498,0.0064982648159376,0.0059024501772607,13.5,-0.2704081632653061,0.0003305238833592
2013-02-11,1513.0,1230000.0,12.94,0.0003305238833592,0.0048049135604393,-0.0009960160185963,0.0004978840033147,0.0083347707036743,-0.008832654706989,0.0090000607507382,-0.001338464312251,-0.0064994812583096,0.0053297927633478,0.0008353521494871,0.0038810381213589,0.0059072514754835,13.02,-0.1398601398601399,0.0021457464699039
2013-02-12,1516.25,1260000.0,12.64,0.0021457464699039,0.0003305238833592,0.0048049135604393,-0.0009960160185963,0.0004978840033147,0.0083347707036743,-0.008832654706989,0.0090000607507382,-0.001338464312251,-0.0064994812583096,0.0053297927633478,0.0022270297512932,0.0057350233057609,12.94,0.024390243902439,0.0006593044577046
2013-02-13,1517.25,1270000.0,12.98,0.0006593044577046,0.0021457464699039,0.0003305238833592,0.0048049135604393,-0.0009960160185963,0.0004978840033147,0.0083347707036743,-0.008832654706989,0.0090000607507382,-0.001338464312251,-0.0064994812583096,0.0022125923313682,0.0051469336563536,12.64,0.0079365079365079,0.0008235197698389
2013-02-14,1518.5,1370000.0,12.66,0.0008235197698389,0.0006593044577046,0.0021457464699039,0.0003305238833592,0.0048049135604393,-0.0009960160185963,0.0004978840033147,0.0083347707036743,-0.008832654706989,0.0090000607507382,-0.001338464312251,0.001840649865751,0.0050609836274893,12.98,0.078740157480315,-0.0009883051372711
2013-02-15,1517.0,1730000.0,12.46,-0.0009883051372711,0.0008235197698389,0.0006593044577046,0.0021457464699039,0.0003305238833592,0.0048049135604393,-0.0009960160185963,0.0004978840033147,0.0083347707036743,-0.008832654706989,0.0090000607507382,0.0011222711560293,0.0043971960154084,12.66,0.2627737226277371,0.0072249903779335
2013-02-19,1528.0,1500000.0,12.31,0.0072249903779335,-0.0009883051372711,0.0008235197698389,0.0006593044577046,0.0021457464699039,0.0003305238833592,0.0048049135604393,-0.0009960160185963,0.0004978840033147,0.0083347707036743,-0.008832654706989,0.0031396525744525,0.0033440616342456,12.46,-0.1329479768786127,-0.0138387710999703
2013-02-20,1507.0,2020000.0,14.68,-0.0138387710999703,0.0072249903779335,-0.0009883051372711,0.0008235197698389,0.0006593044577046,0.0021457464699039,0.0003305238833592,0.0048049135604393,-0.0009960160185963,0.0004978840033147,0.0083347707036743,0.0077186885731745,0.0055256797334944,12.31,0.3466666666666667,-0.0039893669930334
2013-02-21,1501.0,2510000.0,15.22,-0.0039893669930334,-0.0138387710999703,0.0072249903779335,-0.0009883051372711,0.0008235197698389,0.0006593044577046,0.0021457464699039,0.0003305238833592,0.0048049135604393,-0.0009960160185963,0.0004978840033147,0.0077151211235715,0.0056671329782191,14.68,0.2425742574257425,0.00895379883383
2013-02-22,1514.5,1760000.0,14.17,0.00895379883383,-0.0039893669930334,-0.0138387710999703,0.0072249903779335,-0.0009883051372711,0.0008235197698389,0.0006593044577046,0.0021457464699039,0.0003305238833592,0.0048049135604393,-0.0009960160185963,0.0092111744281128,0.0063764732075044,15.22,-0.298804780876494,-0.0181565743992769
2013-02-25,1487.25,3090000.0,18.99,-0.0181565743992769,0.00895379883383,-0.0039893669930334,-0.0138387710999703,0.0072249903779335,-0.0009883051372711,0.0008235197698389,0.0006593044577046,0.0021457464699039,0.0003305238833592,0.0048049135604393,0.0121552859756376,0.0084847558927774,14.17,0.7556818181818181,0.0035237891987421
2013-02-26,1492.5,2930000.0,16.87,0.0035237891987421,-0.0181565743992769,0.00895379883383,-0.0039893669930334,-0.0138387710999703,0.0072249903779335,-0.0009883051372711,0.0008235197698389,0.0006593044577046,0.0021457464699039,0.0003305238833592,0.0113925244379809,0.0086278599301896,18.99,-0.0517799352750809,0.015457799685083
2013-02-27,1515.75,2460000.0,14.73,0.015457799685083,0.0035237891987421,-0.0181565743992769,0.00895379883383,-0.0039893669930334,-0.0138387710999703,0.0072249903779335,-0.0009883051372711,0.0008235197698389,0.0006593044577046,0.0021457464699039,0.0129460793307161,0.0101264133489723,16.87,-0.1604095563139932,-0.0016507101800434
2013-02-28,1513.25,2200000.0,15.51,-0.0016507101800434,0.015457799685083,0.0035237891987421,-0.0181565743992769,0.00895379883383,-0.0039893669930334,-0.0138387710999703,0.0072249903779335,-0.0009883051372711,0.0008235197698389,0.0006593044577046,0.0127544502122544,0.0101352103259379,14.73,-0.1056910569105691,0.002145392356839
2013-03-01,1516.5,2550000.0,15.36,0.002145392356839,-0.0016507101800434,0.015457799685083,0.0035237891987421,-0.0181565743992769,0.00895379883383,-0.0039893669930334,-0.0138387710999703,0.0072249903779335,-0.0009883051372711,0.0008235197698389,0.0121243668695058,0.0101595608378749,15.51,0.1590909090909091,0.0060810442959684
2013-03-04,1525.75,1980000.0,14.01,0.0060810442959684,0.002145392356839,-0.0016507101800434,0.015457799685083,0.0035237891987421,-0.0181565743992769,0.00895379883383,-0.0039893669930334,-0.0138387710999703,0.0072249903779335,-0.0009883051372711,0.0064232398360736,0.0103377318086586,15.36,-0.2235294117647058,0.0073463721139915
2013-03-05,1537.0,2370000.0,13.48,0.0073463721139915,0.0060810442959684,0.002145392356839,-0.0016507101800434,0.015457799685083,0.0035237891987421,-0.0181565743992769,0.00895379883383,-0.0039893669930334,-0.0138387710999703,0.0072249903779335,0.0064145093740961,0.0103464749319767,14.01,0.196969696969697,0.0013003903002833
2013-03-06,1539.0,2090000.0,13.53,0.0013003903002833,0.0073463721139915,0.0060810442959684,0.002145392356839,-0.0016507101800434,0.015457799685083,0.0035237891987421,-0.0181565743992769,0.00895379883383,-0.0039893669930334,-0.0138387710999703,0.0036613527820977,0.0090241904907851,13.48,-0.1181434599156118,0.002433683362297
2013-03-07,1542.75,1670000.0,13.06,0.002433683362297,0.0013003903002833,0.0073463721139915,0.0060810442959684,0.002145392356839,-0.0016507101800434,0.015457799685083,0.0035237891987421,-0.0181565743992769,0.00895379883383,-0.0039893669930334,0.0026745877787124,0.0087674536443693,13.53,-0.2009569377990431,0.0043657600266267
2013-03-08,1549.5,1140000.0,12.59,0.0043657600266267,0.002433683362297,0.0013003903002833,0.0073463721139915,0.0060810442959684,0.002145392356839,-0.0016507101800434,0.015457799685083,0.0035237891987421,-0.0181565743992769,0.00895379883383,0.0024968717353629,0.0085229955831346,13.06,-0.3173652694610778,0.004186127510534
2013-03-11,1556.0,755670.0,11.56,0.004186127510534,0.0043657600266267,0.002433683362297,0.0013003903002833,0.0073463721139915,0.0060810442959684,0.002145392356839,-0.0016507101800434,0.015457799685083,0.0035237891987421,-0.0181565743992769,0.0022956935092938,0.0045901272790657,12.59,-0.3371315789473684,-0.002251890930703
2013-03-12,1552.5,795040.0,12.27,-0.002251890930703,0.004186127510534,0.0043657600266267,0.002433683362297,0.0013003903002833,0.0073463721139915,0.0060810442959684,0.002145392356839,-0.0016507101800434,0.015457799685083,0.0035237891987421,0.0026986965981982,0.0050677814724153,11.56,0.0520994614051106,0.002251890930703
2013-03-13,1556.0,505430.0,11.83,0.002251890930703,-0.002251890930703,0.004186127510534,0.0043657600266267,0.002433683362297,0.0013003903002833,0.0073463721139915,0.0060810442959684,0.002145392356839,-0.0016507101800434,0.015457799685083,0.0026698225962887,0.0030537586124116,12.27,-0.3642709800764742,0.0040086640708542
2013-03-14,1562.25,368210.0,11.3,0.0040086640708542,0.002251890930703,-0.002251890930703,0.004186127510534,0.0043657600266267,0.002433683362297,0.0013003903002833,0.0073463721139915,0.0060810442959684,0.002145392356839,-0.0016507101800434,0.0027947023976414,0.0026751204140053,11.83,-0.2714916012108501,-0.0033148174345145
2013-03-15,1557.08,1700000.0,11.3,-0.0033148174345145,0.0040086640708542,0.002251890930703,-0.002251890930703,0.004186127510534,0.0043657600266267,0.002433683362297,0.0013003903002833,0.0073463721139915,0.0060810442959684,0.002145392356839,0.0035341286685791,0.0033765682002578,11.3,3.616930555932756,-0.0066563169635783
2013-03-18,1546.75,2190000.0,13.36,-0.0066563169635783,-0.0033148174345145,0.0040086640708542,0.002251890930703,-0.002251890930703,0.004186127510534,0.0043657600266267,0.002433683362297,0.0013003903002833,0.0073463721139915,0.0060810442959684,0.0043126492096985,0.0042293420150202,11.3,0.2882352941176471,-0.0029135663213501
2013-03-19,1542.25,2550000.0,14.39,-0.0029135663213501,-0.0066563169635783,-0.0033148174345145,0.0040086640708542,0.002251890930703,-0.002251890930703,0.004186127510534,0.0043657600266267,0.002433683362297,0.0013003903002833,0.0073463721139915,0.0043631404386938,0.0038446130748,13.36,0.1643835616438356,0.0043671723271206
2013-03-20,1549.0,1800000.0,12.67,0.0043671723271206,-0.0029135663213501,-0.0066563169635783,-0.0033148174345145,0.0040086640708542,0.002251890930703,-0.002251890930703,0.004186127510534,0.0043657600266267,0.002433683362297,0.0013003903002833,0.004869780516782,0.0040466531052865,14.39,-0.2941176470588235,-0.0064767065779894
2013-03-21,1539.0,1900000.0,13.99,-0.0064767065779894,0.0043671723271206,-0.0029135663213501,-0.0066563169635783,-0.0033148174345145,0.0040086640708542,0.002251890930703,-0.002251890930703,0.004186127510534,0.0043657600266267,0.002433683362297,0.0044676040730975,0.0045583381099197,12.67,0.0555555555555555,0.0084115669042847
2013-03-22,1552.0,1580000.0,13.57,0.0084115669042847,-0.0064767065779894,0.0043671723271206,-0.0029135663213501,-0.0066563169635783,-0.0033148174345145,0.0040086640708542,0.002251890930703,-0.002251890930703,0.004186127510534,0.0043657600266267,0.006753407190003,0.0051535640455276,13.99,-0.1684210526315789,-0.0032268501700979
2013-03-25,1547.0,2250000.0,13.74,-0.0032268501700979,0.0084115669042847,-0.0064767065779894,0.0043671723271206,-0.0029135663213501,-0.0066563169635783,-0.0033148174345145,0.0040086640708542,0.002251890930703,-0.002251890930703,0.004186127510534,0.0061373973879363,0.0050422305816442,13.57,0.4240506329113924,0.0066038735611887
2013-03-26,1557.25,1590000.0,12.77,0.0066038735611887,-0.0032268501700979,0.0084115669042847,-0.0064767065779894,0.0043671723271206,-0.0029135663213501,-0.0066563169635783,-0.0033148174345145,0.0040086640708542,0.002251890930703,-0.002251890930703,0.0064626090487371,0.0054750817303783,13.74,-0.2933333333333333,-0.0003211303816936
2013-03-27,1556.75,1570000.0,13.15,-0.0003211303816936,0.0066038735611887,-0.0032268501700979,0.0084115669042847,-0.0064767065779894,0.0043671723271206,-0.0029135663213501,-0.0066563169635783,-0.0033148174345145,0.0040086640708542,0.002251890930703,0.0063609648416248,0.0054337506747215,12.77,-0.0125786163522012,0.0038467750593604
2013-03-28,1562.75,1630000.0,12.7,0.0038467750593604,-0.0003211303816936,0.0066038735611887,-0.0032268501700979,0.0084115669042847,-0.0064767065779894,0.0043671723271206,-0.0029135663213501,-0.0066563169635783,-0.0033148174345145,0.0040086640708542,0.0048159581169049,0.0054208659617949,13.15,0.0382165605095541,-0.0043286640735848
2013-04-01,1556.0,1140000.0,13.58,-0.0043286640735848,0.0038467750593604,-0.0003211303816936,0.0066038735611887,-0.0032268501700979,0.0084115669042847,-0.0064767065779894,0.0043671723271206,-0.0029135663213501,-0.0066563169635783,-0.0033148174345145,0.0046458784008057,0.00549932829943,12.7,-0.3006134969325154,0.0054478583705999
2013-04-02,1564.5,1610000.0,12.78,0.0054478583705999,-0.0043286640735848,0.0038467750593604,-0.0003211303816936,0.0066038735611887,-0.0032268501700979,0.0084115669042847,-0.0064767065779894,0.0043671723271206,-0.0029135663213501,-0.0066563169635783,0.0045172374255912,0.005213067909131,13.58,0.4122807017543859,-0.0102795636956793
2013-04-03,1548.5,2270000.0,14.21,-0.0102795636956793,0.0054478583705999,-0.0043286640735848,0.0038467750593604,-0.0003211303816936,0.0066038735611887,-0.0032268501700979,0.0084115669042847,-0.0064767065779894,0.0043671723271206,-0.0029135663213501,0.0063764547713572,0.0062640877034211,12.78,0.4099378881987578,0.0038672300855509
2013-04-04,1554.5,2000000.0,13.89,0.0038672300855509,-0.0102795636956793,0.0054478583705999,-0.0043286640735848,0.0038467750593604,-0.0003211303816936,0.0066038735611887,-0.0032268501700979,0.0084115669042847,-0.0064767065779894,0.0043671723271206,0.0067716444871718,0.0062308535120194,14.21,-0.118942731277533,-0.0054830003514412
2013-04-05,1546.0,2270000.0,13.92,-0.0054830003514412,0.0038672300855509,-0.0102795636956793,0.0054478583705999,-0.0043286640735848,0.0038467750593604,-0.0003211303816936,0.0066038735611887,-0.0032268501700979,0.0084115669042847,-0.0064767065779894,0.0066309812138943,0.0061166823128252,13.89,0.135,0.0085339862588647
2013-04-08,1559.25,1440000.0,13.19,0.0085339862588647,-0.0054830003514412,0.0038672300855509,-0.0102795636956793,0.0054478583705999,-0.0043286640735848,0.0038467750593604,-0.0003211303816936,0.0066038735611887,-0.0032268501700979,0.0084115669042847,0.0079423794939107,0.0061344752337001,13.92,-0.3656387665198237,0.0025620510411753
2013-04-09,1563.25,1630000.0,12.84,0.0025620510411753,0.0085339862588647,-0.0054830003514412,0.0038672300855509,-0.0102795636956793,0.0054478583705999,-0.0043286640735848,0.0038467750593604,-0.0003211303816936,0.0066038735611887,-0.0032268501700979,0.0075821079380253,0.0060193265730222,13.19,0.1319444444444444,0.0123968529768285
2013-04-10,1582.75,2030000.0,12.36,0.0123968529768285,0.0025620510411753,0.0085339862588647,-0.0054830003514412,0.0038672300855509,-0.0102795636956793,0.0054478583705999,-0.0043286640735848,0.0038467750593604,-0.0003211303816936,0.0066038735611887,0.0067522602905752,0.0068369822614224,12.84,0.2453987730061348,0.0031540792588482
2013-04-11,1587.75,1720000.0,12.24,0.0031540792588482,0.0123968529768285,0.0025620510411753,0.0085339862588647,-0.0054830003514412,0.0038672300855509,-0.0102795636956793,0.0054478583705999,-0.0043286640735848,0.0038467750593604,-0.0003211303816936,0.0067731783756147,0.0068154006590636,12.36,-0.1527093596059113,-0.003628050355485
2013-04-12,1582.0,1810000.0,12.06,-0.003628050355485,0.0031540792588482,0.0123968529768285,0.0025620510411753,0.0085339862588647,-0.0054830003514412,0.0038672300855509,-0.0102795636956793,0.0054478583705999,-0.0043286640735848,0.0038467750593604,0.0061280467532688,0.006994458725062,12.24,0.0523255813953489,-0.0246373043853851
2013-04-15,1543.5,2850000.0,17.27,-0.0246373043853851,-0.003628050355485,0.0031540792588482,0.0123968529768285,0.0025620510411753,0.0085339862588647,-0.0054830003514412,0.0038672300855509,-0.0102795636956793,0.0054478583705999,-0.0043286640735848,0.013872091341333,0.010734390550491,12.06,0.5745856353591161,0.0162265589378799
2013-04-16,1568.75,2250000.0,13.96,0.0162265589378799,-0.0246373043853851,-0.003628050355485,0.0031540792588482,0.0123968529768285,0.0025620510411753,0.0085339862588647,-0.0054830003514412,0.0038672300855509,-0.0102795636956793,0.0054478583705999,0.0161603209355536,0.0119090823400017,17.27,-0.2105263157894736,-0.0146081737327267
2013-04-17,1546.0,2970000.0,16.51,-0.0146081737327267,0.0162265589378799,-0.0246373043853851,-0.003628050355485,0.0031540792588482,0.0123968529768285,0.0025620510411753,0.0085339862588647,-0.0054830003514412,0.0038672300855509,-0.0102795636956793,0.0157830962487479,0.0124035853609961,13.96,0.32,-0.0077922472201657
2013-04-18,1534.0,2320000.0,17.56,-0.0077922472201657,-0.0146081737327267,0.0162265589378799,-0.0246373043853851,-0.003628050355485,0.0031540792588482,0.0123968529768285,0.0025620510411753,0.0085339862588647,-0.0054830003514412,0.0038672300855509,0.015168772677103,0.0125301497198632,16.51,-0.2188552188552188,0.0087620226315496
2013-04-19,1547.5,1880000.0,14.97,0.0087620226315496,-0.0077922472201657,-0.0146081737327267,0.0162265589378799,-0.0246373043853851,-0.003628050355485,0.0031540792588482,0.0123968529768285,0.0025620510411753,0.0085339862588647,-0.0054830003514412,0.0167627259962112,0.0128118035382979,17.56,-0.1896551724137931,0.0054777001795856
2013-04-22,1556.0,1590000.0,14.39,0.0054777001795856,0.0087620226315496,-0.0077922472201657,-0.0146081737327267,0.0162265589378799,-0.0246373043853851,-0.003628050355485,0.0031540792588482,0.0123968529768285,0.0025620510411753,0.0085339862588647,0.0125617045945895,0.0126232402984185,14.97,-0.1542553191489362,0.0111840117661245
2013-04-23,1573.5,2110000.0,13.48,0.0111840117661245,0.0054777001795856,0.0087620226315496,-0.0077922472201657,-0.0146081737327267,0.0162265589378799,-0.0246373043853851,-0.003628050355485,0.0031540792588482,0.0123968529768285,0.0025620510411753,0.0112266438721627,0.0131182566434199,14.39,0.3270440251572326,0.000317712472887
2013-04-24,1574.0,1420000.0,13.61,0.000317712472887,0.0111840117661245,0.0054777001795856,0.0087620226315496,-0.0077922472201657,-0.0146081737327267,0.0162265589378799,-0.0246373043853851,-0.003628050355485,0.0031540792588482,0.0123968529768285,0.0075539006825333,0.0124562115433659,13.48,-0.3270142180094787,0.0049116790496451
2013-04-25,1581.75,1600000.0,13.62,0.0049116790496451,0.000317712472887,0.0111840117661245,0.0054777001795856,0.0087620226315496,-0.0077922472201657,-0.0146081737327267,0.0162265589378799,-0.0246373043853851,-0.003628050355485,0.0031540792588482,0.0041280462510194,0.012526554156692,13.61,0.1267605633802817,-0.0033246290418781
2013-04-26,1576.5,1340000.0,13.61,-0.0033246290418781,0.0049116790496451,0.000317712472887,0.0111840117661245,0.0054777001795856,0.0087620226315496,-0.0077922472201657,-0.0146081737327267,0.0162265589378799,-0.0246373043853851,-0.003628050355485,0.0055096101151877,0.0125181734109507,13.62,-0.1624999999999999,0.007425581161527
2013-04-29,1588.25,1230000.0,13.71,0.007425581161527,-0.0033246290418781,0.0049116790496451,0.000317712472887,0.0111840117661245,0.0054777001795856,0.0087620226315496,-0.0077922472201657,-0.0146081737327267,0.0162265589378799,-0.0246373043853851,0.0057300154837448,0.0092976371005023,13.61,-0.0820895522388059,0.0025153291048326
2013-04-30,1592.25,1560000.0,13.52,0.0025153291048326,0.007425581161527,-0.0033246290418781,0.0049116790496451,0.000317712472887,0.0111840117661245,0.0054777001795856,0.0087620226315496,-0.0077922472201657,-0.0146081737327267,0.0162265589378799,0.0041436950326494,0.0080319802918141,13.71,0.2682926829268293,-0.0094652860005562
2013-05-01,1577.25,1470000.0,14.49,-0.0094652860005562,0.0025153291048326,0.007425581161527,-0.0033246290418781,0.0049116790496451,0.000317712472887,0.0111840117661245,0.0054777001795856,0.0087620226315496,-0.0077922472201657,-0.0146081737327267,0.0068078006633092,0.0069830622938429,13.52,-0.0576923076923077,0.0094652860005562
2013-05-02,1592.25,1650000.0,13.59,0.0094652860005562,-0.0094652860005562,0.0025153291048326,0.007425581161527,-0.0033246290418781,0.0049116790496451,0.000317712472887,0.0111840117661245,0.0054777001795856,0.0087620226315496,-0.0077922472201657,0.0077933872137617,0.0064021488719954,14.49,0.1224489795918366,0.0101539574276058
2013-05-03,1608.5,1940000.0,12.85,0.0101539574276058,0.0094652860005562,-0.0094652860005562,0.0025153291048326,0.007425581161527,-0.0033246290418781,0.0049116790496451,0.000317712472887,0.0111840117661245,0.0054777001795856,0.0087620226315496,0.0081085067082466,0.0065374845420197,13.59,0.1757575757575757,0.0031036648129354
2013-05-06,1613.5,963960.0,12.66,0.0031036648129354,0.0101539574276058,0.0094652860005562,-0.0094652860005562,0.0025153291048326,0.007425581161527,-0.0033246290418781,0.0049116790496451,0.000317712472887,0.0111840117661245,0.0054777001795856,0.007881759742187,0.0065155280127033,12.85,-0.5031134020618557,0.0043290110895854
2013-05-07,1620.5,1510000.0,12.83,0.0043290110895854,0.0031036648129354,0.0101539574276058,0.0094652860005562,-0.0094652860005562,0.0025153291048326,0.007425581161527,-0.0033246290418781,0.0049116790496451,0.000317712472887,0.0111840117661245,0.0078867177503289,0.0059700917955864,12.66,0.5664550396282004,0.0050781058574529
2013-05-08,1628.75,1590000.0,12.66,0.0050781058574529,0.0043290110895854,0.0031036648129354,0.0101539574276058,0.0094652860005562,-0.0094652860005562,0.0025153291048326,0.007425581161527,-0.0033246290418781,0.0049116790496451,0.000317712472887,0.0031775390705781,0.0059271145009619,12.83,0.0529801324503311,-0.0026127733298998
2013-05-09,1624.5,1830000.0,13.13,-0.0026127733298998,0.0050781058574529,0.0043290110895854,0.0031036648129354,0.0101539574276058,0.0094652860005562,-0.0094652860005562,0.0025153291048326,0.007425581161527,-0.0033246290418781,0.0049116790496451,0.0045736582827057,0.0061884542995508,12.66,0.150943396226415,0.0030731431684612
2013-05-10,1629.5,1640000.0,12.59,0.0030731431684612,-0.0026127733298998,0.0050781058574529,0.0043290110895854,0.0031036648129354,0.0101539574276058,0.0094652860005562,-0.0094652860005562,0.0025153291048326,0.007425581161527,-0.0033246290418781,0.0030323617047259,0.0058199573049669,13.13,-0.1038251366120218,0.0007668123985891
2013-05-13,1630.75,1330000.0,12.55,0.0007668123985891,0.0030731431684612,-0.0026127733298998,0.0050781058574529,0.0043290110895854,0.0031036648129354,0.0101539574276058,0.0094652860005562,-0.0094652860005562,0.0025153291048326,0.007425581161527,0.003113222885829,0.0056754612938807,12.59,-0.1890243902439023,0.0105223997932115
2013-05-14,1648.0,2020000.0,12.77,0.0105223997932115,0.0007668123985891,0.0030731431684612,-0.0026127733298998,0.0050781058574529,0.0043290110895854,0.0031036648129354,0.0101539574276058,0.0094652860005562,-0.0094652860005562,0.0025153291048326,0.0049176375232332,0.0061966971718053,12.55,0.518796992481203,0.0037853024227518
2013-05-15,1654.25,2120000.0,12.81,0.0037853024227518,0.0105223997932115,0.0007668123985891,0.0030731431684612,-0.0026127733298998,0.0050781058574529,0.0043290110895854,0.0031036648129354,0.0101539574276058,0.0094652860005562,-0.0094652860005562,0.0048384315513259,0.0042369874949232,12.77,0.0495049504950495,-0.0037853024227518
2013-05-16,1648.0,1920000.0,13.07,-0.0037853024227518,0.0037853024227518,0.0105223997932115,0.0007668123985891,0.0030731431684612,-0.0026127733298998,0.0050781058574529,0.0043290110895854,0.0031036648129354,0.0101539574276058,0.0094652860005562,0.0051998722619202,0.0046555254300702,12.81,-0.0943396226415094,0.0090607687235106
2013-05-17,1663.0,1920000.0,12.45,0.0090607687235106,-0.0037853024227518,0.0037853024227518,0.0105223997932115,0.0007668123985891,0.0030731431684612,-0.0026127733298998,0.0050781058574529,0.0043290110895854,0.0031036648129354,0.0101539574276058,0.0058999812020128,0.0044902944097764,13.07,0.0,0.000901577822152
2013-05-20,1664.5,1750000.0,13.02,0.000901577822152,0.0090607687235106,-0.0037853024227518,0.0037853024227518,0.0105223997932115,0.0007668123985891,0.0030731431684612,-0.0026127733298998,0.0050781058574529,0.0043290110895854,0.0031036648129354,0.0058813972019472,0.0045562544321021,12.45,-0.0885416666666666,0.0006006006186547
2013-05-21,1665.5,1690000.0,13.37,0.0006006006186547,0.000901577822152,0.0090607687235106,-0.0037853024227518,0.0037853024227518,0.0105223997932115,0.0007668123985891,0.0030731431684612,-0.0026127733298998,0.0050781058574529,0.0043290110895854,0.0047332058860145,0.0045979498415727,13.02,-0.0342857142857142,-0.0060223006464333
2013-05-22,1655.5,2970000.0,13.82,-0.0060223006464333,0.0006006006186547,0.000901577822152,0.0090607687235106,-0.0037853024227518,0.0037853024227518,0.0105223997932115,0.0007668123985891,0.0030731431684612,-0.0026127733298998,0.0050781058574529,0.0057825946620175,0.0052624325271747,13.37,0.7573964497041421,-0.0033277900926746
2013-05-23,1650.0,2680000.0,14.07,-0.0033277900926746,-0.0060223006464333,0.0006006006186547,0.000901577822152,0.0090607687235106,-0.0037853024227518,0.0037853024227518,0.0105223997932115,0.0007668123985891,0.0030731431684612,-0.0026127733298998,0.0057078713494779,0.0053308827677792,13.82,-0.0976430976430976,0.0003029843986213
2013-05-24,1650.5,1950000.0,13.99,0.0003029843986213,-0.0033277900926746,-0.0060223006464333,0.0006006006186547,0.000901577822152,0.0090607687235106,-0.0037853024227518,0.0037853024227518,0.0105223997932115,0.0007668123985891,0.0030731431684612,0.0030505109323268,0.0053153255812175,14.07,-0.2723880597014925,0.002420576068419
2013-05-28,1654.5,2090000.0,14.48,0.002420576068419,0.0003029843986213,-0.0033277900926746,-0.0060223006464333,0.0006006006186547,0.000901577822152,0.0090607687235106,-0.0037853024227518,0.0037853024227518,0.0105223997932115,0.0007668123985891,0.0034055702713087,0.0053232880590479,13.99,0.0717948717948717,-0.0045433971840265
2013-05-29,1647.0,2130000.0,14.83,-0.0045433971840265,0.002420576068419,0.0003029843986213,-0.0033277900926746,-0.0060223006464333,0.0006006006186547,0.000901577822152,0.0090607687235106,-0.0037853024227518,0.0037853024227518,0.0105223997932115,0.0034993671614548,0.0045439461299499,14.48,0.0191387559808613,0.0039388022442071
2013-05-30,1653.5,1770000.0,14.53,0.0039388022442071,-0.0045433971840265,0.002420576068419,0.0003029843986213,-0.0033277900926746,-0.0060223006464333,0.0006006006186547,0.000901577822152,0.0090607687235106,-0.0037853024227518,0.0037853024227518,0.003636259914888,0.0045586175368809,14.83,-0.1690140845070422,-0.0149279238198023
2013-05-31,1629.0,2560000.0,16.3,-0.0149279238198023,0.0039388022442071,-0.0045433971840265,0.002420576068419,0.0003029843986213,-0.0033277900926746,-0.0060223006464333,0.0006006006186547,0.000901577822152,0.0090607687235106,-0.0037853024227518,0.0076180154272815,0.00651593726837,14.53,0.4463276836158192,0.0044407086220645
2013-06-03,1636.25,2530000.0,16.28,0.0044407086220645,-0.0149279238198023,0.0039388022442071,-0.0045433971840265,0.002420576068419,0.0003029843986213,-0.0033277900926746,-0.0060223006464333,0.0006006006186547,0.000901577822152,0.0090607687235106,0.0082088451102047,0.0058394242155758,16.3,-0.01171875,-0.003060446153106
2013-06-04,1631.25,2170000.0,16.27,-0.003060446153106,0.0044407086220645,-0.0149279238198023,0.0039388022442071,-0.0045433971840265,0.002420576068419,0.0003029843986213,-0.0033277900926746,-0.0060223006464333,0.0006006006186547,0.000901577822152,0.0078744600252877,0.0057833461739749,16.28,-0.142292490118577,-0.0143554213320918
2013-06-05,1608.0,2650000.0,17.5,-0.0143554213320918,-0.003060446153106,0.0044407086220645,-0.0149279238198023,0.0039388022442071,-0.0045433971840265,0.002420576068419,0.0003029843986213,-0.0033277900926746,-0.0060223006464333,0.0006006006186547,0.0094692142050382,0.0068638821181823,16.27,0.2211981566820275,0.0091310701746663
2013-06-06,1622.75,2800000.0,16.63,0.0091310701746663,-0.0143554213320918,-0.003060446153106,0.0044407086220645,-0.0149279238198023,0.0039388022442071,-0.0045433971840265,0.002420576068419,0.0003029843986213,-0.0033277900926746,-0.0060223006464333,0.010850184407723,0.0078502803097326,17.5,0.0566037735849056,0.0096589482252913
2013-06-07,1638.5,2380000.0,15.14,0.0096589482252913,0.0091310701746663,-0.0143554213320918,-0.003060446153106,0.0044407086220645,-0.0149279238198023,0.0039388022442071,-0.0045433971840265,0.002420576068419,0.0003029843986213,-0.0033277900926746,0.0100632195445958,0.0086403115020136,16.63,-0.15,0.0021338218735042
2013-06-10,1642.0,1820000.0,15.44,0.0021338218735042,0.0096589482252913,0.0091310701746663,-0.0143554213320918,-0.003060446153106,0.0044407086220645,-0.0149279238198023,0.0039388022442071,-0.0045433971840265,0.002420576068419,0.0003029843986213,0.0099273384751739,0.0086832025386411,15.14,-0.2352941176470588,-0.0091771827933357
2013-06-11,1627.0,2590000.0,17.07,-0.0091771827933357,0.0021338218735042,0.0096589482252913,0.0091310701746663,-0.0143554213320918,-0.003060446153106,0.0044407086220645,-0.0149279238198023,0.0039388022442071,-0.0045433971840265,0.002420576068419,0.0108416165194412,0.0090155193327097,15.44,0.4230769230769231,-0.0105036492405291
2013-06-12,1610.0,2600000.0,18.59,-0.0105036492405291,-0.0091771827933357,0.0021338218735042,0.0096589482252913,0.0091310701746663,-0.0143554213320918,-0.003060446153106,0.0044407086220645,-0.0149279238198023,0.0039388022442071,-0.0045433971840265,0.0096884368790197,0.0094143392258232,17.07,0.0038610038610038,0.0164783893426919
2013-06-13,1636.75,2360000.0,16.41,0.0164783893426919,-0.0105036492405291,-0.0091771827933357,0.0021338218735042,0.0096589482252913,0.0091310701746663,-0.0143554213320918,-0.003060446153106,0.0044407086220645,-0.0149279238198023,0.0039388022442071,0.0117172349376076,0.011030010323487,18.59,-0.0923076923076923,-0.0076663975605603
2013-06-14,1624.25,1040000.0,17.15,-0.0076663975605603,0.0164783893426919,-0.0105036492405291,-0.0091771827933357,0.0021338218735042,0.0096589482252913,0.0091310701746663,-0.0143554213320918,-0.003060446153106,0.0044407086220645,-0.0149279238198023,0.0113374532507361,0.0102219525749231,16.41,-0.5593220338983051,0.0094976204132046
2013-06-17,1639.75,893730.0,16.8,0.0094976204132046,-0.0076663975605603,0.0164783893426919,-0.0105036492405291,-0.0091771827933357,0.0021338218735042,0.0096589482252913,0.0091310701746663,-0.0143554213320918,-0.003060446153106,0.0044407086220645,0.0123964414553176,0.010600188110973,17.15,-0.1406442307692307,0.0068373737462831
2013-06-18,1651.0,739740.0,16.61,0.0068373737462831,0.0094976204132046,-0.0076663975605603,0.0164783893426919,-0.0105036492405291,-0.0091771827933357,0.0021338218735042,0.0096589482252913,0.0091310701746663,-0.0143554213320918,-0.003060446153106,0.0115618621506804,0.0107219023909687,16.8,-0.1723003591688765,-0.0131079456425117
2013-06-19,1629.5,589660.0,16.64,-0.0131079456425117,0.0068373737462831,0.0094976204132046,-0.0076663975605603,0.0164783893426919,-0.0105036492405291,-0.0091771827933357,0.0021338218735042,0.0096589482252913,0.0091310701746663,-0.0143554213320918,0.0123500605347496,0.010526235204932,16.61,-0.2028820937086003,-0.0242247870884174
2013-06-20,1590.5,639740.0,20.49,-0.0242247870884174,-0.0131079456425117,0.0068373737462831,0.0094976204132046,-0.0076663975605603,0.0164783893426919,-0.0105036492405291,-0.0091771827933357,0.0021338218735042,0.0096589482252913,0.0091310701746663,0.0140540041733988,0.0128150259761239,16.64,0.084930298816267,0.0059114460816145
2013-06-21,1599.93,2980000.0,18.9,0.0059114460816145,-0.0242247870884174,-0.0131079456425117,0.0068373737462831,0.0094976204132046,-0.0076663975605603,0.0164783893426919,-0.0105036492405291,-0.0091771827933357,0.0021338218735042,0.0096589482252913,0.0148748022866187,0.0124865448712631,20.49,3.658142370337949,-0.0212756510605354
2013-06-24,1566.25,2850000.0,20.11,-0.0212756510605354,0.0059114460816145,-0.0242247870884174,-0.0131079456425117,0.0068373737462831,0.0094976204132046,-0.0076663975605603,0.0164783893426919,-0.0105036492405291,-0.0091771827933357,0.0021338218735042,0.0147680976231906,0.0136828974715463,18.9,-0.0436241610738254,0.0096895365354254
2013-06-25,1581.5,2020000.0,18.47,0.0096895365354254,-0.0212756510605354,0.0059114460816145,-0.0242247870884174,-0.0131079456425117,0.0068373737462831,0.0094976204132046,-0.0076663975605603,0.0164783893426919,-0.0105036492405291,-0.0091771827933357,0.0155741522914367,0.0142878513341151,20.11,-0.2912280701754386,0.0088134029725945
2013-06-26,1595.5,1730000.0,17.21,0.0088134029725945,0.0096895365354254,-0.0212756510605354,0.0059114460816145,-0.0242247870884174,-0.0131079456425117,0.0068373737462831,0.0094976204132046,-0.0076663975605603,0.0164783893426919,-0.0105036492405291,0.0170079224188792,0.0144410712843702,18.47,-0.1435643564356435,0.006870732837615
2013-06-27,1606.5,1600000.0,16.86,0.006870732837615,0.0088134029725945,0.0096895365354254,-0.0212756510605354,0.0059114460816145,-0.0242247870884174,-0.0131079456425117,0.0068373737462831,0.0094976204132046,-0.0076663975605603,0.0164783893426919,0.0130989579298029,0.0134410469556185,17.21,-0.0751445086705202,-0.0045231302256661
2013-06-28,1599.25,2140000.0,16.86,-0.0045231302256661,0.006870732837615,0.0088134029725945,0.0096895365354254,-0.0212756510605354,0.0059114460816145,-0.0242247870884174,-0.0131079456425117,0.0068373737462831,0.0094976204132046,-0.0076663975605603,0.0131514832958138,0.0133265818493666,16.86,0.3374999999999999,0.0046787359211485
2013-07-01,1606.75,1550000.0,16.37,0.0046787359211485,-0.0045231302256661,0.006870732837615,0.0088134029725945,0.0096895365354254,-0.0212756510605354,0.0059114460816145,-0.0242247870884174,-0.0131079456425117,0.0068373737462831,0.0094976204132046,0.0057177493245287,0.0129648847758601,16.86,-0.2757009345794392,0.0003111387704004
2013-07-02,1607.25,1670000.0,16.44,0.0003111387704004,0.0046787359211485,-0.0045231302256661,0.006870732837615,0.0088134029725945,0.0096895365354254,-0.0212756510605354,0.0059114460816145,-0.0242247870884174,-0.0131079456425117,0.0068373737462831,0.0053656066557589,0.0126286536800803,16.37,0.0774193548387096,0.0010882239705871
2013-07-03,1609.0,1030000.0,16.2,0.0010882239705871,0.0003111387704004,0.0046787359211485,-0.0045231302256661,0.006870732837615,0.0088134029725945,0.0096895365354254,-0.0212756510605354,0.0059114460816145,-0.0242247870884174,-0.0131079456425117,0.0043771793696578,0.0121143205357932,16.44,-0.3832335329341317,0.0112786054601133
2013-07-05,1627.25,1720000.0,14.89,0.0112786054601133,0.0010882239705871,0.0003111387704004,0.0046787359211485,-0.0045231302256661,0.006870732837615,0.0088134029725945,0.0096895365354254,-0.0212756510605354,0.0059114460816145,-0.0242247870884174,0.0058714804976228,0.0095744189617269,16.2,0.6699029126213591,0.0050570945259419
2013-07-08,1635.5,1320000.0,14.78,0.0050570945259419,0.0112786054601133,0.0010882239705871,0.0003111387704004,0.0046787359211485,-0.0045231302256661,0.006870732837615,0.0088134029725945,0.0096895365354254,-0.0212756510605354,0.0059114460816145,0.0043438773223157,0.009542214407978,14.89,-0.2325581395348837,0.0060957214049561
2013-07-09,1645.5,1280000.0,14.35,0.0060957214049561,0.0050570945259419,0.0112786054601133,0.0010882239705871,0.0003111387704004,0.0046787359211485,-0.0045231302256661,0.006870732837615,0.0088134029725945,0.0096895365354254,-0.0212756510605354,0.0044056426855641,0.004815459680377,14.78,-0.0303030303030302,0.001821494128391
2013-07-10,1648.5,1460000.0,14.21,0.001821494128391,0.0060957214049561,0.0050570945259419,0.0112786054601133,0.0010882239705871,0.0003111387704004,0.0046787359211485,-0.0045231302256661,0.006870732837615,0.0088134029725945,0.0096895365354254,0.0040622151517288,0.0045899817638822,14.35,0.140625,0.0129578428990151
2013-07-11,1670.0,1460000.0,14.01,0.0129578428990151,0.001821494128391,0.0060957214049561,0.0050570945259419,0.0112786054601133,0.0010882239705871,0.0003111387704004,0.0046787359211485,-0.0045231302256661,0.006870732837615,0.0088134029725945,0.0045889647704191,0.0052039636504144,14.21,0.0,0.0001496893947859
2013-07-12,1670.25,1140000.0,13.84,0.0001496893947859,0.0129578428990151,0.001821494128391,0.0060957214049561,0.0050570945259419,0.0112786054601133,0.0010882239705871,0.0003111387704004,0.0046787359211485,-0.0045231302256661,0.006870732837615,0.0049478648110847,0.0053059113721348,14.01,-0.2191780821917808,0.00433127404025
2013-07-15,1677.5,911480.0,13.79,0.00433127404025,0.0001496893947859,0.0129578428990151,0.001821494128391,0.0060957214049561,0.0050570945259419,0.0112786054601133,0.0010882239705871,0.0003111387704004,0.0046787359211485,-0.0045231302256661,0.0049643258767129,0.0044085885137653,13.84,-0.2004561403508772,-0.0037327404296839
2013-07-16,1671.25,1170000.0,14.42,-0.0037327404296839,0.00433127404025,0.0001496893947859,0.0129578428990151,0.001821494128391,0.0060957214049561,0.0050570945259419,0.0112786054601133,0.0010882239705871,0.0003111387704004,0.0046787359211485,0.0062393549783446,0.0051666807001841,13.79,0.283626629218414,0.0025397787612121
2013-07-17,1675.5,1410000.0,13.78,0.0025397787612121,-0.0037327404296839,0.00433127404025,0.0001496893947859,0.0129578428990151,0.001821494128391,0.0060957214049561,0.0050570945259419,0.0112786054601133,0.0010882239705871,0.0003111387704004,0.0062106031875711,0.0050394573601612,14.42,0.205128205128205,0.0029797399877952
2013-07-18,1680.5,1360000.0,13.77,0.0029797399877952,0.0025397787612121,-0.0037327404296839,0.00433127404025,0.0001496893947859,0.0129578428990151,0.001821494128391,0.0060957214049561,0.0050570945259419,0.0112786054601133,0.0010882239705871,0.0031697043258379,0.004946036805551,13.78,-0.0354609929078014,0.0053412589891842
2013-07-19,1689.5,1150000.0,12.54,0.0053412589891842,0.0029797399877952,0.0025397787612121,-0.0037327404296839,0.00433127404025,0.0001496893947859,0.0129578428990151,0.001821494128391,0.0060957214049561,0.0050570945259419,0.0112786054601133,0.0035457191354465,0.0043409651103345,13.77,-0.1544117647058823,0.0004438198164425
2013-07-22,1690.25,900140.0,12.29,0.0004438198164425,0.0053412589891842,0.0029797399877952,0.0025397787612121,-0.0037327404296839,0.00433127404025,0.0001496893947859,0.0129578428990151,0.001821494128391,0.0060957214049561,0.0050570945259419,0.0034103554514534,0.0044313012187359,12.54,-0.2172695652173912,-0.0011839575158359
2013-07-23,1688.25,979780.0,12.66,-0.0011839575158359,0.0004438198164425,0.0053412589891842,0.0029797399877952,0.0025397787612121,-0.0037327404296839,0.00433127404025,0.0001496893947859,0.0129578428990151,0.001821494128391,0.0060957214049561,0.0024985813279782,0.0045167996926955,12.29,0.0884751260914968,-0.0026690407303775
2013-07-24,1683.75,1510000.0,13.18,-0.0026690407303775,-0.0011839575158359,0.0004438198164425,0.0053412589891842,0.0029797399877952,0.0025397787612121,-0.0037327404296839,0.00433127404025,0.0001496893947859,0.0129578428990151,0.001821494128391,0.0032134565352586,0.0048124559415181,12.66,0.5411623017412073,0.0001484670776982
2013-07-25,1684.0,1430000.0,12.97,0.0001484670776982,-0.0026690407303775,-0.0011839575158359,0.0004438198164425,0.0053412589891842,0.0029797399877952,0.0025397787612121,-0.0037327404296839,0.00433127404025,0.0001496893947859,0.0129578428990151,0.0030169464785532,0.0029505032664568,13.18,-0.0529801324503311,0.0014834596994329
2013-07-26,1686.5,1400000.0,12.72,0.0014834596994329,0.0001484670776982,-0.0026690407303775,-0.0011839575158359,0.0004438198164425,0.0053412589891842,0.0029797399877952,0.0025397787612121,-0.0037327404296839,0.00433127404025,0.0001496893947859,0.0016057303879243,0.0029462336988421,12.97,-0.0209790209790209,-0.002374592982822
2013-07-29,1682.5,1100000.0,13.39,-0.002374592982822,0.0014834596994329,0.0001484670776982,-0.0026690407303775,-0.0011839575158359,0.0004438198164425,0.0053412589891842,0.0029797399877952,0.0025397787612121,-0.0037327404296839,0.00433127404025,0.0017437670756065,0.0028575407027192,12.72,-0.2142857142857143,0.0013364023074435
2013-07-30,1684.75,1320000.0,13.39,0.0013364023074435,-0.002374592982822,0.0014834596994329,0.0001484670776982,-0.0026690407303775,-0.0011839575158359,0.0004438198164425,0.0053412589891842,0.0029797399877952,0.0025397787612121,-0.0037327404296839,0.0019943519420161,0.0024889868513939,13.39,0.1999999999999999,-0.002525816661166
2013-07-31,1680.5,1980000.0,13.45,-0.002525816661166,0.0013364023074435,-0.002374592982822,0.0014834596994329,0.0001484670776982,-0.0026690407303775,-0.0011839575158359,0.0004438198164425,0.0053412589891842,0.0029797399877952,0.0025397787612121,0.0019545153403472,0.0026091639937037,13.39,0.5,0.0116839308905877
2013-08-01,1700.25,1520000.0,12.94,0.0116839308905877,-0.002525816661166,0.0013364023074435,-0.002374592982822,0.0014834596994329,0.0001484670776982,-0.0026690407303775,-0.0011839575158359,0.0004438198164425,0.0053412589891842,0.0029797399877952,0.0057895231349495,0.0044239434684629,13.45,-0.2323232323232323,0.0022031293335129
2013-08-02,1704.0,1220000.0,11.98,0.0022031293335129,0.0116839308905877,-0.002525816661166,0.0013364023074435,-0.002374592982822,0.0014834596994329,0.0001484670776982,-0.0026690407303775,-0.0011839575158359,0.0004438198164425,0.0053412589891842,0.0057848800441232,0.0042007217079791,12.94,-0.1973684210526315,-0.0008806693655936
2013-08-05,1702.5,856740.0,11.84,-0.0008806693655936,0.0022031293335129,0.0116839308905877,-0.002525816661166,0.0013364023074435,-0.002374592982822,0.0014834596994329,0.0001484670776982,-0.0026690407303775,-0.0011839575158359,0.0004438198164425,0.0055313003136228,0.0042358457821467,11.98,-0.2977540983606557,-0.0050051628116676
2013-08-06,1694.0,1270000.0,12.72,-0.0050051628116676,-0.0008806693655936,0.0022031293335129,0.0116839308905877,-0.002525816661166,0.0013364023074435,-0.002374592982822,0.0014834596994329,0.0001484670776982,-0.0026690407303775,-0.0011839575158359,0.0064726149479239,0.0045848793388187,11.84,0.4823633774540701,-0.0034001067570484
2013-08-07,1688.25,1380000.0,12.98,-0.0034001067570484,-0.0050051628116676,-0.0008806693655936,0.0022031293335129,0.0116839308905877,-0.002525816661166,0.0013364023074435,-0.002374592982822,0.0014834596994329,0.0001484670776982,-0.0026690407303775,0.0066053371555442,0.0046436421201053,12.72,0.0866141732283465,0.0032525161730597
2013-08-08,1693.75,1520000.0,12.73,0.0032525161730597,-0.0034001067570484,-0.0050051628116676,-0.0008806693655936,0.0022031293335129,0.0116839308905877,-0.002525816661166,0.0013364023074435,-0.002374592982822,0.0014834596994329,0.0001484670776982,0.0035315141947116,0.0047376394669338,12.98,0.1014492753623188,-0.0044378771060454
2013-08-09,1686.25,1660000.0,13.41,-0.0044378771060454,0.0032525161730597,-0.0034001067570484,-0.0050051628116676,-0.0008806693655936,0.0022031293335129,0.0116839308905877,-0.002525816661166,0.0013364023074435,-0.002374592982822,0.0014834596994329,0.0033812700921519,0.0049758506686826,12.73,0.0921052631578946,0.0004446750240027
2013-08-12,1687.0,1250000.0,12.81,0.0004446750240027,-0.0044378771060454,0.0032525161730597,-0.0034001067570484,-0.0050051628116676,-0.0008806693655936,0.0022031293335129,0.0116839308905877,-0.002525816661166,0.0013364023074435,-0.002374592982822,0.0035480287115507,0.0049066804270658,13.41,-0.2469879518072288,0.002220413909081
2013-08-13,1690.75,1600000.0,12.31,0.002220413909081,0.0004446750240027,-0.0044378771060454,0.0032525161730597,-0.0034001067570484,-0.0050051628116676,-0.0008806693655936,0.0022031293335129,0.0116839308905877,-0.002525816661166,0.0013364023074435,0.0033994390535158,0.0049359620446276,12.81,0.28,-0.0051886559221559
2013-08-14,1682.0,1500000.0,13.04,-0.0051886559221559,0.002220413909081,0.0004446750240027,-0.0044378771060454,0.0032525161730597,-0.0034001067570484,-0.0050051628116676,-0.0008806693655936,0.0022031293335129,0.0116839308905877,-0.002525816661166,0.0038591614853909,0.0051747261551305,12.31,-0.0625,-0.0157294831678045
2013-08-15,1655.75,2400000.0,14.73,-0.0157294831678045,-0.0051886559221559,0.002220413909081,0.0004446750240027,-0.0044378771060454,0.0032525161730597,-0.0034001067570484,-0.0050051628116676,-0.0008806693655936,0.0022031293335129,0.0116839308905877,0.0070033185349427,0.0055940901643691,13.04,0.6000000000000001,-0.0028729134449608
2013-08-16,1651.0,1740000.0,14.37,-0.0028729134449608,-0.0157294831678045,-0.0051886559221559,0.002220413909081,0.0004446750240027,-0.0044378771060454,0.0032525161730597,-0.0034001067570484,-0.0050051628116676,-0.0008806693655936,0.0022031293335129,0.0070437761330549,0.0053285735481704,14.73,-0.275,-0.0036407807206557
2013-08-19,1645.0,1470000.0,15.1,-0.0036407807206557,-0.0028729134449608,-0.0157294831678045,-0.0051886559221559,0.002220413909081,0.0004446750240027,-0.0044378771060454,0.0032525161730597,-0.0034001067570484,-0.0050051628116676,-0.0008806693655936,0.0065889075679804,0.0052685519372712,14.37,-0.1551724137931034,0.0033378880937755
2013-08-20,1650.5,1580000.0,14.91,0.0033378880937755,-0.0036407807206557,-0.0028729134449608,-0.0157294831678045,-0.0051886559221559,0.002220413909081,0.0004446750240027,-0.0044378771060454,0.0032525161730597,-0.0034001067570484,-0.0050051628116676,0.006908067116739,0.0056399075384741,15.1,0.0748299319727892,-0.0085184573520125
2013-08-21,1636.5,2120000.0,15.94,-0.0085184573520125,0.0033378880937755,-0.0036407807206557,-0.0028729134449608,-0.0157294831678045,-0.0051886559221559,0.002220413909081,0.0004446750240027,-0.0044378771060454,0.0032525161730597,-0.0034001067570484,0.007110182729795,0.0059444705000982,14.91,0.3417721518987342,0.0110901250577969
2013-08-22,1654.75,1560000.0,14.76,0.0110901250577969,-0.0085184573520125,0.0033378880937755,-0.0036407807206557,-0.0028729134449608,-0.0157294831678045,-0.0051886559221559,0.002220413909081,0.0004446750240027,-0.0044378771060454,0.0032525161730597,0.0075520263119783,0.0072502943392531,15.94,-0.2641509433962264,0.0040708687956167
2013-08-23,1661.5,1310000.0,13.98,0.0040708687956167,0.0110901250577969,-0.0085184573520125,0.0033378880937755,-0.0036407807206557,-0.0028729134449608,-0.0157294831678045,-0.0051886559221559,0.002220413909081,0.0004446750240027,-0.0044378771060454,0.0075578688546782,0.0074712829089716,14.76,-0.1602564102564102,-0.0043730749024801
2013-08-26,1654.25,1210000.0,14.99,-0.0043730749024801,0.0040708687956167,0.0110901250577969,-0.0085184573520125,0.0033378880937755,-0.0036407807206557,-0.0028729134449608,-0.0157294831678045,-0.0051886559221559,0.002220413909081,0.0004446750240027,0.0076828342608828,0.0074887933562052,13.98,-0.0763358778625954,-0.0158419154656579
2013-08-27,1628.25,2250000.0,16.77,-0.0158419154656579,-0.0043730749024801,0.0040708687956167,0.0110901250577969,-0.0085184573520125,0.0033378880937755,-0.0036407807206557,-0.0028729134449608,-0.0157294831678045,-0.0051886559221559,0.002220413909081,0.0105519516102183,0.0084808966651351,14.99,0.859504132231405,0.0024536126402319
2013-08-28,1632.25,1650000.0,16.49,0.0024536126402319,-0.0158419154656579,-0.0043730749024801,0.0040708687956167,0.0110901250577969,-0.0085184573520125,0.0033378880937755,-0.0036407807206557,-0.0028729134449608,-0.0157294831678045,-0.0051886559221559,0.0101774349912171,0.0086804983181647,16.77,-0.2666666666666667,0.0027531372544578
2013-08-29,1636.75,1740000.0,16.81,0.0027531372544578,0.0024536126402319,-0.0158419154656579,-0.0043730749024801,0.0040708687956167,0.0110901250577969,-0.0085184573520125,0.0033378880937755,-0.0036407807206557,-0.0028729134449608,-0.0157294831678045,0.0083116905976048,0.0075656150451023,16.49,0.0545454545454544,-0.0033659762501971
2013-08-30,1631.25,1930000.0,17.01,-0.0033659762501971,0.0027531372544578,0.0024536126402319,-0.0158419154656579,-0.0043730749024801,0.0040708687956167,0.0110901250577969,-0.0085184573520125,0.0033378880937755,-0.0036407807206557,-0.0028729134449608,0.0075415097548389,0.007579654745831,16.81,0.1091954022988506,0.004739707672826
2013-09-03,1639.0,2320000.0,16.61,0.004739707672826,-0.0033659762501971,0.0027531372544578,0.0024536126402319,-0.0158419154656579,-0.0043730749024801,0.0040708687956167,0.0110901250577969,-0.0085184573520125,0.0033378880937755,-0.0036407807206557,0.0083845998383221,0.0077417906355853,17.01,0.2020725388601036,0.0088079536780177
2013-09-04,1653.5,1640000.0,15.88,0.0088079536780177,0.004739707672826,-0.0033659762501971,0.0027531372544578,0.0024536126402319,-0.0158419154656579,-0.0043730749024801,0.0040708687956167,0.0110901250577969,-0.0085184573520125,0.0033378880937755,0.0044049366154316,0.0082115224319219,16.61,-0.2931034482758621,-0.0003024346008233
2013-09-05,1653.0,1250000.0,15.77,-0.0003024346008233,0.0088079536780177,0.004739707672826,-0.0033659762501971,0.0027531372544578,0.0024536126402319,-0.0158419154656579,-0.0043730749024801,0.0040708687956167,0.0110901250577969,-0.0085184573520125,0.0046671849194559,0.0076351156975944,15.88,-0.2378048780487804,0.0003024346008232
2013-09-06,1653.5,2560000.0,15.85,0.0003024346008232,-0.0003024346008233,0.0088079536780177,0.004739707672826,-0.0033659762501971,0.0027531372544578,0.0024536126402319,-0.0158419154656579,-0.0043730749024801,0.0040708687956167,0.0110901250577969,0.0047650882471533,0.0067639774811964,15.77,1.048,0.0093303912399876
2013-09-09,1669.0,1480000.0,15.63,0.0093303912399876,0.0003024346008232,-0.0003024346008233,0.0088079536780177,0.004739707672826,-0.0033659762501971,0.0027531372544578,0.0024536126402319,-0.0158419154656579,-0.0043730749024801,0.0040708687956167,0.0045443083306197,0.0073050621923258,15.85,-0.421875,0.0080561378570476
2013-09-10,1682.5,1850000.0,14.53,0.0080561378570476,0.0093303912399876,0.0003024346008232,-0.0003024346008233,0.0088079536780177,0.004739707672826,-0.0033659762501971,0.0027531372544578,0.0024536126402319,-0.0158419154656579,-0.0043730749024801,0.0048085952642671,0.0074491507043509,15.63,0.25,0.0037078277555257
2013-09-11,1688.75,1840000.0,13.82,0.0037078277555257,0.0080561378570476,0.0093303912399876,0.0003024346008232,-0.0003024346008233,0.0088079536780177,0.004739707672826,-0.0033659762501971,0.0027531372544578,0.0024536126402319,-0.0158419154656579,0.0043844640407506,0.004186800959451,14.53,-0.0054054054054053,-0.0022230464879465
2013-09-12,1685.0,1350000.0,14.29,-0.0022230464879465,0.0037078277555257,0.0080561378570476,0.0093303912399876,0.0003024346008232,-0.0003024346008233,0.0088079536780177,0.004739707672826,-0.0033659762501971,0.0027531372544578,0.0024536126402319,0.0049298186503929,0.0045779889253915,13.82,-0.2663043478260869,0.0020749970391602
2013-09-13,1688.5,756480.0,14.16,0.0020749970391602,-0.0022230464879465,0.0037078277555257,0.0080561378570476,0.0093303912399876,0.0003024346008232,-0.0003024346008233,0.0088079536780177,0.004739707672826,-0.0033659762501971,0.0027531372544578,0.004669141627672,0.0045900315600781,14.29,-0.4396444444444444,0.0056105270456703
2013-09-16,1698.0,1010000.0,14.38,0.0056105270456703,0.0020749970391602,-0.0022230464879465,0.0037078277555257,0.0080561378570476,0.0093303912399876,0.0003024346008232,-0.0003024346008233,0.0088079536780177,0.004739707672826,-0.0033659762501971,0.0038737848687347,0.0040252240588005,14.16,0.3351311336717428,0.0041140228463245
2013-09-17,1705.0,727290.0,14.53,0.0041140228463245,0.0056105270456703,0.0020749970391602,-0.0022230464879465,0.0037078277555257,0.0080561378570476,0.0093303912399876,0.0003024346008232,-0.0003024346008233,0.0088079536780177,0.004739707672826,0.0030043326062817,0.0040174842932319,14.38,-0.2799108910891089,0.0113720426592784
2013-09-18,1724.5,666700.0,13.59,0.0113720426592784,0.0041140228463245,0.0056105270456703,0.0020749970391602,-0.0022230464879465,0.0037078277555257,0.0080561378570476,0.0093303912399876,0.0003024346008232,-0.0003024346008233,0.0088079536780177,0.0049801056397294,0.0044234480592383,14.53,-0.0833092714048041,-0.000144980065495
2013-09-19,1724.25,419650.0,13.16,-0.000144980065495,0.0113720426592784,0.0041140228463245,0.0056105270456703,0.0020749970391602,-0.0022230464879465,0.0037078277555257,0.0080561378570476,0.0093303912399876,0.0003024346008232,-0.0003024346008233,0.0043591350817516,0.0044058690513438,13.59,-0.3705564721763912,-0.0002088082278028
2013-09-20,1723.89,1770000.0,13.12,-0.0002088082278028,-0.000144980065495,0.0113720426592784,0.0041140228463245,0.0056105270456703,0.0020749970391602,-0.0022230464879465,0.0037078277555257,0.0080561378570476,0.0093303912399876,0.0003024346008232,0.0047890078918594,0.0044590240818577,13.16,3.217800548075777,-0.018228939717843
2013-09-23,1692.75,1670000.0,14.31,-0.018228939717843,-0.0002088082278028,-0.000144980065495,0.0113720426592784,0.0041140228463245,0.0056105270456703,0.0020749970391602,-0.0022230464879465,0.0037078277555257,0.0080561378570476,0.0093303912399876,0.0109166104838226,0.0080139963483985,13.12,-0.0564971751412429,-0.0001476995793247
2013-09-24,1692.5,1500000.0,14.08,-0.0001476995793247,-0.018228939717843,-0.0002088082278028,-0.000144980065495,0.0113720426592784,0.0041140228463245,0.0056105270456703,0.0020749970391602,-0.0022230464879465,0.0037078277555257,0.0080561378570476,0.0106169071176968,0.0076709486966255,14.31,-0.1017964071856287,-0.0039961571717387
2013-09-25,1685.75,1640000.0,14.01,-0.0039961571717387,-0.0001476995793247,-0.018228939717843,-0.0002088082278028,-0.000144980065495,0.0113720426592784,0.0041140228463245,0.0056105270456703,0.0020749970391602,-0.0022230464879465,0.0037078277555257,0.007827043178116,0.0077100793177905,14.08,0.0933333333333332,0.0039961571717388
2013-09-26,1692.5,1470000.0,14.06,0.0039961571717388,-0.0039961571717387,-0.0001476995793247,-0.018228939717843,-0.0002088082278028,-0.000144980065495,0.0113720426592784,0.0041140228463245,0.0056105270456703,0.0020749970391602,-0.0022230464879465,0.0085909026245829,0.0077773102709572,14.01,-0.1036585365853658,-0.0035513502847251
2013-09-27,1686.5,1430000.0,15.46,-0.0035513502847251,0.0039961571717388,-0.0039961571717387,-0.0001476995793247,-0.018228939717843,-0.0002088082278028,-0.000144980065495,0.0113720426592784,0.0041140228463245,0.0056105270456703,0.0020749970391602,0.0083770422302423,0.0078493976920717,14.06,-0.0272108843537415,-0.0072900717115453
2013-09-30,1674.25,2150000.0,16.6,-0.0072900717115453,-0.0035513502847251,0.0039961571717388,-0.0039961571717387,-0.0001476995793247,-0.018228939717843,-0.0002088082278028,-0.000144980065495,0.0113720426592784,0.0041140228463245,0.0056105270456703,0.004288514756062,0.0078633048190182,15.46,0.5034965034965035,0.009067323364185
2013-10-01,1689.5,1760000.0,15.54,0.009067323364185,-0.0072900717115453,-0.0035513502847251,0.0039961571717388,-0.0039961571717387,-0.0001476995793247,-0.018228939717843,-0.0002088082278028,-0.000144980065495,0.0113720426592784,0.0041140228463245,0.006694823494428,0.0083883248149931,16.6,-0.1813953488372093,-0.0038547119635386
2013-10-02,1683.0,1700000.0,16.6,-0.0038547119635386,0.009067323364185,-0.0072900717115453,-0.0035513502847251,0.0039961571717388,-0.0039961571717387,-0.0001476995793247,-0.018228939717843,-0.0002088082278028,-0.000144980065495,0.0113720426592784,0.0066758623491193,0.0072096722532731,15.54,-0.034090909090909,-0.0079040005850606
2013-10-03,1669.75,2260000.0,17.67,-0.0079040005850606,-0.0038547119635386,0.009067323364185,-0.0072900717115453,-0.0035513502847251,0.0039961571717388,-0.0039961571717387,-0.0001476995793247,-0.018228939717843,-0.0002088082278028,-0.000144980065495,0.0068680095601828,0.0073518370062493,16.6,0.3294117647058823,0.0089432702205809
2013-10-04,1684.75,1510000.0,16.74,0.0089432702205809,-0.0079040005850606,-0.0038547119635386,0.009067323364185,-0.0072900717115453,-0.0035513502847251,0.0039961571717388,-0.0039961571717387,-0.0001476995793247,-0.018228939717843,-0.0002088082278028,0.0085507315824917,0.0082784711305076,17.67,-0.331858407079646,-0.0101417722367015
2013-10-07,1667.75,1600000.0,19.41,-0.0101417722367015,0.0089432702205809,-0.0079040005850606,-0.0038547119635386,0.009067323364185,-0.0072900717115453,-0.0035513502847251,0.0039961571717388,-0.0039961571717387,-0.0001476995793247,-0.018228939717843,0.009210859870151,0.0068147315968499,16.74,0.0596026490066226,-0.010397140296377
2013-10-08,1650.5,2350000.0,20.34,-0.010397140296377,-0.0101417722367015,0.0089432702205809,-0.0079040005850606,-0.0038547119635386,0.009067323364185,-0.0072900717115453,-0.0035513502847251,0.0039961571717388,-0.0039961571717387,-0.0001476995793247,0.0080496118548796,0.0073411957581406,19.41,0.46875,-0.0010608472617232
2013-10-09,1648.75,2490000.0,19.6,-0.0010608472617232,-0.010397140296377,-0.0101417722367015,0.0089432702205809,-0.0079040005850606,-0.0038547119635386,0.009067323364185,-0.0072900717115453,-0.0035513502847251,0.0039961571717388,-0.0039961571717387,0.0082156865769903,0.0073339763088665,20.34,0.0595744680851064,0.0217481387549377
2013-10-10,1685.0,2290000.0,16.48,0.0217481387549377,-0.0010608472617232,-0.010397140296377,-0.0101417722367015,0.0089432702205809,-0.0079040005850606,-0.0038547119635386,0.009067323364185,-0.0072900717115453,-0.0035513502847251,0.0039961571717388,0.0136794871242828,0.0104794948662892,19.6,-0.0803212851405622,0.0082742788854698
2013-10-11,1699.0,1560000.0,15.72,0.0082742788854698,0.0217481387549377,-0.0010608472617232,-0.010397140296377,-0.0101417722367015,0.0089432702205809,-0.0079040005850606,-0.0038547119635386,0.009067323364185,-0.0072900717115453,-0.0035513502847251,0.0135953895190437,0.0107535486264619,16.48,-0.3187772925764192,0.0030852885709627
2013-10-14,1704.25,1510000.0,16.07,0.0030852885709627,0.0082742788854698,0.0217481387549377,-0.0010608472617232,-0.010397140296377,-0.0101417722367015,0.0089432702205809,-0.0079040005850606,-0.0038547119635386,0.009067323364185,-0.0072900717115453,0.0119000850380024,0.010387144945051,15.72,-0.032051282051282,-0.007213870076726
2013-10-15,1692.0,1870000.0,18.66,-0.007213870076726,0.0030852885709627,0.0082742788854698,0.0217481387549377,-0.0010608472617232,-0.010397140296377,-0.0101417722367015,0.0089432702205809,-0.0079040005850606,-0.0038547119635386,0.009067323364185,0.0109635086430932,0.0103932729351445,16.07,0.2384105960264901,0.0124808902997644
2013-10-16,1713.25,1800000.0,14.71,0.0124808902997644,-0.007213870076726,0.0030852885709627,0.0082742788854698,0.0217481387549377,-0.0010608472617232,-0.010397140296377,-0.0101417722367015,0.0089432702205809,-0.0079040005850606,-0.0038547119635386,0.0107732638313576,0.010962455389698,18.66,-0.0374331550802139,0.0084278325055706
2013-10-17,1727.75,1670000.0,13.48,0.0084278325055706,0.0124808902997644,-0.007213870076726,0.0030852885709627,0.0082742788854698,0.0217481387549377,-0.0010608472617232,-0.010397140296377,-0.0101417722367015,0.0089432702205809,-0.0079040005850606,0.0076039267385263,0.0105686816434578,14.71,-0.0722222222222221,0.0050516092126249
2013-10-18,1736.5,1540000.0,13.04,0.0050516092126249,0.0084278325055706,0.0124808902997644,-0.007213870076726,0.0030852885709627,0.0082742788854698,0.0217481387549377,-0.0010608472617232,-0.010397140296377,-0.0101417722367015,0.0089432702205809,0.0073917792177934,0.010412985703388,13.48,-0.0778443113772454,0.0010072667949985
2013-10-21,1738.25,1140000.0,13.16,0.0010072667949985,0.0050516092126249,0.0084278325055706,0.0124808902997644,-0.007213870076726,0.0030852885709627,0.0082742788854698,0.0217481387549377,-0.0010608472617232,-0.010397140296377,-0.0101417722367015,0.0075387712383556,0.009393495743571,13.04,-0.2597402597402597,0.0064511728286154
2013-10-22,1749.5,1840000.0,13.33,0.0064511728286154,0.0010072667949985,0.0050516092126249,0.0084278325055706,0.0124808902997644,-0.007213870076726,0.0030852885709627,0.0082742788854698,0.0217481387549377,-0.0010608472617232,-0.010397140296377,0.0042305170106149,0.0078863789067834,13.16,0.6140350877192982,-0.0044396778975144
2013-10-23,1741.75,1520000.0,13.42,-0.0044396778975144,0.0064511728286154,0.0010072667949985,0.0050516092126249,0.0084278325055706,0.0124808902997644,-0.007213870076726,0.0030852885709627,0.0082742788854698,0.0217481387549377,-0.0010608472617232,0.0051100863519073,0.0082768956219486,13.33,-0.1739130434782608,0.0038679225932022
2013-10-24,1748.5,1250000.0,13.2,0.0038679225932022,-0.0044396778975144,0.0064511728286154,0.0010072667949985,0.0050516092126249,0.0084278325055706,0.0124808902997644,-0.007213870076726,0.0030852885709627,0.0082742788854698,0.0217481387549377,0.0043103934689258,0.0059888790700897,13.42,-0.1776315789473684,0.0031406164286977
2013-10-25,1754.0,1250000.0,13.09,0.0031406164286977,0.0038679225932022,-0.0044396778975144,0.0064511728286154,0.0010072667949985,0.0050516092126249,0.0084278325055706,0.0124808902997644,-0.007213870076726,0.0030852885709627,0.0082742788854698,0.0040944444609642,0.0057691324710593,13.2,0.0,0.0028465718054299
2013-10-28,1759.0,1160000.0,13.31,0.0028465718054299,0.0031406164286977,0.0038679225932022,-0.0044396778975144,0.0064511728286154,0.0010072667949985,0.0050516092126249,0.0084278325055706,0.0124808902997644,-0.007213870076726,0.0030852885709627,0.004064860761324,0.0057700888695214,13.09,-0.0719999999999999,0.0048206530331695
2013-10-29,1767.5,1190000.0,13.41,0.0048206530331695,0.0028465718054299,0.0031406164286977,0.0038679225932022,-0.0044396778975144,0.0064511728286154,0.0010072667949985,0.0050516092126249,0.0084278325055706,0.0124808902997644,-0.007213870076726,0.0037054423526155,0.0044752901873622,13.31,0.0258620689655173,-0.0039682591756206
2013-10-30,1760.5,1780000.0,13.65,-0.0039682591756206,0.0048206530331695,0.0028465718054299,0.0031406164286977,0.0038679225932022,-0.0044396778975144,0.0064511728286154,0.0010072667949985,0.0050516092126249,0.0084278325055706,0.0124808902997644,0.0034993896974483,0.0041738346653953,13.41,0.4957983193277311,-0.0054108063092553
2013-10-31,1751.0,1890000.0,13.75,-0.0054108063092553,-0.0039682591756206,0.0048206530331695,0.0028465718054299,0.0031406164286977,0.0038679225932022,-0.0044396778975144,0.0064511728286154,0.0010072667949985,0.0050516092126249,0.0084278325055706,0.0046319748492343,0.0043612399839233,13.65,0.0617977528089888,0.0021393433246789
2013-11-01,1754.75,1600000.0,13.28,0.0021393433246789,-0.0054108063092553,-0.0039682591756206,0.0048206530331695,0.0028465718054299,0.0031406164286977,0.0038679225932022,-0.0044396778975144,0.0064511728286154,0.0010072667949985,0.0050516092126249,0.0044973828685047,0.0041790392933345,13.75,-0.1534391534391535,0.0046905067873394
2013-11-04,1763.0,1010000.0,12.93,0.0046905067873394,0.0021393433246789,-0.0054108063092553,-0.0039682591756206,0.0048206530331695,0.0028465718054299,0.0031406164286977,0.0038679225932022,-0.0044396778975144,0.0064511728286154,0.0010072667949985,0.0048427357826273,0.004334710762622,13.28,-0.36875,-0.0036937106919885
2013-11-05,1756.5,1480000.0,13.27,-0.0036937106919885,0.0046905067873394,0.0021393433246789,-0.0054108063092553,-0.0039682591756206,0.0048206530331695,0.0028465718054299,0.0031406164286977,0.0038679225932022,-0.0044396778975144,0.0064511728286154,0.0044002904191079,0.0042101361675733,12.93,0.4653465346534653,0.0051107436625593
2013-11-06,1765.5,1320000.0,12.67,0.0051107436625593,-0.0036937106919885,0.0046905067873394,0.0021393433246789,-0.0054108063092553,-0.0039682591756206,0.0048206530331695,0.0028465718054299,0.0031406164286977,0.0038679225932022,-0.0044396778975144,0.0048479119697774,0.0040714159783924,13.27,-0.1081081081081081,-0.0115361245179302
2013-11-07,1745.25,2460000.0,13.91,-0.0115361245179302,0.0051107436625593,-0.0036937106919885,0.0046905067873394,0.0021393433246789,-0.0054108063092553,-0.0039682591756206,0.0048206530331695,0.0028465718054299,0.0031406164286977,0.0038679225932022,0.007022449542229,0.0056303337473123,12.67,0.8636363636363635,0.0118192903133946
2013-11-08,1766.0,2070000.0,12.9,0.0118192903133946,-0.0115361245179302,0.0051107436625593,-0.0036937106919885,0.0046905067873394,0.0021393433246789,-0.0054108063092553,-0.0039682591756206,0.0048206530331695,0.0028465718054299,0.0031406164286977,0.0090329068174934,0.0067563584193015,13.91,-0.1585365853658537,0.0008490166068224
2013-11-11,1767.5,960010.0,12.53,0.0008490166068224,0.0118192903133946,-0.0115361245179302,0.0051107436625593,-0.0036937106919885,0.0046905067873394,0.0021393433246789,-0.0054108063092553,-0.0039682591756206,0.0048206530331695,0.0028465718054299,0.0088312247347296,0.0067146456574694,12.9,-0.5362270531400966,-0.0014154284033307
2013-11-12,1765.0,1420000.0,12.82,-0.0014154284033307,0.0008490166068224,0.0118192903133946,-0.0115361245179302,0.0051107436625593,-0.0036937106919885,0.0046905067873394,0.0021393433246789,-0.0054108063092553,-0.0039682591756206,0.0048206530331695,0.0086162754891412,0.0065546121544488,12.53,0.4791512588410538,0.0077601800366649
2013-11-13,1778.75,1680000.0,12.52,0.0077601800366649,-0.0014154284033307,0.0008490166068224,0.0118192903133946,-0.0115361245179302,0.0051107436625593,-0.0036937106919885,0.0046905067873394,0.0021393433246789,-0.0054108063092553,-0.0039682591756206,0.0090075183160505,0.0068370258505981,12.82,0.1830985915492957,0.0050469755244431
2013-11-14,1787.75,1580000.0,12.37,0.0050469755244431,0.0077601800366649,-0.0014154284033307,0.0008490166068224,0.0118192903133946,-0.0115361245179302,0.0051107436625593,-0.0036937106919885,0.0046905067873394,0.0021393433246789,-0.0054108063092553,0.0052994150256145,0.0065353115700437,12.52,-0.0595238095238095,0.0032111720438319
2013-11-15,1793.5,1230000.0,12.19,0.0032111720438319,0.0050469755244431,0.0077601800366649,-0.0014154284033307,0.0008490166068224,0.0118192903133946,-0.0115361245179302,0.0051107436625593,-0.0036937106919885,0.0046905067873394,0.0021393433246789,0.0035698707390569,0.0065452279800465,12.37,-0.2215189873417721,-0.0026519661016766
2013-11-18,1788.75,1560000.0,13.1,-0.0026519661016766,0.0032111720438319,0.0050469755244431,0.0077601800366649,-0.0014154284033307,0.0008490166068224,0.0118192903133946,-0.0115361245179302,0.0051107436625593,-0.0036937106919885,0.0046905067873394,0.0043725102463699,0.006643934027882,12.19,0.2682926829268293,-0.0019585904414413
2013-11-19,1785.25,1590000.0,13.39,-0.0019585904414413,-0.0026519661016766,0.0032111720438319,0.0050469755244431,0.0077601800366649,-0.0014154284033307,0.0008490166068224,0.0118192903133946,-0.0115361245179302,0.0051107436625593,-0.0036937106919885,0.0044957072481094,0.0065161026837301,13.1,0.0192307692307691,-0.0030855564452367
2013-11-20,1779.75,2070000.0,13.4,-0.0030855564452367,-0.0019585904414413,-0.0026519661016766,0.0032111720438319,0.0050469755244431,0.0077601800366649,-0.0014154284033307,0.0008490166068224,0.0118192903133946,-0.0115361245179302,0.0051107436625593,0.0037453327810786,0.0065441508987315,13.39,0.3018867924528301,0.0078354955239486
2013-11-21,1793.75,1390000.0,12.66,0.0078354955239486,-0.0030855564452367,-0.0019585904414413,-0.0026519661016766,0.0032111720438319,0.0050469755244431,0.0077601800366649,-0.0014154284033307,0.0008490166068224,0.0118192903133946,-0.0115361245179302,0.0047394892156603,0.0052182849956931,13.4,-0.3285024154589372,0.0041724678058007
2013-11-22,1801.25,1240000.0,12.26,0.0041724678058007,0.0078354955239486,-0.0030855564452367,-0.0019585904414413,-0.0026519661016766,0.0032111720438319,0.0050469755244431,0.0077601800366649,-0.0014154284033307,0.0008490166068224,0.0118192903133946,0.0048855840572398,0.004201345559021,12.66,-0.1079136690647482,0.0006937218453723
2013-11-25,1802.5,1110000.0,12.79,0.0006937218453723,0.0041724678058007,0.0078354955239486,-0.0030855564452367,-0.0019585904414413,-0.0026519661016766,0.0032111720438319,0.0050469755244431,0.0077601800366649,-0.0014154284033307,0.0008490166068224,0.0044976350524817,0.0042062597740413,12.26,-0.1048387096774193,-0.0002774309908209
2013-11-26,1802.0,1100000.0,12.81,-0.0002774309908209,0.0006937218453723,0.0041724678058007,0.0078354955239486,-0.0030855564452367,-0.0019585904414413,-0.0026519661016766,0.0032111720438319,0.0050469755244431,0.0077601800366649,-0.0014154284033307,0.0042261418319221,0.0041192601846345,12.79,-0.009009009009009,0.0012478337840992
2013-11-27,1804.25,849590.0,12.98,0.0012478337840992,-0.0002774309908209,0.0006937218453723,0.0041724678058007,0.0078354955239486,-0.0030855564452367,-0.0019585904414413,-0.0026519661016766,0.0032111720438319,0.0050469755244431,0.0077601800366649,0.0032990372428661,0.0036029618597956,12.81,-0.2276454545454546,-0.0001385713298136
2013-11-29,1804.0,818600.0,13.7,-0.0001385713298136,0.0012478337840992,-0.0002774309908209,0.0006937218453723,0.0041724678058007,0.0078354955239486,-0.0030855564452367,-0.0019585904414413,-0.0026519661016766,0.0032111720438319,0.0050469755244431,0.0018062743275497,0.003390388371728,12.98,-0.0364764180369354,-0.0023586552731566
2013-12-02,1799.75,1330000.0,14.23,-0.0023586552731566,-0.0001385713298136,0.0012478337840992,-0.0002774309908209,0.0006937218453723,0.0041724678058007,0.0078354955239486,-0.0030855564452367,-0.0019585904414413,-0.0026519661016766,0.0032111720438319,0.0013746774203961,0.0034267206835051,13.7,0.6247251404837528,-0.0045945086044038
2013-12-03,1791.5,1730000.0,14.55,-0.0045945086044038,-0.0023586552731566,-0.0001385713298136,0.0012478337840992,-0.0002774309908209,0.0006937218453723,0.0041724678058007,0.0078354955239486,-0.0030855564452367,-0.0019585904414413,-0.0026519661016766,0.0022820977756003,0.003662611288785,14.23,0.3007518796992481,0.0001395381290202
2013-12-04,1791.75,2110000.0,14.7,0.0001395381290202,-0.0045945086044038,-0.0023586552731566,-0.0001385713298136,0.0012478337840992,-0.0002774309908209,0.0006937218453723,0.0041724678058007,0.0078354955239486,-0.0030855564452367,-0.0019585904414413,0.0023324115176458,0.0035874943532271,14.55,0.2196531791907514,-0.0043347617340739
2013-12-05,1784.0,1580000.0,15.08,-0.0043347617340739,0.0001395381290202,-0.0045945086044038,-0.0023586552731566,-0.0001385713298136,0.0012478337840992,-0.0002774309908209,0.0006937218453723,0.0041724678058007,0.0078354955239486,-0.0030855564452367,0.0022373258793098,0.0037394666420194,14.7,-0.2511848341232228,0.0117025576270266
2013-12-06,1805.0,1760000.0,13.79,0.0117025576270266,-0.0043347617340739,0.0001395381290202,-0.0045945086044038,-0.0023586552731566,-0.0001385713298136,0.0012478337840992,-0.0002774309908209,0.0006937218453723,0.0041724678058007,0.0078354955239486,0.0067522371903364,0.0046912123091317,15.08,0.1139240506329113,0.0022136146283137
2013-12-09,1809.0,1060000.0,13.49,0.0022136146283137,0.0117025576270266,-0.0043347617340739,0.0001395381290202,-0.0045945086044038,-0.0023586552731566,-0.0001385713298136,0.0012478337840992,-0.0002774309908209,0.0006937218453723,0.0041724678058007,0.006642909880548,0.0045658584791191,13.79,-0.3977272727272727,-0.0033222621919778
2013-12-10,1803.0,1170000.0,13.91,-0.0033222621919778,0.0022136146283137,0.0117025576270266,-0.0043347617340739,0.0001395381290202,-0.0045945086044038,-0.0023586552731566,-0.0001385713298136,0.0012478337840992,-0.0002774309908209,0.0006937218453723,0.0063935194398525,0.0047142258890543,13.49,0.1037735849056604,-0.012417320344854
2013-12-11,1780.75,2000000.0,15.42,-0.012417320344854,-0.0033222621919778,0.0022136146283137,0.0117025576270266,-0.0043347617340739,0.0001395381290202,-0.0045945086044038,-0.0023586552731566,-0.0001385713298136,0.0012478337840992,-0.0002774309908209,0.0089202404414351,0.0061469407595995,13.91,0.7094017094017093,-0.003234200948947
2013-12-12,1775.0,1830000.0,15.54,-0.003234200948947,-0.012417320344854,-0.0033222621919778,0.0022136146283137,0.0117025576270266,-0.0043347617340739,0.0001395381290202,-0.0045945086044038,-0.0023586552731566,-0.0001385713298136,0.0012478337840992,0.0088377229089574,0.0061130495240621,15.42,-0.0849999999999999,-0.0001408549900209
2013-12-13,1774.75,994290.0,15.76,-0.0001408549900209,-0.003234200948947,-0.012417320344854,-0.0033222621919778,0.0022136146283137,0.0117025576270266,-0.0043347617340739,0.0001395381290202,-0.0045945086044038,-0.0023586552731566,-0.0001385713298136,0.0055560402902915,0.006112987475287,15.54,-0.456672131147541,0.0065988305439692
2013-12-16,1786.5,869480.0,16.03,0.0065988305439692,-0.0001408549900209,-0.003234200948947,-0.012417320344854,-0.0033222621919778,0.0022136146283137,0.0117025576270266,-0.0043347617340739,0.0001395381290202,-0.0045945086044038,-0.0023586552731566,0.0068542439669899,0.0066295679390905,15.76,-0.1255267577869635,-0.004066471284084
2013-12-17,1779.25,748120.0,16.21,-0.004066471284084,0.0065988305439692,-0.0001408549900209,-0.003234200948947,-0.012417320344854,-0.0033222621919778,0.0022136146283137,0.0117025576270266,-0.0043347617340739,0.0001395381290202,-0.0045945086044038,0.0068844913285293,0.0065974718136049,16.03,-0.139577678612504,0.0175491968960548
2013-12-18,1810.75,711560.0,13.8,0.0175491968960548,-0.004066471284084,0.0065988305439692,-0.0001408549900209,-0.003234200948947,-0.012417320344854,-0.0033222621919778,0.0022136146283137,0.0117025576270266,-0.0043347617340739,0.0001395381290202,0.0089821146028543,0.008776709157496,16.21,-0.0488691653745388,-0.0012433516832827
2013-12-19,1808.5,387390.0,14.15,-0.0012433516832827,0.0175491968960548,-0.004066471284084,0.0065988305439692,-0.0001408549900209,-0.003234200948947,-0.012417320344854,-0.0033222621919778,0.0022136146283137,0.0117025576270266,-0.0043347617340739,0.0086559611388649,0.0086188027891234,13.8,-0.4555764798470965,0.0024244846042068
2013-12-20,1812.89,1360000.0,13.79,0.0024244846042068,-0.0012433516832827,0.0175491968960548,-0.004066471284084,0.0065988305439692,-0.0001408549900209,-0.003234200948947,-0.012417320344854,-0.0033222621919778,0.0022136146283137,0.0117025576270266,0.0084418410995065,0.0078470373591559,14.15,2.5106739977800148,0.0054240926901801
2013-12-23,1822.75,737150.0,13.04,0.0054240926901801,0.0024244846042068,-0.0012433516832827,0.0175491968960548,-0.004066471284084,0.0065988305439692,-0.0001408549900209,-0.003234200948947,-0.012417320344854,-0.0033222621919778,0.0022136146283137,0.0083763084656766,0.0079921720492817,13.79,-0.4579779411764706,0.0034230197043261
2013-12-24,1829.0,314410.0,12.48,0.0034230197043261,0.0054240926901801,0.0024244846042068,-0.0012433516832827,0.0175491968960548,-0.004066471284084,0.0065988305439692,-0.0001408549900209,-0.003234200948947,-0.012417320344854,-0.0033222621919778,0.0071490059155654,0.0078936531003223,13.04,-0.5734789391575663,0.0040922168688563
2013-12-26,1836.5,438940.0,12.33,0.0040922168688563,0.0034230197043261,0.0054240926901801,0.0024244846042068,-0.0012433516832827,0.0175491968960548,-0.004066471284084,0.0065988305439692,-0.0001408549900209,-0.003234200948947,-0.012417320344854,0.0025214402062311,0.0062255114299534,12.48,0.3960751884482045,0.0
2013-12-27,1836.5,622700.0,12.46,0.0,0.0040922168688563,0.0034230197043261,0.0054240926901801,0.0024244846042068,-0.0012433516832827,0.0175491968960548,-0.004066471284084,0.0065988305439692,-0.0001408549900209,-0.003234200948947,0.0020342599756535,0.005938263434092,12.33,0.41864491730077,-0.0009533538345497
2013-12-30,1834.75,581580.0,13.56,-0.0009533538345497,0.0,0.0040922168688563,0.0034230197043261,0.0054240926901801,0.0024244846042068,-0.0012433516832827,0.0175491968960548,-0.004066471284084,0.0065988305439692,-0.0001408549900209,0.0027413612698548,0.005997450501445,12.46,-0.0660350088325035,0.0034006698079056
2013-12-31,1841.0,653060.0,13.72,0.0034006698079056,-0.0009533538345497,0.0,0.0040922168688563,0.0034230197043261,0.0054240926901801,0.0024244846042068,-0.0012433516832827,0.0175491968960548,-0.004066471284084,0.0065988305439692,0.0022959883942264,0.0058877348475008,13.56,0.1229065648749956,-0.0079073349977406
2014-01-02,1826.5,1240000.0,14.23,-0.0079073349977406,0.0034006698079056,-0.0009533538345497,0.0,0.0040922168688563,0.0034230197043261,0.0054240926901801,0.0024244846042068,-0.0012433516832827,0.0175491968960548,-0.004066471284084,0.0047794206708855,0.0064943334895974,13.72,0.8987535601629253,-0.0005476451396456
2014-01-03,1825.5,961600.0,13.76,-0.0005476451396456,-0.0079073349977406,0.0034006698079056,-0.0009533538345497,0.0,0.0040922168688563,0.0034230197043261,0.0054240926901801,0.0024244846042068,-0.0012433516832827,0.0175491968960548,0.0041255573835591,0.0038589820877758,14.23,-0.224516129032258,-0.002605417997667
2014-01-06,1820.75,1370000.0,13.55,-0.002605417997667,-0.0005476451396456,-0.0079073349977406,0.0034006698079056,-0.0009533538345497,0.0,0.0040922168688563,0.0034230197043261,0.0054240926901801,0.0024244846042068,-0.0012433516832827,0.004100319094883,0.0039622170510053,13.76,0.4247088186356074,0.0054772148431546
2014-01-07,1830.75,1160000.0,12.92,0.0054772148431546,-0.002605417997667,-0.0005476451396456,-0.0079073349977406,0.0034006698079056,-0.0009533538345497,0.0,0.0040922168688563,0.0034230197043261,0.0054240926901801,0.0024244846042068,0.0052494244795724,0.0042211199635701,13.55,-0.1532846715328467,0.0009554358196275
2014-01-08,1832.5,1330000.0,12.87,0.0009554358196275,0.0054772148431546,-0.002605417997667,-0.0005476451396456,-0.0079073349977406,0.0034006698079056,-0.0009533538345497,0.0,0.0040922168688563,0.0034230197043261,0.0054240926901801,0.00490519101611,0.0039245315630973,12.92,0.146551724137931,0.0002728140788985
2014-01-09,1833.0,1320000.0,12.89,0.0002728140788985,0.0009554358196275,0.0054772148431546,-0.002605417997667,-0.0005476451396456,-0.0079073349977406,0.0034006698079056,-0.0009533538345497,0.0,0.0040922168688563,0.0034230197043261,0.0029812486593261,0.003790978510095,12.87,-0.0075187969924812,0.002588028414492
2014-01-10,1837.75,1460000.0,12.14,0.002588028414492,0.0002728140788985,0.0009554358196275,0.0054772148431546,-0.002605417997667,-0.0005476451396456,-0.0079073349977406,0.0034006698079056,-0.0009533538345497,0.0,0.0040922168688563,0.0029802345426474,0.0036473166134925,12.89,0.1060606060606059,-0.0124565295552458
2014-01-13,1815.0,1710000.0,13.28,-0.0124565295552458,0.002588028414492,0.0002728140788985,0.0009554358196275,0.0054772148431546,-0.002605417997667,-0.0005476451396456,-0.0079073349977406,0.0034006698079056,-0.0009533538345497,0.0,0.0069074095605316,0.0053858868448386,12.14,0.1712328767123287,0.0098685011407537
2014-01-14,1833.0,1600000.0,12.28,0.0098685011407537,-0.0124565295552458,0.002588028414492,0.0002728140788985,0.0009554358196275,0.0054772148431546,-0.002605417997667,-0.0005476451396456,-0.0079073349977406,0.0034006698079056,-0.0009533538345497,0.0080612638581739,0.0064232655256457,13.28,-0.064327485380117,0.0046264880454149
2014-01-15,1841.5,1260000.0,12.28,0.0046264880454149,0.0098685011407537,-0.0124565295552458,0.002588028414492,0.0002728140788985,0.0009554358196275,0.0054772148431546,-0.002605417997667,-0.0005476451396456,-0.0079073349977406,0.0034006698079056,0.0083055481651564,0.006508529312582,12.28,-0.2125,-0.0028550083970329
2014-01-16,1836.25,952500.0,12.53,-0.0028550083970329,0.0046264880454149,0.0098685011407537,-0.0124565295552458,0.002588028414492,0.0002728140788985,0.0009554358196275,0.0054772148431546,-0.002605417997667,-0.0005476451396456,-0.0079073349977406,0.0084879056744368,0.0060004325170853,12.28,-0.244047619047619,-0.0010897698939834
2014-01-17,1834.25,1180000.0,12.44,-0.0010897698939834,-0.0028550083970329,0.0046264880454149,0.0098685011407537,-0.0124565295552458,0.002588028414492,0.0002728140788985,0.0009554358196275,0.0054772148431546,-0.002605417997667,-0.0005476451396456,0.0084048898886649,0.0060137088610573,12.53,0.2388451443569554,0.0023143431472231
2014-01-21,1838.5,1330000.0,12.87,0.0023143431472231,-0.0010897698939834,-0.0028550083970329,0.0046264880454149,0.0098685011407537,-0.0124565295552458,0.002588028414492,0.0002728140788985,0.0009554358196275,0.0054772148431546,-0.002605417997667,0.0050096709430269,0.0059341273318291,12.44,0.1271186440677967,0.0
2014-01-22,1838.5,941600.0,12.84,0.0,0.0023143431472231,-0.0010897698939834,-0.0028550083970329,0.0046264880454149,0.0098685011407537,-0.0124565295552458,0.002588028414492,0.0002728140788985,0.0009554358196275,0.0054772148431546,0.0029284800071262,0.0057208429188438,12.87,-0.29203007518797,-0.0077810780955972
2014-01-23,1824.25,1820000.0,13.77,-0.0077810780955972,0.0,0.0023143431472231,-0.0010897698939834,-0.0028550083970329,0.0046264880454149,0.0098685011407537,-0.0124565295552458,0.002588028414492,0.0002728140788985,0.0009554358196275,0.0037922524840386,0.0062710373104646,12.84,0.9328802039082412,-0.0234326146149748
2014-01-24,1782.0,2570000.0,18.14,-0.0234326146149748,-0.0077810780955972,0.0,0.0023143431472231,-0.0010897698939834,-0.0028550083970329,0.0046264880454149,0.0098685011407537,-0.0124565295552458,0.002588028414492,0.0002728140788985,0.0104439806764878,0.0095763520425831,13.77,0.4120879120879122,-0.0035134601528352
2014-01-27,1775.75,2780000.0,17.42,-0.0035134601528352,-0.0234326146149748,-0.0077810780955972,0.0,0.0023143431472231,-0.0010897698939834,-0.0028550083970329,0.0046264880454149,0.0098685011407537,-0.0124565295552458,0.002588028414492,0.0102129224971705,0.0093858548391286,18.14,0.0817120622568092,0.0070146191105738
2014-01-28,1788.25,1730000.0,15.8,0.0070146191105738,-0.0035134601528352,-0.0234326146149748,-0.0077810780955972,0.0,0.0023143431472231,-0.0010897698939834,-0.0028550083970329,0.0046264880454149,0.0098685011407537,-0.0124565295552458,0.011375247053749,0.0093251285326798,17.42,-0.3776978417266187,-0.0095519759836029
2014-01-29,1771.25,2740000.0,17.35,-0.0095519759836029,0.0070146191105738,-0.0035134601528352,-0.0234326146149748,-0.0077810780955972,0.0,0.0023143431472231,-0.0010897698939834,-0.0028550083970329,0.0046264880454149,0.0098685011407537,0.0110078766747682,0.0086992251669618,15.8,0.5838150289017341,0.0056298530120704
2014-01-30,1781.25,1820000.0,17.29,0.0056298530120704,-0.0095519759836029,0.0070146191105738,-0.0035134601528352,-0.0234326146149748,-0.0077810780955972,0.0,0.0023143431472231,-0.0010897698939834,-0.0028550083970329,0.0046264880454149,0.0124476258645473,0.0088075447426051,17.35,-0.3357664233576642,-0.0026702285558789
2014-01-31,1776.5,2390000.0,18.41,-0.0026702285558789,0.0056298530120704,-0.0095519759836029,0.0070146191105738,-0.0035134601528352,-0.0234326146149748,-0.0077810780955972,0.0,0.0023143431472231,-0.0010897698939834,-0.0028550083970329,0.0068866501268921,0.0088088375853755,17.29,0.3131868131868132,-0.0249353946629876
2014-02-03,1732.75,3030000.0,21.44,-0.0249353946629876,-0.0026702285558789,0.0056298530120704,-0.0095519759836029,0.0070146191105738,-0.0035134601528352,-0.0234326146149748,-0.0077810780955972,0.0,0.0023143431472231,-0.0010897698939834,0.0130467018733521,0.0110771103401811,18.41,0.2677824267782427,0.0063282247715816
2014-02-04,1743.75,2330000.0,19.11,0.0063282247715816,-0.0249353946629876,-0.0026702285558789,0.0056298530120704,-0.0095519759836029,0.0070146191105738,-0.0035134601528352,-0.0234326146149748,-0.0077810780955972,0.0,0.0023143431472231,0.0128926604166924,0.0114654033980252,21.44,-0.231023102310231,0.0001433588992491
2014-02-05,1744.0,2080000.0,19.95,0.0001433588992491,0.0063282247715816,-0.0249353946629876,-0.0026702285558789,0.0056298530120704,-0.0095519759836029,0.0070146191105738,-0.0035134601528352,-0.0234326146149748,-0.0077810780955972,0.0,0.0127729234416239,0.0114728416276047,19.11,-0.1072961373390557,0.012818862330275
2014-02-06,1766.5,1740000.0,17.23,0.012818862330275,0.0001433588992491,0.0063282247715816,-0.0249353946629876,-0.0026702285558789,0.0056298530120704,-0.0095519759836029,0.0070146191105738,-0.0035134601528352,-0.0234326146149748,-0.0077810780955972,0.0143131565795531,0.0127513988582482,19.95,-0.1634615384615384,0.0151688301731374
2014-02-07,1793.5,2340000.0,15.29,0.0151688301731374,0.012818862330275,0.0001433588992491,0.0063282247715816,-0.0249353946629876,-0.0026702285558789,0.0056298530120704,-0.0095519759836029,0.0070146191105738,-0.0035134601528352,-0.0234326146149748,0.0161099089382011,0.011755539938808,17.23,0.3448275862068966,0.000696718484255
2014-02-10,1794.75,1150000.0,15.26,0.000696718484255,0.0151688301731374,0.012818862330275,0.0001433588992491,0.0063282247715816,-0.0249353946629876,-0.0026702285558789,0.0056298530120704,-0.0095519759836029,0.0070146191105738,-0.0035134601528352,0.0068516466151995,0.0116651731108227,15.29,-0.5085470085470085,0.0103929432663647
2014-02-11,1813.5,1760000.0,14.51,0.0103929432663647,0.000696718484255,0.0151688301731374,0.012818862330275,0.0001433588992491,0.0063282247715816,-0.0249353946629876,-0.0026702285558789,0.0056298530120704,-0.0095519759836029,0.0070146191105738,0.0069871848832665,0.0119031389094774,15.26,0.5304347826086957,0.001928109673214
2014-02-12,1817.0,1390000.0,14.3,0.001928109673214,0.0103929432663647,0.000696718484255,0.0151688301731374,0.012818862330275,0.0001433588992491,0.0063282247715816,-0.0249353946629876,-0.0026702285558789,0.0056298530120704,-0.0095519759836029,0.0065257819298226,0.011265816889611,14.51,-0.2102272727272727,0.0039821542495583
2014-02-13,1824.25,1650000.0,14.14,0.0039821542495583,0.001928109673214,0.0103929432663647,0.000696718484255,0.0151688301731374,0.012818862330275,0.0001433588992491,0.0063282247715816,-0.0249353946629876,-0.0026702285558789,0.0056298530120704,0.0061482006319357,0.011227754167245,14.3,0.1870503597122301,0.0058755378429411
2014-02-14,1835.0,1370000.0,13.57,0.0058755378429411,0.0039821542495583,0.001928109673214,0.0103929432663647,0.000696718484255,0.0151688301731374,0.012818862330275,0.0001433588992491,0.0063282247715816,-0.0249353946629876,-0.0026702285558789,0.0038058647010173,0.0111249547448877,14.14,-0.1696969696969696,0.0013614705983211
2014-02-18,1837.5,1210000.0,13.87,0.0013614705983211,0.0058755378429411,0.0039821542495583,0.001928109673214,0.0103929432663647,0.000696718484255,0.0151688301731374,0.012818862330275,0.0001433588992491,0.0063282247715816,-0.0249353946629876,0.0036447093802478,0.0053167293984509,13.57,-0.1167883211678831,-0.0065520299913001
2014-02-19,1825.5,1770000.0,15.5,-0.0065520299913001,0.0013614705983211,0.0058755378429411,0.0039821542495583,0.001928109673214,0.0103929432663647,0.000696718484255,0.0151688301731374,0.012818862330275,0.0001433588992491,0.0063282247715816,0.0047481669918244,0.0065988677805453,13.87,0.4628099173553719,0.0058715263923955
2014-02-20,1836.25,1610000.0,14.79,0.0058715263923955,-0.0065520299913001,0.0013614705983211,0.0058755378429411,0.0039821542495583,0.001928109673214,0.0103929432663647,0.000696718484255,0.0151688301731374,0.012818862330275,0.0001433588992491,0.0051822859746824,0.0064169072730942,15.5,-0.0903954802259887,-0.0010897698939834
2014-02-21,1834.25,1320000.0,14.68,-0.0010897698939834,0.0058715263923955,-0.0065520299913001,0.0013614705983211,0.0058755378429411,0.0039821542495583,0.001928109673214,0.0103929432663647,0.000696718484255,0.0151688301731374,0.012818862330275,0.0052199144279405,0.0060689675360881,14.79,-0.1801242236024844,0.0063854574686937
2014-02-24,1846.0,1610000.0,14.23,0.0063854574686937,-0.0010897698939834,0.0058715263923955,-0.0065520299913001,0.0013614705983211,0.0058755378429411,0.0039821542495583,0.001928109673214,0.0103929432663647,0.000696718484255,0.0151688301731374,0.0053402974378825,0.00472076389483,14.68,0.2196969696969697,0.000135418782792
2014-02-25,1846.25,1570000.0,13.67,0.000135418782792,0.0063854574686937,-0.0010897698939834,0.0058715263923955,-0.0065520299913001,0.0013614705983211,0.0058755378429411,0.0039821542495583,0.001928109673214,0.0103929432663647,0.000696718484255,0.0053588776255515,0.0047529038921913,14.23,-0.0248447204968944,-0.0023046170303374
2014-02-26,1842.0,1460000.0,14.35,-0.0023046170303374,0.000135418782792,0.0063854574686937,-0.0010897698939834,0.0058715263923955,-0.0065520299913001,0.0013614705983211,0.0058755378429411,0.0039821542495583,0.001928109673214,0.0103929432663647,0.0040488649090911,0.0041677454511861,13.67,-0.0700636942675159,0.0064935293105483
2014-02-27,1854.0,1620000.0,14.04,0.0064935293105483,-0.0023046170303374,0.000135418782792,0.0063854574686937,-0.0010897698939834,0.0058715263923955,-0.0065520299913001,0.0013614705983211,0.0058755378429411,0.0039821542495583,0.001928109673214,0.004211538750817,0.0044529263327058,14.35,0.1095890410958904,0.0018860304661137
2014-02-28,1857.5,2110000.0,14.0,0.0018860304661137,0.0064935293105483,-0.0023046170303374,0.000135418782792,0.0063854574686937,-0.0010897698939834,0.0058715263923955,-0.0065520299913001,0.0013614705983211,0.0058755378429411,0.0039821542495583,0.0038760729988184,0.0043990930636918,14.04,0.3024691358024691,-0.0078368189220909
2014-03-03,1843.0,2380000.0,16.0,-0.0078368189220909,0.0018860304661137,0.0064935293105483,-0.0023046170303374,0.000135418782792,0.0063854574686937,-0.0010897698939834,0.0058715263923955,-0.0065520299913001,0.0013614705983211,0.0058755378429411,0.0052900682844532,0.0050749398231287,14.0,0.1279620853080569,0.0153455696746603
2014-03-04,1871.5,1750000.0,14.1,0.0153455696746603,-0.0078368189220909,0.0018860304661137,0.0064935293105483,-0.0023046170303374,0.000135418782792,0.0063854574686937,-0.0010897698939834,0.0058715263923955,-0.0065520299913001,0.0013614705983211,0.008818066499036,0.0069418682559836,16.0,-0.2647058823529411,0.0005341880468907
2014-03-05,1872.5,1250000.0,13.89,0.0005341880468907,0.0153455696746603,-0.0078368189220909,0.0018860304661137,0.0064935293105483,-0.0023046170303374,0.000135418782792,0.0063854574686937,-0.0010897698939834,0.0058715263923955,-0.0065520299913001,0.0084995726106734,0.0063250512605168,14.1,-0.2857142857142857,0.0020006675562971
2014-03-06,1876.25,1280000.0,14.21,0.0020006675562971,0.0005341880468907,0.0153455696746603,-0.0078368189220909,0.0018860304661137,0.0064935293105483,-0.0023046170303374,0.000135418782792,0.0063854574686937,-0.0010897698939834,0.0058715263923955,0.0083108984318259,0.0062161599363696,13.89,0.024,0.0009322768205366
2014-03-07,1878.0,1760000.0,14.11,0.0009322768205366,0.0020006675562971,0.0005341880468907,0.0153455696746603,-0.0078368189220909,0.0018860304661137,0.0064935293105483,-0.0023046170303374,0.000135418782792,0.0063854574686937,-0.0010897698939834,0.0083361472630935,0.0061311915784348,14.21,0.375,-0.0003994407882149
2014-03-10,1877.25,1170000.0,14.2,-0.0003994407882149,0.0009322768205366,0.0020006675562971,0.0005341880468907,0.0153455696746603,-0.0078368189220909,0.0018860304661137,0.0064935293105483,-0.0023046170303374,0.000135418782792,0.0063854574686937,0.0065763513968268,0.0060101018032148,14.11,-0.3352272727272727,-0.0064128476283695
2014-03-11,1865.25,1610000.0,14.8,-0.0064128476283695,-0.0003994407882149,0.0009322768205366,0.0020006675562971,0.0005341880468907,0.0153455696746603,-0.0078368189220909,0.0018860304661137,0.0064935293105483,-0.0023046170303374,0.000135418782792,0.0033242789268885,0.0065310804208474,14.2,0.376068376068376,0.0013394055042868
2014-03-12,1867.75,1670000.0,14.47,0.0013394055042868,-0.0064128476283695,-0.0003994407882149,0.0009322768205366,0.0020006675562971,0.0005341880468907,0.0153455696746603,-0.0078368189220909,0.0018860304661137,0.0064935293105483,-0.0023046170303374,0.0034153963145226,0.0064255399108953,14.8,0.0372670807453416,-0.0113071604470635
2014-03-13,1846.75,2350000.0,16.22,-0.0113071604470635,0.0013394055042868,-0.0064128476283695,-0.0003994407882149,0.0009322768205366,0.0020006675562971,0.0005341880468907,0.0153455696746603,-0.0078368189220909,0.0018860304661137,0.0064935293105483,0.0055129132803085,0.0072649187199524,14.47,0.407185628742515,-0.0036617658058158
2014-03-14,1840.0,1310000.0,17.82,-0.0036617658058158,-0.0113071604470635,0.0013394055042868,-0.0064128476283695,-0.0003994407882149,0.0009322768205366,0.0020006675562971,0.0005341880468907,0.0153455696746603,-0.0078368189220909,0.0018860304661137,0.0050190902700602,0.0072834486072521,16.22,-0.4425531914893617,0.0096005064345472
2014-03-17,1857.75,797420.0,15.64,0.0096005064345472,-0.0036617658058158,-0.0113071604470635,0.0013394055042868,-0.0064128476283695,-0.0003994407882149,0.0009322768205366,0.0020006675562971,0.0005341880468907,0.0153455696746603,-0.0078368189220909,0.0079771902264638,0.0075336110583553,17.82,-0.3912824427480916,0.0069733419228891
2014-03-18,1870.75,871090.0,14.52,0.0069733419228891,0.0096005064345472,-0.0036617658058158,-0.0113071604470635,0.0013394055042868,-0.0064128476283695,-0.0003994407882149,0.0009322768205366,0.0020006675562971,0.0005341880468907,0.0153455696746603,0.0083981816730892,0.0060578406823033,15.64,0.0923854430538486,-0.0058973498890172
2014-03-19,1859.75,640710.0,15.12,-0.0058973498890172,0.0069733419228891,0.0096005064345472,-0.0036617658058158,-0.0113071604470635,0.0013394055042868,-0.0064128476283695,-0.0003994407882149,0.0009322768205366,0.0020006675562971,0.0005341880468907,0.0088480418175733,0.0063255937430581,14.52,-0.2644732461628534,0.0074997003453567
2014-03-20,1873.75,344340.0,14.52,0.0074997003453567,-0.0058973498890172,0.0069733419228891,0.0096005064345472,-0.0036617658058158,-0.0113071604470635,0.0013394055042868,-0.0064128476283695,-0.0003994407882149,0.0009322768205366,0.0020006675562971,0.0071255918712949,0.0068056463938391,15.12,-0.4625649669897457,0.010379567841496
2014-03-21,1893.3,1750000.0,15.0,0.010379567841496,0.0074997003453567,-0.0058973498890172,0.0069733419228891,0.0096005064345472,-0.0036617658058158,-0.0113071604470635,0.0013394055042868,-0.0064128476283695,-0.0003994407882149,0.0009322768205366,0.0066421105282711,0.0075814967832014,14.52,4.082186211302783,-0.0234060059857948
2014-03-24,1849.5,1840000.0,15.09,-0.0234060059857948,0.010379567841496,0.0074997003453567,-0.0058973498890172,0.0069733419228891,0.0096005064345472,-0.0036617658058158,-0.0113071604470635,0.0013394055042868,-0.0064128476283695,-0.0003994407882149,0.0140647294300972,0.0107981380015734,15.0,0.0514285714285713,0.0052578483109009
2014-03-25,1859.25,1660000.0,14.02,0.0052578483109009,-0.0234060059857948,0.010379567841496,0.0074997003453567,-0.0058973498890172,0.0069733419228891,0.0096005064345472,-0.0036617658058158,-0.0113071604470635,0.0013394055042868,-0.0064128476283695,0.0138441436446635,0.0108374828860747,15.09,-0.0978260869565217,-0.0090498355199179
2014-03-26,1842.5,1900000.0,14.93,-0.0090498355199179,0.0052578483109009,-0.0234060059857948,0.010379567841496,0.0074997003453567,-0.0058973498890172,0.0069733419228891,0.0096005064345472,-0.0036617658058158,-0.0113071604470635,0.0013394055042868,0.0141774364281473,0.0111538561199289,14.02,0.144578313253012,-0.0010860712444158
2014-03-27,1840.5,2030000.0,14.62,-0.0010860712444158,-0.0090498355199179,0.0052578483109009,-0.0234060059857948,0.010379567841496,0.0074997003453567,-0.0058973498890172,0.0069733419228891,0.0096005064345472,-0.0036617658058158,-0.0113071604470635,0.0132493998698582,0.0105954986531942,14.93,0.0684210526315789,0.0054185990071349
2014-03-28,1850.5,1500000.0,14.41,0.0054185990071349,-0.0010860712444158,-0.0090498355199179,0.0052578483109009,-0.0234060059857948,0.010379567841496,0.0074997003453567,-0.0058973498890172,0.0069733419228891,0.0096005064345472,-0.0036617658058158,0.0120764281978146,0.0106679442572663,14.62,-0.2610837438423645,0.0075370477926648
2014-03-31,1864.5,1570000.0,13.88,0.0075370477926648,0.0054185990071349,-0.0010860712444158,-0.0090498355199179,0.0052578483109009,-0.0234060059857948,0.010379567841496,0.0074997003453567,-0.0058973498890172,0.0069733419228891,0.0096005064345472,0.0067794332446804,0.0104923529391886,14.41,0.0466666666666666,0.0070813309472456
2014-04-01,1877.75,1210000.0,13.1,0.0070813309472456,0.0075370477926648,0.0054185990071349,-0.0010860712444158,-0.0090498355199179,0.0052578483109009,-0.0234060059857948,0.010379567841496,0.0074997003453567,-0.0058973498890172,0.0069733419228891,0.007067290587241,0.0104999655248857,13.88,-0.2292993630573248,0.0027919980910313
2014-04-02,1883.0,1180000.0,13.09,0.0027919980910313,0.0070813309472456,0.0075370477926648,0.0054185990071349,-0.0010860712444158,-0.0090498355199179,0.0052578483109009,-0.0234060059857948,0.010379567841496,0.0074997003453567,-0.0058973498890172,0.0035615157120215,0.0102806121451735,13.1,-0.024793388429752,0.0
2014-04-03,1883.0,1240000.0,13.37,0.0,0.0027919980910313,0.0070813309472456,0.0075370477926648,0.0054185990071349,-0.0010860712444158,-0.0090498355199179,0.0052578483109009,-0.0234060059857948,0.010379567841496,0.0074997003453567,0.0031573873056163,0.0100442595197687,13.09,0.0508474576271187,-0.0122897619499055
2014-04-04,1860.0,2500000.0,13.96,-0.0122897619499055,0.0,0.0027919980910313,0.0070813309472456,0.0075370477926648,0.0054185990071349,-0.0010860712444158,-0.0090498355199179,0.0052578483109009,-0.0234060059857948,0.010379567841496,0.0080706520831189,0.0101227150584121,13.37,1.0161290322580645,-0.0118984637916145
2014-04-07,1838.0,2180000.0,15.57,-0.0118984637916145,-0.0122897619499055,0.0,0.0027919980910313,0.0070813309472456,0.0075370477926648,0.0054185990071349,-0.0010860712444158,-0.0090498355199179,0.0052578483109009,-0.0234060059857948,0.0087972856209392,0.0077714158321919,13.96,-0.128,0.0038012535589951
2014-04-08,1845.0,1850000.0,14.89,0.0038012535589951,-0.0118984637916145,-0.0122897619499055,0.0,0.0027919980910313,0.0070813309472456,0.0075370477926648,0.0054185990071349,-0.0010860712444158,-0.0090498355199179,0.0052578483109009,0.0079520413839737,0.007661806308205,15.57,-0.1513761467889908,0.0106477183606451
2014-04-09,1864.75,1410000.0,13.82,0.0106477183606451,0.0038012535589951,-0.0118984637916145,-0.0122897619499055,0.0,0.0027919980910313,0.0070813309472456,0.0075370477926648,0.0054185990071349,-0.0010860712444158,-0.0090498355199179,0.0100182896655528,0.007826697315455,14.89,-0.2378378378378378,-0.0204517184572659
2014-04-10,1827.0,2380000.0,15.89,-0.0204517184572659,0.0106477183606451,0.0038012535589951,-0.0118984637916145,-0.0122897619499055,0.0,0.0027919980910313,0.0070813309472456,0.0075370477926648,0.0054185990071349,-0.0010860712444158,0.0128102395636882,0.0104211154177059,13.82,0.6879432624113475,-0.0083820483886159
2014-04-11,1811.75,2530000.0,17.03,-0.0083820483886159,-0.0204517184572659,0.0106477183606451,0.0038012535589951,-0.0118984637916145,-0.0122897619499055,0.0,0.0027919980910313,0.0070813309472456,0.0075370477926648,0.0054185990071349,0.0124475545870079,0.0104292776391738,15.89,0.0630252100840336,0.0070127478871114
2014-04-14,1824.5,1890000.0,16.11,0.0070127478871114,-0.0083820483886159,-0.0204517184572659,0.0106477183606451,0.0038012535589951,-0.0118984637916145,-0.0122897619499055,0.0,0.0027919980910313,0.0070813309472456,0.0075370477926648,0.0127932030329635,0.0103765410031042,17.03,-0.2529644268774703,0.0081878186683267
2014-04-15,1839.5,2610000.0,15.61,0.0081878186683267,0.0070127478871114,-0.0083820483886159,-0.0204517184572659,0.0106477183606451,0.0038012535589951,-0.0118984637916145,-0.0122897619499055,0.0,0.0027919980910313,0.0070813309472456,0.0133822813482505,0.0104914006646023,16.11,0.3809523809523809,0.0071772262866391
2014-04-16,1852.75,1640000.0,14.18,0.0071772262866391,0.0081878186683267,0.0070127478871114,-0.0083820483886159,-0.0204517184572659,0.0106477183606451,0.0038012535589951,-0.0118984637916145,-0.0122897619499055,0.0,0.0027919980910313,0.0127272069561629,0.0108036500598852,15.61,-0.3716475095785441,0.0028296185423155
2014-04-17,1858.0,1250000.0,13.36,0.0028296185423155,0.0071772262866391,0.0081878186683267,0.0070127478871114,-0.0083820483886159,-0.0204517184572659,0.0106477183606451,0.0038012535589951,-0.0118984637916145,-0.0122897619499055,0.0,0.0068807429275366,0.0108875107956275,14.18,-0.2378048780487804,0.0034922802450916
2014-04-21,1864.5,533890.0,13.25,0.0034922802450916,0.0028296185423155,0.0071772262866391,0.0081878186683267,0.0070127478871114,-0.0083820483886159,-0.0204517184572659,0.0106477183606451,0.0038012535589951,-0.0118984637916145,-0.0122897619499055,0.0024083130570469,0.0102484623822253,13.36,-0.5728880000000001,0.005082263179492
2014-04-22,1874.0,1110000.0,13.19,0.005082263179492,0.0034922802450916,0.0028296185423155,0.0071772262866391,0.0081878186683267,0.0070127478871114,-0.0083820483886159,-0.0204517184572659,0.0106477183606451,0.0038012535589951,-0.0118984637916145,0.0023058092560302,0.0093837550105029,13.25,1.0790799602914456,-0.0005337603542789
2014-04-23,1873.0,1000000.0,13.27,-0.0005337603542789,0.005082263179492,0.0034922802450916,0.0028296185423155,0.0071772262866391,0.0081878186683267,0.0070127478871114,-0.0083820483886159,-0.0204517184572659,0.0106477183606451,0.0038012535589951,0.0028585951164112,0.0093883334895637,13.19,-0.099099099099099,0.0
2014-04-24,1873.0,1580000.0,13.32,0.0,-0.0005337603542789,0.005082263179492,0.0034922802450916,0.0028296185423155,0.0071772262866391,0.0081878186683267,0.0070127478871114,-0.0083820483886159,-0.0204517184572659,0.0106477183606451,0.002381382754974,0.0088231479147055,13.27,0.5800000000000001,-0.0069649357368416
2014-04-25,1860.0,1510000.0,14.06,-0.0069649357368416,0.0,-0.0005337603542789,0.005082263179492,0.0034922802450916,0.0028296185423155,0.0071772262866391,0.0081878186683267,0.0070127478871114,-0.0083820483886159,-0.0204517184572659,0.0046526648485845,0.0057809301257783,13.32,-0.0443037974683544,0.0032206147000421
2014-04-28,1866.0,2070000.0,13.97,0.0032206147000421,-0.0069649357368416,0.0,-0.0005337603542789,0.005082263179492,0.0034922802450916,0.0028296185423155,0.0071772262866391,0.0081878186683267,0.0070127478871114,-0.0083820483886159,0.0046061818878575,0.0045446364038458,14.06,0.3708609271523178,0.0030767197035054
2014-04-29,1871.75,1220000.0,13.71,0.0030767197035054,0.0032206147000421,-0.0069649357368416,0.0,-0.0005337603542789,0.005082263179492,0.0034922802450916,0.0028296185423155,0.0071772262866391,0.0081878186683267,0.0070127478871114,0.0041335559489776,0.0043185315825799,13.97,-0.4106280193236715,0.0033335586574136
2014-04-30,1878.0,1500000.0,13.41,0.0033335586574136,0.0030767197035054,0.0032206147000421,-0.0069649357368416,0.0,-0.0005337603542789,0.005082263179492,0.0034922802450916,0.0028296185423155,0.0071772262866391,0.0081878186683267,0.004417013714887,0.003864164186708,13.71,0.2295081967213115,-0.000133129202087
2014-05-01,1877.75,938350.0,13.25,-0.000133129202087,0.0033335586574136,0.0030767197035054,0.0032206147000421,-0.0069649357368416,0.0,-0.0005337603542789,0.005082263179492,0.0034922802450916,0.0028296185423155,0.0071772262866391,0.0044214303694082,0.0034614003993244,13.41,-0.3744333333333333,-0.0017322943901544
2014-05-02,1874.5,1720000.0,12.91,-0.0017322943901544,-0.000133129202087,0.0033335586574136,0.0030767197035054,0.0032206147000421,-0.0069649357368416,0.0,-0.0005337603542789,0.005082263179492,0.0034922802450916,0.0028296185423155,0.0023403653842486,0.0035429665180383,13.25,0.8330047423669207,0.0006666222498714
2014-05-05,1875.75,1180000.0,13.29,0.0006666222498714,-0.0017322943901544,-0.000133129202087,0.0033335586574136,0.0030767197035054,0.0032206147000421,-0.0069649357368416,0.0,-0.0005337603542789,0.005082263179492,0.0034922802450916,0.0021569580070092,0.0034224738102513,12.91,-0.313953488372093,-0.0061497520019339
2014-05-06,1864.25,1380000.0,13.8,-0.0061497520019339,0.0006666222498714,-0.0017322943901544,-0.000133129202087,0.0033335586574136,0.0030767197035054,0.0032206147000421,-0.0069649357368416,0.0,-0.0005337603542789,0.005082263179492,0.0035061010753819,0.0036256458612687,13.29,0.1694915254237288,0.0053497519592673
2014-05-07,1874.25,2000000.0,13.4,0.0053497519592673,-0.0061497520019339,0.0006666222498714,-0.0017322943901544,-0.000133129202087,0.0033335586574136,0.0030767197035054,0.0032206147000421,-0.0069649357368416,0.0,-0.0005337603542789,0.0041564169298276,0.0040732084649401,13.8,0.4492753623188406,-0.0010676632536949
2014-05-08,1872.25,1750000.0,13.43,-0.0010676632536949,0.0053497519592673,-0.0061497520019339,0.0006666222498714,-0.0017322943901544,-0.000133129202087,0.0033335586574136,0.0030767197035054,0.0032206147000421,-0.0069649357368416,0.0,0.0041624373345331,0.004089113170723,13.4,-0.125,0.0006674231042656
2014-05-09,1873.5,1480000.0,12.92,0.0006674231042656,-0.0010676632536949,0.0053497519592673,-0.0061497520019339,0.0006666222498714,-0.0017322943901544,-0.000133129202087,0.0033335586574136,0.0030767197035054,0.0032206147000421,-0.0069649357368416,0.0041355800601829,0.0032864843669756,13.43,-0.1542857142857142,0.0102224587496739
2014-05-12,1892.75,1180000.0,12.23,0.0102224587496739,0.0006674231042656,-0.0010676632536949,0.0053497519592673,-0.0061497520019339,0.0006666222498714,-0.0017322943901544,-0.000133129202087,0.0033335586574136,0.0030767197035054,0.0032206147000421,0.006249864628194,0.0044259999242704,12.92,-0.2027027027027027,0.0007921838280668
2014-05-13,1894.25,1080000.0,12.13,0.0007921838280668,0.0102224587496739,0.0006674231042656,-0.0010676632536949,0.0053497519592673,-0.0061497520019339,0.0006666222498714,-0.0017322943901544,-0.000133129202087,0.0033335586574136,0.0030767197035054,0.0045924007200269,0.0043899910942762,12.23,-0.0847457627118644,-0.0047625437287263
2014-05-14,1885.25,1190000.0,12.17,-0.0047625437287263,0.0007921838280668,0.0102224587496739,0.0006674231042656,-0.0010676632536949,0.0053497519592673,-0.0061497520019339,0.0006666222498714,-0.0017322943901544,-0.000133129202087,0.0033335586574136,0.0055349920788035,0.0046881771203311,12.13,0.1018518518518518,-0.0095936778455803
2014-05-15,1867.25,2250000.0,13.17,-0.0095936778455803,-0.0047625437287263,0.0007921838280668,0.0102224587496739,0.0006674231042656,-0.0010676632536949,0.0053497519592673,-0.0061497520019339,0.0006666222498714,-0.0017322943901544,-0.000133129202087,0.0073969914007635,0.0056585449915366,12.17,0.8907563025210083,0.0040085569443227
2014-05-16,1874.75,1520000.0,12.44,0.0040085569443227,-0.0095936778455803,-0.0047625437287263,0.0007921838280668,0.0102224587496739,0.0006674231042656,-0.0010676632536949,0.0053497519592673,-0.0061497520019339,0.0006666222498714,-0.0017322943901544,0.0076783177249049,0.0058155202798128,13.17,-0.3244444444444444,0.0039925525487329
2014-05-19,1882.25,1040000.0,12.42,0.0039925525487329,0.0040085569443227,-0.0095936778455803,-0.0047625437287263,0.0007921838280668,0.0102224587496739,0.0006674231042656,-0.0010676632536949,0.0053497519592673,-0.0061497520019339,0.0006666222498714,0.0059407028849814,0.005950571263918,12.44,-0.3157894736842105,-0.0075995299414437
2014-05-20,1868.0,1560000.0,12.96,-0.0075995299414437,0.0039925525487329,0.0040085569443227,-0.0095936778455803,-0.0047625437287263,0.0007921838280668,0.0102224587496739,0.0006674231042656,-0.0010676632536949,0.0053497519592673,-0.0061497520019339,0.0064330383672425,0.0061410272927694,12.42,0.5,0.0090594810933231
2014-05-21,1885.0,1360000.0,11.91,0.0090594810933231,-0.0075995299414437,0.0039925525487329,0.0040085569443227,-0.0095936778455803,-0.0047625437287263,0.0007921838280668,0.0102224587496739,0.0006674231042656,-0.0010676632536949,0.0053497519592673,0.0081220563095474,0.0065827817423909,12.96,-0.1282051282051282,0.002781274556268
2014-05-22,1890.25,1030000.0,12.03,0.002781274556268,0.0090594810933231,-0.0075995299414437,0.0039925525487329,0.0040085569443227,-0.0095936778455803,-0.0047625437287263,0.0007921838280668,0.0102224587496739,0.0006674231042656,-0.0010676632536949,0.0061154842727919,0.006588784151447,11.91,-0.2426470588235294,0.003564595496635
2014-05-23,1897.0,761560.0,11.36,0.003564595496635,0.002781274556268,0.0090594810933231,-0.0075995299414437,0.0039925525487329,0.0040085569443227,-0.0095936778455803,-0.0047625437287263,0.0007921838280668,0.0102224587496739,0.0006674231042656,0.0060903413991337,0.0066381563959083,12.03,-0.260621359223301,0.0064368038334792
2014-05-27,1909.25,922500.0,11.51,0.0064368038334792,0.003564595496635,0.002781274556268,0.0090594810933231,-0.0075995299414437,0.0039925525487329,0.0040085569443227,-0.0095936778455803,-0.0047625437287263,0.0007921838280668,0.0102224587496739,0.0063468663964537,0.0061601285106211,11.36,0.2113293765428856,-0.0001309500427458
2014-05-28,1909.0,1060000.0,11.68,-0.0001309500427458,0.0064368038334792,0.003564595496635,0.002781274556268,0.0090594810933231,-0.0075995299414437,0.0039925525487329,0.0040085569443227,-0.0095936778455803,-0.0047625437287263,0.0007921838280668,0.003524568570538,0.0061683018454239,11.51,0.1490514905149051,0.0047034317176358
2014-05-29,1918.0,981820.0,11.57,0.0047034317176358,-0.0001309500427458,0.0064368038334792,0.003564595496635,0.002781274556268,0.0090594810933231,-0.0075995299414437,0.0039925525487329,0.0040085569443227,-0.0095936778455803,-0.0047625437287263,0.0024378989790197,0.0059463043623446,11.68,-0.0737547169811321,0.0018231545615151
2014-05-30,1921.5,1170000.0,11.4,0.0018231545615151,0.0047034317176358,-0.0001309500427458,0.0064368038334792,0.003564595496635,0.002781274556268,0.0090594810933231,-0.0075995299414437,0.0039925525487329,0.0040085569443227,-0.0095936778455803,0.002541138522528,0.0044366188957904,11.57,0.1916644598806298,0.0001300982243427
2014-06-02,1921.75,1050000.0,11.58,0.0001300982243427,0.0018231545615151,0.0047034317176358,-0.0001309500427458,0.0064368038334792,0.003564595496635,0.002781274556268,0.0090594810933231,-0.0075995299414437,0.0039925525487329,0.0040085569443227,0.0028856195055884,0.0044945863864081,11.4,-0.1025641025641025,0.0001300813009963
2014-06-03,1922.0,948000.0,11.87,0.0001300813009963,0.0001300982243427,0.0018231545615151,0.0047034317176358,-0.0001309500427458,0.0064368038334792,0.003564595496635,0.002781274556268,0.0090594810933231,-0.0075995299414437,0.0039925525487329,0.0020394349948766,0.0045157010051462,11.58,-0.0971428571428572,0.0019491917028373
2014-06-04,1925.75,917110.0,12.08,0.0019491917028373,0.0001300813009963,0.0001300982243427,0.0018231545615151,0.0047034317176358,-0.0001309500427458,0.0064368038334792,0.003564595496635,0.002781274556268,0.0090594810933231,-0.0075995299414437,0.0018718952128067,0.0029915066024157,11.87,-0.032584388185654,0.0065989758779085
2014-06-05,1938.5,1680000.0,11.68,0.0065989758779085,0.0019491917028373,0.0001300813009963,0.0001300982243427,0.0018231545615151,0.0047034317176358,-0.0001309500427458,0.0064368038334792,0.003564595496635,0.002781274556268,0.0090594810933231,0.0026503681177338,0.0025031527350268,12.08,0.8318413276488099,0.0055302050787254
2014-06-06,1949.25,1210000.0,10.73,0.0055302050787254,0.0065989758779085,0.0019491917028373,0.0001300813009963,0.0001300982243427,0.0018231545615151,0.0047034317176358,-0.0001309500427458,0.0064368038334792,0.003564595496635,0.002781274556268,0.0030349641713666,0.0026477937447354,11.68,-0.2797619047619047,0.0005128862787132
2014-06-09,1950.25,1030000.0,11.15,0.0005128862787132,0.0055302050787254,0.0065989758779085,0.0019491917028373,0.0001300813009963,0.0001300982243427,0.0018231545615151,0.0047034317176358,-0.0001309500427458,0.0064368038334792,0.003564595496635,0.0029523465640314,0.0027584605023841,10.73,-0.1487603305785123,0.0001281804782886
2014-06-10,1950.5,1040000.0,10.99,0.0001281804782886,0.0005128862787132,0.0055302050787254,0.0065989758779085,0.0019491917028373,0.0001300813009963,0.0001300982243427,0.0018231545615151,0.0047034317176358,-0.0001309500427458,0.0064368038334792,0.0029527996193121,0.0025389299015552,11.15,0.0097087378640776,-0.0033380439263268
2014-06-11,1944.0,1350000.0,11.6,-0.0033380439263268,0.0001281804782886,0.0005128862787132,0.0055302050787254,0.0065989758779085,0.0019491917028373,0.0001300813009963,0.0001300982243427,0.0018231545615151,0.0047034317176358,-0.0001309500427458,0.0041157738341925,0.0030151988999454,10.99,0.2980769230769231,-0.0069686693160933
2014-06-12,1930.5,1670000.0,12.56,-0.0069686693160933,-0.0033380439263268,0.0001281804782886,0.0005128862787132,0.0055302050787254,0.0065989758779085,0.0019491917028373,0.0001300813009963,0.0001300982243427,0.0018231545615151,0.0047034317176358,0.0046676322945409,0.0039022960529261,11.6,0.2370370370370369,0.0027158115625417
2014-06-13,1935.75,945290.0,12.18,0.0027158115625417,-0.0069686693160933,-0.0033380439263268,0.0001281804782886,0.0005128862787132,0.0055302050787254,0.0065989758779085,0.0019491917028373,0.0001300813009963,0.0001300982243427,0.0018231545615151,0.0037980245922463,0.0039421304993318,12.56,-0.4339580838323353,0.0003873716879739
2014-06-16,1936.5,866800.0,12.65,0.0003873716879739,0.0027158115625417,-0.0069686693160933,-0.0033380439263268,0.0001281804782886,0.0005128862787132,0.0055302050787254,0.0065989758779085,0.0019491917028373,0.0001300813009963,0.0001300982243427,0.0037826873597373,0.0039385539365591,12.18,-0.0830327201176358,0.002578650216915
2014-06-17,1941.5,881100.0,12.06,0.002578650216915,0.0003873716879739,0.0027158115625417,-0.0069686693160933,-0.0033380439263268,0.0001281804782886,0.0005128862787132,0.0055302050787254,0.0065989758779085,0.0019491917028373,0.0001300813009963,0.0041713940389751,0.0039707050000806,12.65,0.0164974619289339,0.0079518182243542
2014-06-18,1957.0,522410.0,10.61,0.0079518182243542,0.002578650216915,0.0003873716879739,0.0027158115625417,-0.0069686693160933,-0.0033380439263268,0.0001281804782886,0.0005128862787132,0.0055302050787254,0.0065989758779085,0.0019491917028373,0.0054102794129703,0.0045412751728105,12.06,-0.4070934059698105,0.0007661857098097
2014-06-19,1958.5,369580.0,10.62,0.0007661857098097,0.0079518182243542,0.002578650216915,0.0003873716879739,0.0027158115625417,-0.0069686693160933,-0.0033380439263268,0.0001281804782886,0.0005128862787132,0.0055302050787254,0.0065989758779085,0.003021693084418,0.0041902709721976,10.61,-0.2925479986983403,0.0030690665483644
2014-06-20,1964.52,1160000.0,10.85,0.0030690665483644,0.0007661857098097,0.0079518182243542,0.002578650216915,0.0003873716879739,0.0027158115625417,-0.0069686693160933,-0.0033380439263268,0.0001281804782886,0.0005128862787132,0.0055302050787254,0.0030210250686179,0.003962435256502,10.62,2.138697981492505,-0.0058812887775716
2014-06-23,1953.0,1020000.0,10.98,-0.0058812887775716,0.0030690665483644,0.0007661857098097,0.0079518182243542,0.002578650216915,0.0003873716879739,0.0027158115625417,-0.0069686693160933,-0.0033380439263268,0.0001281804782886,0.0005128862787132,0.0050019871229437,0.0044910413935906,10.85,-0.1206896551724138,-0.0050048227663499
2014-06-24,1943.25,1530000.0,12.13,-0.0050048227663499,-0.0058812887775716,0.0030690665483644,0.0007661857098097,0.0079518182243542,0.002578650216915,0.0003873716879739,0.0027158115625417,-0.0069686693160933,-0.0033380439263268,0.0001281804782886,0.0057600582961312,0.0047768968142022,10.98,0.5,0.0032111003123229
2014-06-25,1949.5,1530000.0,11.59,0.0032111003123229,-0.0050048227663499,-0.0058812887775716,0.0030690665483644,0.0007661857098097,0.0079518182243542,0.002578650216915,0.0003873716879739,0.0027158115625417,-0.0069686693160933,-0.0033380439263268,0.0043876654968491,0.0047740721778725,12.13,0.0,-0.0003847880506657
2014-06-26,1948.75,1490000.0,11.63,-0.0003847880506657,0.0032111003123229,-0.0050048227663499,-0.0058812887775716,0.0030690665483644,0.0007661857098097,0.0079518182243542,0.002578650216915,0.0003873716879739,0.0027158115625417,-0.0069686693160933,0.0043166747185054,0.004064161248786,11.59,-0.0261437908496732,0.0016663466010515
2014-06-27,1952.0,1180000.0,11.26,0.0016663466010515,-0.0003847880506657,0.0032111003123229,-0.0050048227663499,-0.0058812887775716,0.0030690665483644,0.0007661857098097,0.0079518182243542,0.002578650216915,0.0003873716879739,0.0027158115625417,0.0040217688653422,0.0040266129400364,11.63,-0.2080536912751678,0.0002561147408033
2014-06-30,1952.5,1160000.0,11.57,0.0002561147408033,0.0016663466010515,-0.0003847880506657,0.0032111003123229,-0.0050048227663499,-0.0058812887775716,0.0030690665483644,0.0007661857098097,0.0079518182243542,0.002578650216915,0.0003873716879739,0.0030958307246534,0.0040284512212024,11.26,-0.0169491525423728,0.0067632491577844
2014-07-01,1965.75,1460000.0,11.15,0.0067632491577844,0.0002561147408033,0.0016663466010515,-0.0003847880506657,0.0032111003123229,-0.0050048227663499,-0.0058812887775716,0.0030690665483644,0.0007661857098097,0.0079518182243542,0.002578650216915,0.0028520930197824,0.0044285725342277,11.57,0.2586206896551724,0.001016906150934
2014-07-02,1967.75,920980.0,10.82,0.001016906150934,0.0067632491577844,0.0002561147408033,0.0016663466010515,-0.0003847880506657,0.0032111003123229,-0.0050048227663499,-0.0058812887775716,0.0030690665483644,0.0007661857098097,0.0079518182243542,0.0028461209973332,0.0037523365172743,11.15,-0.3691917808219178,0.0049426626192493
2014-07-03,1977.5,846130.0,10.32,0.0049426626192493,0.001016906150934,0.0067632491577844,0.0002561147408033,0.0016663466010515,-0.0003847880506657,0.0032111003123229,-0.0050048227663499,-0.0058812887775716,0.0030690665483644,0.0007661857098097,0.0027906547544826,0.0040033740641485,10.82,-0.0812721231731417,-0.0032923924890887
2014-07-07,1971.0,1150000.0,11.33,-0.0032923924890887,0.0049426626192493,0.001016906150934,0.0067632491577844,0.0002561147408033,0.0016663466010515,-0.0003847880506657,0.0032111003123229,-0.0050048227663499,-0.0058812887775716,0.0030690665483644,0.0039794843255733,0.0041352186326127,10.32,0.3591292118232423,-0.0053414854203338
2014-07-08,1960.5,1780000.0,11.98,-0.0053414854203338,-0.0032923924890887,0.0049426626192493,0.001016906150934,0.0067632491577844,0.0002561147408033,0.0016663466010515,-0.0003847880506657,0.0032111003123229,-0.0050048227663499,-0.0058812887775716,0.0051776679055484,0.0040477366015822,11.33,0.5478260869565217,0.0034370856827063
2014-07-09,1967.25,1390000.0,11.65,0.0034370856827063,-0.0053414854203338,-0.0032923924890887,0.0049426626192493,0.001016906150934,0.0067632491577844,0.0002561147408033,0.0016663466010515,-0.0003847880506657,0.0032111003123229,-0.0050048227663499,0.0043741433179703,0.0036609787225661,11.98,-0.2191011235955056,-0.0048407737840457
2014-07-10,1957.75,1970000.0,12.59,-0.0048407737840457,0.0034370856827063,-0.0053414854203338,-0.0032923924890887,0.0049426626192493,0.001016906150934,0.0067632491577844,0.0002561147408033,0.0016663466010515,-0.0003847880506657,0.0032111003123229,0.0048439722663935,0.0040418721259377,11.65,0.4172661870503598,0.0024233160255163
2014-07-11,1962.5,1360000.0,12.08,0.0024233160255163,-0.0048407737840457,0.0034370856827063,-0.0053414854203338,-0.0032923924890887,0.0049426626192493,0.001016906150934,0.0067632491577844,0.0002561147408033,0.0016663466010515,-0.0003847880506657,0.0041501525155217,0.0040769643351259,12.59,-0.3096446700507614,0.0043218574961567
2014-07-14,1971.0,1000000.0,11.82,0.0043218574961567,0.0024233160255163,-0.0048407737840457,0.0034370856827063,-0.0053414854203338,-0.0032923924890887,0.0049426626192493,0.001016906150934,0.0067632491577844,0.0002561147408033,0.0016663466010515,0.0046991762068156,0.0042302760107749,12.08,-0.2647058823529411,-0.0015232295405215
2014-07-15,1968.0,1910000.0,11.96,-0.0015232295405215,0.0043218574961567,0.0024233160255163,-0.0048407737840457,0.0034370856827063,-0.0053414854203338,-0.0032923924890887,0.0049426626192493,0.001016906150934,0.0067632491577844,0.0002561147408033,0.003847140959061,0.0043004170467844,11.82,0.91,0.0034240094323297
2014-07-16,1974.75,1320000.0,11.0,0.0034240094323297,-0.0015232295405215,0.0043218574961567,0.0024233160255163,-0.0048407737840457,0.0034370856827063,-0.0053414854203338,-0.0032923924890887,0.0049426626192493,0.001016906150934,0.0067632491577844,0.0038448730157265,0.0038957289254689,11.96,-0.3089005235602095,-0.0108191725494032
2014-07-17,1953.5,2440000.0,14.54,-0.0108191725494032,0.0034240094323297,-0.0015232295405215,0.0043218574961567,0.0024233160255163,-0.0048407737840457,0.0034370856827063,-0.0053414854203338,-0.0032923924890887,0.0049426626192493,0.001016906150934,0.0062190212247107,0.0052642905307885,11.0,0.8484848484848484,0.0091720388225566
2014-07-18,1971.5,1800000.0,12.06,0.0091720388225566,-0.0108191725494032,0.0034240094323297,-0.0015232295405215,0.0043218574961567,0.0024233160255163,-0.0048407737840457,0.0034370856827063,-0.0053414854203338,-0.0032923924890887,0.0049426626192493,0.0075781967694917,0.0059016978546935,14.54,-0.2622950819672131,-0.0026664989451942
2014-07-21,1966.25,1410000.0,12.81,-0.0026664989451942,0.0091720388225566,-0.0108191725494032,0.0034240094323297,-0.0015232295405215,0.0043218574961567,0.0024233160255163,-0.0048407737840457,0.0034370856827063,-0.0053414854203338,-0.0032923924890887,0.0074359045273413,0.005869714345725,12.06,-0.2166666666666666,0.0044402229627345
2014-07-22,1975.0,1270000.0,12.24,0.0044402229627345,-0.0026664989451942,0.0091720388225566,-0.0108191725494032,0.0034240094323297,-0.0015232295405215,0.0043218574961567,0.0024233160255163,-0.0048407737840457,0.0034370856827063,-0.0053414854203338,0.0077007966521946,0.005738933452318,12.81,-0.099290780141844,0.0029071625101289
2014-07-23,1980.75,1150000.0,11.52,0.0029071625101289,0.0044402229627345,-0.0026664989451942,0.0091720388225566,-0.0108191725494032,0.0034240094323297,-0.0015232295405215,0.0043218574961567,0.0024233160255163,-0.0048407737840457,0.0034370856827063,0.0076586136155434,0.005713620704677,12.24,-0.094488188976378,0.0
2014-07-24,1980.75,1170000.0,11.84,0.0,0.0029071625101289,0.0044402229627345,-0.0026664989451942,0.0091720388225566,-0.0108191725494032,0.0034240094323297,-0.0015232295405215,0.0043218574961567,0.0024233160255163,-0.0048407737840457,0.004500638245141,0.0053894094619524,11.52,0.0173913043478259,-0.0046808865276694
2014-07-25,1971.5,1430000.0,12.69,-0.0046808865276694,0.0,0.0029071625101289,0.0044402229627345,-0.0026664989451942,0.0091720388225566,-0.0108191725494032,0.0034240094323297,-0.0015232295405215,0.0043218574961567,0.0024233160255163,0.0037811403415081,0.0056666458589088,11.84,0.2222222222222223,0.0007605527049335
2014-07-28,1973.0,1370000.0,12.56,0.0007605527049335,-0.0046808865276694,0.0,0.0029071625101289,0.0044402229627345,-0.0026664989451942,0.0091720388225566,-0.0108191725494032,0.0034240094323297,-0.0015232295405215,0.0043218574961567,0.0034751754027118,0.0055064460130631,12.69,-0.0419580419580419,-0.0050813117461542
2014-07-29,1963.0,1510000.0,13.28,-0.0050813117461542,0.0007605527049335,-0.0046808865276694,0.0,0.0029071625101289,0.0044402229627345,-0.0026664989451942,0.0091720388225566,-0.0108191725494032,0.0034240094323297,-0.0015232295405215,0.0035118341814886,0.0057333697263736,12.56,0.1021897810218979,0.0010183300269005
2014-07-30,1965.0,1770000.0,13.33,0.0010183300269005,-0.0050813117461542,0.0007605527049335,-0.0046808865276694,0.0,0.0029071625101289,0.0044402229627345,-0.0026664989451942,0.0091720388225566,-0.0108191725494032,0.0034240094323297,0.0030248635836424,0.0056110429643932,13.28,0.1721854304635761,-0.0206961561452026
2014-07-31,1924.75,2770000.0,16.95,-0.0206961561452026,0.0010183300269005,-0.0050813117461542,0.0007605527049335,-0.0046808865276694,0.0,0.0029071625101289,0.0044402229627345,-0.0026664989451942,0.0091720388225566,-0.0108191725494032,0.0088483660093615,0.007993732144429,13.33,0.5649717514124293,-0.0032524584711518
2014-08-01,1918.5,2890000.0,17.03,-0.0032524584711518,-0.0206961561452026,0.0010183300269005,-0.0050813117461542,0.0007605527049335,-0.0046808865276694,0.0,0.0029071625101289,0.0044402229627345,-0.0026664989451942,0.0091720388225566,0.0089137626037388,0.0070653354253009,16.95,0.0433212996389891,0.0070121050854562
2014-08-04,1932.0,1610000.0,15.12,0.0070121050854562,-0.0032524584711518,-0.0206961561452026,0.0010183300269005,-0.0050813117461542,0.0007605527049335,-0.0046808865276694,0.0,0.0029071625101289,0.0044402229627345,-0.0026664989451942,0.0103288428874547,0.0077079537398377,17.03,-0.4429065743944637,-0.0098830453322104
2014-08-05,1913.0,2140000.0,16.87,-0.0098830453322104,0.0070121050854562,-0.0032524584711518,-0.0206961561452026,0.0010183300269005,-0.0050813117461542,0.0007605527049335,-0.0046808865276694,0.0,0.0029071625101289,0.0044402229627345,0.0106495296080994,0.0077589905408469,15.12,0.329192546583851,0.0009143753494499
2014-08-06,1914.75,1710000.0,16.37,0.0009143753494499,-0.0098830453322104,0.0070121050854562,-0.0032524584711518,-0.0206961561452026,0.0010183300269005,-0.0050813117461542,0.0007605527049335,-0.0046808865276694,0.0,0.0029071625101289,0.0106345425996358,0.0076091502287589,16.87,-0.2009345794392523,-0.004973832243476
2014-08-07,1905.25,1950000.0,16.66,-0.004973832243476,0.0009143753494499,-0.0098830453322104,0.0070121050854562,-0.0032524584711518,-0.0206961561452026,0.0010183300269005,-0.0050813117461542,0.0007605527049335,-0.0046808865276694,0.0,0.0063690593626099,0.0075251170048038,16.37,0.1403508771929824,0.009663172606862
2014-08-08,1923.75,1900000.0,15.77,0.009663172606862,-0.004973832243476,0.0009143753494499,-0.0098830453322104,0.0070121050854562,-0.0032524584711518,-0.0206961561452026,0.0010183300269005,-0.0050813117461542,0.0007605527049335,-0.0046808865276694,0.0081286927718164,0.008641155918692,16.66,-0.0256410256410256,0.0045380953084881
2014-08-11,1932.5,1180000.0,14.23,0.0045380953084881,0.009663172606862,-0.004973832243476,0.0009143753494499,-0.0098830453322104,0.0070121050854562,-0.0032524584711518,-0.0206961561452026,0.0010183300269005,-0.0050813117461542,0.0007605527049335,0.007700771007292,0.0088765535529876,15.77,-0.3789473684210526,-0.0010354647572859
2014-08-12,1930.5,1230000.0,14.13,-0.0010354647572859,0.0045380953084881,0.009663172606862,-0.004973832243476,0.0009143753494499,-0.0098830453322104,0.0070121050854562,-0.0032524584711518,-0.0206961561452026,0.0010183300269005,-0.0050813117461542,0.0055685137633912,0.0088162549219506,14.23,0.0423728813559323,0.0073543973825923
2014-08-13,1944.75,1120000.0,12.9,0.0073543973825923,-0.0010354647572859,0.0045380953084881,0.009663172606862,-0.004973832243476,0.0009143753494499,-0.0098830453322104,0.0070121050854562,-0.0032524584711518,-0.0206961561452026,0.0010183300269005,0.0060318250912039,0.0092479951132295,14.13,-0.0894308943089431,0.0044892014082418
2014-08-14,1953.5,967190.0,12.42,0.0044892014082418,0.0073543973825923,-0.0010354647572859,0.0045380953084881,0.009663172606862,-0.004973832243476,0.0009143753494499,-0.0098830453322104,0.0070121050854562,-0.0032524584711518,-0.0206961561452026,0.0040059160656156,0.0062387554134498,12.9,-0.1364375,-0.0005120327812841
2014-08-15,1952.5,1810000.0,13.15,-0.0005120327812841,0.0044892014082418,0.0073543973825923,-0.0010354647572859,0.0045380953084881,0.009663172606862,-0.004973832243476,0.0009143753494499,-0.0098830453322104,0.0070121050854562,-0.0032524584711518,0.0036110277791037,0.0060654312886064,12.42,0.8714006555071909,0.0076530985777172
2014-08-18,1967.5,890470.0,12.32,0.0076530985777172,-0.0005120327812841,0.0044892014082418,0.0073543973825923,-0.0010354647572859,0.0045380953084881,0.009663172606862,-0.004973832243476,0.0009143753494499,-0.0098830453322104,0.0070121050854562,0.0041746142908794,0.006130182708413,13.15,-0.5080276243093922,0.0049432891079682
2014-08-19,1977.25,868380.0,12.21,0.0049432891079682,0.0076530985777172,-0.0005120327812841,0.0044892014082418,0.0073543973825923,-0.0010354647572859,0.0045380953084881,0.009663172606862,-0.004973832243476,0.0009143753494499,-0.0098830453322104,0.0032786772924034,0.0045825791618026,12.32,-0.0248071243276022,0.0030299227825855
2014-08-20,1983.25,1060000.0,11.78,0.0030299227825855,0.0049432891079682,0.0076530985777172,-0.0005120327812841,0.0044892014082418,0.0073543973825923,-0.0010354647572859,0.0045380953084881,0.009663172606862,-0.004973832243476,0.0009143753494499,0.0029892426063758,0.0045082634740786,12.21,0.2206637647113014,0.003146437684871
2014-08-21,1989.5,841550.0,11.76,0.003146437684871,0.0030299227825855,0.0049432891079682,0.0076530985777172,-0.0005120327812841,0.0044892014082418,0.0073543973825923,-0.0010354647572859,0.0045380953084881,0.009663172606862,-0.004973832243476,0.0029857143035259,0.0034059081144991,11.78,-0.2060849056603774,-0.0008800050853905
2014-08-22,1987.75,1120000.0,11.47,-0.0008800050853905,0.003146437684871,0.0030299227825855,0.0049432891079682,0.0076530985777172,-0.0005120327812841,0.0044892014082418,0.0073543973825923,-0.0010354647572859,0.0045380953084881,0.009663172606862,0.0031157216367564,0.0031959078423376,11.76,0.3308775473828056,0.0036407045423709
2014-08-25,1995.0,853070.0,11.7,0.0036407045423709,-0.0008800050853905,0.003146437684871,0.0030299227825855,0.0049432891079682,0.0076530985777172,-0.0005120327812841,0.0044892014082418,0.0073543973825923,-0.0010354647572859,0.0045380953084881,0.002180190934358,0.0031689132843368,11.47,-0.2383303571428571,0.0017528488274143
2014-08-26,1998.5,878010.0,11.63,0.0017528488274143,0.0036407045423709,-0.0008800050853905,0.003146437684871,0.0030299227825855,0.0049432891079682,0.0076530985777172,-0.0005120327812841,0.0044892014082418,0.0073543973825923,-0.0010354647572859,0.0018253280441838,0.0028645490709469,11.7,0.0292355844186291,-0.000750844735563
2014-08-27,1997.0,761370.0,11.78,-0.000750844735563,0.0017528488274143,0.0036407045423709,-0.0008800050853905,0.003146437684871,0.0030299227825855,0.0049432891079682,0.0076530985777172,-0.0005120327812841,0.0044892014082418,0.0073543973825923,0.0021223930438987,0.0027863778906304,11.63,-0.1328458673591417,-0.0001251956183168
2014-08-28,1996.75,1090000.0,12.05,-0.0001251956183168,-0.000750844735563,0.0017528488274143,0.0036407045423709,-0.0008800050853905,0.003146437684871,0.0030299227825855,0.0049432891079682,0.0076530985777172,-0.0005120327812841,0.0044892014082418,0.0019387345420252,0.0028299302247813,11.78,0.4316298251835506,0.0023760406351299
2014-08-29,2001.5,1040000.0,11.98,0.0023760406351299,-0.0001251956183168,-0.000750844735563,0.0017528488274143,0.0036407045423709,-0.0008800050853905,0.003146437684871,0.0030299227825855,0.0049432891079682,0.0076530985777172,-0.0005120327812841,0.0018061009833487,0.0026661896469544,12.05,-0.0458715596330274,-0.000874726703697
2014-09-02,1999.75,1240000.0,12.25,-0.000874726703697,0.0023760406351299,-0.0001251956183168,-0.000750844735563,0.0017528488274143,0.0036407045423709,-0.0008800050853905,0.003146437684871,0.0030299227825855,0.0049432891079682,0.0076530985777172,0.0014942843975355,0.0021389144500796,11.98,0.1923076923076923,-0.0005001875807672
2014-09-03,1998.75,1300000.0,12.36,-0.0005001875807672,-0.000874726703697,0.0023760406351299,-0.0001251956183168,-0.000750844735563,0.0017528488274143,0.0036407045423709,-0.0008800050853905,0.003146437684871,0.0030299227825855,0.0049432891079682,0.0013451037116466,0.0018775295186468,12.25,0.0483870967741935,-0.0005004378935917
2014-09-04,1997.75,1520000.0,12.64,-0.0005004378935917,-0.0005001875807672,-0.000874726703697,0.0023760406351299,-0.0001251956183168,-0.000750844735563,0.0017528488274143,0.0036407045423709,-0.0008800050853905,0.003146437684871,0.0030299227825855,0.0013132799183426,0.0018007986389305,12.36,0.1692307692307693,0.0041211422673085
2014-09-05,2006.0,1690000.0,12.09,0.0041211422673085,-0.0005004378935917,-0.0005001875807672,-0.000874726703697,0.0023760406351299,-0.0001251956183168,-0.000750844735563,0.0017528488274143,0.0036407045423709,-0.0008800050853905,0.003146437684871,0.0022148866418883,0.0019650995728156,12.64,0.1118421052631579,-0.002745540224591
2014-09-08,2000.5,1210000.0,12.66,-0.002745540224591,0.0041211422673085,-0.0005004378935917,-0.0005001875807672,-0.000874726703697,0.0023760406351299,-0.0001251956183168,-0.000750844735563,0.0017528488274143,0.0036407045423709,-0.0008800050853905,0.0025366132529485,0.0022173989847003,12.09,-0.2840236686390532,-0.0053881466113309
2014-09-09,1989.75,1770000.0,13.5,-0.0053881466113309,-0.002745540224591,0.0041211422673085,-0.0005004378935917,-0.0005001875807672,-0.000874726703697,0.0023760406351299,-0.0001251956183168,-0.000750844735563,0.0017528488274143,0.0036407045423709,0.0035010062675885,0.0026546153391737,12.66,0.4628099173553719,0.002635047638005
2014-09-10,1995.0,1590000.0,12.88,0.002635047638005,-0.0053881466113309,-0.002745540224591,0.0041211422673085,-0.0005004378935917,-0.0005001875807672,-0.000874726703697,0.0023760406351299,-0.0001251956183168,-0.000750844735563,0.0017528488274143,0.003874355266252,0.002742280886372,13.5,-0.1016949152542372,0.0010020040918514
2014-09-11,1997.0,1740000.0,12.8,0.0010020040918514,0.002635047638005,-0.0053881466113309,-0.002745540224591,0.0041211422673085,-0.0005004378935917,-0.0005001875807672,-0.000874726703697,0.0023760406351299,-0.0001251956183168,-0.000750844735563,0.0039202429101295,0.0027573826644159,12.88,0.0943396226415094,-0.0061530928105924
2014-09-12,1984.75,1250000.0,13.31,-0.0061530928105924,0.0010020040918514,0.002635047638005,-0.0053881466113309,-0.002745540224591,0.0041211422673085,-0.0005004378935917,-0.0005001875807672,-0.000874726703697,0.0023760406351299,-0.0001251956183168,0.0038631209365185,0.0033770426766468,12.8,-0.2816091954022989,-0.0002519526342377
2014-09-15,1984.25,854380.0,14.12,-0.0002519526342377,-0.0061530928105924,0.0010020040918514,0.002635047638005,-0.0053881466113309,-0.002745540224591,0.0041211422673085,-0.0005004378935917,-0.0005001875807672,-0.000874726703697,0.0023760406351299,0.0039242552930785,0.0032179837834828,13.31,-0.316496,0.0076561403158882
2014-09-16,1999.5,884640.0,12.73,0.0076561403158882,-0.0002519526342377,-0.0061530928105924,0.0010020040918514,0.002635047638005,-0.0053881466113309,-0.002745540224591,0.0041211422673085,-0.0005004378935917,-0.0005001875807672,-0.000874726703697,0.0049927249227866,0.0041971021125629,14.12,0.0354174957278963,0.0009997501457553
2014-09-17,2001.5,623840.0,12.65,0.0009997501457553,0.0076561403158882,-0.0002519526342377,-0.0061530928105924,0.0010020040918514,0.002635047638005,-0.0053881466113309,-0.002745540224591,0.0041211422673085,-0.0005004378935917,-0.0005001875807672,0.0049098834734517,0.0042045323717342,12.73,-0.2948091879182493,0.0053565995412149
2014-09-18,2012.25,333680.0,12.03,0.0053565995412149,0.0009997501457553,0.0076561403158882,-0.0002519526342377,-0.0061530928105924,0.0010020040918514,0.002635047638005,-0.0053881466113309,-0.002745540224591,0.0041211422673085,-0.0005004378935917,0.0053539362216132,0.0045031406214161,12.65,-0.4651192613490639,0.0050610932601359
2014-09-19,2022.46,1670000.0,12.11,0.0050610932601359,0.0053565995412149,0.0009997501457553,0.0076561403158882,-0.0002519526342377,-0.0061530928105924,0.0010020040918514,0.002635047638005,-0.0053881466113309,-0.002745540224591,0.0041211422673085,0.0032839203990071,0.0045909021587388,12.03,4.004795013186286,-0.0180661533830533
2014-09-22,1986.25,1580000.0,13.69,-0.0180661533830533,0.0050610932601359,0.0053565995412149,0.0009997501457553,0.0076561403158882,-0.0002519526342377,-0.0061530928105924,0.0010020040918514,0.002635047638005,-0.0053881466113309,-0.002745540224591,0.0104893603664695,0.0075284862275388,12.11,-0.0538922155688622,-0.0070734158757267
2014-09-23,1972.25,1630000.0,14.93,-0.0070734158757267,-0.0180661533830533,0.0050610932601359,0.0053565995412149,0.0009997501457553,0.0076561403158882,-0.0002519526342377,-0.0061530928105924,0.0010020040918514,0.002635047638005,-0.0053881466113309,0.0099255614966478,0.0076623938709456,13.69,0.0316455696202531,0.0094620020889972
2014-09-24,1991.0,1570000.0,13.27,0.0094620020889972,-0.0070734158757267,-0.0180661533830533,0.0050610932601359,0.0053565995412149,0.0009997501457553,0.0076561403158882,-0.0002519526342377,-0.0061530928105924,0.0010020040918514,0.002635047638005,0.0113437555697129,0.0082892006764682,14.93,-0.0368098159509202,-0.014927538414589
2014-09-25,1961.5,2320000.0,15.64,-0.014927538414589,0.0094620020889972,-0.0070734158757267,-0.0180661533830533,0.0050610932601359,0.0053565995412149,0.0009997501457553,0.0076561403158882,-0.0002519526342377,-0.0061530928105924,0.0010020040918514,0.0120819632999551,0.0094777856668924,13.27,0.4777070063694266,0.0073651126582058
2014-09-26,1976.0,1680000.0,14.85,0.0073651126582058,-0.014927538414589,0.0094620020889972,-0.0070734158757267,-0.0180661533830533,0.0050610932601359,0.0053565995412149,0.0009997501457553,0.0076561403158882,-0.0002519526342377,-0.0061530928105924,0.0125996570100996,0.0097471362030331,15.64,-0.2758620689655172,-0.0032948958968525
2014-09-29,1969.5,1790000.0,15.98,-0.0032948958968525,0.0073651126582058,-0.014927538414589,0.0094620020889972,-0.0070734158757267,-0.0180661533830533,0.0050610932601359,0.0053565995412149,0.0009997501457553,0.0076561403158882,-0.0002519526342377,0.0101630633454058,0.0097879626796195,14.85,0.0654761904761904,-0.0020330375490455
2014-09-30,1965.5,1990000.0,16.31,-0.0020330375490455,-0.0032948958968525,0.0073651126582058,-0.014927538414589,0.0094620020889972,-0.0070734158757267,-0.0180661533830533,0.0050610932601359,0.0053565995412149,0.0009997501457553,0.0076561403158882,0.0097371020492104,0.0093327849707536,15.98,0.1117318435754191,-0.0126721695761252
2014-10-01,1940.75,2450000.0,16.71,-0.0126721695761252,-0.0020330375490455,-0.0032948958968525,0.0073651126582058,-0.014927538414589,0.0094620020889972,-0.0070734158757267,-0.0180661533830533,0.0050610932601359,0.0053565995412149,0.0009997501457553,0.0089716382908963,0.009876482244883,16.31,0.2311557788944722,-0.0011600181748059
2014-10-02,1938.5,2720000.0,16.16,-0.0011600181748059,-0.0126721695761252,-0.0020330375490455,-0.0032948958968525,0.0073651126582058,-0.014927538414589,0.0094620020889972,-0.0070734158757267,-0.0180661533830533,0.0050610932601359,0.0053565995412149,0.0071298587602015,0.0094641921824507,16.71,0.110204081632653,0.0111575380000475
2014-10-03,1960.25,1560000.0,14.55,0.0111575380000475,-0.0011600181748059,-0.0126721695761252,-0.0020330375490455,-0.0032948958968525,0.0073651126582058,-0.014927538414589,0.0094620020889972,-0.0070734158757267,-0.0180661533830533,0.0050610932601359,0.0084941375553538,0.0102568393650928,16.16,-0.4264705882352941,-0.0021704445162687
2014-10-06,1956.0,1730000.0,15.46,-0.0021704445162687,0.0111575380000475,-0.0011600181748059,-0.0126721695761252,-0.0020330375490455,-0.0032948958968525,0.0073651126582058,-0.014927538414589,0.0094620020889972,-0.0070734158757267,-0.0180661533830533,0.008452847297986,0.0088141738001423,14.55,0.108974358974359,-0.0144183754242717
2014-10-07,1928.0,2170000.0,17.2,-0.0144183754242717,-0.0021704445162687,0.0111575380000475,-0.0011600181748059,-0.0126721695761252,-0.0020330375490455,-0.0032948958968525,0.0073651126582058,-0.014927538414589,0.0094620020889972,-0.0070734158757267,0.010305390634486,0.0095981711731433,15.46,0.254335260115607,0.0173537358370917
2014-10-08,1961.75,2520000.0,15.11,0.0173537358370917,-0.0144183754242717,-0.0021704445162687,0.0111575380000475,-0.0011600181748059,-0.0126721695761252,-0.0020330375490455,-0.0032948958968525,0.0073651126582058,-0.014927538414589,0.0094620020889972,0.0124139318774535,0.0109053213194143,17.2,0.1612903225806452,-0.018910964285698
2014-10-09,1925.0,3100000.0,18.76,-0.018910964285698,0.0173537358370917,-0.0144183754242717,-0.0021704445162687,0.0111575380000475,-0.0011600181748059,-0.0126721695761252,-0.0020330375490455,-0.0032948958968525,0.0073651126582058,-0.014927538414589,0.0157011137799419,0.0115072425596066,15.11,0.2301587301587302,-0.0161029859104018
2014-10-10,1894.25,3070000.0,21.24,-0.0161029859104018,-0.018910964285698,0.0173537358370917,-0.0144183754242717,-0.0021704445162687,0.0111575380000475,-0.0011600181748059,-0.0126721695761252,-0.0020330375490455,-0.0032948958968525,0.0073651126582058,0.0149673309421904,0.0118019447216612,18.76,-0.0096774193548386,-0.0152938681502701
2014-10-13,1865.5,2950000.0,24.64,-0.0152938681502701,-0.0161029859104018,-0.018910964285698,0.0173537358370917,-0.0144183754242717,-0.0021704445162687,0.0111575380000475,-0.0011600181748059,-0.0126721695761252,-0.0020330375490455,-0.0032948958968525,0.0150917599345553,0.0122964603137613,21.24,-0.0390879478827361,0.0049462035202861
2014-10-14,1874.75,3110000.0,22.79,0.0049462035202861,-0.0152938681502701,-0.0161029859104018,-0.018910964285698,0.0173537358370917,-0.0144183754242717,-0.0021704445162687,0.0111575380000475,-0.0011600181748059,-0.0126721695761252,-0.0020330375490455,0.0159652900703262,0.0127017615665108,24.64,0.0542372881355932,-0.0150479797726515
2014-10-15,1846.75,4660000.0,26.25,-0.0150479797726515,0.0049462035202861,-0.0152938681502701,-0.0161029859104018,-0.018910964285698,0.0173537358370917,-0.0144183754242717,-0.0021704445162687,0.0111575380000475,-0.0011600181748059,-0.0126721695761252,0.0096420424318306,0.0128877398141532,22.79,0.4983922829581992,0.0020285354173634
2014-10-16,1850.5,3370000.0,25.2,0.0020285354173634,-0.0150479797726515,0.0049462035202861,-0.0152938681502701,-0.0161029859104018,-0.018910964285698,0.0173537358370917,-0.0144183754242717,-0.0021704445162687,0.0111575380000475,-0.0011600181748059,0.0104481153857461,0.0130309788554642,26.25,-0.276824034334764,0.0163476774748197
2014-10-17,1881.0,2580000.0,21.99,0.0163476774748197,0.0020285354173634,-0.0150479797726515,0.0049462035202861,-0.0152938681502701,-0.0161029859104018,-0.018910964285698,0.0173537358370917,-0.0144183754242717,-0.0021704445162687,0.0111575380000475,0.0136593929084924,0.0138104033550063,25.2,-0.2344213649851632,0.0100503358535015
2014-10-20,1900.0,1650000.0,18.57,0.0100503358535015,0.0163476774748197,0.0020285354173634,-0.0150479797726515,0.0049462035202861,-0.0152938681502701,-0.0161029859104018,-0.018910964285698,0.0173537358370917,-0.0144183754242717,-0.0021704445162687,0.0117910764207962,0.0145249800646617,21.99,-0.3604651162790697,0.0198026272961797
2014-10-21,1938.0,2240000.0,16.08,0.0198026272961797,0.0100503358535015,0.0163476774748197,0.0020285354173634,-0.0150479797726515,0.0049462035202861,-0.0152938681502701,-0.0161029859104018,-0.018910964285698,0.0173537358370917,-0.0144183754242717,0.0138812657152249,0.0155088877480725,18.57,0.3575757575757576,-0.0067305457288269
2014-10-22,1925.0,2020000.0,17.87,-0.0067305457288269,0.0198026272961797,0.0100503358535015,0.0163476774748197,0.0020285354173634,-0.0150479797726515,0.0049462035202861,-0.0152938681502701,-0.0161029859104018,-0.018910964285698,0.0173537358370917,0.0107864242869914,0.0144368061837781,16.08,-0.0982142857142857,0.0108500160240658
2014-10-23,1946.0,2010000.0,16.53,0.0108500160240658,-0.0067305457288269,0.0198026272961797,0.0100503358535015,0.0163476774748197,0.0020285354173634,-0.0150479797726515,0.0049462035202861,-0.0152938681502701,-0.0161029859104018,-0.018910964285698,0.0102102918464119,0.0135805449279006,17.87,-0.0049504950495049,0.0070409303228811
2014-10-24,1959.75,1600000.0,16.11,0.0070409303228811,0.0108500160240658,-0.0067305457288269,0.0198026272961797,0.0100503358535015,0.0163476774748197,0.0020285354173634,-0.0150479797726515,0.0049462035202861,-0.0152938681502701,-0.0161029859104018,0.0096090047667741,0.0122309393260159,16.53,-0.2039800995024875,-0.0014042256727553
2014-10-27,1957.0,1450000.0,16.04,-0.0014042256727553,0.0070409303228811,0.0108500160240658,-0.0067305457288269,0.0198026272961797,0.0100503358535015,0.0163476774748197,0.0020285354173634,-0.0150479797726515,0.0049462035202861,-0.0152938681502701,0.0103919335655407,0.0105446532423105,16.11,-0.09375,0.0116841562925047
2014-10-28,1980.0,1570000.0,14.39,0.0116841562925047,-0.0014042256727553,0.0070409303228811,0.0108500160240658,-0.0067305457288269,0.0198026272961797,0.0100503358535015,0.0163476774748197,0.0020285354173634,-0.0150479797726515,0.0049462035202861,0.0080490929711328,0.0107687538391142,16.04,0.0827586206896551,-0.0039218217133818
2014-10-29,1972.25,1900000.0,15.15,-0.0039218217133818,0.0116841562925047,-0.0014042256727553,0.0070409303228811,0.0108500160240658,-0.0067305457288269,0.0198026272961797,0.0100503358535015,0.0163476774748197,0.0020285354173634,-0.0150479797726515,0.007133832331884,0.0088110337048238,14.39,0.2101910828025477,0.0082055626725462
2014-10-30,1988.5,1980000.0,14.52,0.0082055626725462,-0.0039218217133818,0.0116841562925047,-0.0014042256727553,0.0070409303228811,0.0108500160240658,-0.0067305457288269,0.0198026272961797,0.0100503358535015,0.0163476774748197,0.0020285354173634,0.0066600720243288,0.008672334823696,15.15,0.0421052631578946,0.0115001267420975
2014-10-31,2011.5,1920000.0,14.03,0.0115001267420975,0.0082055626725462,-0.0039218217133818,0.0116841562925047,-0.0014042256727553,0.0070409303228811,0.0108500160240658,-0.0067305457288269,0.0198026272961797,0.0100503358535015,0.0163476774748197,0.0073754983023685,0.0082278169237001,14.52,-0.0303030303030302,-0.0002486016171908
2014-11-03,2011.0,1360000.0,14.73,-0.0002486016171908,0.0115001267420975,0.0082055626725462,-0.0039218217133818,0.0116841562925047,-0.0014042256727553,0.0070409303228811,0.0108500160240658,-0.0067305457288269,0.0198026272961797,0.0100503358535015,0.007130336239228,0.0084055747524786,14.03,-0.2916666666666666,-0.0027387045625445
2014-11-04,2005.5,1520000.0,14.89,-0.0027387045625445,-0.0002486016171908,0.0115001267420975,0.0082055626725462,-0.0039218217133818,0.0116841562925047,-0.0014042256727553,0.0070409303228811,0.0108500160240658,-0.0067305457288269,0.0198026272961797,0.0068879744391777,0.0071211721383942,14.73,0.1176470588235294,0.006585101760859
2014-11-05,2018.75,1570000.0,14.17,0.006585101760859,-0.0027387045625445,-0.0002486016171908,0.0115001267420975,0.0082055626725462,-0.0039218217133818,0.0116841562925047,-0.0014042256727553,0.0070409303228811,0.0108500160240658,-0.0067305457288269,0.0059560801269297,0.0061963719419117,14.89,0.0328947368421053,0.004571577740107
2014-11-06,2028.0,1430000.0,13.67,0.004571577740107,0.006585101760859,-0.0027387045625445,-0.0002486016171908,0.0115001267420975,0.0082055626725462,-0.0039218217133818,0.0116841562925047,-0.0014042256727553,0.0070409303228811,0.0108500160240658,0.0056280605499524,0.0058166519732887,14.17,-0.0891719745222929,-0.000986679902445
2014-11-07,2026.0,1280000.0,13.12,-0.000986679902445,0.004571577740107,0.006585101760859,-0.0027387045625445,-0.0002486016171908,0.0115001267420975,0.0082055626725462,-0.0039218217133818,0.0116841562925047,-0.0014042256727553,0.0070409303228811,0.0039522308244808,0.0059228561712309,13.67,-0.1048951048951049,0.0039408917998766
2014-11-10,2034.0,967810.0,12.67,0.0039408917998766,-0.000986679902445,0.004571577740107,0.006585101760859,-0.0027387045625445,-0.0002486016171908,0.0115001267420975,0.0082055626725462,-0.0039218217133818,0.0116841562925047,-0.0014042256727553,0.0039497540948113,0.005685092558653,13.12,-0.2438984374999999,0.001228350479962
2014-11-11,2036.5,779710.0,12.92,0.001228350479962,0.0039408917998766,-0.000986679902445,0.004571577740107,0.006585101760859,-0.0027387045625445,-0.0002486016171908,0.0115001267420975,0.0082055626725462,-0.0039218217133818,0.0116841562925047,0.0029672137715364,0.0050071140512806,12.67,-0.1943563302714376,-0.0002455494180539
2014-11-12,2036.0,1080000.0,13.02,-0.0002455494180539,0.001228350479962,0.0039408917998766,-0.000986679902445,0.004571577740107,0.006585101760859,-0.0027387045625445,-0.0002486016171908,0.0115001267420975,0.0082055626725462,-0.0039218217133818,0.0024745405999014,0.0045738611983973,12.92,0.3851303689833398,-0.000982801061908
2014-11-13,2034.0,1540000.0,13.79,-0.000982801061908,-0.0002455494180539,0.001228350479962,0.0039408917998766,-0.000986679902445,0.004571577740107,0.006585101760859,-0.0027387045625445,-0.0002486016171908,0.0115001267420975,0.0082055626725462,0.0020792864862041,0.0043707878418923,13.02,0.4259259259259258,0.0019646371741648
2014-11-14,2038.0,1050000.0,13.31,0.0019646371741648,-0.000982801061908,-0.0002455494180539,0.001228350479962,0.0039408917998766,-0.000986679902445,0.004571577740107,0.006585101760859,-0.0027387045625445,-0.0002486016171908,0.0115001267420975,0.0019332880189849,0.0029362492915517,13.79,-0.3181818181818182,0.0008583165262394
2014-11-17,2039.75,1060000.0,13.99,0.0008583165262394,0.0019646371741648,-0.000982801061908,-0.0002455494180539,0.001228350479962,0.0039408917998766,-0.000986679902445,0.004571577740107,0.006585101760859,-0.0027387045625445,-0.0002486016171908,0.0011766191303908,0.0028915374355443,13.31,0.0095238095238094,0.0042805666780161
2014-11-18,2048.5,1150000.0,13.86,0.0042805666780161,0.0008583165262394,0.0019646371741648,-0.000982801061908,-0.0002455494180539,0.001228350479962,0.0039408917998766,-0.000986679902445,0.004571577740107,0.006585101760859,-0.0027387045625445,0.0020641236486158,0.0026080371899018,13.99,0.0849056603773585,-0.0006103888366281
2014-11-19,2047.25,1190000.0,13.96,-0.0006103888366281,0.0042805666780161,0.0008583165262394,0.0019646371741648,-0.000982801061908,-0.0002455494180539,0.001228350479962,0.0039408917998766,-0.000986679902445,0.004571577740107,0.006585101760859,0.0021322219414214,0.0022004505292886,13.86,0.0347826086956521,0.0023174981403624
2014-11-20,2052.0,1130000.0,13.58,0.0023174981403624,-0.0006103888366281,0.0042805666780161,0.0008583165262394,0.0019646371741648,-0.000982801061908,-0.0002455494180539,0.001228350479962,0.0039408917998766,-0.000986679902445,0.004571577740107,0.0018122976199776,0.0019396787462336,13.96,-0.0504201680672269,0.0047402094228045
2014-11-21,2061.75,1630000.0,12.9,0.0047402094228045,0.0023174981403624,-0.0006103888366281,0.0042805666780161,0.0008583165262394,0.0019646371741648,-0.000982801061908,-0.0002455494180539,0.001228350479962,0.0039408917998766,-0.000986679902445,0.0022596958225846,0.002071025393482,13.58,0.4424778761061947,0.0027850111843815
2014-11-24,2067.5,793920.0,12.62,0.0027850111843815,0.0047402094228045,0.0023174981403624,-0.0006103888366281,0.0042805666780161,0.0008583165262394,0.0019646371741648,-0.000982801061908,-0.0002455494180539,0.001228350479962,0.0039408917998766,0.002107891189786,0.0019646328263109,12.9,-0.5129325153374233,0.0
2014-11-25,2067.5,977860.0,12.25,0.0,0.0027850111843815,0.0047402094228045,0.0023174981403624,-0.0006103888366281,0.0042805666780161,0.0008583165262394,0.0019646371741648,-0.000982801061908,-0.0002455494180539,0.001228350479962,0.0021749748110502,0.002030094135663,12.62,0.2316858121725111,0.0022948255737893
2014-11-26,2072.25,743540.0,12.07,0.0022948255737893,0.0,0.0027850111843815,0.0047402094228045,0.0023174981403624,-0.0006103888366281,0.0042805666780161,0.0008583165262394,0.0019646371741648,-0.000982801061908,-0.0002455494180539,0.0016881127245667,0.0019429752741427,12.25,-0.2396253042357802,-0.0028996033364016
2014-11-28,2066.25,783120.0,13.33,-0.0028996033364016,0.0022948255737893,0.0,0.0027850111843815,0.0047402094228045,0.0023174981403624,-0.0006103888366281,0.0042805666780161,0.0008583165262394,0.0019646371741648,-0.000982801061908,0.0029292187848789,0.0023049767904446,12.07,0.0532318368883988,-0.0075297902523747
2014-12-01,2050.75,1470000.0,14.29,-0.0075297902523747,-0.0028996033364016,0.0022948255737893,0.0,0.0027850111843815,0.0047402094228045,0.0023174981403624,-0.0006103888366281,0.0042805666780161,0.0008583165262394,0.0019646371741648,0.0042545387766387,0.003674405380959,13.33,0.8771069567882317,0.0074087907967246
2014-12-02,2066.0,1150000.0,12.85,0.0074087907967246,-0.0075297902523747,-0.0028996033364016,0.0022948255737893,0.0,0.0027850111843815,0.0047402094228045,0.0023174981403624,-0.0006103888366281,0.0042805666780161,0.0008583165262394,0.0055936681999126,0.0042583682317368,14.29,-0.217687074829932,0.0031412373298662
2014-12-03,2072.5,925310.0,12.47,0.0031412373298662,0.0074087907967246,-0.0075297902523747,-0.0028996033364016,0.0022948255737893,0.0,0.0027850111843815,0.0047402094228045,0.0023174981403624,-0.0006103888366281,0.0042805666780161,0.0057871048178117,0.0041837166064835,12.85,-0.1953826086956521,-0.0002412836300763
2014-12-04,2072.0,1370000.0,12.38,-0.0002412836300763,0.0031412373298662,0.0074087907967246,-0.0075297902523747,-0.0028996033364016,0.0022948255737893,0.0,0.0027850111843815,0.0047402094228045,0.0023174981403624,-0.0006103888366281,0.0056990854602919,0.0041679135360351,12.47,0.4805848850655456,0.0019286409064056
2014-12-05,2076.0,1150000.0,11.82,0.0019286409064056,-0.0002412836300763,0.0031412373298662,0.0074087907967246,-0.0075297902523747,-0.0028996033364016,0.0022948255737893,0.0,0.0027850111843815,0.0047402094228045,0.0023174981403624,0.0054954726228195,0.0041581491294288,12.38,-0.1605839416058394,-0.0079797304096438
2014-12-08,2059.5,1410000.0,14.21,-0.0079797304096438,0.0019286409064056,-0.0002412836300763,0.0031412373298662,0.0074087907967246,-0.0075297902523747,-0.0028996033364016,0.0022948255737893,0.0,0.0027850111843815,0.0047402094228045,0.0056697883287299,0.0048329913842375,11.82,0.2260869565217391,-0.0009715813249105
2014-12-09,2057.5,1890000.0,14.89,-0.0009715813249105,-0.0079797304096438,0.0019286409064056,-0.0002412836300763,0.0031412373298662,0.0074087907967246,-0.0075297902523747,-0.0028996033364016,0.0022948255737893,0.0,0.0027850111843815,0.0043262557100787,0.0047278885312359,14.21,0.3404255319148936,-0.0151814864828616
2014-12-10,2026.5,2380000.0,18.53,-0.0151814864828616,-0.0009715813249105,-0.0079797304096438,0.0019286409064056,-0.0002412836300763,0.0031412373298662,0.0074087907967246,-0.0075297902523747,-0.0028996033364016,0.0022948255737893,0.0,0.0070376826661702,0.0066155093701881,14.89,0.2592592592592593,0.0022181155120213
2014-12-11,2031.0,2260000.0,20.08,0.0022181155120213,-0.0151814864828616,-0.0009715813249105,-0.0079797304096438,0.0019286409064056,-0.0002412836300763,0.0031412373298662,0.0074087907967246,-0.0075297902523747,-0.0028996033364016,0.0022948255737893,0.0074807907055864,0.006610014299844,18.53,-0.0504201680672269,-0.0167570482182333
2014-12-12,1997.25,1490000.0,21.08,-0.0167570482182333,0.0022181155120213,-0.0151814864828616,-0.0009715813249105,-0.0079797304096438,0.0019286409064056,-0.0002412836300763,0.0031412373298662,0.0074087907967246,-0.0075297902523747,-0.0028996033364016,0.0083921949810192,0.0081013936856938,20.08,-0.3407079646017699,-0.0036365956436131
2014-12-15,1990.0,1130000.0,20.42,-0.0036365956436131,-0.0167570482182333,0.0022181155120213,-0.0151814864828616,-0.0009715813249105,-0.0079797304096438,0.0019286409064056,-0.0002412836300763,0.0031412373298662,0.0074087907967246,-0.0075297902523747,0.0085830432912509,0.0079732218854824,21.08,-0.2416107382550335,-0.0093399644008561
2014-12-16,1971.5,1220000.0,23.57,-0.0093399644008561,-0.0036365956436131,-0.0167570482182333,0.0022181155120213,-0.0151814864828616,-0.0009715813249105,-0.0079797304096438,0.0019286409064056,-0.0002412836300763,0.0031412373298662,0.0074087907967246,0.0079380348480063,0.0072702813071403,20.42,0.0796460176991149,0.0214522433396234
2014-12-17,2014.25,785290.0,19.44,0.0214522433396234,-0.0093399644008561,-0.0036365956436131,-0.0167570482182333,0.0022181155120213,-0.0151814864828616,-0.0009715813249105,-0.0079797304096438,0.0019286409064056,-0.0002412836300763,0.0031412373298662,0.0144829607635623,0.0108728925880788,23.57,-0.3563196721311475,0.0248833087378277
2014-12-18,2065.0,538250.0,16.81,0.0248833087378277,0.0214522433396234,-0.0093399644008561,-0.0036365956436131,-0.0167570482182333,0.0022181155120213,-0.0151814864828616,-0.0009715813249105,-0.0079797304096438,0.0019286409064056,-0.0002412836300763,0.0187450748080092,0.0139969373859734,19.44,-0.3145844210419081,-0.0019340725028592
2014-12-19,2061.01,82350.0,16.49,-0.0019340725028592,0.0248833087378277,0.0214522433396234,-0.0093399644008561,-0.0036365956436131,-0.0167570482182333,0.0022181155120213,-0.0151814864828616,-0.0009715813249105,-0.0079797304096438,0.0019286409064056,0.0157009003235503,0.0139807123914881,16.81,-0.8470041802136554,0.0055594541171761
2014-12-22,2072.5,858550.0,15.25,0.0055594541171761,-0.0019340725028592,0.0248833087378277,0.0214522433396234,-0.0093399644008561,-0.0036365956436131,-0.0167570482182333,0.0022181155120213,-0.0151814864828616,-0.0009715813249105,-0.0079797304096438,0.0147584574935389,0.0138550694092026,16.49,9.42562234365513,0.0031314008485628
2014-12-23,2079.0,777810.0,14.8,0.0031314008485628,0.0055594541171761,-0.0019340725028592,0.0248833087378277,0.0214522433396234,-0.0093399644008561,-0.0036365956436131,-0.0167570482182333,0.0022181155120213,-0.0151814864828616,-0.0009715813249105,0.0118329248123367,0.0138631457500226,15.25,-0.0940422805893658,-0.0001202573508754
2014-12-24,2078.75,235050.0,14.37,-0.0001202573508754,0.0031314008485628,0.0055594541171761,-0.0019340725028592,0.0248833087378277,0.0214522433396234,-0.0093399644008561,-0.0036365956436131,-0.0167570482182333,0.0022181155120213,-0.0151814864828616,0.01078131912372,0.0126720198900528,14.8,-0.6978053766343966,0.0026423267835853
2014-12-26,2084.25,309280.0,14.5,0.0026423267835853,-0.0001202573508754,0.0031314008485628,0.0055594541171761,-0.0019340725028592,0.0248833087378277,0.0214522433396234,-0.0093399644008561,-0.0036365956436131,-0.0167570482182333,0.0022181155120213,0.0029253534813465,0.012671511607278,14.37,0.315805147840885,0.000719424491461
2014-12-29,2085.75,636350.0,15.06,0.000719424491461,0.0026423267835853,-0.0001202573508754,0.0031314008485628,0.0055594541171761,-0.0019340725028592,0.0248833087378277,0.0214522433396234,-0.0093399644008561,-0.0036365956436131,-0.0167570482182333,0.0022221012358719,0.0107694013580994,14.5,1.0575206932229697,-0.0043243310630029
2014-12-30,2076.75,718030.0,15.92,-0.0043243310630029,0.000719424491461,0.0026423267835853,-0.0001202573508754,0.0031314008485628,0.0055594541171761,-0.0019340725028592,0.0248833087378277,0.0214522433396234,-0.0093399644008561,-0.0036365956436131,0.0029656412469675,0.0108280060214714,15.06,0.1283570362222048,-0.0117456093925976
2014-12-31,2052.5,836220.0,19.2,-0.0117456093925976,-0.0043243310630029,0.000719424491461,0.0026423267835853,-0.0001202573508754,0.0031314008485628,0.0055594541171761,-0.0019340725028592,0.0248833087378277,0.0214522433396234,-0.0093399644008561,0.0057284224557153,0.0111847449257826,15.92,0.1646031502861997,-0.0030497126412385
2015-01-02,2046.25,1360000.0,17.79,-0.0030497126412385,-0.0117456093925976,-0.0043243310630029,0.000719424491461,0.0026423267835853,-0.0001202573508754,0.0031314008485628,0.0055594541171761,-0.0019340725028592,0.0248833087378277,0.0214522433396234,0.0055632071416846,0.0095000753916234,19.2,0.6263662672502452,-0.0148934994940854
2015-01-05,2016.0,2030000.0,19.92,-0.0148934994940854,-0.0030497126412385,-0.0117456093925976,-0.0043243310630029,0.000719424491461,0.0026423267835853,-0.0001202573508754,0.0031314008485628,0.0055594541171761,-0.0019340725028592,0.0248833087378277,0.0064536687040605,0.0065155590505765,17.79,0.4926470588235294,-0.0107219578457979
2015-01-06,1994.5,2350000.0,21.12,-0.0107219578457979,-0.0148934994940854,-0.0030497126412385,-0.0117456093925976,-0.0043243310630029,0.000719424491461,0.0026423267835853,-0.0001202573508754,0.0031314008485628,0.0055594541171761,-0.0019340725028592,0.0050618823675162,0.0070187181694043,19.92,0.1576354679802956,0.0124565636580062
2015-01-07,2019.5,1760000.0,19.31,0.0124565636580062,-0.0107219578457979,-0.0148934994940854,-0.0030497126412385,-0.0117456093925976,-0.0043243310630029,0.000719424491461,0.0026423267835853,-0.0001202573508754,0.0031314008485628,0.0055594541171761,0.0109876650992695,0.0082199751735426,21.12,-0.251063829787234,0.0174258919268674
2015-01-08,2055.0,1560000.0,17.01,0.0174258919268674,0.0124565636580062,-0.0107219578457979,-0.0148934994940854,-0.0030497126412385,-0.0117456093925976,-0.0043243310630029,0.000719424491461,0.0026423267835853,-0.0001202573508754,0.0031314008485628,0.0141828134125965,0.0103042404412081,19.31,-0.1136363636363636,-0.0096571864762479
2015-01-09,2035.25,1910000.0,17.55,-0.0096571864762479,0.0174258919268674,0.0124565636580062,-0.0107219578457979,-0.0148934994940854,-0.0030497126412385,-0.0117456093925976,-0.0043243310630029,0.000719424491461,0.0026423267835853,-0.0001202573508754,0.0148581191579179,0.0106332855952862,17.01,0.2243589743589744,-0.0062842915214403
2015-01-12,2022.5,1620000.0,19.6,-0.0062842915214403,-0.0096571864762479,0.0174258919268674,0.0124565636580062,-0.0107219578457979,-0.0148934994940854,-0.0030497126412385,-0.0117456093925976,-0.0043243310630029,0.000719424491461,0.0026423267835853,0.0132709195292212,0.0105640199369808,17.55,-0.1518324607329843,-0.0032190197413875
2015-01-13,2016.0,2500000.0,20.56,-0.0032190197413875,-0.0062842915214403,-0.0096571864762479,0.0174258919268674,0.0124565636580062,-0.0107219578457979,-0.0148934994940854,-0.0030497126412385,-0.0117456093925976,-0.0043243310630029,0.000719424491461,0.0120307031201662,0.0104827399138979,19.6,0.5432098765432098,-0.0042251833703425
2015-01-14,2007.5,2520000.0,21.48,-0.0042251833703425,-0.0032190197413875,-0.0062842915214403,-0.0096571864762479,0.0174258919268674,0.0124565636580062,-0.0107219578457979,-0.0148934994940854,-0.0030497126412385,-0.0117456093925976,-0.0043243310630029,0.0106949254929463,0.0104818167550913,20.56,0.008,-0.0092581669669445
2015-01-15,1989.0,2260000.0,22.39,-0.0092581669669445,-0.0042251833703425,-0.0032190197413875,-0.0062842915214403,-0.0096571864762479,0.0174258919268674,0.0124565636580062,-0.0107219578457979,-0.0148934994940854,-0.0030497126412385,-0.0117456093925976,0.0028964342437389,0.0102892810887492,21.48,-0.1031746031746031,0.0119941467858192
2015-01-16,2013.0,2020000.0,20.95,0.0119941467858192,-0.0092581669669445,-0.0042251833703425,-0.0032190197413875,-0.0062842915214403,-0.0096571864762479,0.0174258919268674,0.0124565636580062,-0.0107219578457979,-0.0148934994940854,-0.0030497126412385,0.0082630611587655,0.011349528354429,22.39,-0.1061946902654867,0.0018611581772921
2015-01-20,2016.75,1810000.0,19.89,0.0018611581772921,0.0119941467858192,-0.0092581669669445,-0.0042251833703425,-0.0032190197413875,-0.0062842915214403,-0.0096571864762479,0.0174258919268674,0.0124565636580062,-0.0107219578457979,-0.0148934994940854,0.0080565226543854,0.0103697165303374,20.95,-0.1039603960396039,0.0048228622512796
2015-01-21,2026.5,1640000.0,18.85,0.0048228622512796,0.0018611581772921,0.0119941467858192,-0.0092581669669445,-0.0042251833703425,-0.0032190197413875,-0.0062842915214403,-0.0096571864762479,0.0174258919268674,0.0124565636580062,-0.0107219578457979,0.0081968297652049,0.0097225869430708,19.89,-0.0939226519337016,0.0146953416021156
2015-01-22,2056.5,1830000.0,16.4,0.0146953416021156,0.0048228622512796,0.0018611581772921,0.0119941467858192,-0.0092581669669445,-0.0042251833703425,-0.0032190197413875,-0.0062842915214403,-0.0096571864762479,0.0174258919268674,0.0124565636580062,0.0094331893474838,0.0100217392642225,18.85,0.1158536585365854,-0.0060968363468836
2015-01-23,2044.0,1350000.0,16.66,-0.0060968363468836,0.0146953416021156,0.0048228622512796,0.0018611581772921,0.0119941467858192,-0.0092581669669445,-0.0042251833703425,-0.0032190197413875,-0.0062842915214403,-0.0096571864762479,0.0174258919268674,0.0082901232381675,0.0086120637401487,16.4,-0.2622950819672131,0.0046369820730183
2015-01-26,2053.5,1260000.0,15.52,0.0046369820730183,-0.0060968363468836,0.0146953416021156,0.0048228622512796,0.0018611581772921,0.0119941467858192,-0.0092581669669445,-0.0042251833703425,-0.0032190197413875,-0.0062842915214403,-0.0096571864762479,0.0074497086048706,0.0081011704640454,16.66,-0.0666666666666666,-0.0115098613607803
2015-01-27,2030.0,1960000.0,17.22,-0.0115098613607803,0.0046369820730183,-0.0060968363468836,0.0146953416021156,0.0048228622512796,0.0018611581772921,0.0119941467858192,-0.0092581669669445,-0.0042251833703425,-0.0032190197413875,-0.0062842915214403,0.0102687201032798,0.0087575004146055,15.52,0.5555555555555556,-0.019147669414134
2015-01-28,1991.5,2090000.0,20.44,-0.019147669414134,-0.0115098613607803,0.0046369820730183,-0.0060968363468836,0.0146953416021156,0.0048228622512796,0.0018611581772921,0.0119941467858192,-0.0092581669669445,-0.0042251833703425,-0.0032190197413875,0.0133513174813844,0.0107131021746707,17.22,0.0663265306122449,0.0134665376712965
2015-01-29,2018.5,2120000.0,18.76,0.0134665376712965,-0.019147669414134,-0.0115098613607803,0.0046369820730183,-0.0060968363468836,0.0146953416021156,0.0048228622512796,0.0018611581772921,0.0119941467858192,-0.0092581669669445,-0.0042251833703425,0.0129379285822376,0.0115873250827437,20.44,0.0143540669856458,-0.0149740756452501
2015-01-30,1988.5,2350000.0,20.97,-0.0149740756452501,0.0134665376712965,-0.019147669414134,-0.0115098613607803,0.0046369820730183,-0.0060968363468836,0.0146953416021156,0.0048228622512796,0.0018611581772921,0.0119941467858192,-0.0092581669669445,0.0139160269326264,0.012246922325737,18.76,0.1084905660377357,0.0142306733064663
2015-02-02,2017.0,2040000.0,19.43,0.0142306733064663,-0.0149740756452501,0.0134665376712965,-0.019147669414134,-0.0115098613607803,0.0046369820730183,-0.0060968363468836,0.0146953416021156,0.0048228622512796,0.0018611581772921,0.0119941467858192,0.0161467046606881,0.0125084358980007,20.97,-0.1319148936170212,0.012318460770399
2015-02-03,2042.0,1710000.0,17.33,0.012318460770399,0.0142306733064663,-0.0149740756452501,0.0134665376712965,-0.019147669414134,-0.0115098613607803,0.0046369820730183,-0.0060968363468836,0.0146953416021156,0.0048228622512796,0.0018611581772921,0.0167295598150382,0.0130866428159804,19.43,-0.1617647058823529,-0.0058939266887778
2015-02-04,2030.0,1700000.0,18.33,-0.0058939266887778,0.012318460770399,0.0142306733064663,-0.0149740756452501,0.0134665376712965,-0.019147669414134,-0.0115098613607803,0.0046369820730183,-0.0060968363468836,0.0146953416021156,0.0048228622512796,0.0134279451127438,0.0131993431807567,17.33,-0.0058479532163743,0.012240054894502
2015-02-05,2055.0,1340000.0,16.85,0.012240054894502,-0.0058939266887778,0.012318460770399,0.0142306733064663,-0.0149740756452501,0.0134665376712965,-0.019147669414134,-0.0115098613607803,0.0046369820730183,-0.0060968363468836,0.0146953416021156,0.0132174412186316,0.0129190400428826,18.33,-0.2117647058823529,-0.0009737099114013
2015-02-06,2053.0,788330.0,17.29,-0.0009737099114013,0.012240054894502,-0.0058939266887778,0.012318460770399,0.0142306733064663,-0.0149740756452501,0.0134665376712965,-0.019147669414134,-0.0115098613607803,0.0046369820730183,-0.0060968363468836,0.0091646721705496,0.012754145489976,16.85,-0.4116940298507463,-0.0051275902847756
2015-02-09,2042.5,878100.0,18.55,-0.0051275902847756,-0.0009737099114013,0.012240054894502,-0.0058939266887778,0.012318460770399,0.0142306733064663,-0.0149740756452501,0.0134665376712965,-0.019147669414134,-0.0115098613607803,0.0046369820730183,0.0091100883573017,0.0127708435264863,17.29,0.1138736316009791,0.009623072006683
2015-02-10,2062.25,1400000.0,17.23,0.009623072006683,-0.0051275902847756,-0.0009737099114013,0.012240054894502,-0.0058939266887778,0.012318460770399,0.0142306733064663,-0.0149740756452501,0.0134665376712965,-0.019147669414134,-0.0115098613607803,0.0084398760869595,0.0124989686964497,18.55,0.5943514406104089,0.0016957368404525
2015-02-11,2065.75,1300000.0,16.96,0.0016957368404525,0.009623072006683,-0.0051275902847756,-0.0009737099114013,0.012240054894502,-0.0058939266887778,0.012318460770399,0.0142306733064663,-0.0149740756452501,0.0134665376712965,-0.019147669414134,0.0072729803077832,0.0101822801191188,17.23,-0.0714285714285714,0.0087957672919637
2015-02-12,2084.0,1430000.0,15.34,0.0087957672919637,0.0016957368404525,0.009623072006683,-0.0051275902847756,-0.0009737099114013,0.012240054894502,-0.0058939266887778,0.012318460770399,0.0142306733064663,-0.0149740756452501,0.0134665376712965,0.0063405534679914,0.0097817327435342,16.96,0.1,0.0045481825859404
2015-02-13,2093.5,1220000.0,14.69,0.0045481825859404,0.0087957672919637,0.0016957368404525,0.009623072006683,-0.0051275902847756,-0.0009737099114013,0.012240054894502,-0.0058939266887778,0.012318460770399,0.0142306733064663,-0.0149740756452501,0.0059895355892156,0.0074147395321075,15.34,-0.1468531468531468,0.0011934599817347
2015-02-17,2096.0,1230000.0,15.8,0.0011934599817347,0.0045481825859404,0.0087957672919637,0.0016957368404525,0.009623072006683,-0.0051275902847756,-0.0009737099114013,0.012240054894502,-0.0058939266887778,0.012318460770399,0.0142306733064663,0.0039129931936046,0.0067568163200674,14.69,0.0081967213114753,-0.0002385780758065
2015-02-18,2095.5,1090000.0,15.45,-0.0002385780758065,0.0011934599817347,0.0045481825859404,0.0087957672919637,0.0016957368404525,0.009623072006683,-0.0051275902847756,-0.0009737099114013,0.012240054894502,-0.0058939266887778,0.012318460770399,0.0035792119122913,0.0061456639812022,15.8,-0.113821138211382,-0.0001193103861105
2015-02-19,2095.25,1140000.0,15.29,-0.0001193103861105,-0.0002385780758065,0.0011934599817347,0.0045481825859404,0.0087957672919637,0.0016957368404525,0.009623072006683,-0.0051275902847756,-0.0009737099114013,0.012240054894502,-0.0058939266887778,0.0038514679951357,0.0054974211037955,15.45,0.0458715596330274,0.0055922568251733
2015-02-20,2107.0,1650000.0,14.3,0.0055922568251733,-0.0001193103861105,-0.0002385780758065,0.0011934599817347,0.0045481825859404,0.0087957672919637,0.0016957368404525,0.009623072006683,-0.0051275902847756,-0.0009737099114013,0.012240054894502,0.0027092544748069,0.0046078822592286,15.29,0.4473684210526316,-0.0001186591517262
2015-02-23,2106.75,849700.0,14.56,-0.0001186591517262,0.0055922568251733,-0.0001193103861105,-0.0002385780758065,0.0011934599817347,0.0045481825859404,0.0087957672919637,0.0016957368404525,0.009623072006683,-0.0051275902847756,-0.0009737099114013,0.0024910737848174,0.0045437704156563,14.3,-0.485030303030303,0.0033171455603272
2015-02-24,2113.75,1080000.0,13.69,0.0033171455603272,-0.0001186591517262,0.0055922568251733,-0.0001193103861105,-0.0002385780758065,0.0011934599817347,0.0045481825859404,0.0087957672919637,0.0016957368404525,0.009623072006683,-0.0051275902847756,0.002652329994892,0.0036475690781807,14.56,0.2710368365305402,-0.0016571973489606
2015-02-25,2110.25,974710.0,13.84,-0.0016571973489606,0.0033171455603272,-0.0001186591517262,0.0055922568251733,-0.0001193103861105,-0.0002385780758065,0.0011934599817347,0.0045481825859404,0.0087957672919637,0.0016957368404525,0.009623072006683,0.0029669643221968,0.0032406991549114,13.69,-0.0974907407407407,-0.0001184763937171
2015-02-26,2110.0,1180000.0,13.91,-0.0001184763937171,-0.0016571973489606,0.0033171455603272,-0.0001186591517262,0.0055922568251733,-0.0001193103861105,-0.0002385780758065,0.0011934599817347,0.0045481825859404,0.0087957672919637,0.0016957368404525,0.002966857376824,0.0033279478287871,13.84,0.210616491058879,-0.0034419356275655
2015-02-27,2102.75,1210000.0,13.34,-0.0034419356275655,-0.0001184763937171,-0.0016571973489606,0.0033171455603272,-0.0001186591517262,0.0055922568251733,-0.0001193103861105,-0.0002385780758065,0.0011934599817347,0.0045481825859404,0.0087957672919637,0.0024904529572652,0.002809844073473,13.91,0.0254237288135592,0.0053358755876362
2015-03-02,2114.0,1080000.0,13.04,0.0053358755876362,-0.0034419356275655,-0.0001184763937171,-0.0016571973489606,0.0033171455603272,-0.0001186591517262,0.0055922568251733,-0.0001193103861105,-0.0002385780758065,0.0011934599817347,0.0045481825859404,0.0035958960188037,0.0029319980916735,13.34,-0.1074380165289256,-0.0043851922124095
2015-03-03,2104.75,1360000.0,13.86,-0.0043851922124095,0.0053358755876362,-0.0034419356275655,-0.0001184763937171,-0.0016571973489606,0.0033171455603272,-0.0001186591517262,0.0055922568251733,-0.0001193103861105,-0.0002385780758065,0.0011934599817347,0.0038297326313557,0.0033819006633451,13.04,0.2592592592592593,-0.0039274076069559
2015-03-04,2096.5,1490000.0,14.23,-0.0039274076069559,-0.0043851922124095,0.0053358755876362,-0.0034419356275655,-0.0001184763937171,-0.0016571973489606,0.0033171455603272,-0.0001186591517262,0.0055922568251733,-0.0001193103861105,-0.0002385780758065,0.0040755409757404,0.0036517212649482,13.86,0.0955882352941177,0.001549002394919
2015-03-05,2099.75,1100000.0,14.04,0.001549002394919,-0.0039274076069559,-0.0043851922124095,0.0053358755876362,-0.0034419356275655,-0.0001184763937171,-0.0016571973489606,0.0033171455603272,-0.0001186591517262,0.0055922568251733,-0.0001193103861105,0.0042611508438851,0.0036812327391134,14.23,-0.261744966442953,-0.0139074295273629
2015-03-06,2070.75,1900000.0,15.2,-0.0139074295273629,0.001549002394919,-0.0039274076069559,-0.0043851922124095,0.0053358755876362,-0.0034419356275655,-0.0001184763937171,-0.0016571973489606,0.0033171455603272,-0.0001186591517262,0.0055922568251733,0.0072785410719333,0.0053171601183174,14.04,0.7272727272727273,0.0033747169547622
2015-03-09,2077.75,1190000.0,15.06,0.0033747169547622,-0.0139074295273629,0.001549002394919,-0.0039274076069559,-0.0043851922124095,0.0053358755876362,-0.0034419356275655,-0.0001184763937171,-0.0016571973489606,0.0033171455603272,-0.0001186591517262,0.0067458634056535,0.0055450577978934,15.2,-0.3736842105263158,-0.0173558577085248
2015-03-10,2042.0,1900000.0,16.69,-0.0173558577085248,0.0033747169547622,-0.0139074295273629,0.001549002394919,-0.0039274076069559,-0.0043851922124095,0.0053358755876362,-0.0034419356275655,-0.0001184763937171,-0.0016571973489606,0.0033171455603272,0.0092281781139585,0.0072026596223054,15.06,0.596638655462185,-0.0012250399669976
2015-03-11,2039.5,1710000.0,16.87,-0.0012250399669976,-0.0173558577085248,0.0033747169547622,-0.0139074295273629,0.001549002394919,-0.0039274076069559,-0.0043851922124095,0.0053358755876362,-0.0034419356275655,-0.0001184763937171,-0.0016571973489606,0.0094600438358114,0.007215918442131,16.69,-0.0999999999999999,0.0119411678438401
2015-03-12,2064.0,1630000.0,15.42,0.0119411678438401,-0.0012250399669976,-0.0173558577085248,0.0033747169547622,-0.0139074295273629,0.001549002394919,-0.0039274076069559,-0.0043851922124095,0.0053358755876362,-0.0034419356275655,-0.0001184763937171,0.0121567343903666,0.008685302028503,16.87,-0.0467836257309941,-0.0069280131251662
2015-03-13,2049.75,1210000.0,16.0,-0.0069280131251662,0.0119411678438401,-0.0012250399669976,-0.0173558577085248,0.0033747169547622,-0.0139074295273629,0.001549002394919,-0.0039274076069559,-0.0043851922124095,0.0053358755876362,-0.0034419356275655,0.0109991423957216,0.0088095738302316,15.42,-0.2576687116564417,0.012965949594521
2015-03-16,2076.5,946440.0,15.61,0.012965949594521,-0.0069280131251662,0.0119411678438401,-0.0012250399669976,-0.0173558577085248,0.0033747169547622,-0.0139074295273629,0.001549002394919,-0.0039274076069559,-0.0043851922124095,0.0053358755876362,0.0128584485154119,0.0098390162889707,16.0,-0.2178181818181818,-0.0009636232978855
2015-03-17,2074.5,953280.0,15.66,-0.0009636232978855,0.012965949594521,-0.0069280131251662,0.0119411678438401,-0.0012250399669976,-0.0173558577085248,0.0033747169547622,-0.0139074295273629,0.001549002394919,-0.0039274076069559,-0.0043851922124095,0.0088213716522122,0.0097981406306679,15.61,0.0072270825408899,0.0124552508365141
2015-03-18,2100.5,644410.0,13.97,0.0124552508365141,-0.0009636232978855,0.012965949594521,-0.0069280131251662,0.0119411678438401,-0.0012250399669976,-0.0173558577085248,0.0033747169547622,-0.0139074295273629,0.001549002394919,-0.0039274076069559,0.0092339284747769,0.010668408479337,15.66,-0.3240076367908694,-0.004772139812817
2015-03-19,2090.5,341010.0,14.07,-0.004772139812817,0.0124552508365141,-0.0009636232978855,0.012965949594521,-0.0069280131251662,0.0119411678438401,-0.0012250399669976,-0.0173558577085248,0.0033747169547622,-0.0139074295273629,0.001549002394919,0.0095183769885525,0.0107658021201015,13.97,-0.470818267872938,0.0040672973254507
2015-03-20,2099.02,55070.0,13.02,0.0040672973254507,-0.004772139812817,0.0124552508365141,-0.0009636232978855,0.012965949594521,-0.0069280131251662,0.0119411678438401,-0.0012250399669976,-0.0173558577085248,0.0033747169547622,-0.0139074295273629,0.0079160507427071,0.0097171751599719,14.07,-0.8385091346294831,-0.0020363546286745
2015-03-23,2094.75,957580.0,13.41,-0.0020363546286745,0.0040672973254507,-0.004772139812817,0.0124552508365141,-0.0009636232978855,0.012965949594521,-0.0069280131251662,0.0119411678438401,-0.0012250399669976,-0.0173558577085248,0.0033747169547622,0.006786214018969,0.0097428948738804,13.02,16.388414744870165,-0.0046653592604939
2015-03-24,2085.0,1190000.0,13.62,-0.0046653592604939,-0.0020363546286745,0.0040672973254507,-0.004772139812817,0.0124552508365141,-0.0009636232978855,0.012965949594521,-0.0069280131251662,0.0119411678438401,-0.0012250399669976,-0.0173558577085248,0.0073359381366721,0.0077321037575881,13.41,0.2427160132834853,-0.015101464881424
2015-03-25,2053.75,1780000.0,15.44,-0.015101464881424,-0.0046653592604939,-0.0020363546286745,0.0040672973254507,-0.004772139812817,0.0124552508365141,-0.0009636232978855,0.012965949594521,-0.0069280131251662,0.0119411678438401,-0.0012250399669976,0.0069274919795157,0.0094469360012123,13.62,0.4957983193277311,-0.0025595723645521
2015-03-26,2048.5,1840000.0,15.8,-0.0025595723645521,-0.015101464881424,-0.0046653592604939,-0.0020363546286745,0.0040672973254507,-0.004772139812817,0.0124552508365141,-0.0009636232978855,0.012965949594521,-0.0069280131251662,0.0119411678438401,0.0069763849507246,0.0086044372554583,15.44,0.0337078651685394,0.0019507443396575
2015-03-27,2052.5,1160000.0,15.07,0.0019507443396575,-0.0025595723645521,-0.015101464881424,-0.0046653592604939,-0.0020363546286745,0.0040672973254507,-0.004772139812817,0.0124552508365141,-0.0009636232978855,0.012965949594521,-0.0069280131251662,0.0064004641084839,0.0083508983940811,15.8,-0.3695652173913043,0.01114352616651
2015-03-30,2075.5,1240000.0,14.51,0.01114352616651,0.0019507443396575,-0.0025595723645521,-0.015101464881424,-0.0046653592604939,-0.0020363546286745,0.0040672973254507,-0.004772139812817,0.0124552508365141,-0.0009636232978855,0.012965949594521,0.009582645486621,0.0080543736530349,15.07,0.0689655172413792,-0.0071320942997565
2015-03-31,2060.75,1600000.0,15.29,-0.0071320942997565,0.01114352616651,0.0019507443396575,-0.0025595723645521,-0.015101464881424,-0.0046653592604939,-0.0020363546286745,0.0040672973254507,-0.004772139812817,0.0124552508365141,-0.0009636232978855,0.0098245016455372,0.0083625842977585,14.51,0.2903225806451612,-0.0037678561744033
2015-04-01,2053.0,1820000.0,15.11,-0.0037678561744033,-0.0071320942997565,0.01114352616651,0.0019507443396575,-0.0025595723645521,-0.015101464881424,-0.0046653592604939,-0.0020363546286745,0.0040672973254507,-0.004772139812817,0.0124552508365141,0.0070634944784803,0.0069965278616021,15.29,0.1374999999999999,0.0031610968572019
2015-04-02,2059.5,1050000.0,14.67,0.0031610968572019,-0.0037678561744033,-0.0071320942997565,0.01114352616651,0.0019507443396575,-0.0025595723645521,-0.015101464881424,-0.0046653592604939,-0.0020363546286745,0.0040672973254507,-0.004772139812817,0.0070232386312007,0.0071319315458107,15.11,-0.4230769230769231,0.0066541894551776
2015-04-06,2073.25,948450.0,14.74,0.0066541894551776,0.0031610968572019,-0.0037678561744033,-0.0071320942997565,0.01114352616651,0.0019507443396575,-0.0025595723645521,-0.015101464881424,-0.0046653592604939,-0.0020363546286745,0.0040672973254507,0.0074712166739304,0.0073980163229773,14.67,-0.0967142857142857,-0.0026563647592972
2015-04-07,2067.75,1050000.0,14.78,-0.0026563647592972,0.0066541894551776,0.0031610968572019,-0.0037678561744033,-0.0071320942997565,0.01114352616651,0.0019507443396575,-0.0025595723645521,-0.015101464881424,-0.0046653592604939,-0.0020363546286745,0.0055585855699623,0.0074080668265284,14.74,0.1070694290684801,0.0039819057137635
2015-04-08,2076.0,1220000.0,13.98,0.0039819057137635,-0.0026563647592972,0.0066541894551776,0.0031610968572019,-0.0037678561744033,-0.0071320942997565,0.01114352616651,0.0019507443396575,-0.0025595723645521,-0.015101464881424,-0.0046653592604939,0.0044862907033185,0.0074756198220807,14.78,0.161904761904762,0.0046855374964045
2015-04-09,2085.75,1210000.0,13.09,0.0046855374964045,0.0039819057137635,-0.0026563647592972,0.0066541894551776,0.0031610968572019,-0.0037678561744033,-0.0071320942997565,0.01114352616651,0.0019507443396575,-0.0025595723645521,-0.015101464881424,0.0035015037769528,0.0055260069792037,13.98,-0.0081967213114754,0.0046636855829423
2015-04-10,2095.5,880530.0,12.58,0.0046636855829423,0.0046855374964045,0.0039819057137635,-0.0026563647592972,0.0066541894551776,0.0031610968572019,-0.0037678561744033,-0.0071320942997565,0.01114352616651,0.0019507443396575,-0.0025595723645521,0.0035649608411299,0.0054003689642364,13.09,-0.2722892561983471,-0.0043041673335188
2015-04-13,2086.5,1080000.0,13.94,-0.0043041673335188,0.0046636855829423,0.0046855374964045,0.0039819057137635,-0.0026563647592972,0.0066541894551776,0.0031610968572019,-0.0037678561744033,-0.0071320942997565,0.01114352616651,0.0019507443396575,0.0043881951775717,0.005789470059386,12.58,0.2265340192838403,0.0021543993970262
2015-04-14,2091.0,1270000.0,13.67,0.0021543993970262,-0.0043041673335188,0.0046636855829423,0.0046855374964045,0.0039819057137635,-0.0026563647592972,0.0066541894551776,0.0031610968572019,-0.0037678561744033,-0.0071320942997565,0.01114352616651,0.0037987670708963,0.0047560696992588,13.94,0.1759259259259258,0.0041758695771028
2015-04-15,2099.75,1050000.0,12.84,0.0041758695771028,0.0021543993970262,-0.0043041673335188,0.0046636855829423,0.0046855374964045,0.0039819057137635,-0.0026563647592972,0.0066541894551776,0.0031610968572019,-0.0037678561744033,-0.0071320942997565,0.0038219694619287,0.0039516368314127,13.67,-0.1732283464566929,0.000476133802591
2015-04-16,2100.75,1110000.0,12.6,0.000476133802591,0.0041758695771028,0.0021543993970262,-0.0043041673335188,0.0046636855829423,0.0046855374964045,0.0039819057137635,-0.0026563647592972,0.0066541894551776,0.0031610968572019,-0.0037678561744033,0.0036163435160991,0.0034777739540335,12.84,0.0571428571428571,-0.0120923353152341
2015-04-17,2075.5,1820000.0,13.89,-0.0120923353152341,0.000476133802591,0.0041758695771028,0.0021543993970262,-0.0043041673335188,0.0046636855829423,0.0046855374964045,0.0039819057137635,-0.0026563647592972,0.0066541894551776,0.0031610968572019,0.0064935054782589,0.0056956297102377,12.6,0.6396396396396395,0.0074403319355402
2015-04-20,2091.0,1120000.0,13.3,0.0074403319355402,-0.0120923353152341,0.000476133802591,0.0041758695771028,0.0021543993970262,-0.0043041673335188,0.0046636855829423,0.0046855374964045,0.0039819057137635,-0.0026563647592972,0.0066541894551776,0.0074659368504484,0.0057904472275506,13.89,-0.3846153846153846,0.0
2015-04-21,2091.0,1050000.0,13.25,0.0,0.0074403319355402,-0.0120923353152341,0.000476133802591,0.0041758695771028,0.0021543993970262,-0.0043041673335188,0.0046636855829423,0.0046855374964045,0.0039819057137635,-0.0026563647592972,0.0074035076620817,0.0056712972345775,13.3,-0.0625,0.0044139648163229
2015-04-22,2100.25,1190000.0,12.71,0.0044139648163229,0.0,0.0074403319355402,-0.0120923353152341,0.000476133802591,0.0041758695771028,0.0021543993970262,-0.0043041673335188,0.0046636855829423,0.0046855374964045,0.0039819057137635,0.0074377678710784,0.0056971255319244,13.25,0.1333333333333333,0.0032087495592325
2015-04-23,2107.0,1360000.0,12.48,0.0032087495592325,0.0044139648163229,0.0,0.0074403319355402,-0.0120923353152341,0.000476133802591,0.0041758695771028,0.0021543993970262,-0.0043041673335188,0.0046636855829423,0.0046855374964045,0.0075762333493711,0.0056141585644598,12.71,0.1428571428571428,0.0022518528034169
2015-04-24,2111.75,958310.0,12.29,0.0022518528034169,0.0032087495592325,0.0044139648163229,0.0,0.0074403319355402,-0.0120923353152341,0.000476133802591,0.0041758695771028,0.0021543993970262,-0.0043041673335188,0.0046636855829423,0.0027498815076165,0.0054903728253804,12.48,-0.2953602941176471,-0.0033202923898327
2015-04-27,2104.75,1210000.0,13.12,-0.0033202923898327,0.0022518528034169,0.0032087495592325,0.0044139648163229,0.0,0.0074403319355402,-0.0120923353152341,0.000476133802591,0.0041758695771028,0.0021543993970262,-0.0043041673335188,0.0030529755212549,0.005397318065481,12.29,0.2626394381776251,0.0034386706083787
2015-04-28,2112.0,1480000.0,12.41,0.0034386706083787,-0.0033202923898327,0.0022518528034169,0.0032087495592325,0.0044139648163229,0.0,0.0074403319355402,-0.0120923353152341,0.000476133802591,0.0041758695771028,0.0021543993970262,0.0030711156663828,0.0054463097019606,13.12,0.2231404958677685,-0.006174325005519
2015-04-29,2099.0,1740000.0,13.39,-0.006174325005519,0.0034386706083787,-0.0033202923898327,0.0022518528034169,0.0032087495592325,0.0044139648163229,0.0,0.0074403319355402,-0.0120923353152341,0.000476133802591,0.0041758695771028,0.0043665522488026,0.0057505375589262,12.41,0.1756756756756756,-0.00957403196262
2015-04-30,2079.0,2030000.0,14.55,-0.00957403196262,-0.006174325005519,0.0034386706083787,-0.0033202923898327,0.0022518528034169,0.0032087495592325,0.0044139648163229,0.0,0.0074403319355402,-0.0120923353152341,0.000476133802591,0.0055206241649802,0.0064827536902505,13.39,0.1666666666666667,0.0107643665871584
2015-05-01,2101.5,1020000.0,12.7,0.0107643665871584,-0.00957403196262,-0.006174325005519,0.0034386706083787,-0.0033202923898327,0.0022518528034169,0.0032087495592325,0.0044139648163229,0.0,0.0074403319355402,-0.0120923353152341,0.0081204976153194,0.0061753526876885,14.55,-0.4975369458128078,0.0036810586005647
2015-05-04,2109.25,1000000.0,12.85,0.0036810586005647,0.0107643665871584,-0.00957403196262,-0.006174325005519,0.0034386706083787,-0.0033202923898327,0.0022518528034169,0.0032087495592325,0.0044139648163229,0.0,0.0074403319355402,0.0082176386088589,0.0058628142783405,12.7,-0.0196078431372549,-0.0120433101724786
2015-05-05,2084.0,1590000.0,14.31,-0.0120433101724786,0.0036810586005647,0.0107643665871584,-0.00957403196262,-0.006174325005519,0.0034386706083787,-0.0033202923898327,0.0022518528034169,0.0032087495592325,0.0044139648163229,0.0,0.0095997792005343,0.0071555869016149,12.85,0.5900000000000001,-0.0046894813288628
2015-05-06,2074.25,1760000.0,15.15,-0.0046894813288628,-0.0120433101724786,0.0036810586005647,0.0107643665871584,-0.00957403196262,-0.006174325005519,0.0034386706083787,-0.0033202923898327,0.0022518528034169,0.0032087495592325,0.0044139648163229,0.0094865413836597,0.0070627141525141,14.31,0.1069182389937106,0.0048094357463281
2015-05-07,2084.25,1440000.0,15.13,0.0048094357463281,-0.0046894813288628,-0.0120433101724786,0.0036810586005647,0.0107643665871584,-0.00957403196262,-0.006174325005519,0.0034386706083787,-0.0033202923898327,0.0022518528034169,0.0032087495592325,0.0089206619827394,0.0071918443534151,15.15,-0.1818181818181817,0.0115677158958917
2015-05-08,2108.5,1380000.0,12.86,0.0115677158958917,0.0048094357463281,-0.0046894813288628,-0.0120433101724786,0.0036810586005647,0.0107643665871584,-0.00957403196262,-0.006174325005519,0.0034386706083787,-0.0033202923898327,0.0022518528034169,0.0091557876333769,0.0082042875888058,15.13,-0.0416666666666666,-0.0051114524364357
2015-05-11,2097.75,1150000.0,13.85,-0.0051114524364357,0.0115677158958917,0.0048094357463281,-0.0046894813288628,-0.0120433101724786,0.0036810586005647,0.0107643665871584,-0.00957403196262,-0.006174325005519,0.0034386706083787,-0.0033202923898327,0.0092752952064436,0.0083000873221595,12.86,-0.1666666666666666,-0.0013117883939407
2015-05-12,2095.0,1480000.0,13.86,-0.0013117883939407,-0.0051114524364357,0.0115677158958917,0.0048094357463281,-0.0046894813288628,-0.0120433101724786,0.0036810586005647,0.0107643665871584,-0.00957403196262,-0.006174325005519,0.0034386706083787,0.0070929339772768,0.0081955109768806,13.85,0.2869565217391303,-0.0002386919691485
2015-05-13,2094.5,1340000.0,13.76,-0.0002386919691485,-0.0013117883939407,-0.0051114524364357,0.0115677158958917,0.0048094357463281,-0.0046894813288628,-0.0120433101724786,0.0036810586005647,0.0107643665871584,-0.00957403196262,-0.006174325005519,0.0064414737535439,0.0079756800253136,13.86,-0.0945945945945946,0.0109212861391197
2015-05-14,2117.5,1100000.0,12.74,0.0109212861391197,-0.0002386919691485,-0.0013117883939407,-0.0051114524364357,0.0115677158958917,0.0048094357463281,-0.0046894813288628,-0.0120433101724786,0.0036810586005647,0.0107643665871584,-0.00957403196262,0.0075975658358477,0.0079366041530267,13.76,-0.1791044776119402,0.0007081317420896
2015-05-15,2119.0,1020000.0,12.38,0.0007081317420896,0.0109212861391197,-0.0002386919691485,-0.0013117883939407,-0.0051114524364357,0.0115677158958917,0.0048094357463281,-0.0046894813288628,-0.0120433101724786,0.0036810586005647,0.0107643665871584,0.0059738067541953,0.0072902438267598,12.74,-0.0727272727272727,0.003298000633594
2015-05-18,2126.0,917100.0,12.73,0.003298000633594,0.0007081317420896,0.0109212861391197,-0.0002386919691485,-0.0013117883939407,-0.0051114524364357,0.0115677158958917,0.0048094357463281,-0.0046894813288628,-0.0120433101724786,0.0036810586005647,0.0049153335964997,0.007274584146007,12.38,-0.1008823529411764,-0.0007057993470269
2015-05-19,2124.5,1000000.0,12.85,-0.0007057993470269,0.003298000633594,0.0007081317420896,0.0109212861391197,-0.0002386919691485,-0.0013117883939407,-0.0051114524364357,0.0115677158958917,0.0048094357463281,-0.0046894813288628,-0.0120433101724786,0.0047985264832507,0.0057825743546901,12.73,0.0903936321011884,-0.0009418413693638
2015-05-20,2122.5,1010000.0,12.88,-0.0009418413693638,-0.0007057993470269,0.003298000633594,0.0007081317420896,0.0109212861391197,-0.0002386919691485,-0.0013117883939407,-0.0051114524364357,0.0115677158958917,0.0048094357463281,-0.0046894813288628,0.0049185228444149,0.0054161118937381,12.85,0.01,0.0025879322760325
2015-05-21,2128.0,794480.0,12.11,0.0025879322760325,-0.0009418413693638,-0.0007057993470269,0.003298000633594,0.0007081317420896,0.0109212861391197,-0.0002386919691485,-0.0013117883939407,-0.0051114524364357,0.0115677158958917,0.0048094357463281,0.0019083663263625,0.0053468403845155,12.88,-0.2133861386138613,-0.0016460909066687
2015-05-22,2124.5,765940.0,12.13,-0.0016460909066687,0.0025879322760325,-0.0009418413693638,-0.0007057993470269,0.003298000633594,0.0007081317420896,0.0109212861391197,-0.0002386919691485,-0.0013117883939407,-0.0051114524364357,0.0115677158958917,0.0022541702075717,0.0042639939435473,12.11,-0.0359228677877353,-0.0092210134383844
2015-05-26,2105.0,1590000.0,14.06,-0.0092210134383844,-0.0016460909066687,0.0025879322760325,-0.0009418413693638,-0.0007057993470269,0.003298000633594,0.0007081317420896,0.0109212861391197,-0.0002386919691485,-0.0013117883939407,-0.0051114524364357,0.0043620807259033,0.005022831110381,12.13,1.0758806172807271,0.0075722084482006
2015-05-27,2121.0,1290000.0,13.27,0.0075722084482006,-0.0092210134383844,-0.0016460909066687,0.0025879322760325,-0.0009418413693638,-0.0007057993470269,0.003298000633594,0.0007081317420896,0.0109212861391197,-0.0002386919691485,-0.0013117883939407,0.0061667615475652,0.0054635593069218,14.06,-0.1886792452830188,0.0003535442851039
2015-05-28,2121.75,1080000.0,13.31,0.0003535442851039,0.0075722084482006,-0.0092210134383844,-0.0016460909066687,0.0025879322760325,-0.0009418413693638,-0.0007057993470269,0.003298000633594,0.0007081317420896,0.0109212861391197,-0.0002386919691485,0.006161827059979,0.0054490195362951,13.27,-0.1627906976744185,-0.0074508061558654
2015-05-29,2106.0,1690000.0,13.84,-0.0074508061558654,0.0003535442851039,0.0075722084482006,-0.0092210134383844,-0.0016460909066687,0.0025879322760325,-0.0009418413693638,-0.0007057993470269,0.003298000633594,0.0007081317420896,0.0109212861391197,0.0066916956410032,0.0049126799567319,13.31,0.5648148148148149,0.0015420203518151
2015-06-01,2109.25,1340000.0,13.97,0.0015420203518151,-0.0074508061558654,0.0003535442851039,0.0075722084482006,-0.0092210134383844,-0.0016460909066687,0.0025879322760325,-0.0009418413693638,-0.0007057993470269,0.003298000633594,0.0007081317420896,0.0068920806925764,0.0049432882160029,13.84,-0.2071005917159762,-0.0011859583932733
2015-06-02,2106.75,1440000.0,14.24,-0.0011859583932733,0.0015420203518151,-0.0074508061558654,0.0003535442851039,0.0075722084482006,-0.0092210134383844,-0.0016460909066687,0.0025879322760325,-0.0009418413693638,-0.0007057993470269,0.003298000633594,0.0053996309076504,0.0047645463903356,13.97,0.0746268656716417,0.0043810383257271
2015-06-03,2116.0,1310000.0,13.66,0.0043810383257271,-0.0011859583932733,0.0015420203518151,-0.0074508061558654,0.0003535442851039,0.0075722084482006,-0.0092210134383844,-0.0016460909066687,0.0025879322760325,-0.0009418413693638,-0.0007057993470269,0.0044017966297412,0.0050516185419161,14.24,-0.0902777777777777,-0.008066473157557
2015-06-04,2099.0,1720000.0,14.71,-0.008066473157557,0.0043810383257271,-0.0011859583932733,0.0015420203518151,-0.0074508061558654,0.0003535442851039,0.0075722084482006,-0.0092210134383844,-0.0016460909066687,0.0025879322760325,-0.0009418413693638,0.0054844751453812,0.0056081493592419,13.66,0.3129770992366412,-0.0032209989076495
2015-06-05,2092.25,1460000.0,14.21,-0.0032209989076495,-0.008066473157557,0.0043810383257271,-0.0011859583932733,0.0015420203518151,-0.0074508061558654,0.0003535442851039,0.0075722084482006,-0.0092210134383844,-0.0016460909066687,0.0025879322760325,0.0047391763513936,0.0054815880112174,14.71,-0.1511627906976744,-0.0067138485017859
2015-06-08,2078.25,1290000.0,15.29,-0.0067138485017859,-0.0032209989076495,-0.008066473157557,0.0043810383257271,-0.0011859583932733,0.0015420203518151,-0.0074508061558654,0.0003535442851039,0.0075722084482006,-0.0092210134383844,-0.0016460909066687,0.0049313696537088,0.0057062934777713,14.21,-0.1164383561643835,0.0008417002841661
2015-06-09,2080.0,1450000.0,14.47,0.0008417002841661,-0.0067138485017859,-0.0032209989076495,-0.008066473157557,0.0043810383257271,-0.0011859583932733,0.0015420203518151,-0.0074508061558654,0.0003535442851039,0.0075722084482006,-0.0092210134383844,0.0051904265162553,0.0051951714844648,15.29,0.1240310077519379,0.0128972411088254
2015-06-10,2107.0,1670000.0,13.22,0.0128972411088254,0.0008417002841661,-0.0067138485017859,-0.0032209989076495,-0.008066473157557,0.0043810383257271,-0.0011859583932733,0.0015420203518151,-0.0074508061558654,0.0003535442851039,0.0075722084482006,0.0084251453579825,0.0063403241650916,14.47,0.1517241379310345,0.001067299241547
2015-06-11,2109.25,1480000.0,12.85,0.001067299241547,0.0128972411088254,0.0008417002841661,-0.0067138485017859,-0.0032209989076495,-0.008066473157557,0.0043810383257271,-0.0011859583932733,0.0015420203518151,-0.0074508061558654,0.0003535442851039,0.0073974812695915,0.0063570254960783,13.22,-0.1137724550898203,-0.0077339905997363
2015-06-12,2093.0,1130000.0,13.78,-0.0077339905997363,0.001067299241547,0.0128972411088254,0.0008417002841661,-0.0067138485017859,-0.0032209989076495,-0.008066473157557,0.0043810383257271,-0.0011859583932733,0.0015420203518151,-0.0074508061558654,0.008262128920994,0.00639151679144,12.85,-0.2364864864864865,-0.0043093195727421
2015-06-15,2084.0,1080000.0,15.39,-0.0043093195727421,-0.0077339905997363,0.001067299241547,0.0128972411088254,0.0008417002841661,-0.0067138485017859,-0.0032209989076495,-0.008066473157557,0.0043810383257271,-0.0011859583932733,0.0015420203518151,0.0078269487044398,0.0064393383721208,13.78,-0.0442477876106194,0.0064570354681036
2015-06-16,2097.5,795760.0,14.81,0.0064570354681036,-0.0043093195727421,-0.0077339905997363,0.001067299241547,0.0128972411088254,0.0008417002841661,-0.0067138485017859,-0.0032209989076495,-0.008066473157557,0.0043810383257271,-0.0011859583932733,0.0082691753164443,0.006880248472492,15.39,-0.2631851851851852,0.0
2015-06-17,2097.5,550650.0,14.5,0.0,0.0064570354681036,-0.0043093195727421,-0.0077339905997363,0.001067299241547,0.0128972411088254,0.0008417002841661,-0.0067138485017859,-0.0032209989076495,-0.008066473157557,0.0043810383257271,0.0054114012195882,0.0066755934735386,14.81,-0.3080200060319694,0.0120840233618949
2015-06-18,2123.0,430530.0,13.19,0.0120840233618949,0.0,0.0064570354681036,-0.0043093195727421,-0.0077339905997363,0.001067299241547,0.0128972411088254,0.0008417002841661,-0.0067138485017859,-0.0032209989076495,-0.008066473157557,0.0080258586129573,0.0072786830740782,14.5,-0.2181421955870335,-0.0027782315970723
2015-06-22,2112.75,1100000.0,12.74,-0.002061534681592,-0.0027782315970723,0.0120840233618949,0.0,0.0064570354681036,-0.0043093195727421,-0.0077339905997363,0.001067299241547,0.0128972411088254,0.0008417002841661,-0.0067138485017859,0.006366716975453,0.0068243812970641,13.96,1.5549903607181847,0.0017733645363867
2015-06-23,2116.5,837130.0,12.11,0.0017733645363867,-0.002061534681592,-0.0027782315970723,0.0120840233618949,0.0,0.0064570354681036,-0.0043093195727421,-0.0077339905997363,0.001067299241547,0.0128972411088254,0.0008417002841661,0.0060181691257637,0.006818531593041,12.74,-0.2389727272727272,-0.0080645598367304
2015-06-24,2099.5,1160000.0,13.26,-0.0080645598367304,0.0017733645363867,-0.002061534681592,-0.0027782315970723,0.0120840233618949,0.0,0.0064570354681036,-0.0043093195727421,-0.0077339905997363,0.001067299241547,0.0128972411088254,0.0075165217761925,0.0062014314677898,12.11,0.385686810889587,-0.0026231086937657
2015-06-25,2094.0,1220000.0,14.01,-0.0026231086937657,-0.0080645598367304,0.0017733645363867,-0.002061534681592,-0.0027782315970723,0.0120840233618949,0.0,0.0064570354681036,-0.0043093195727421,-0.0077339905997363,0.001067299241547,0.0035070020172191,0.0062170687581709,13.26,0.0517241379310344,0.0008353720874846
2015-06-26,2095.75,1320000.0,14.02,0.0008353720874846,-0.0026231086937657,-0.0080645598367304,0.0017733645363867,-0.002061534681592,-0.0027782315970723,0.0120840233618949,0.0,0.0064570354681036,-0.0043093195727421,-0.0077339905997363,0.0038550163942914,0.0057139570261956,14.01,0.0819672131147541,-0.0218278186858528
2015-06-29,2050.5,2290000.0,18.85,-0.0218278186858528,0.0008353720874846,-0.0026231086937657,-0.0080645598367304,0.0017733645363867,-0.002061534681592,-0.0027782315970723,0.0120840233618949,0.0,0.0064570354681036,-0.0043093195727421,0.0096608930133981,0.0089792223007135,14.02,0.7348484848484849,0.0019488434913506
2015-06-30,2054.5,2380000.0,18.23,0.0019488434913506,-0.0218278186858528,0.0008353720874846,-0.0026231086937657,-0.0080645598367304,0.0017733645363867,-0.002061534681592,-0.0027782315970723,0.0120840233618949,0.0,0.0064570354681036,0.0096963605028326,0.0086351911731655,18.85,0.0393013100436681,0.0079990730721197
2015-07-01,2071.0,1500000.0,16.09,0.0079990730721197,0.0019488434913506,-0.0218278186858528,0.0008353720874846,-0.0026231086937657,-0.0080645598367304,0.0017733645363867,-0.002061534681592,-0.0027782315970723,0.0120840233618949,0.0,0.0113407947870701,0.0092003827963994,18.23,-0.3697478991596639,-0.001087022270211
2015-07-02,2068.75,1250000.0,16.79,-0.001087022270211,0.0079990730721197,0.0019488434913506,-0.0218278186858528,0.0008353720874846,-0.0026231086937657,-0.0080645598367304,0.0017733645363867,-0.002061534681592,-0.0027782315970723,0.0120840233618949,0.0113653132515508,0.0079312384508221,16.09,-0.1666666666666666,-0.0020564937992281
2015-07-06,2064.5,1970000.0,17.01,-0.0020564937992281,-0.001087022270211,0.0079990730721197,0.0019488434913506,-0.0218278186858528,0.0008353720874846,-0.0026231086937657,-0.0080645598367304,0.0017733645363867,-0.002061534681592,-0.0027782315970723,0.0112306165778895,0.0079326044631259,16.79,0.5760000000000001,0.0044704961785092
2015-07-07,2073.75,2530000.0,16.09,0.0044704961785092,-0.0020564937992281,-0.001087022270211,0.0079990730721197,0.0019488434913506,-0.0218278186858528,0.0008353720874846,-0.0026231086937657,-0.0080645598367304,0.0017733645363867,-0.002061534681592,0.0041156597957025,0.0082373056856341,17.01,0.2842639593908629,-0.0167764693239644
2015-07-08,2039.25,2390000.0,19.66,-0.0167764693239644,0.0044704961785092,-0.0020564937992281,-0.001087022270211,0.0079990730721197,0.0019488434913506,-0.0218278186858528,0.0008353720874846,-0.0026231086937657,-0.0080645598367304,0.0017733645363867,0.0094832678056561,0.0093419647782141,16.09,-0.0553359683794466,0.0009802721039851
2015-07-09,2041.25,1980000.0,19.97,0.0009802721039851,-0.0167764693239644,0.0044704961785092,-0.0020564937992281,-0.001087022270211,0.0079990730721197,0.0019488434913506,-0.0218278186858528,0.0008353720874846,-0.0026231086937657,-0.0080645598367304,0.0081537618290501,0.0093122027842776,19.66,-0.1715481171548116,0.0135030334608682
2015-07-10,2069.0,1570000.0,16.83,0.0135030334608682,0.0009802721039851,-0.0167764693239644,0.0044704961785092,-0.0020564937992281,-0.001087022270211,0.0079990730721197,0.0019488434913506,-0.0218278186858528,0.0008353720874846,-0.0026231086937657,0.011056156107063,0.010649193193316,19.97,-0.207070707070707,0.0122494626415464
2015-07-13,2094.5,1330000.0,13.9,0.0122494626415464,0.0135030334608682,0.0009802721039851,-0.0167764693239644,0.0044704961785092,-0.0020564937992281,-0.001087022270211,0.0079990730721197,0.0019488434913506,-0.0218278186858528,0.0008353720874846,0.0121773453281462,0.0114716532660358,16.83,-0.1528662420382165,0.0035744110498069
2015-07-14,2102.0,955520.0,13.37,0.0035744110498069,0.0122494626415464,0.0135030334608682,0.0009802721039851,-0.0167764693239644,0.0044704961785092,-0.0020564937992281,-0.001087022270211,0.0079990730721197,0.0019488434913506,-0.0218278186858528,0.0121547572592649,0.0085584006014154,13.9,-0.2815639097744361,0.0010698366547891
2015-07-15,2104.25,1150000.0,13.23,0.0010698366547891,0.0035744110498069,0.0122494626415464,0.0135030334608682,0.0009802721039851,-0.0167764693239644,0.0044704961785092,-0.0020564937992281,-0.001087022270211,0.0079990730721197,0.0019488434913506,0.0061310627213995,0.0085689759627986,13.37,0.2035331547220362,0.0060408830431797
2015-07-16,2117.0,1110000.0,12.11,0.0060408830431797,0.0010698366547891,0.0035744110498069,0.0122494626415464,0.0135030334608682,0.0009802721039851,-0.0167764693239644,0.0044704961785092,-0.0020564937992281,-0.001087022270211,0.0079990730721197,0.0054142023955403,0.0084481447956013,13.23,-0.0347826086956521,0.0008262999938952
2015-07-17,2118.75,903690.0,11.95,0.0008262999938952,0.0060408830431797,0.0010698366547891,0.0035744110498069,0.0122494626415464,0.0135030334608682,0.0009802721039851,-0.0167764693239644,0.0044704961785092,-0.0020564937992281,-0.001087022270211,0.0046965234103298,0.0083869534857561,12.11,-0.1858648648648648,0.0015327480451679
2015-07-20,2122.0,937630.0,12.25,0.0015327480451679,0.0008262999938952,0.0060408830431797,0.0010698366547891,0.0035744110498069,0.0122494626415464,0.0135030334608682,0.0009802721039851,-0.0167764693239644,0.0044704961785092,-0.0020564937992281,0.002203134186083,0.0082513118196605,11.95,0.0375571268908585,-0.0035406622613851
2015-07-21,2114.5,1210000.0,12.22,-0.0035406622613851,0.0015327480451679,0.0008262999938952,0.0060408830431797,0.0010698366547891,0.0035744110498069,0.0122494626415464,0.0135030334608682,0.0009802721039851,-0.0167764693239644,0.0044704961785092,0.0033975850820877,0.0084518589192503,12.25,0.2904877190362935,-0.0030787472512903
2015-07-22,2108.0,1220000.0,12.12,-0.0030787472512903,-0.0035406622613851,0.0015327480451679,0.0008262999938952,0.0060408830431797,0.0010698366547891,0.0035744110498069,0.0122494626415464,0.0135030334608682,0.0009802721039851,-0.0167764693239644,0.003902091704004,0.0057625249748413,12.22,0.0082644628099173,-0.0045168268876073
2015-07-23,2098.5,1440000.0,12.64,-0.0045168268876073,-0.0030787472512903,-0.0035406622613851,0.0015327480451679,0.0008262999938952,0.0060408830431797,0.0010698366547891,0.0035744110498069,0.0122494626415464,0.0135030334608682,0.0009802721039851,0.0027404826291794,0.0062515178774001,12.12,0.180327868852459,-0.0100575560440423
2015-07-24,2077.5,1670000.0,13.74,-0.0100575560440423,-0.0045168268876073,-0.0030787472512903,-0.0035406622613851,0.0015327480451679,0.0008262999938952,0.0060408830431797,0.0010698366547891,0.0035744110498069,0.0122494626415464,0.0135030334608682,0.0041415309909204,0.0061948447424523,12.64,0.1597222222222223,-0.0062771814034583
2015-07-27,2064.5,1780000.0,15.6,-0.0062771814034583,-0.0100575560440423,-0.0045168268876073,-0.0030787472512903,-0.0035406622613851,0.0015327480451679,0.0008262999938952,0.0060408830431797,0.0010698366547891,0.0035744110498069,0.0122494626415464,0.0028303382368977,0.0048945118745301,13.74,0.0658682634730538,0.0109593437479648
2015-07-28,2087.25,1730000.0,13.44,0.0109593437479648,-0.0062771814034583,-0.0100575560440423,-0.0045168268876073,-0.0030787472512903,-0.0035406622613851,0.0015327480451679,0.0008262999938952,0.0060408830431797,0.0010698366547891,0.0035744110498069,0.0080139856465716,0.0061354297002621,15.6,-0.0280898876404493,0.0068039653710614
2015-07-29,2101.5,1400000.0,12.5,0.0068039653710614,0.0109593437479648,-0.0062771814034583,-0.0100575560440423,-0.0045168268876073,-0.0030787472512903,-0.0035406622613851,0.0015327480451679,0.0008262999938952,0.0060408830431797,0.0010698366547891,0.0090201560571908,0.0065720674794417,13.44,-0.1907514450867051,0.0010700910598443
2015-07-30,2103.75,1290000.0,12.13,0.0010700910598443,0.0068039653710614,0.0109593437479648,-0.0062771814034583,-0.0100575560440423,-0.0045168268876073,-0.0030787472512903,-0.0035406622613851,0.0015327480451679,0.0008262999938952,0.0060408830431797,0.0087586390480336,0.0062326246820399,12.5,-0.0785714285714286,-0.0024986627313701
2015-07-31,2098.5,1600000.0,12.12,-0.0024986627313701,0.0010700910598443,0.0068039653710614,0.0109593437479648,-0.0062771814034583,-0.0100575560440423,-0.0045168268876073,-0.0030787472512903,-0.0035406622613851,0.0015327480451679,0.0008262999938952,0.0069455325593913,0.0062351185247539,12.13,0.2403100775193798,-0.0035803833450119
2015-08-03,2091.0,1510000.0,12.56,-0.0035803833450119,-0.0024986627313701,0.0010700910598443,0.0068039653710614,0.0109593437479648,-0.0062771814034583,-0.0100575560440423,-0.0045168268876073,-0.0030787472512903,-0.0035406622613851,0.0015327480451679,0.0062063275304533,0.006217582279961,12.12,-0.05625,-0.0038332581676615
2015-08-04,2083.0,1330000.0,13.0,-0.0038332581676615,-0.0035803833450119,-0.0024986627313701,0.0010700910598443,0.0068039653710614,0.0109593437479648,-0.0062771814034583,-0.0100575560440423,-0.0045168268876073,-0.0030787472512903,-0.0035406622613851,0.0044823118292829,0.0062290785641817,12.56,-0.119205298013245,0.0051475543124046
2015-08-05,2093.75,1380000.0,12.51,0.0051475543124046,-0.0038332581676615,-0.0035803833450119,-0.0024986627313701,0.0010700910598443,0.0068039653710614,0.0109593437479648,-0.0062771814034583,-0.0100575560440423,-0.0045168268876073,-0.0030787472512903,0.0038297727726993,0.006533318636767,13.0,0.037593984962406,-0.0068292363904102
2015-08-06,2079.5,1610000.0,13.77,-0.0068292363904102,0.0051475543124046,-0.0038332581676615,-0.0035803833450119,-0.0024986627313701,0.0010700910598443,0.0068039653710614,0.0109593437479648,-0.0062771814034583,-0.0100575560440423,-0.0045168268876073,0.0044723598309616,0.0067224608379477,12.51,0.1666666666666667,-0.0028894794965303
2015-08-07,2073.5,1600000.0,13.39,-0.0028894794965303,-0.0068292363904102,0.0051475543124046,-0.0038332581676615,-0.0035803833450119,-0.0024986627313701,0.0010700910598443,0.0068039653710614,0.0109593437479648,-0.0062771814034583,-0.0100575560440423,0.0044796983410008,0.0059797718151082,13.77,-0.0062111801242236,0.0125802893193003
2015-08-10,2099.75,1200000.0,12.23,0.0125802893193003,-0.0028894794965303,-0.0068292363904102,0.0051475543124046,-0.0038332581676615,-0.0035803833450119,-0.0024986627313701,0.0010700910598443,0.0068039653710614,0.0109593437479648,-0.0062771814034583,0.0079207772192564,0.0067691119749498,13.39,-0.25,-0.0095705958417393
2015-08-11,2079.75,1780000.0,13.71,-0.0095705958417393,0.0125802893193003,-0.0028894794965303,-0.0068292363904102,0.0051475543124046,-0.0038332581676615,-0.0035803833450119,-0.0024986627313701,0.0010700910598443,0.0068039653710614,0.0109593437479648,0.0090947405740318,0.0067597208494738,12.23,0.4833333333333334,0.0021613841267257
2015-08-12,2084.25,2360000.0,13.61,0.0021613841267257,-0.0095705958417393,0.0125802893193003,-0.0028894794965303,-0.0068292363904102,0.0051475543124046,-0.0038332581676615,-0.0035803833450119,-0.0024986627313701,0.0010700910598443,0.0068039653710614,0.0087376044216002,0.0063606806018004,13.71,0.3258426966292134,-0.0018008288677267
2015-08-13,2080.5,1500000.0,13.49,-0.0018008288677267,0.0021613841267257,-0.0095705958417393,0.0125802893193003,-0.0028894794965303,-0.0068292363904102,0.0051475543124046,-0.0038332581676615,-0.0035803833450119,-0.0024986627313701,0.0010700910598443,0.0081559397684409,0.0063303975304748,13.61,-0.364406779661017,0.0043165534649742
2015-08-14,2089.5,1070000.0,12.83,0.0043165534649742,-0.0018008288677267,0.0021613841267257,-0.0095705958417393,0.0125802893193003,-0.0028894794965303,-0.0068292363904102,0.0051475543124046,-0.0038332581676615,-0.0035803833450119,-0.0024986627313701,0.0081331082354194,0.00652821051408,13.49,-0.2866666666666666,0.0046553351757024
2015-08-17,2099.25,1290000.0,13.02,0.0046553351757024,0.0043165534649742,-0.0018008288677267,0.0021613841267257,-0.0095705958417393,0.0125802893193003,-0.0028894794965303,-0.0068292363904102,0.0051475543124046,-0.0038332581676615,-0.0035803833450119,0.0059119435650346,0.0066056164023099,12.83,0.205607476635514,-0.0025040256331904
2015-08-18,2094.0,1140000.0,13.79,-0.0025040256331904,0.0046553351757024,0.0043165534649742,-0.0018008288677267,0.0021613841267257,-0.0095705958417393,0.0125802893193003,-0.0028894794965303,-0.0068292363904102,0.0051475543124046,-0.0038332581676615,0.0033602094627962,0.0065239752221278,13.02,-0.1162790697674418,-0.0101998844341541
2015-08-19,2072.75,2290000.0,15.25,-0.0101998844341541,-0.0025040256331904,0.0046553351757024,0.0043165534649742,-0.0018008288677267,0.0021613841267257,-0.0095705958417393,0.0125802893193003,-0.0028894794965303,-0.0068292363904102,0.0051475543124046,0.0060772745616492,0.0070962670372449,13.79,1.0087719298245612,-0.0230596443535827
2015-08-20,2025.5,2580000.0,19.14,-0.0230596443535827,-0.0101998844341541,-0.0025040256331904,0.0046553351757024,0.0043165534649742,-0.0018008288677267,0.0021613841267257,-0.0095705958417393,0.0125802893193003,-0.0028894794965303,-0.0068292363904102,0.0116060446849203,0.0098840897863002,15.25,0.1266375545851528,-0.0270219093250633
2015-08-21,1971.5,4170000.0,28.03,-0.0270219093250633,-0.0230596443535827,-0.0101998844341541,-0.0025040256331904,0.0046553351757024,0.0043165534649742,-0.0018008288677267,0.0021613841267257,-0.0095705958417393,0.0125802893193003,-0.0028894794965303,0.0133985852257422,0.0125426604483544,19.14,0.6162790697674418,-0.0521880175838437
2015-08-24,1871.25,5260000.0,40.74,-0.0521880175838437,-0.0270219093250633,-0.0230596443535827,-0.0101998844341541,-0.0025040256331904,0.0046553351757024,0.0043165534649742,-0.0018008288677267,0.0021613841267257,-0.0095705958417393,0.0125802893193003,0.0190528702932042,0.0179761303259978,28.03,0.2613908872901678,0.0008012820941542
2015-08-25,1872.75,3660000.0,36.02,0.0008012820941542,-0.0521880175838437,-0.0270219093250633,-0.0230596443535827,-0.0101998844341541,-0.0025040256331904,0.0046553351757024,0.0043165534649742,-0.0018008288677267,0.0021613841267257,-0.0095705958417393,0.01997650780879,0.0183955058398341,40.74,-0.3041825095057034,0.0342485746227191
2015-08-26,1938.0,3530000.0,30.32,0.0342485746227191,0.0008012820941542,-0.0521880175838437,-0.0270219093250633,-0.0230596443535827,-0.0101998844341541,-0.0025040256331904,0.0046553351757024,0.0043165534649742,-0.0018008288677267,0.0021613841267257,0.0326168241578666,0.0230547388695454,36.02,-0.0355191256830601,0.0261011698069327
2015-08-27,1989.25,2940000.0,26.1,0.0261011698069327,0.0342485746227191,0.0008012820941542,-0.0521880175838437,-0.0270219093250633,-0.0230596443535827,-0.0101998844341541,-0.0025040256331904,0.0046553351757024,0.0043165534649742,-0.0018008288677267,0.0362057521957921,0.0253636949207821,30.32,-0.1671388101983002,0.0002513194283144
2015-08-28,1989.75,1970000.0,26.05,0.0002513194283144,0.0261011698069327,0.0342485746227191,0.0008012820941542,-0.0521880175838437,-0.0270219093250633,-0.0230596443535827,-0.0101998844341541,-0.0025040256331904,0.0046553351757024,0.0043165534649742,0.0337696222709983,0.0252392231909529,26.1,-0.3299319727891157,-0.010356243102525
2015-08-31,1969.25,1880000.0,28.43,-0.010356243102525,0.0002513194283144,0.0261011698069327,0.0342485746227191,0.0008012820941542,-0.0521880175838437,-0.0270219093250633,-0.0230596443535827,-0.0101998844341541,-0.0025040256331904,0.0046553351757024,0.0189805952975667,0.0250540519902022,26.05,-0.0456852791878172,-0.0274130800526278
2015-09-01,1916.0,2820000.0,31.4,-0.0274130800526278,-0.010356243102525,0.0002513194283144,0.0261011698069327,0.0342485746227191,0.0008012820941542,-0.0521880175838437,-0.0270219093250633,-0.0230596443535827,-0.0101998844341541,-0.0025040256331904,0.0255380605317808,0.0258500726297102,28.43,0.5,0.0160500468413939
2015-09-02,1947.0,2180000.0,26.09,0.0160500468413939,-0.0274130800526278,-0.010356243102525,0.0002513194283144,0.0261011698069327,0.0342485746227191,0.0008012820941542,-0.0521880175838437,-0.0270219093250633,-0.0230596443535827,-0.0101998844341541,0.0211741211572731,0.027008407782005,31.4,-0.226950354609929,-0.0005137426262492
2015-09-03,1946.0,2050000.0,25.61,-0.0005137426262492,0.0160500468413939,-0.0274130800526278,-0.010356243102525,0.0002513194283144,0.0261011698069327,0.0342485746227191,0.0008012820941542,-0.0521880175838437,-0.0270219093250633,-0.0230596443535827,0.0159688822639368,0.026383887352762,26.09,-0.0596330275229357,-0.0125397545167089
2015-09-04,1921.75,2140000.0,27.8,-0.0125397545167089,-0.0005137426262492,0.0160500468413939,-0.0274130800526278,-0.010356243102525,0.0002513194283144,0.0261011698069327,0.0342485746227191,0.0008012820941542,-0.0521880175838437,-0.0270219093250633,0.0160624792049065,0.0253575520612086,25.61,0.0439024390243902,0.0226376226423839
2015-09-08,1965.75,1880000.0,24.9,0.0226376226423839,-0.0125397545167089,-0.0005137426262492,0.0160500468413939,-0.0274130800526278,-0.010356243102525,0.0002513194283144,0.0261011698069327,0.0342485746227191,0.0008012820941542,-0.0521880175838437,0.0204842585463668,0.0194322742943535,27.8,-0.1214953271028037,-0.0117693567822738
2015-09-09,1942.75,2140000.0,26.23,-0.0117693567822738,0.0226376226423839,-0.0125397545167089,-0.0005137426262492,0.0160500468413939,-0.0274130800526278,-0.010356243102525,0.0002513194283144,0.0261011698069327,0.0342485746227191,0.0008012820941542,0.0160284627640114,0.0201231132776416,24.9,0.1382978723404255,0.0034684343333003
2015-09-10,1949.5,2270000.0,24.37,0.0034684343333003,-0.0117693567822738,0.0226376226423839,-0.0125397545167089,-0.0005137426262492,0.0160500468413939,-0.0274130800526278,-0.010356243102525,0.0002513194283144,0.0261011698069327,0.0342485746227191,0.0143194780587793,0.0170446658037333,26.23,0.0607476635514019,0.0054990866883792
2015-09-11,1960.25,1050000.0,23.2,0.0054990866883792,0.0034684343333003,-0.0117693567822738,0.0226376226423839,-0.0125397545167089,-0.0005137426262492,0.0160500468413939,-0.0274130800526278,-0.010356243102525,0.0002513194283144,0.0261011698069327,0.0144900719009862,0.0147029403567441,24.37,-0.5374449339207048,-0.0031934625083032
2015-09-14,1954.0,893370.0,24.25,-0.0031934625083032,0.0054990866883792,0.0034684343333003,-0.0117693567822738,0.0226376226423839,-0.0125397545167089,-0.0005137426262492,0.0160500468413939,-0.0274130800526278,-0.010356243102525,0.0002513194283144,0.0127284574848999,0.0146985210937881,23.2,-0.1491714285714286,0.0130920204877938
2015-09-15,1979.75,1030000.0,22.54,0.0130920204877938,-0.0031934625083032,0.0054990866883792,0.0034684343333003,-0.0117693567822738,0.0226376226423839,-0.0125397545167089,-0.0005137426262492,0.0160500468413939,-0.0274130800526278,-0.010356243102525,0.0093850181165713,0.0150503279168329,24.25,0.1529377525549324,0.0093012234156065
2015-09-16,1998.25,595800.0,21.35,0.0093012234156065,0.0130920204877938,-0.0031934625083032,0.0054990866883792,0.0034684343333003,-0.0117693567822738,0.0226376226423839,-0.0125397545167089,-0.0005137426262492,0.0160500468413939,-0.0274130800526278,0.0061583797851964,0.0115460678908309,22.54,-0.4215533980582524,-0.0052684517245355
2015-09-17,1987.75,522530.0,21.14,-0.0052684517245355,0.0093012234156065,0.0130920204877938,-0.0031934625083032,0.0054990866883792,0.0034684343333003,-0.0117693567822738,0.0226376226423839,-0.0125397545167089,-0.0005137426262492,0.0160500468413939,0.0079151797559417,0.0110741050547128,21.35,-0.1229775092312857,-0.0089190429165562
2015-09-18,1970.1,2420000.0,22.28,-0.0089190429165562,-0.0052684517245355,0.0093012234156065,0.0130920204877938,-0.0031934625083032,0.0054990866883792,0.0034684343333003,-0.0117693567822738,0.0226376226423839,-0.0125397545167089,-0.0005137426262492,0.0096228019138402,0.011598675934379,21.14,3.631313034658297,-0.0036103875885755
2015-09-21,1963.0,1510000.0,20.14,-0.0036103875885755,-0.0089190429165562,-0.0052684517245355,0.0093012234156065,0.0130920204877938,-0.0031934625083032,0.0054990866883792,0.0034684343333003,-0.0117693567822738,0.0226376226423839,-0.0125397545167089,0.0096699417831523,0.0107320835047006,22.28,-0.3760330578512396,-0.0159181795039977
2015-09-22,1932.0,1990000.0,22.44,-0.0159181795039977,-0.0036103875885755,-0.0089190429165562,-0.0052684517245355,0.0093012234156065,0.0130920204877938,-0.0031934625083032,0.0054990866883792,0.0034684343333003,-0.0117693567822738,0.0226376226423839,0.0092334329800729,0.0093846046701259,20.14,0.3178807947019868,-0.0018132371241808
2015-09-23,1928.5,1420000.0,22.13,-0.0018132371241808,-0.0159181795039977,-0.0036103875885755,-0.0089190429165562,-0.0052684517245355,0.0093012234156065,0.0130920204877938,-0.0031934625083032,0.0054990866883792,0.0034684343333003,-0.0117693567822738,0.0055801178478782,0.0087049100352334,22.44,-0.2864321608040201,-0.0050685663127752
2015-09-24,1918.75,2220000.0,23.47,-0.0050685663127752,-0.0018132371241808,-0.0159181795039977,-0.0036103875885755,-0.0089190429165562,-0.0052684517245355,0.0093012234156065,0.0130920204877938,-0.0031934625083032,0.0054990866883792,0.0034684343333003,0.0055972619702675,0.0086652661981184,22.13,0.5633802816901408,0.0002605523725005
2015-09-25,1919.25,2080000.0,23.62,0.0002605523725005,-0.0050685663127752,-0.0018132371241808,-0.0159181795039977,-0.0036103875885755,-0.0089190429165562,-0.0052684517245355,0.0093012234156065,0.0130920204877938,-0.0031934625083032,0.0054990866883792,0.0062989447569892,0.0083413812148769,23.47,-0.063063063063063,-0.0249271066704705
2015-09-28,1872.0,2350000.0,27.63,-0.0249271066704705,0.0002605523725005,-0.0050685663127752,-0.0018132371241808,-0.0159181795039977,-0.0036103875885755,-0.0089190429165562,-0.0052684517245355,0.0093012234156065,0.0130920204877938,-0.0031934625083032,0.0106440210337305,0.011046648376888,23.62,0.1298076923076923,0.0013345791384294
2015-09-29,1874.5,2370000.0,26.83,0.0013345791384294,-0.0249271066704705,0.0002605523725005,-0.0050685663127752,-0.0018132371241808,-0.0159181795039977,-0.0036103875885755,-0.0089190429165562,-0.0052684517245355,0.0093012234156065,0.0130920204877938,0.0108352820209771,0.0095102357437877,27.63,0.0085106382978723,0.0181066203568753
2015-09-30,1908.75,2220000.0,24.5,0.0181066203568753,0.0013345791384294,-0.0249271066704705,0.0002605523725005,-0.0050685663127752,-0.0018132371241808,-0.0159181795039977,-0.0036103875885755,-0.0089190429165562,-0.0052684517245355,0.0093012234156065,0.0154560403953065,0.0112733216468028,26.83,-0.0632911392405063,0.0041824659061615
2015-10-01,1916.75,2050000.0,22.55,0.0041824659061615,0.0181066203568753,0.0013345791384294,-0.0249271066704705,0.0002605523725005,-0.0050685663127752,-0.0018132371241808,-0.0159181795039977,-0.0036103875885755,-0.0089190429165562,-0.0052684517245355,0.0155590394492291,0.0116008082915461,24.5,-0.0765765765765765,0.0136021269384362
2015-10-02,1943.0,2470000.0,20.94,0.0136021269384362,0.0041824659061615,0.0181066203568753,0.0013345791384294,-0.0249271066704705,0.0002605523725005,-0.0050685663127752,-0.0018132371241808,-0.0159181795039977,-0.0036103875885755,-0.0089190429165562,0.0167574669450083,0.0126041719658742,22.55,0.2048780487804877,0.0162086376670883
2015-10-05,1974.75,1680000.0,19.54,0.0162086376670883,0.0136021269384362,0.0041824659061615,0.0181066203568753,0.0013345791384294,-0.0249271066704705,0.0002605523725005,-0.0050685663127752,-0.0018132371241808,-0.0159181795039977,-0.0036103875885755,0.0074802064396449,0.0137238446496153,20.94,-0.3198380566801619,-0.0031699766607362
2015-10-06,1968.5,1610000.0,19.4,-0.0031699766607362,0.0162086376670883,0.0136021269384362,0.0041824659061615,0.0181066203568753,0.0013345791384294,-0.0249271066704705,0.0002605523725005,-0.0050685663127752,-0.0018132371241808,-0.0159181795039977,0.0090042038530258,0.0125622356110375,19.54,-0.0416666666666666,0.0094799420694297
2015-10-07,1987.25,1940000.0,18.4,0.0094799420694297,-0.0031699766607362,0.0162086376670883,0.0136021269384362,0.0041824659061615,0.0181066203568753,0.0013345791384294,-0.0249271066704705,0.0002605523725005,-0.0050685663127752,-0.0018132371241808,0.0077504733197162,0.0127010188163417,19.4,0.2049689440993789,0.0096401372537493
2015-10-08,2006.5,1800000.0,17.42,0.0096401372537493,0.0094799420694297,-0.0031699766607362,0.0162086376670883,0.0136021269384362,0.0041824659061615,0.0181066203568753,0.0013345791384294,-0.0249271066704705,0.0002605523725005,-0.0050685663127752,0.0074460845010893,0.0125129741159171,18.4,-0.0721649484536082,0.0004982561139454
2015-10-09,2007.5,1380000.0,17.08,0.0004982561139454,0.0096401372537493,0.0094799420694297,-0.0031699766607362,0.0162086376670883,0.0136021269384362,0.0041824659061615,0.0181066203568753,0.0013345791384294,-0.0249271066704705,0.0002605523725005,0.0077865687368805,0.0125043080851101,17.42,-0.2333333333333332,0.0017419439517352
2015-10-12,2011.0,804580.0,16.17,0.0017419439517352,0.0004982561139454,0.0096401372537493,0.0094799420694297,-0.0031699766607362,0.0162086376670883,0.0136021269384362,0.0041824659061615,0.0181066203568753,0.0013345791384294,-0.0249271066704705,0.0056999014280596,0.0072876174238083,17.08,-0.4169710144927536,-0.0084894392508683
2015-10-13,1994.0,1520000.0,17.67,-0.0084894392508683,0.0017419439517352,0.0004982561139454,0.0096401372537493,0.0094799420694297,-0.0031699766607362,0.0162086376670883,0.0136021269384362,0.0041824659061615,0.0181066203568753,0.0013345791384294,0.0075003841471548,0.0086881221045487,16.17,0.8891844192000795,-0.0050276626769655
2015-10-14,1984.0,1780000.0,18.03,-0.0050276626769655,-0.0084894392508683,0.0017419439517352,0.0004982561139454,0.0096401372537493,0.0094799420694297,-0.0031699766607362,0.0162086376670883,0.0136021269384362,0.0041824659061615,0.0181066203568753,0.0069467086679242,0.0082273420907377,17.67,0.1710526315789473,0.0174873304680193
2015-10-15,2019.0,1730000.0,16.05,0.0174873304680193,-0.0050276626769655,-0.0084894392508683,0.0017419439517352,0.0004982561139454,0.0096401372537493,0.0094799420694297,-0.0031699766607362,0.0162086376670883,0.0136021269384362,0.0041824659061615,0.0099840302593391,0.0092911179706664,18.03,-0.0280898876404493,0.0032142443299077
2015-10-16,2025.5,1360000.0,15.05,0.0032142443299077,0.0174873304680193,-0.0050276626769655,-0.0084894392508683,0.0017419439517352,0.0004982561139454,0.0096401372537493,0.0094799420694297,-0.0031699766607362,0.0162086376670883,0.0136021269384362,0.0100073004548325,0.0088155223029722,16.05,-0.2138728323699421,0.0009869233468227
2015-10-19,2027.5,1310000.0,14.98,0.0009869233468227,0.0032142443299077,0.0174873304680193,-0.0050276626769655,-0.0084894392508683,0.0017419439517352,0.0004982561139454,0.0096401372537493,0.0094799420694297,-0.0031699766607362,0.0162086376670883,0.010013812195704,0.007753845588479,15.05,-0.0367647058823529,-0.0034585014710396
2015-10-20,2020.5,1280000.0,15.75,-0.0034585014710396,0.0009869233468227,0.0032142443299077,0.0174873304680193,-0.0050276626769655,-0.0084894392508683,0.0017419439517352,0.0004982561139454,0.0096401372537493,0.0094799420694297,-0.0031699766607362,0.0089371473500884,0.0077783492197982,14.98,-0.0229007633587786,-0.0059568307191914
2015-10-21,2008.5,1790000.0,16.7,-0.0059568307191914,-0.0034585014710396,0.0009869233468227,0.0032142443299077,0.0174873304680193,-0.0050276626769655,-0.0084894392508683,0.0017419439517352,0.0004982561139454,0.0096401372537493,0.0094799420694297,0.0091437281146068,0.0077946328930021,15.75,0.3984375,0.0219139632195967
2015-10-22,2053.0,2100000.0,14.45,0.0219139632195967,-0.0059568307191914,-0.0034585014710396,0.0009869233468227,0.0032142443299077,0.0174873304680193,-0.0050276626769655,-0.0084894392508683,0.0017419439517352,0.0004982561139454,0.0096401372537493,0.0109908550346655,0.0099605985259685,16.7,0.1731843575418994,0.0063122326606502
2015-10-23,2066.0,2070000.0,14.46,0.0063122326606502,0.0219139632195967,-0.0059568307191914,-0.0034585014710396,0.0009869233468227,0.0032142443299077,0.0174873304680193,-0.0050276626769655,-0.0084894392508683,0.0017419439517352,0.0004982561139454,0.0110690409834772,0.0100138658967564,14.45,-0.0142857142857142,-0.0018167509387428
2015-10-26,2062.25,1180000.0,15.29,-0.0018167509387428,0.0063122326606502,0.0219139632195967,-0.0059568307191914,-0.0034585014710396,0.0009869233468227,0.0032142443299077,0.0174873304680193,-0.0050276626769655,-0.0084894392508683,0.0017419439517352,0.0113253227341113,0.0101211632598621,14.46,-0.429951690821256,-0.0008489479619689
2015-10-27,2060.5,1240000.0,15.43,-0.0008489479619689,-0.0018167509387428,0.0063122326606502,0.0219139632195967,-0.0059568307191914,-0.0034585014710396,0.0009869233468227,0.0032142443299077,0.0174873304680193,-0.0050276626769655,-0.0084894392508683,0.0109853362239769,0.0094651322953657,15.29,0.0508474576271187,0.0115803465419795
2015-10-28,2084.5,1890000.0,14.33,0.0115803465419795,-0.0008489479619689,-0.0018167509387428,0.0063122326606502,0.0219139632195967,-0.0059568307191914,-0.0034585014710396,0.0009869233468227,0.0032142443299077,0.0174873304680193,-0.0050276626769655,0.0097762893817384,0.0093009828058653,15.43,0.5241935483870968,-0.0007198560598795
2015-10-29,2083.0,1410000.0,14.61,-0.0007198560598795,0.0115803465419795,-0.0008489479619689,-0.0018167509387428,0.0063122326606502,0.0219139632195967,-0.0059568307191914,-0.0034585014710396,0.0009869233468227,0.0032142443299077,0.0174873304680193,0.0058394658592457,0.0083004273627753,14.33,-0.2539682539682539,-0.0044505997563177
2015-10-30,2073.75,1750000.0,15.07,-0.0044505997563177,-0.0007198560598795,0.0115803465419795,-0.0008489479619689,-0.0018167509387428,0.0063122326606502,0.0219139632195967,-0.0059568307191914,-0.0034585014710396,0.0009869233468227,0.0032142443299077,0.0062379475611209,0.0086378651181819,14.61,0.2411347517730495,0.0104336258604718
2015-11-02,2095.5,1280000.0,14.15,0.0104336258604718,-0.0044505997563177,-0.0007198560598795,0.0115803465419795,-0.0008489479619689,-0.0018167509387428,0.0063122326606502,0.0219139632195967,-0.0059568307191914,-0.0034585014710396,0.0009869233468227,0.0072946294133638,0.0089814507742135,15.07,-0.2685714285714285,0.0035727083375734
2015-11-03,2103.0,1350000.0,14.54,0.0035727083375734,0.0104336258604718,-0.0044505997563177,-0.0007198560598795,0.0115803465419795,-0.0008489479619689,-0.0018167509387428,0.0063122326606502,0.0219139632195967,-0.0059568307191914,-0.0034585014710396,0.0069406556319237,0.008663251092192,14.15,0.0546875,-0.0039306822093039
2015-11-04,2094.75,1550000.0,15.51,-0.0039306822093039,0.0035727083375734,0.0104336258604718,-0.0044505997563177,-0.0007198560598795,0.0115803465419795,-0.0008489479619689,-0.0018167509387428,0.0063122326606502,0.0219139632195967,-0.0059568307191914,0.0061763439252492,0.0084248701238561,14.54,0.1481481481481481,-0.0003581020629136
2015-11-05,2094.0,1540000.0,15.05,-0.0003581020629136,-0.0039306822093039,0.0035727083375734,0.0104336258604718,-0.0044505997563177,-0.0007198560598795,0.0115803465419795,-0.0008489479619689,-0.0018167509387428,0.0063122326606502,0.0219139632195967,0.0061535148198607,0.0057387408754959,15.51,-0.0064516129032258,-0.0001193958571056
2015-11-06,2093.75,1850000.0,14.33,-0.0001193958571056,-0.0003581020629136,-0.0039306822093039,0.0035727083375734,0.0104336258604718,-0.0044505997563177,-0.0007198560598795,0.0115803465419795,-0.0008489479619689,-0.0018167509387428,0.0063122326606502,0.005449601734186,0.0055564525327786,15.05,0.2012987012987013,-0.0099598831375969
2015-11-09,2073.0,1860000.0,16.52,-0.0099598831375969,-0.0001193958571056,-0.0003581020629136,-0.0039306822093039,0.0035727083375734,0.0104336258604718,-0.0044505997563177,-0.0007198560598795,0.0115803465419795,-0.0008489479619689,-0.0018167509387428,0.0051051036830441,0.0065732184571838,14.33,0.0054054054054053,0.002409059223393
2015-11-10,2078.0,1290000.0,15.29,0.002409059223393,-0.0099598831375969,-0.0001193958571056,-0.0003581020629136,-0.0039306822093039,0.0035727083375734,0.0104336258604718,-0.0044505997563177,-0.0007198560598795,0.0115803465419795,-0.0008489479619689,0.0047956239949162,0.0065785711507995,16.52,-0.3064516129032257,-0.0043404939136297
2015-11-11,2069.0,1170000.0,16.06,-0.0043404939136297,0.002409059223393,-0.0099598831375969,-0.0001193958571056,-0.0003581020629136,-0.0039306822093039,0.0035727083375734,0.0104336258604718,-0.0044505997563177,-0.0007198560598795,0.0115803465419795,0.0048318655229615,0.0055359004450991,15.29,-0.0930232558139535,-0.0138705228996826
2015-11-12,2040.5,1810000.0,18.37,-0.0138705228996826,-0.0043404939136297,0.002409059223393,-0.0099598831375969,-0.0001193958571056,-0.0003581020629136,-0.0039306822093039,0.0035727083375734,0.0104336258604718,-0.0044505997563177,-0.0007198560598795,0.0067505685931284,0.0069182900719933,16.06,0.5470085470085471,-0.0108402145528648
2015-11-13,2018.5,2130000.0,20.08,-0.0108402145528648,-0.0138705228996826,-0.0043404939136297,0.002409059223393,-0.0099598831375969,-0.0001193958571056,-0.0003581020629136,-0.0039306822093039,0.0035727083375734,0.0104336258604718,-0.0044505997563177,0.0064382119564324,0.0074389430508112,18.37,0.1767955801104972,0.0145090458664028
2015-11-16,2048.0,1710000.0,18.16,0.0145090458664028,-0.0108402145528648,-0.0138705228996826,-0.0043404939136297,0.002409059223393,-0.0099598831375969,-0.0001193958571056,-0.0003581020629136,-0.0039306822093039,0.0035727083375734,0.0104336258604718,0.0113535784240529,0.0083002159931784,20.08,-0.1971830985915492,0.0004881620795013
2015-11-17,2049.0,1620000.0,18.84,0.0004881620795013,0.0145090458664028,-0.0108402145528648,-0.0138705228996826,-0.0043404939136297,0.002409059223393,-0.0099598831375969,-0.0001193958571056,-0.0003581020629136,-0.0039306822093039,0.0035727083375734,0.0111802185106859,0.0081132271453482,18.16,-0.0526315789473684,0.0148958249250973
2015-11-18,2079.75,1540000.0,16.85,0.0148958249250973,0.0004881620795013,0.0145090458664028,-0.0108402145528648,-0.0138705228996826,-0.0043404939136297,0.002409059223393,-0.0099598831375969,-0.0001193958571056,-0.0003581020629136,-0.0039306822093039,0.0135754073076125,0.0097829703641669,18.84,-0.0493827160493827,-0.0002404424152002
2015-11-19,2079.25,1280000.0,16.99,-0.0002404424152002,0.0148958249250973,0.0004881620795013,0.0145090458664028,-0.0108402145528648,-0.0138705228996826,-0.0043404939136297,0.002409059223393,-0.0099598831375969,-0.0001193958571056,-0.0003581020629136,0.0109478682976741,0.0097835229174921,16.85,-0.1688311688311687,0.0045585491608066
2015-11-20,2088.75,1270000.0,15.47,0.0045585491608066,-0.0002404424152002,0.0148958249250973,0.0004881620795013,0.0145090458664028,-0.0108402145528648,-0.0138705228996826,-0.0043404939136297,0.002409059223393,-0.0099598831375969,-0.0001193958571056,0.0074059787098244,0.0099255407495412,16.99,-0.0078125,-0.0021567226188807
2015-11-23,2084.25,976100.0,15.62,-0.0021567226188807,0.0045585491608066,-0.0002404424152002,0.0148958249250973,0.0004881620795013,0.0145090458664028,-0.0108402145528648,-0.0138705228996826,-0.0043404939136297,0.002409059223393,-0.0099598831375969,0.0068199253707267,0.0093674484917575,15.47,-0.2314173228346456,0.0002398656763718
2015-11-24,2084.75,1520000.0,15.93,0.0002398656763718,-0.0021567226188807,0.0045585491608066,-0.0002404424152002,0.0148958249250973,0.0004881620795013,0.0145090458664028,-0.0108402145528648,-0.0138705228996826,-0.0043404939136297,0.002409059223393,0.0068482664297725,0.0093444772261532,15.62,0.5572174982071509,0.0015577260354345
2015-11-25,2088.0,746320.0,15.19,0.0015577260354345,0.0002398656763718,-0.0021567226188807,0.0045585491608066,-0.0002404424152002,0.0148958249250973,0.0004881620795013,0.0145090458664028,-0.0108402145528648,-0.0138705228996826,-0.0043404939136297,0.0024919361682964,0.0092023871831491,15.93,-0.509,0.0009573959563272
2015-11-27,2090.0,653390.0,15.12,0.0009573959563272,0.0015577260354345,0.0002398656763718,-0.0021567226188807,0.0045585491608066,-0.0002404424152002,0.0148958249250973,0.0004881620795013,0.0145090458664028,-0.0108402145528648,-0.0138705228996826,0.0024245581715139,0.007612742584173,15.19,-0.1245176331868367,-0.0049163717948596
2015-11-30,2079.75,1390000.0,16.13,-0.0049163717948596,0.0009573959563272,0.0015577260354345,0.0002398656763718,-0.0021567226188807,0.0045585491608066,-0.0002404424152002,0.0148958249250973,0.0004881620795013,0.0145090458664028,-0.0108402145528648,0.0026689702072215,0.0066360796073326,15.12,1.1273665039256795,0.0096896505475173
2015-12-01,2100.0,1480000.0,14.67,0.0096896505475173,-0.0049163717948596,0.0009573959563272,0.0015577260354345,0.0002398656763718,-0.0021567226188807,0.0045585491608066,-0.0002404424152002,0.0148958249250973,0.0004881620795013,0.0145090458664028,0.0052470404338818,0.0058329095101893,16.13,0.0647482014388489,-0.0088485570764842
2015-12-02,2081.5,1730000.0,15.91,-0.0088485570764842,0.0096896505475173,-0.0049163717948596,0.0009573959563272,0.0015577260354345,0.0002398656763718,-0.0021567226188807,0.0045585491608066,-0.0002404424152002,0.0148958249250973,0.0004881620795013,0.0070571471140371,0.0068505298274845,14.67,0.1689189189189188,-0.0146394242307295
2015-12-03,2051.25,2660000.0,18.11,-0.0146394242307295,-0.0088485570764842,0.0096896505475173,-0.0049163717948596,0.0009573959563272,0.0015577260354345,0.0002398656763718,-0.0021567226188807,0.0045585491608066,-0.0002404424152002,0.0148958249250973,0.0093343714704559,0.0068355332942293,15.91,0.5375722543352601,0.0179967415329294
2015-12-04,2088.5,2270000.0,14.81,0.0179967415329294,-0.0146394242307295,-0.0088485570764842,0.0096896505475173,-0.0049163717948596,0.0009573959563272,0.0015577260354345,0.0002398656763718,-0.0021567226188807,0.0045585491608066,-0.0002404424152002,0.0135503630550873,0.0091979139145137,18.11,-0.1466165413533834,-0.0035975575435955
2015-12-07,2081.0,1700000.0,15.84,-0.0035975575435955,0.0179967415329294,-0.0146394242307295,-0.0088485570764842,0.0096896505475173,-0.0049163717948596,0.0009573959563272,0.0015577260354345,0.0002398656763718,-0.0021567226188807,0.0045585491608066,0.0134466720142745,0.009154022659343,14.81,-0.251101321585903,-0.0107495449017843
2015-12-08,2058.75,2010000.0,17.6,-0.0107495449017843,-0.0035975575435955,0.0179967415329294,-0.0146394242307295,-0.0088485570764842,0.0096896505475173,-0.0049163717948596,0.0009573959563272,0.0015577260354345,0.0002398656763718,-0.0021567226188807,0.0129061572651988,0.0097256501726298,15.84,0.1823529411764706,-0.0081692827672392
2015-12-09,2042.0,2690000.0,19.61,-0.0081692827672392,-0.0107495449017843,-0.0035975575435955,0.0179967415329294,-0.0146394242307295,-0.0088485570764842,0.0096896505475173,-0.0049163717948596,0.0009573959563272,0.0015577260354345,0.0002398656763718,0.0128453667500891,0.0099454023895363,17.6,0.3383084577114428,0.0035441528085291
2015-12-10,2049.25,1810000.0,19.34,0.0035441528085291,-0.0081692827672392,-0.0107495449017843,-0.0035975575435955,0.0179967415329294,-0.0146394242307295,-0.0088485570764842,0.0096896505475173,-0.0049163717948596,0.0009573959563272,0.0015577260354345,0.0115269870873896,0.0100452897870649,19.61,-0.3271375464684015,-0.0194635363250698
2015-12-11,2009.75,1580000.0,24.39,-0.0194635363250698,0.0035441528085291,-0.0081692827672392,-0.0107495449017843,-0.0035975575435955,0.0179967415329294,-0.0146394242307295,-0.0088485570764842,0.0096896505475173,-0.0049163717948596,0.0009573959563272,0.0085317190333086,0.0113913884441922,19.34,-0.1270718232044199,0.0043443250849252
2015-12-14,2018.5,1270000.0,22.73,0.0043443250849252,-0.0194635363250698,0.0035441528085291,-0.0081692827672392,-0.0107495449017843,-0.0035975575435955,0.0179967415329294,-0.0146394242307295,-0.0088485570764842,0.0096896505475173,-0.0049163717948596,0.0100818885194424,0.0116738936611835,24.39,-0.1962025316455696,0.0132875970764576
2015-12-15,2045.5,1040000.0,20.95,0.0132875970764576,0.0043443250849252,-0.0194635363250698,0.0035441528085291,-0.0081692827672392,-0.0107495449017843,-0.0035975575435955,0.0179967415329294,-0.0146394242307295,-0.0088485570764842,0.0096896505475173,0.0127006194132017,0.0121536699171525,22.73,-0.1811023622047244,0.0128720660099205
2015-12-16,2072.0,575720.0,17.86,0.0128720660099205,0.0132875970764576,0.0043443250849252,-0.0194635363250698,0.0035441528085291,-0.0081692827672392,-0.0107495449017843,-0.0035975575435955,0.0179967415329294,-0.0146394242307295,-0.0088485570764842,0.0133226461963634,0.0128402532784372,20.95,-0.4464230769230769,-0.018387123802607
2015-12-17,2034.25,408500.0,18.94,-0.018387123802607,0.0128720660099205,0.0132875970764576,0.0043443250849252,-0.0194635363250698,0.0035441528085291,-0.0081692827672392,-0.0107495449017843,-0.0035975575435955,0.0179967415329294,-0.0146394242307295,0.0163343528347187,0.0133449501485677,17.86,-0.2904536927673175,-0.0022293480887762
2015-12-18,2029.72,2120000.0,20.7,-0.0022293480887762,-0.018387123802607,0.0128720660099205,0.0132875970764576,0.0043443250849252,-0.0194635363250698,0.0035441528085291,-0.0081692827672392,-0.0107495449017843,-0.0035975575435955,0.0179967415329294,0.013082690843914,0.0115916737595469,18.94,4.189718482252142,-0.007278657107207
2015-12-21,2015.0,1280000.0,18.7,-0.007278657107207,-0.0022293480887762,-0.018387123802607,0.0128720660099205,0.0132875970764576,0.0043443250849252,-0.0194635363250698,0.0035441528085291,-0.0081692827672392,-0.0107495449017843,-0.0035975575435955,0.0135801612192304,0.0116760233556181,20.7,-0.3962264150943396,0.0103679032896299
2015-12-22,2036.0,1140000.0,16.6,0.0103679032896299,-0.007278657107207,-0.0022293480887762,-0.018387123802607,0.0128720660099205,0.0132875970764576,0.0043443250849252,-0.0194635363250698,0.0035441528085291,-0.0081692827672392,-0.0107495449017843,0.0128926778011762,0.0120666301477313,18.7,-0.109375,0.0083150393485202
2015-12-23,2053.0,1000000.0,15.57,0.0083150393485202,0.0103679032896299,-0.007278657107207,-0.0022293480887762,-0.018387123802607,0.0128720660099205,0.0132875970764576,0.0043443250849252,-0.0194635363250698,0.0035441528085291,-0.0081692827672392,0.0117865981775942,0.0121211290240378,16.6,-0.1228070175438597,-0.0008527746146329
2015-12-24,2051.25,325210.0,15.74,-0.0008527746146329,0.0083150393485202,0.0103679032896299,-0.007278657107207,-0.0022293480887762,-0.018387123802607,0.0128720660099205,0.0132875970764576,0.0043443250849252,-0.0194635363250698,0.0035441528085291,0.007440727214015,0.0120796120907109,15.57,-0.67479,-0.0012195123462612
2015-12-28,2048.75,696450.0,16.91,-0.0012195123462612,-0.0008527746146329,0.0083150393485202,0.0103679032896299,-0.007278657107207,-0.0022293480887762,-0.018387123802607,0.0128720660099205,0.0132875970764576,0.0043443250849252,-0.0194635363250698,0.0073213616001159,0.0099948175547851,15.74,1.141539313059254,0.0116463769382886
2015-12-29,2072.75,832690.0,16.08,0.0116463769382886,-0.0012195123462612,-0.0008527746146329,0.0083150393485202,0.0103679032896299,-0.007278657107207,-0.0022293480887762,-0.018387123802607,0.0128720660099205,0.0132875970764576,0.0043443250849252,0.0062208088348321,0.0104479235682559,16.91,0.1956206475698183,-0.0088437186728636
2015-12-30,2054.5,720600.0,17.29,-0.0088437186728636,0.0116463769382886,-0.0012195123462612,-0.0008527746146329,0.0083150393485202,0.0103679032896299,-0.007278657107207,-0.0022293480887762,-0.018387123802607,0.0128720660099205,0.0132875970764576,0.0081981686865187,0.0102875059367475,16.08,-0.1346119204025507,-0.0092910203804308
2015-12-31,2035.5,1030000.0,18.21,-0.0092910203804308,-0.0088437186728636,0.0116463769382886,-0.0012195123462612,-0.0008527746146329,0.0083150393485202,0.0103679032896299,-0.007278657107207,-0.0022293480887762,-0.018387123802607,0.0128720660099205,0.0084813030816162,0.0096808404383352,17.29,0.4293644185401055,-0.013104403128099
2016-01-04,2009.0,2220000.0,20.7,-0.013104403128099,-0.0092910203804308,-0.0088437186728636,0.0116463769382886,-0.0012195123462612,-0.0008527746146329,0.0083150393485202,0.0103679032896299,-0.007278657107207,-0.0022293480887762,-0.018387123802607,0.0098330428591316,0.0087755606038857,18.21,1.1553398058252426,0.0013679042113077
2016-01-05,2011.75,1690000.0,19.34,0.0013679042113077,-0.013104403128099,-0.0092910203804308,-0.0088437186728636,0.0116463769382886,-0.0012195123462612,-0.0008527746146329,0.0083150393485202,0.0103679032896299,-0.007278657107207,-0.0022293480887762,0.0100913322561048,0.0088045905996225,20.7,-0.2387387387387387,-0.0128824244211242
2016-01-06,1986.0,2240000.0,20.59,-0.0128824244211242,0.0013679042113077,-0.013104403128099,-0.0092910203804308,-0.0088437186728636,0.0116463769382886,-0.0012195123462612,-0.0008527746146329,0.0083150393485202,0.0103679032896299,-0.007278657107207,0.0058845707647848,0.0094136922919957,19.34,0.3254437869822486,-0.0270493653967869
2016-01-07,1933.0,2970000.0,24.99,-0.0270493653967869,-0.0128824244211242,0.0013679042113077,-0.013104403128099,-0.0092910203804308,-0.0088437186728636,0.0116463769382886,-0.0012195123462612,-0.0008527746146329,0.0083150393485202,0.0103679032896299,0.0101776367193054,0.0114175455379153,20.59,0.3258928571428572,-0.0111849260718634
2016-01-08,1911.5,2690000.0,27.01,-0.0111849260718634,-0.0270493653967869,-0.0128824244211242,0.0013679042113077,-0.013104403128099,-0.0092910203804308,-0.0088437186728636,0.0116463769382886,-0.0012195123462612,-0.0008527746146329,0.0083150393485202,0.0100774354319303,0.0104812907217773,24.99,-0.0942760942760942,0.0014376268567653
2016-01-11,1914.25,2490000.0,24.3,0.0014376268567653,-0.0111849260718634,-0.0270493653967869,-0.0128824244211242,0.0013679042113077,-0.013104403128099,-0.0092910203804308,-0.0088437186728636,0.0116463769382886,-0.0012195123462612,-0.0008527746146329,0.0118308010686428,0.0106575238581252,27.01,-0.0743494423791821,0.0056000667286517
2016-01-12,1925.0,2430000.0,22.47,0.0056000667286517,0.0014376268567653,-0.0111849260718634,-0.0270493653967869,-0.0128824244211242,0.0013679042113077,-0.013104403128099,-0.0092910203804308,-0.0088437186728636,0.0116463769382886,-0.0012195123462612,0.0129186210124276,0.0112632479417408,24.3,-0.0240963855421686,-0.0228566366883926
2016-01-13,1881.5,2900000.0,25.22,-0.0228566366883926,0.0056000667286517,0.0014376268567653,-0.0111849260718634,-0.0270493653967869,-0.0128824244211242,0.0013679042113077,-0.013104403128099,-0.0092910203804308,-0.0088437186728636,0.0116463769382886,0.0143898720036065,0.0104326112136141,22.47,0.1934156378600822,0.0173871608838571
2016-01-14,1914.5,3050000.0,23.95,0.0173871608838571,-0.0228566366883926,0.0056000667286517,0.0014376268567653,-0.0111849260718634,-0.0270493653967869,-0.0128824244211242,0.0013679042113077,-0.013104403128099,-0.0092910203804308,-0.0088437186728636,0.0155303982419417,0.0135101463965779,25.22,0.0517241379310344,-0.0208478325128379
2016-01-15,1875.0,3440000.0,27.02,-0.0208478325128379,0.0173871608838571,-0.0228566366883926,0.0056000667286517,0.0014376268567653,-0.0111849260718634,-0.0270493653967869,-0.0128824244211242,0.0013679042113077,-0.013104403128099,-0.0092910203804308,0.0174532098358135,0.0141991502726078,23.95,0.1278688524590163,-0.0010672359604226
2016-01-19,1873.0,2800000.0,26.05,-0.0010672359604226,-0.0208478325128379,0.0173871608838571,-0.0228566366883926,0.0056000667286517,0.0014376268567653,-0.0111849260718634,-0.0270493653967869,-0.0128824244211242,0.0013679042113077,-0.013104403128099,0.0172985430913442,0.0142485726688988,27.02,-0.1860465116279069,-0.009656727402553
2016-01-20,1855.0,3930000.0,27.59,-0.009656727402553,-0.0010672359604226,-0.0208478325128379,0.0173871608838571,-0.0228566366883926,0.0056000667286517,0.0014376268567653,-0.0111849260718634,-0.0270493653967869,-0.0128824244211242,0.0013679042113077,0.0164267429818923,0.0139517725230251,26.05,0.4035714285714284,0.0032292816007152
2016-01-21,1861.0,2730000.0,26.69,0.0032292816007152,-0.009656727402553,-0.0010672359604226,-0.0208478325128379,0.0173871608838571,-0.0228566366883926,0.0056000667286517,0.0014376268567653,-0.0111849260718634,-0.0270493653967869,-0.0128824244211242,0.0142982618426001,0.0142664235501981,27.59,-0.3053435114503816,0.0203450937410803
2016-01-22,1899.25,2110000.0,22.34,0.0203450937410803,0.0032292816007152,-0.009656727402553,-0.0010672359604226,-0.0208478325128379,0.0173871608838571,-0.0228566366883926,0.0056000667286517,0.0014376268567653,-0.0111849260718634,-0.0270493653967869,0.0153344615911045,0.0145511287712347,26.69,-0.227106227106227,-0.0153869596308166
2016-01-25,1870.25,1640000.0,24.15,-0.0153869596308166,0.0203450937410803,0.0032292816007152,-0.009656727402553,-0.0010672359604226,-0.0208478325128379,0.0173871608838571,-0.0228566366883926,0.0056000667286517,0.0014376268567653,-0.0111849260718634,0.0137314801423107,0.0149097483077754,22.34,-0.2227488151658767,0.0136742920624527
2016-01-26,1896.0,1780000.0,22.5,0.0136742920624527,-0.0153869596308166,0.0203450937410803,0.0032292816007152,-0.009656727402553,-0.0010672359604226,-0.0208478325128379,0.0173871608838571,-0.0228566366883926,0.0056000667286517,0.0014376268567653,0.0150959925479926,0.0157199189329911,24.15,0.0853658536585366,-0.0111377444104558
2016-01-27,1875.0,2110000.0,23.11,-0.0111377444104558,0.0136742920624527,-0.0153869596308166,0.0203450937410803,0.0032292816007152,-0.009656727402553,-0.0010672359604226,-0.0208478325128379,0.0173871608838571,-0.0228566366883926,0.0056000667286517,0.0154040949230248,0.0158347293049075,22.5,0.1853932584269662,0.0030619740358198
2016-01-28,1880.75,2250000.0,22.42,0.0030619740358198,-0.0111377444104558,0.0136742920624527,-0.0153869596308166,0.0203450937410803,0.0032292816007152,-0.009656727402553,-0.0010672359604226,-0.0208478325128379,0.0173871608838571,-0.0228566366883926,0.015401331668429,0.0141924936711795,23.11,0.0663507109004739,0.0258493694586003
2016-01-29,1930.0,2410000.0,20.2,0.0258493694586003,0.0030619740358198,-0.0111377444104558,0.0136742920624527,-0.0153869596308166,0.0203450937410803,0.0032292816007152,-0.009656727402553,-0.0010672359604226,-0.0208478325128379,0.0173871608838571,0.0171301563245622,0.0155357376619428,22.42,0.0711111111111111,0.0006474587471243
2016-02-01,1931.25,1750000.0,19.98,0.0006474587471243,0.0258493694586003,0.0030619740358198,-0.0111377444104558,0.0136742920624527,-0.0153869596308166,0.0203450937410803,0.0032292816007152,-0.009656727402553,-0.0010672359604226,-0.0208478325128379,0.0139910516602273,0.0135693655243133,20.2,-0.2738589211618257,-0.0176302313762706
2016-02-02,1897.5,2100000.0,21.98,-0.0176302313762706,0.0006474587471243,0.0258493694586003,0.0030619740358198,-0.0111377444104558,0.0136742920624527,-0.0153869596308166,0.0203450937410803,0.0032292816007152,-0.009656727402553,-0.0010672359604226,0.0166788347679748,0.0150455544259862,19.98,0.1999999999999999,0.0057803629154993
2016-02-03,1908.5,2850000.0,21.65,0.0057803629154993,-0.0176302313762706,0.0006474587471243,0.0258493694586003,0.0030619740358198,-0.0111377444104558,0.0136742920624527,-0.0153869596308166,0.0203450937410803,0.0032292816007152,-0.009656727402553,0.0154879079923486,0.0145812844986756,21.98,0.3571428571428572,-0.0003930560155418
2016-02-04,1907.75,2260000.0,21.84,-0.0003930560155418,0.0057803629154993,-0.0176302313762706,0.0006474587471243,0.0258493694586003,0.0030619740358198,-0.0111377444104558,0.0136742920624527,-0.0153869596308166,0.0203450937410803,0.0032292816007152,0.0155913958385549,0.0146155835009093,21.65,-0.2070175438596491,-0.0171825533199969
2016-02-05,1875.25,2320000.0,23.38,-0.0171825533199969,-0.0003930560155418,0.0057803629154993,-0.0176302313762706,0.0006474587471243,0.0258493694586003,0.0030619740358198,-0.0111377444104558,0.0136742920624527,-0.0153869596308166,0.0203450937410803,0.0108905533857532,0.014334258821992,21.84,0.0265486725663717,-0.012475847643621
2016-02-08,1852.0,2670000.0,26.0,-0.012475847643621,-0.0171825533199969,-0.0003930560155418,0.0057803629154993,-0.0176302313762706,0.0006474587471243,0.0258493694586003,0.0030619740358198,-0.0111377444104558,0.0136742920624527,-0.0153869596308166,0.0105372534982299,0.0140423318236965,23.38,0.1508620689655173,-0.0020268907689152
2016-02-09,1848.25,2790000.0,26.54,-0.0020268907689152,-0.012475847643621,-0.0171825533199969,-0.0003930560155418,0.0057803629154993,-0.0176302313762706,0.0006474587471243,0.0258493694586003,0.0030619740358198,-0.0111377444104558,0.0136742920624527,0.00935742334227,0.0130654760213995,26.0,0.0449438202247192,-0.0008119080283623
2016-02-10,1846.75,2360000.0,26.29,-0.0008119080283623,-0.0020268907689152,-0.012475847643621,-0.0171825533199969,-0.0003930560155418,0.0057803629154993,-0.0176302313762706,0.0006474587471243,0.0258493694586003,0.0030619740358198,-0.0111377444104558,0.0077371684400765,0.0127147511715198,26.54,-0.1541218637992831,-0.0121213605323448
2016-02-11,1824.5,3200000.0,28.14,-0.0121213605323448,-0.0008119080283623,-0.0020268907689152,-0.012475847643621,-0.0171825533199969,-0.0003930560155418,0.0057803629154993,-0.0176302313762706,0.0006474587471243,0.0258493694586003,0.0030619740358198,0.0071487514728759,0.0130101746049933,26.29,0.3559322033898304,0.0183292077289004
2016-02-12,1858.25,2020000.0,25.4,0.0183292077289004,-0.0121213605323448,-0.0008119080283623,-0.0020268907689152,-0.012475847643621,-0.0171825533199969,-0.0003930560155418,0.0057803629154993,-0.0176302313762706,0.0006474587471243,0.0258493694586003,0.0125171355937708,0.011253774847896,28.14,-0.36875,0.0162800499815465
2016-02-16,1888.75,2030000.0,24.11,0.0162800499815465,0.0183292077289004,-0.0121213605323448,-0.0008119080283623,-0.0020268907689152,-0.012475847643621,-0.0171825533199969,-0.0003930560155418,0.0057803629154993,-0.0176302313762706,0.0006474587471243,0.0129949733736326,0.0129033055382505,25.4,0.0049504950495049,0.0178412183502139
2016-02-17,1922.75,1850000.0,22.31,0.0178412183502139,0.0162800499815465,0.0183292077289004,-0.0121213605323448,-0.0008119080283623,-0.0020268907689152,-0.012475847643621,-0.0171825533199969,-0.0003930560155418,0.0057803629154993,-0.0176302313762706,0.0137347514873182,0.013072375599273,24.11,-0.0886699507389162,-0.0032558471165534
2016-02-18,1916.5,1620000.0,21.64,-0.0032558471165534,0.0178412183502139,0.0162800499815465,0.0183292077289004,-0.0121213605323448,-0.0008119080283623,-0.0020268907689152,-0.012475847643621,-0.0171825533199969,-0.0003930560155418,0.0057803629154993,0.0141593734946693,0.0130422220525405,22.31,-0.1243243243243242,-0.0010441139032606
2016-02-19,1914.5,1620000.0,20.53,-0.0010441139032606,-0.0032558471165534,0.0178412183502139,0.0162800499815465,0.0183292077289004,-0.0121213605323448,-0.0008119080283623,-0.0020268907689152,-0.012475847643621,-0.0171825533199969,-0.0003930560155418,0.0108086221386033,0.013048345891161,21.64,0.0,0.0112966208137292
2016-02-22,1936.25,1430000.0,19.38,0.0112966208137292,-0.0010441139032606,-0.0032558471165534,0.0178412183502139,0.0162800499815465,0.0183292077289004,-0.0121213605323448,-0.0008119080283623,-0.0020268907689152,-0.012475847643621,-0.0171825533199969,0.009804548090689,0.0118485053482202,20.53,-0.1172839506172839,-0.0105134332002725
2016-02-23,1916.0,1600000.0,20.98,-0.0105134332002725,0.0112966208137292,-0.0010441139032606,-0.0032558471165534,0.0178412183502139,0.0162800499815465,0.0183292077289004,-0.0121213605323448,-0.0008119080283623,-0.0020268907689152,-0.012475847643621,0.0114794137631806,0.0115730543684376,19.38,0.1188811188811189,0.0074098486581194
2016-02-24,1930.25,2320000.0,20.72,0.0074098486581194,-0.0105134332002725,0.0112966208137292,-0.0010441139032606,-0.0032558471165534,0.0178412183502139,0.0162800499815465,0.0183292077289004,-0.0121213605323448,-0.0008119080283623,-0.0020268907689152,0.0086849191692866,0.0114658563542441,20.98,0.4499999999999999,0.0104362217577861
2016-02-25,1950.5,1840000.0,19.11,0.0104362217577861,0.0074098486581194,-0.0105134332002725,0.0112966208137292,-0.0010441139032606,-0.0032558471165534,0.0178412183502139,0.0162800499815465,0.0183292077289004,-0.0121213605323448,-0.0008119080283623,0.0092359246455825,0.0114559026323602,20.72,-0.2068965517241379,-0.0039812548573596
2016-02-26,1942.75,1880000.0,19.81,-0.0039812548573596,0.0104362217577861,0.0074098486581194,-0.0105134332002725,0.0112966208137292,-0.0010441139032606,-0.0032558471165534,0.0178412183502139,0.0162800499815465,0.0183292077289004,-0.0121213605323448,0.0096812201198187,0.0102980643937813,19.11,0.0217391304347827,-0.0068435931116781
2016-02-29,1929.5,1830000.0,20.55,-0.0068435931116781,-0.0039812548573596,0.0104362217577861,0.0074098486581194,-0.0105134332002725,0.0112966208137292,-0.0010441139032606,-0.0032558471165534,0.0178412183502139,0.0162800499815465,0.0183292077289004,0.0091460224838276,0.0101001760778402,19.81,-0.026595744680851,0.0248253312049839
2016-03-01,1978.0,2040000.0,17.7,0.0248253312049839,-0.0068435931116781,-0.0039812548573596,0.0104362217577861,0.0074098486581194,-0.0105134332002725,0.0112966208137292,-0.0010441139032606,-0.0032558471165534,0.0178412183502139,0.0162800499815465,0.0126487372113628,0.0115362828738588,20.55,0.1147540983606556,0.0027767277717273
2016-03-02,1983.5,1820000.0,17.09,0.0027767277717273,0.0248253312049839,-0.0068435931116781,-0.0039812548573596,0.0104362217577861,0.0074098486581194,-0.0105134332002725,0.0112966208137292,-0.0010441139032606,-0.0032558471165534,0.0178412183502139,0.012722941714424,0.010559819941854,17.7,-0.1078431372549019,0.003522902485987
2016-03-03,1990.5,1560000.0,16.7,0.003522902485987,0.0027767277717273,0.0248253312049839,-0.0068435931116781,-0.0039812548573596,0.0104362217577861,0.0074098486581194,-0.0105134332002725,0.0112966208137292,-0.0010441139032606,-0.0032558471165534,0.0124165651835315,0.010320587224517,17.09,-0.1428571428571429,0.0022581868835918
2016-03-04,1995.0,2250000.0,16.86,0.0022581868835918,0.003522902485987,0.0027767277717273,0.0248253312049839,-0.0068435931116781,-0.0039812548573596,0.0104362217577861,0.0074098486581194,-0.0105134332002725,0.0112966208137292,-0.0010441139032606,0.0116991741669062,0.0102009133459802,16.7,0.4423076923076923,0.0020030051764361
2016-03-07,1999.0,1630000.0,17.35,0.0020030051764361,0.0022581868835918,0.003522902485987,0.0027767277717273,0.0248253312049839,-0.0068435931116781,-0.0039812548573596,0.0104362217577861,0.0074098486581194,-0.0105134332002725,0.0112966208137292,0.009938480693653,0.0098930122587723,16.86,-0.2755555555555555,-0.0090452878018491
2016-03-08,1981.0,1930000.0,18.67,-0.0090452878018491,0.0020030051764361,0.0022581868835918,0.003522902485987,0.0027767277717273,0.0248253312049839,-0.0068435931116781,-0.0039812548573596,0.0104362217577861,0.0074098486581194,-0.0105134332002725,0.0052580975463234,0.0096755685654223,17.35,0.1840490797546012,0.0040302321554212
2016-03-09,1989.0,1740000.0,18.34,0.0040302321554212,-0.0090452878018491,0.0020030051764361,0.0022581868835918,0.003522902485987,0.0027767277717273,0.0248253312049839,-0.0068435931116781,-0.0039812548573596,0.0104362217577861,0.0074098486581194,0.0054325124717575,0.009575980307489,18.67,-0.0984455958549223,-0.0001256992019755
2016-03-10,1988.75,2740000.0,18.05,-0.0001256992019755,0.0040302321554212,-0.0090452878018491,0.0020030051764361,0.0022581868835918,0.003522902485987,0.0027767277717273,0.0248253312049839,-0.0068435931116781,-0.0039812548573596,0.0104362217577861,0.0051728259813315,0.0092410602271801,18.34,0.5747126436781609,0.0155912107432538
2016-03-11,2020.0,1220000.0,16.5,0.0155912107432538,-0.0001256992019755,0.0040302321554212,-0.0090452878018491,0.0020030051764361,0.0022581868835918,0.003522902485987,0.0027767277717273,0.0248253312049839,-0.0068435931116781,-0.0039812548573596,0.0088622224439021,0.0098965788488811,18.05,-0.5547445255474452,-0.0006190034242837
2016-03-14,2018.75,880360.0,16.92,-0.0006190034242837,0.0155912107432538,-0.0001256992019755,0.0040302321554212,-0.0090452878018491,0.0020030051764361,0.0022581868835918,0.003522902485987,0.0027767277717273,0.0248253312049839,-0.0068435931116781,0.0089751508215442,0.0093250629885087,16.5,-0.2783934426229508,-0.0014871734058352
2016-03-15,2015.75,923450.0,16.84,-0.0014871734058352,-0.0006190034242837,0.0155912107432538,-0.0001256992019755,0.0040302321554212,-0.0090452878018491,0.0020030051764361,0.0022581868835918,0.003522902485987,0.0027767277717273,0.0248253312049839,0.0070968279317832,0.0061214442405101,16.92,0.0489458857740014,0.0055655328868685
2016-03-16,2027.0,580250.0,14.99,0.0055655328868685,-0.0014871734058352,-0.0006190034242837,0.0155912107432538,-0.0001256992019755,0.0040302321554212,-0.0090452878018491,0.0020030051764361,0.0022581868835918,0.003522902485987,0.0027767277717273,0.007159635750205,0.0062288877500012,16.84,-0.3716497915425848,0.0062703838569094
2016-03-17,2039.75,479140.0,14.44,0.0062703838569094,0.0055655328868685,-0.0014871734058352,-0.0006190034242837,0.0155912107432538,-0.0001256992019755,0.0040302321554212,-0.0090452878018491,0.0020030051764361,0.0022581868835918,0.003522902485987,0.0068509755512022,0.006354549280502,14.99,-0.1742524773804394,0.0050466875820346
2016-03-18,2050.07,1780000.0,14.02,0.0050466875820346,0.0062703838569094,0.0055655328868685,-0.0014871734058352,-0.0006190034242837,0.0155912107432538,-0.0001256992019755,0.0040302321554212,-0.0090452878018491,0.0020030051764361,0.0022581868835918,0.0036975739901203,0.0064064531488128,14.44,2.7149893559293736,-0.0035769996261274
2016-03-21,2042.75,1280000.0,13.79,-0.0035769996261274,0.0050466875820346,0.0062703838569094,0.0055655328868685,-0.0014871734058352,-0.0006190034242837,0.0155912107432538,-0.0001256992019755,0.0040302321554212,-0.0090452878018491,0.0020030051764361,0.0045506448167624,0.0067118602368877,14.02,-0.2808988764044944,-0.0001223915306589
2016-03-22,2042.5,1500000.0,14.17,-0.0001223915306589,-0.0035769996261274,0.0050466875820346,0.0062703838569094,0.0055655328868685,-0.0014871734058352,-0.0006190034242837,0.0155912107432538,-0.0001256992019755,0.0040302321554212,-0.0090452878018491,0.0042957074416955,0.0055481890700664,13.79,0.171875,-0.0067547079053569
2016-03-23,2028.75,1560000.0,14.94,-0.0067547079053569,-0.0001223915306589,-0.0035769996261274,0.0050466875820346,0.0062703838569094,0.0055655328868685,-0.0014871734058352,-0.0006190034242837,0.0155912107432538,-0.0001256992019755,0.0040302321554212,0.0055469318072652,0.0063310395152995,14.17,0.04,-0.000123236182299
2016-03-24,2028.5,1520000.0,14.74,-0.000123236182299,-0.0067547079053569,-0.0001223915306589,-0.0035769996261274,0.0050466875820346,0.0062703838569094,0.0055655328868685,-0.0014871734058352,-0.0006190034242837,0.0155912107432538,-0.0001256992019755,0.0044102895282771,0.0063309485930565,14.94,-0.0256410256410256,-0.0002465179354281
2016-03-28,2028.0,907830.0,15.24,-0.0002465179354281,-0.000123236182299,-0.0067547079053569,-0.0001223915306589,-0.0035769996261274,0.0050466875820346,0.0062703838569094,0.0055655328868685,-0.0014871734058352,-0.0006190034242837,0.0155912107432538,0.0029614516548481,0.0041540667401218,14.74,-0.4027434210526316,0.0095694510161506
2016-03-29,2047.5,1550000.0,13.82,0.0095694510161506,-0.0002465179354281,-0.000123236182299,-0.0067547079053569,-0.0001223915306589,-0.0035769996261274,0.0050466875820346,0.0062703838569094,0.0055655328868685,-0.0014871734058352,-0.0006190034242837,0.0058355059287649,0.0050339191357495,15.24,0.70736811958186,0.0037779583050182
2016-03-30,2055.25,1630000.0,13.56,0.0037779583050182,0.0095694510161506,-0.0002465179354281,-0.000123236182299,-0.0067547079053569,-0.0001223915306589,-0.0035769996261274,0.0050466875820346,0.0062703838569094,0.0055655328868685,-0.0014871734058352,0.0059959232864049,0.0049717124707223,13.82,0.0516129032258063,-0.001826262150002
2016-03-31,2051.5,1740000.0,13.95,-0.001826262150002,0.0037779583050182,0.0095694510161506,-0.0002465179354281,-0.000123236182299,-0.0067547079053569,-0.0001223915306589,-0.0035769996261274,0.0050466875820346,0.0062703838569094,0.0055655328868685,0.0045931427146382,0.0049221360526585,13.56,0.0674846625766871,0.0065589935128923
2016-04-01,2065.0,2050000.0,13.1,0.0065589935128923,-0.001826262150002,0.0037779583050182,0.0095694510161506,-0.0002465179354281,-0.000123236182299,-0.0067547079053569,-0.0001223915306589,-0.0035769996261274,0.0050466875820346,0.0062703838569094,0.004707869530691,0.0049558906604948,13.95,0.1781609195402298,-0.0036385728439082
2016-04-04,2057.5,1380000.0,14.12,-0.0036385728439082,0.0065589935128923,-0.001826262150002,0.0037779583050182,0.0095694510161506,-0.0002465179354281,-0.000123236182299,-0.0067547079053569,-0.0001223915306589,-0.0035769996261274,0.0050466875820346,0.0055617089786264,0.0049737685309999,13.1,-0.3268292682926829,-0.0091547786160012
2016-04-05,2038.75,1830000.0,15.42,-0.0091547786160012,-0.0036385728439082,0.0065589935128923,-0.001826262150002,0.0037779583050182,0.0095694510161506,-0.0002465179354281,-0.000123236182299,-0.0067547079053569,-0.0001223915306589,-0.0035769996261274,0.0062050290841507,0.0057211596192562,14.12,0.326086956521739,0.0104904597082692
2016-04-06,2060.25,1890000.0,14.09,0.0104904597082692,-0.0091547786160012,-0.0036385728439082,0.0065589935128923,-0.001826262150002,0.0037779583050182,0.0095694510161506,-0.0002465179354281,-0.000123236182299,-0.0067547079053569,-0.0001223915306589,0.007941563668048,0.0066459418260142,15.42,0.0327868852459016,-0.0123315157667975
2016-04-07,2035.0,2050000.0,16.16,-0.0123315157667975,0.0104904597082692,-0.0091547786160012,-0.0036385728439082,0.0065589935128923,-0.001826262150002,0.0037779583050182,0.0095694510161506,-0.0002465179354281,-0.000123236182299,-0.0067547079053569,0.0098633557103551,0.0075314008910287,14.09,0.0846560846560846,0.0028215684547699
2016-04-08,2040.75,1770000.0,15.36,0.0028215684547699,-0.0123315157667975,0.0104904597082692,-0.0091547786160012,-0.0036385728439082,0.0065589935128923,-0.001826262150002,0.0037779583050182,0.0095694510161506,-0.0002465179354281,-0.000123236182299,0.0092089335028837,0.0075701551203321,16.16,-0.1365853658536585,-0.0030672988897206
2016-04-11,2034.5,1680000.0,16.26,-0.0030672988897206,0.0028215684547699,-0.0123315157667975,0.0104904597082692,-0.0091547786160012,-0.0036385728439082,0.0065589935128923,-0.001826262150002,0.0037779583050182,0.0095694510161506,-0.0002465179354281,0.0091926738670976,0.0076573404881989,15.36,-0.0508474576271186,0.0103906564092602
2016-04-12,2055.75,1830000.0,14.85,0.0103906564092602,-0.0030672988897206,0.0028215684547699,-0.0123315157667975,0.0104904597082692,-0.0091547786160012,-0.0036385728439082,0.0065589935128923,-0.001826262150002,0.0037779583050182,0.0095694510161506,0.0096651498503783,0.0077711153804389,16.26,0.0892857142857141,0.0098022204347743
2016-04-13,2076.0,1640000.0,13.84,0.0098022204347743,0.0103906564092602,-0.0030672988897206,0.0028215684547699,-0.0123315157667975,0.0104904597082692,-0.0091547786160012,-0.0036385728439082,0.0065589935128923,-0.001826262150002,0.0037779583050182,0.0095116448653987,0.0082788118378471,14.85,-0.1038251366120218,0.000240818785029
2016-04-14,2076.5,1360000.0,13.72,0.000240818785029,0.0098022204347743,0.0103906564092602,-0.0030672988897206,0.0028215684547699,-0.0123315157667975,0.0104904597082692,-0.0091547786160012,-0.0036385728439082,0.0065589935128923,-0.001826262150002,0.0059153622679112,0.0082259146529388,13.84,-0.1707317073170732,-0.0007226304060095
2016-04-15,2075.0,1230000.0,13.62,-0.0007226304060095,0.000240818785029,0.0098022204347743,0.0103906564092602,-0.0030672988897206,0.0028215684547699,-0.0123315157667975,0.0104904597082692,-0.0091547786160012,-0.0036385728439082,0.0065589935128923,0.0062975150929805,0.0080196318113012,13.72,-0.0955882352941176,0.0056466780660472
2016-04-18,2086.75,1400000.0,13.35,0.0056466780660472,-0.0007226304060095,0.000240818785029,0.0098022204347743,0.0103906564092602,-0.0030672988897206,0.0028215684547699,-0.0123315157667975,0.0104904597082692,-0.0091547786160012,-0.0036385728439082,0.0051940205692819,0.0080269223902319,13.62,0.1382113821138211,0.0033488848425305
2016-04-19,2093.75,1570000.0,13.24,0.0033488848425305,0.0056466780660472,-0.0007226304060095,0.000240818785029,0.0098022204347743,0.0103906564092602,-0.0030672988897206,0.0028215684547699,-0.0123315157667975,0.0104904597082692,-0.0091547786160012,0.0042622984610998,0.0071208103273718,13.35,0.1214285714285714,0.0020277933828658
2016-04-20,2098.0,1460000.0,13.28,0.0020277933828658,0.0033488848425305,0.0056466780660472,-0.0007226304060095,0.000240818785029,0.0098022204347743,0.0103906564092602,-0.0030672988897206,0.0028215684547699,-0.0123315157667975,0.0104904597082692,0.0025282061059539,0.0065685188075705,13.24,-0.0700636942675159,-0.0072953741012238
2016-04-21,2082.75,1640000.0,13.95,-0.0072953741012238,0.0020277933828658,0.0033488848425305,0.0056466780660472,-0.0007226304060095,0.000240818785029,0.0098022204347743,0.0103906564092602,-0.0030672988897206,0.0028215684547699,-0.0123315157667975,0.0049787096467061,0.005463418368128,13.28,0.1232876712328767,0.0015592207056991
2016-04-22,2086.0,1500000.0,13.22,0.0015592207056991,-0.0072953741012238,0.0020277933828658,0.0033488848425305,0.0056466780660472,-0.0007226304060095,0.000240818785029,0.0098022204347743,0.0103906564092602,-0.0030672988897206,0.0028215684547699,0.0049313968220743,0.0054651078790122,13.95,-0.0853658536585365,-0.0013191822984016
2016-04-25,2083.25,1280000.0,14.08,-0.0013191822984016,0.0015592207056991,-0.0072953741012238,0.0020277933828658,0.0033488848425305,0.0056466780660472,-0.0007226304060095,0.000240818785029,0.0098022204347743,0.0103906564092602,-0.0030672988897206,0.0042472724169486,0.0053037239246941,13.22,-0.1466666666666666,0.0025169306749137
2016-04-26,2088.5,1230000.0,13.96,0.0025169306749137,-0.0013191822984016,0.0015592207056991,-0.0072953741012238,0.0020277933828658,0.0033488848425305,0.0056466780660472,-0.0007226304060095,0.000240818785029,0.0098022204347743,0.0103906564092602,0.0040798329098965,0.0045046094468228,14.08,-0.0390625,0.001076748324405
2016-04-27,2090.75,1420000.0,13.77,0.001076748324405,0.0025169306749137,-0.0013191822984016,0.0015592207056991,-0.0072953741012238,0.0020277933828658,0.0033488848425305,0.0056466780660472,-0.0007226304060095,0.000240818785029,0.0098022204347743,0.003952581687469,0.0034587710933912,13.96,0.1544715447154472,-0.0087672452521851
2016-04-28,2072.5,1940000.0,15.22,-0.0087672452521851,0.001076748324405,0.0025169306749137,-0.0013191822984016,0.0015592207056991,-0.0072953741012238,0.0020277933828658,0.0033488848425305,0.0056466780660472,-0.0007226304060095,0.000240818785029,0.0045733573016242,0.0045839716888275,13.77,0.3661971830985915,-0.0065351799816606
2016-04-29,2059.0,2420000.0,15.7,-0.0065351799816606,-0.0087672452521851,0.001076748324405,0.0025169306749137,-0.0013191822984016,0.0015592207056991,-0.0072953741012238,0.0020277933828658,0.0033488848425305,0.0056466780660472,-0.0007226304060095,0.0048698652765163,0.0050075659826836,15.22,0.2474226804123711,0.0073792145166051
2016-05-02,2074.25,1310000.0,14.68,0.0073792145166051,-0.0065351799816606,-0.0087672452521851,0.001076748324405,0.0025169306749137,-0.0013191822984016,0.0015592207056991,-0.0072953741012238,0.0020277933828658,0.0033488848425305,0.0056466780660472,0.006666545799435,0.0052771134465265,15.7,-0.4586776859504132,-0.0083510318914375
2016-05-03,2057.0,1830000.0,15.6,-0.0083510318914375,0.0073792145166051,-0.0065351799816606,-0.0087672452521851,0.001076748324405,0.0025169306749137,-0.0013191822984016,0.0015592207056991,-0.0072953741012238,0.0020277933828658,0.0033488848425305,0.0070486226968206,0.0055917416598251,14.68,0.3969465648854962,-0.0048733039916676
2016-05-04,2047.0,1560000.0,16.05,-0.0048733039916676,-0.0083510318914375,0.0073792145166051,-0.0065351799816606,-0.0087672452521851,0.001076748324405,0.0025169306749137,-0.0013191822984016,0.0015592207056991,-0.0072953741012238,0.0020277933828658,0.0066721633221725,0.0054958745310689,15.6,-0.1475409836065574,-0.0014666343376945
2016-05-05,2044.0,1430000.0,15.91,-0.0014666343376945,-0.0048733039916676,-0.0083510318914375,0.0073792145166051,-0.0065351799816606,-0.0087672452521851,0.001076748324405,0.0025169306749137,-0.0013191822984016,0.0015592207056991,-0.0072953741012238,0.006213970156523,0.0052287769165847,16.05,-0.0833333333333333,0.0042716852653031
2016-05-06,2052.75,1810000.0,14.72,0.0042716852653031,-0.0014666343376945,-0.0048733039916676,-0.0083510318914375,0.0073792145166051,-0.0065351799816606,-0.0087672452521851,0.001076748324405,0.0025169306749137,-0.0013191822984016,0.0015592207056991,0.0064515799995176,0.0054906953631382,15.91,0.2657342657342658,0.000730460222399
2016-05-09,2054.25,1370000.0,14.57,0.000730460222399,0.0042716852653031,-0.0014666343376945,-0.0048733039916676,-0.0083510318914375,0.0073792145166051,-0.0065351799816606,-0.0087672452521851,0.001076748324405,0.0025169306749137,-0.0013191822984016,0.0048899397728418,0.0055406535682899,14.72,-0.2430939226519337,0.011254429918306
2016-05-10,2077.5,1420000.0,13.63,0.011254429918306,0.000730460222399,0.0042716852653031,-0.0014666343376945,-0.0048733039916676,-0.0083510318914375,0.0073792145166051,-0.0065351799816606,-0.0087672452521851,0.001076748324405,0.0025169306749137,0.0061578248964649,0.0067780652509237,14.57,0.0364963503649635,-0.0094306103356083
2016-05-11,2058.0,1470000.0,14.69,-0.0094306103356083,0.011254429918306,0.000730460222399,0.0042716852653031,-0.0014666343376945,-0.0048733039916676,-0.0083510318914375,0.0073792145166051,-0.0065351799816606,-0.0087672452521851,0.001076748324405,0.0075958212579425,0.0072962586342165,13.63,0.0352112676056337,0.0003643650978551
2016-05-12,2058.75,1800000.0,14.41,0.0003643650978551,-0.0094306103356083,0.011254429918306,0.000730460222399,0.0042716852653031,-0.0014666343376945,-0.0048733039916676,-0.0083510318914375,0.0073792145166051,-0.0065351799816606,-0.0087672452521851,0.0074861883420282,0.0068547017072275,14.69,0.2244897959183673,-0.007434978487518
2016-05-13,2043.5,1880000.0,15.04,-0.007434978487518,0.0003643650978551,-0.0094306103356083,0.011254429918306,0.000730460222399,0.0042716852653031,-0.0014666343376945,-0.0048733039916676,-0.0083510318914375,0.0073792145166051,-0.0065351799816606,0.0081771692756359,0.0069456130254834,14.41,0.0444444444444445,0.0093760199801206
2016-05-16,2062.75,1420000.0,14.68,0.0093760199801206,-0.007434978487518,0.0003643650978551,-0.0094306103356083,0.011254429918306,0.000730460222399,0.0042716852653031,-0.0014666343376945,-0.0048733039916676,-0.0083510318914375,0.0073792145166051,0.0094274853491311,0.0072284147412619,15.04,-0.2446808510638297,-0.0093760199801205
2016-05-17,2043.5,1990000.0,15.57,-0.0093760199801205,0.0093760199801206,-0.007434978487518,0.0003643650978551,-0.0094306103356083,0.011254429918306,0.000730460222399,0.0042716852653031,-0.0014666343376945,-0.0048733039916676,-0.0083510318914375,0.0081502991169866,0.0073573475711359,14.68,0.4014084507042252,-0.0009791922447014
2016-05-18,2041.5,2090000.0,15.95,-0.0009791922447014,-0.0093760199801205,0.0093760199801206,-0.007434978487518,0.0003643650978551,-0.0094306103356083,0.011254429918306,0.000730460222399,0.0042716852653031,-0.0014666343376945,-0.0048733039916676,0.0074032106492976,0.0072110764168977,15.57,0.050251256281407,-0.0013479568244068
2016-05-19,2038.75,2060000.0,16.33,-0.0013479568244068,-0.0009791922447014,-0.0093760199801205,0.0093760199801206,-0.007434978487518,0.0003643650978551,-0.0094306103356083,0.011254429918306,0.000730460222399,0.0042716852653031,-0.0014666343376945,0.0073282737498551,0.0072089838278511,15.95,-0.0143540669856458,0.0055029181972302
2016-05-20,2050.0,1580000.0,15.2,0.0055029181972302,-0.0013479568244068,-0.0009791922447014,-0.0093760199801205,0.0093760199801206,-0.007434978487518,0.0003643650978551,-0.0094306103356083,0.011254429918306,0.000730460222399,0.0042716852653031,0.0071913196487529,0.0073048047127754,16.33,-0.233009708737864,-0.0023197617386462
2016-05-23,2045.25,1180000.0,15.82,-0.0023197617386462,0.0055029181972302,-0.0013479568244068,-0.0009791922447014,-0.0093760199801205,0.0093760199801206,-0.007434978487518,0.0003643650978551,-0.0094306103356083,0.011254429918306,0.000730460222399,0.0052875049886667,0.0073283398164131,15.2,-0.2531645569620253,0.014441122270991
2016-05-24,2075.0,1600000.0,14.42,0.014441122270991,-0.0023197617386462,0.0055029181972302,-0.0013479568244068,-0.0009791922447014,-0.0093760199801205,0.0093760199801206,-0.007434978487518,0.0003643650978551,-0.0094306103356083,0.011254429918306,0.0070743336353666,0.0079373086407575,15.82,0.3559322033898304,0.0058862564093111
2016-05-25,2087.25,1440000.0,13.9,0.0058862564093111,0.014441122270991,-0.0023197617386462,0.0055029181972302,-0.0013479568244068,-0.0009791922447014,-0.0093760199801205,0.0093760199801206,-0.007434978487518,0.0003643650978551,-0.0094306103356083,0.0067534887699383,0.0074008060245827,14.42,-0.0999999999999999,0.0011970315051557
2016-05-26,2089.75,968440.0,13.43,0.0011970315051557,0.0058862564093111,0.014441122270991,-0.0023197617386462,0.0055029181972302,-0.0013479568244068,-0.0009791922447014,-0.0093760199801205,0.0093760199801206,-0.007434978487518,0.0003643650978551,0.00628883027084,0.0073923978303675,13.9,-0.3274722222222223,0.0035825211471384
2016-05-27,2097.25,1040000.0,13.12,0.0035825211471384,0.0011970315051557,0.0058862564093111,0.014441122270991,-0.0023197617386462,0.0055029181972302,-0.0013479568244068,-0.0009791922447014,-0.0093760199801205,0.0093760199801206,-0.007434978487518,0.0063045944369817,0.0067025091491056,13.43,0.0738920325471892,-0.0010734093701659
2016-05-31,2095.0,1630000.0,14.19,-0.0010734093701659,0.0035825211471384,0.0011970315051557,0.0058862564093111,0.014441122270991,-0.0023197617386462,0.0055029181972302,-0.0013479568244068,-0.0009791922447014,-0.0093760199801205,0.0093760199801206,0.0059810438313082,0.006332417815045,13.12,0.5673076923076923,0.0014309566000043
2016-06-01,2098.0,1320000.0,14.2,0.0014309566000043,-0.0010734093701659,0.0035825211471384,0.0011970315051557,0.0058862564093111,0.014441122270991,-0.0023197617386462,0.0055029181972302,-0.0013479568244068,-0.0009791922447014,-0.0093760199801205,0.0026368695640668,0.0050533116073691,14.19,-0.1901840490797546,0.0027369565487733
2016-06-02,2103.75,1300000.0,13.63,0.0027369565487733,0.0014309566000043,-0.0010734093701659,0.0035825211471384,0.0011970315051557,0.0058862564093111,0.014441122270991,-0.0023197617386462,0.0055029181972302,-0.0013479568244068,-0.0009791922447014,0.0017718609479533,0.0048923136187747,14.2,-0.0151515151515151,-0.0028561247548369
2016-06-03,2097.75,1750000.0,13.47,-0.0028561247548369,0.0027369565487733,0.0014309566000043,-0.0010734093701659,0.0035825211471384,0.0011970315051557,0.0058862564093111,0.014441122270991,-0.0023197617386462,0.0055029181972302,-0.0013479568244068,0.0026815492899901,0.0050616823588423,13.63,0.3461538461538462,0.004992877704572
2016-06-06,2108.25,1270000.0,13.65,0.004992877704572,-0.0028561247548369,0.0027369565487733,0.0014309566000043,-0.0010734093701659,0.0035825211471384,0.0011970315051557,0.0058862564093111,0.014441122270991,-0.0023197617386462,0.0055029181972302,0.0030945049124758,0.0050345086301902,13.47,-0.2742857142857142,0.0009482044090783
2016-06-07,2110.25,1130000.0,14.05,0.0009482044090783,0.004992877704572,-0.0028561247548369,0.0027369565487733,0.0014309566000043,-0.0010734093701659,0.0035825211471384,0.0011970315051557,0.0058862564093111,0.014441122270991,-0.0023197617386462,0.0028724166572061,0.0047639115275793,13.65,-0.1102362204724409,0.0036658232975224
2016-06-08,2118.0,1310000.0,14.08,0.0036658232975224,0.0009482044090783,0.004992877704572,-0.0028561247548369,0.0027369565487733,0.0014309566000043,-0.0010734093701659,0.0035825211471384,0.0011970315051557,0.0058862564093111,0.014441122270991,0.0030377264579483,0.0026865770275112,14.05,0.1592920353982301,-0.0017721074990201
2016-06-09,2114.25,1640000.0,14.64,-0.0017721074990201,0.0036658232975224,0.0009482044090783,0.004992877704572,-0.0028561247548369,0.0027369565487733,0.0014309566000043,-0.0010734093701659,0.0035825211471384,0.0011970315051557,0.0058862564093111,0.0033766313148112,0.002560443656225,14.08,0.2519083969465649,-0.0085501055249129
2016-06-10,2096.25,1240000.0,17.03,-0.0085501055249129,-0.0017721074990201,0.0036658232975224,0.0009482044090783,0.004992877704572,-0.0028561247548369,0.0027369565487733,0.0014309566000043,-0.0010734093701659,0.0035825211471384,0.0011970315051557,0.0053714177900697,0.0040308402871721,14.64,-0.2439024390243902,-0.0083832826302811
2016-06-13,2078.75,1220000.0,20.97,-0.0083832826302811,-0.0085501055249129,-0.0017721074990201,0.0036658232975224,0.0009482044090783,0.004992877704572,-0.0028561247548369,0.0027369565487733,0.0014309566000043,-0.0010734093701659,0.0035825211471384,0.0055033525100779,0.0046760401921142,17.03,-0.0161290322580645,-0.0020465907342148
2016-06-14,2074.5,1160000.0,20.5,-0.0020465907342148,-0.0083832826302811,-0.0085501055249129,-0.0017721074990201,0.0036658232975224,0.0009482044090783,0.004992877704572,-0.0028561247548369,0.0027369565487733,0.0014309566000043,-0.0010734093701659,0.0051420524582624,0.0046904781345599,20.97,-0.0491803278688525,-0.0013265000437707
2016-06-15,2071.75,609850.0,20.14,-0.0013265000437707,-0.0020465907342148,-0.0083832826302811,-0.0085501055249129,-0.0017721074990201,0.0036658232975224,0.0009482044090783,0.004992877704572,-0.0028561247548369,0.0027369565487733,0.0014309566000043,0.0037074060124657,0.0046131917643972,20.5,-0.4742672413793103,0.0036135910196451
2016-06-16,2079.25,426220.0,19.37,0.0036135910196451,-0.0013265000437707,-0.0020465907342148,-0.0083832826302811,-0.0085501055249129,-0.0017721074990201,0.0036658232975224,0.0009482044090783,0.004992877704572,-0.0028561247548369,0.0027369565487733,0.0051638020591493,0.0047049810354294,20.14,-0.3011068295482495,-6.252449880244291e-05
2016-06-17,2079.12,1830000.0,19.41,-6.252449880244291e-05,0.0036135910196451,-0.0013265000437707,-0.0020465907342148,-0.0083832826302811,-0.0085501055249129,-0.0017721074990201,0.0036658232975224,0.0009482044090783,0.004992877704572,-0.0028561247548369,0.0043538517661235,0.0046766871705527,19.37,3.29355731781709,-0.0023450847055998
2016-06-20,2074.25,1590000.0,18.37,-0.0023450847055998,-6.252449880244291e-05,0.0036135910196451,-0.0013265000437707,-0.0020465907342148,-0.0083832826302811,-0.0085501055249129,-0.0017721074990201,0.0036658232975224,0.0009482044090783,0.004992877704572,0.0024274593402802,0.0042023382977103,19.41,-0.1311475409836066,0.0030086068786013
2016-06-21,2080.5,1390000.0,18.48,0.0030086068786013,-0.0023450847055998,-6.252449880244291e-05,0.0036135910196451,-0.0013265000437707,-0.0020465907342148,-0.0083832826302811,-0.0085501055249129,-0.0017721074990201,0.0036658232975224,0.0009482044090783,0.0026317521802304,0.0043889351383015,18.37,-0.1257861635220125,-0.001804077703815
2016-06-22,2076.75,1400000.0,21.17,-0.001804077703815,0.0030086068786013,-0.0023450847055998,-6.252449880244291e-05,0.0036135910196451,-0.0013265000437707,-0.0020465907342148,-0.0083832826302811,-0.0085501055249129,-0.0017721074990201,0.0036658232975224,0.0027251454415955,0.0040091104213064,18.48,0.0071942446043165,0.013867526476292
2016-06-23,2105.75,1310000.0,17.25,0.013867526476292,-0.001804077703815,0.0030086068786013,-0.0023450847055998,-6.252449880244291e-05,0.0036135910196451,-0.0013265000437707,-0.0020465907342148,-0.0083832826302811,-0.0085501055249129,-0.0017721074990201,0.0066715888870504,0.0064194592019484,21.17,-0.0642857142857142,-0.0423170369024775
2016-06-24,2018.5,4140000.0,25.76,-0.0423170369024775,0.013867526476292,-0.001804077703815,0.0030086068786013,-0.0023450847055998,-6.252449880244291e-05,0.0036135910196451,-0.0013265000437707,-0.0020465907342148,-0.0083832826302811,-0.0085501055249129,0.0213642887553985,0.0147093554090514,17.25,2.1603053435114505,-0.0167357471717046
2016-06-27,1985.0,2970000.0,23.85,-0.0167357471717046,-0.0423170369024775,0.013867526476292,-0.001804077703815,0.0030086068786013,-0.0023450847055998,-6.252449880244291e-05,0.0036135910196451,-0.0013265000437707,-0.0020465907342148,-0.0083832826302811,0.0217288440405692,0.0152278209063032,25.76,-0.2826086956521739,0.0216776895252112
2016-06-28,2028.5,2270000.0,18.75,0.0216776895252112,-0.0167357471717046,-0.0423170369024775,0.013867526476292,-0.001804077703815,0.0030086068786013,-0.0023450847055998,-6.252449880244291e-05,0.0036135910196451,-0.0013265000437707,-0.0020465907342148,0.0255351041377425,0.0173698114671114,23.85,-0.2356902356902357,0.018680721486283
2016-06-29,2066.75,2050000.0,16.64,0.018680721486283,0.0216776895252112,-0.0167357471717046,-0.0423170369024775,0.013867526476292,-0.001804077703815,0.0030086068786013,-0.0023450847055998,-6.252449880244291e-05,0.0036135910196451,-0.0013265000437707,0.0277369655197595,0.0185959990623959,18.75,-0.0969162995594713,0.0113063508973822
2016-06-30,2090.25,2300000.0,15.63,0.0113063508973822,0.018680721486283,0.0216776895252112,-0.0167357471717046,-0.0423170369024775,0.013867526476292,-0.001804077703815,0.0030086068786013,-0.0023450847055998,-6.252449880244291e-05,0.0036135910196451,0.027416351965169,0.0189293304546934,16.64,0.1219512195121952,0.0028663581072514
2016-07-01,2096.25,1650000.0,14.77,0.0028663581072514,0.0113063508973822,0.018680721486283,0.0216776895252112,-0.0167357471717046,-0.0423170369024775,0.013867526476292,-0.001804077703815,0.0030086068786013,-0.0023450847055998,-6.252449880244291e-05,0.0154055862394026,0.0189418391159797,15.63,-0.2826086956521739,-0.0064608982823999
2016-07-05,2082.75,1860000.0,15.58,-0.0064608982823999,0.0028663581072514,0.0113063508973822,0.018680721486283,0.0216776895252112,-0.0167357471717046,-0.0423170369024775,0.013867526476292,-0.001804077703815,0.0030086068786013,-0.0023450847055998,0.0115600077954431,0.0190625972252761,14.77,0.1272727272727272,0.0053869765754634
2016-07-06,2094.0,2050000.0,14.96,0.0053869765754634,-0.0064608982823999,0.0028663581072514,0.0113063508973822,0.018680721486283,0.0216776895252112,-0.0167357471717046,-0.0423170369024775,0.013867526476292,-0.001804077703815,0.0030086068786013,0.0094047092218699,0.0191134053841159,15.58,0.1021505376344085,-0.0009555662456686
2016-07-07,2092.0,1670000.0,14.76,-0.0009555662456686,0.0053869765754634,-0.0064608982823999,0.0028663581072514,0.0113063508973822,0.018680721486283,0.0216776895252112,-0.0167357471717046,-0.0423170369024775,0.013867526476292,-0.001804077703815,0.0066752124685289,0.0191031969126248,14.96,-0.1853658536585366,0.0135313637298319
2016-07-08,2120.5,1940000.0,13.2,0.0135313637298319,-0.0009555662456686,0.0053869765754634,-0.0064608982823999,0.0028663581072514,0.0113063508973822,0.018680721486283,0.0216776895252112,-0.0167357471717046,-0.0423170369024775,0.013867526476292,0.0074448037967122,0.0190777919242031,14.76,0.1616766467065868,0.00458743379342
2016-07-11,2130.25,1460000.0,13.54,0.00458743379342,0.0135313637298319,-0.0009555662456686,0.0053869765754634,-0.0064608982823999,0.0028663581072514,0.0113063508973822,0.018680721486283,0.0216776895252112,-0.0167357471717046,-0.0423170369024775,0.0074840665215503,0.0116451643497739,13.2,-0.2474226804123711,0.007249797890264
2016-07-12,2145.75,1690000.0,13.55,0.007249797890264,0.00458743379342,0.0135313637298319,-0.0009555662456686,0.0053869765754634,-0.0064608982823999,0.0028663581072514,0.0113063508973822,0.018680721486283,0.0216776895252112,-0.0167357471717046,0.0052207872409692,0.0086727009622044,13.54,0.1575342465753424,0.0001165025923144
2016-07-13,2146.0,1610000.0,13.04,0.0001165025923144,0.007249797890264,0.00458743379342,0.0135313637298319,-0.0009555662456686,0.0053869765754634,-0.0064608982823999,0.0028663581072514,0.0113063508973822,0.018680721486283,0.0216776895252112,0.0058585197933652,0.0074262257166623,13.55,-0.0473372781065088,0.0052286181977731
2016-07-14,2157.25,1780000.0,12.82,0.0052286181977731,0.0001165025923144,0.007249797890264,0.00458743379342,0.0135313637298319,-0.0009555662456686,0.0053869765754634,-0.0064608982823999,0.0028663581072514,0.0113063508973822,0.018680721486283,0.0048833254845619,0.0058509984539224,13.04,0.1055900621118013,-0.0020881678121423
2016-07-15,2152.75,1490000.0,12.67,-0.0020881678121423,0.0052286181977731,0.0001165025923144,0.007249797890264,0.00458743379342,0.0135313637298319,-0.0009555662456686,0.0053869765754634,-0.0064608982823999,0.0028663581072514,0.0113063508973822,0.003864896572438,0.0055926818929528,12.82,-0.1629213483146067,0.003362127101936
2016-07-18,2160.0,1190000.0,12.44,0.003362127101936,-0.0020881678121423,0.0052286181977731,0.0001165025923144,0.007249797890264,0.00458743379342,0.0135313637298319,-0.0009555662456686,0.0053869765754634,-0.0064608982823999,0.0028663581072514,0.0037784513624251,0.0055940922929472,12.67,-0.2013422818791946,-0.0005788712173223
2016-07-19,2158.75,1150000.0,11.97,-0.0005788712173223,0.003362127101936,-0.0020881678121423,0.0052286181977731,0.0001165025923144,0.007249797890264,0.00458743379342,0.0135313637298319,-0.0009555662456686,0.0053869765754634,-0.0064608982823999,0.0030022754636652,0.0047320879145853,12.44,-0.0336134453781512,0.0040450791938086
2016-07-20,2167.5,1130000.0,11.77,0.0040450791938086,-0.0005788712173223,0.003362127101936,-0.0020881678121423,0.0052286181977731,0.0001165025923144,0.007249797890264,0.00458743379342,0.0135313637298319,-0.0009555662456686,0.0053869765754634,0.0031553610159566,0.0046941543139798,11.97,-0.017391304347826,-0.0043925628366169
2016-07-21,2158.0,1300000.0,12.74,-0.0043925628366169,0.0040450791938086,-0.0005788712173223,0.003362127101936,-0.0020881678121423,0.0052286181977731,0.0001165025923144,0.007249797890264,0.00458743379342,0.0135313637298319,-0.0009555662456686,0.0035927894294468,0.0051556882191405,11.77,0.1504424778761062,0.0043925628366169
2016-07-22,2167.5,1120000.0,12.02,0.0043925628366169,-0.0043925628366169,0.0040450791938086,-0.0005788712173223,0.003362127101936,-0.0020881678121423,0.0052286181977731,0.0001165025923144,0.007249797890264,0.00458743379342,0.0135313637298319,0.0037837032381848,0.0037095637625294,12.74,-0.1384615384615384,-0.0024250834680756
2016-07-25,2162.25,1260000.0,12.87,-0.0024250834680756,0.0043925628366169,-0.0043925628366169,0.0040450791938086,-0.0005788712173223,0.003362127101936,-0.0020881678121423,0.0052286181977731,0.0001165025923144,0.007249797890264,0.00458743379342,0.0039035629845182,0.0038659930530604,12.02,0.125,0.0004623743002268
2016-07-26,2163.25,1600000.0,13.05,0.0004623743002268,-0.0024250834680756,0.0043925628366169,-0.0043925628366169,0.0040450791938086,-0.0005788712173223,0.003362127101936,-0.0020881678121423,0.0052286181977731,0.0001165025923144,0.007249797890264,0.0038787707159314,0.0032964716782859,12.87,0.2698412698412697,-0.0012720441148603
2016-07-27,2160.5,1630000.0,12.83,-0.0012720441148603,0.0004623743002268,-0.0024250834680756,0.0043925628366169,-0.0043925628366169,0.0040450791938086,-0.0005788712173223,0.003362127101936,-0.0020881678121423,0.0052286181977731,0.0001165025923144,0.003324507739427,0.003357710247341,13.05,0.01875,0.0019652049559226
2016-07-28,2164.75,1620000.0,12.72,0.0019652049559226,-0.0012720441148603,0.0004623743002268,-0.0024250834680756,0.0043925628366169,-0.0043925628366169,0.0040450791938086,-0.0005788712173223,0.003362127101936,-0.0020881678121423,0.0052286181977731,0.0026888153022043,0.0030059523276734,12.83,-0.0061349693251533,0.0016155092366545
2016-07-29,2168.25,1690000.0,11.87,0.0016155092366545,0.0019652049559226,-0.0012720441148603,0.0004623743002268,-0.0024250834680756,0.0043925628366169,-0.0043925628366169,0.0040450791938086,-0.0005788712173223,0.003362127101936,-0.0020881678121423,0.0018815471607862,0.0028988242278899,12.72,0.0432098765432098,-0.0017310026825299
2016-08-01,2164.5,1650000.0,12.44,-0.0017310026825299,0.0016155092366545,0.0019652049559226,-0.0012720441148603,0.0004623743002268,-0.0024250834680756,0.0043925628366169,-0.0043925628366169,0.0040450791938086,-0.0005788712173223,0.003362127101936,0.0016646185582164,0.0028291152089798,11.87,-0.0236686390532544,-0.0054432933057607
2016-08-02,2152.75,1960000.0,13.37,-0.0054432933057607,-0.0017310026825299,0.0016155092366545,0.0019652049559226,-0.0012720441148603,0.0004623743002268,-0.0024250834680756,0.0043925628366169,-0.0043925628366169,0.0040450791938086,-0.0005788712173223,0.0029992059799959,0.0033497572028481,12.44,0.1878787878787879,0.0019722728128818
2016-08-03,2157.0,1360000.0,12.86,0.0019722728128818,-0.0054432933057607,-0.0017310026825299,0.0016155092366545,0.0019652049559226,-0.0012720441148603,0.0004623743002268,-0.0024250834680756,0.0043925628366169,-0.0043925628366169,0.0040450791938086,0.0032581376734579,0.0031079033927104,13.37,-0.3061224489795918,0.0010425717712386
2016-08-04,2159.25,1240000.0,12.42,0.0010425717712386,0.0019722728128818,-0.0054432933057607,-0.0017310026825299,0.0016155092366545,0.0019652049559226,-0.0012720441148603,0.0004623743002268,-0.0024250834680756,0.0043925628366169,-0.0043925628366169,0.0031192214569285,0.0028096761518656,12.86,-0.088235294117647,0.00807199954833
2016-08-05,2176.75,1360000.0,11.39,0.00807199954833,0.0010425717712386,0.0019722728128818,-0.0054432933057607,-0.0017310026825299,0.0016155092366545,0.0019652049559226,-0.0012720441148603,0.0004623743002268,-0.0024250834680756,0.0043925628366169,0.0049924492575848,0.0035766391996664,12.42,0.096774193548387,-0.0005744155479901
2016-08-08,2175.5,938620.0,11.5,-0.0005744155479901,0.00807199954833,0.0010425717712386,0.0019722728128818,-0.0054432933057607,-0.0017310026825299,0.0016155092366545,0.0019652049559226,-0.0012720441148603,0.0004623743002268,-0.0024250834680756,0.004872221295118,0.0034586660993666,11.39,-0.3098382352941177,0.000918906565923
2016-08-09,2177.5,1190000.0,11.66,0.000918906565923,-0.0005744155479901,0.00807199954833,0.0010425717712386,0.0019722728128818,-0.0054432933057607,-0.0017310026825299,0.0016155092366545,0.0019652049559226,-0.0012720441148603,0.0004623743002268,0.003360552428152,0.0034595004538788,11.5,0.26781871257804,-0.0021837834090884
2016-08-10,2172.75,1370000.0,12.05,-0.0021837834090884,0.000918906565923,-0.0005744155479901,0.00807199954833,0.0010425717712386,0.0019722728128818,-0.0054432933057607,-0.0017310026825299,0.0016155092366545,0.0019652049559226,-0.0012720441148603,0.0039243295091533,0.0035273254020695,11.66,0.1512605042016805,0.0041336607258511
2016-08-11,2181.75,1330000.0,11.68,0.0041336607258511,-0.0021837834090884,0.000918906565923,-0.0005744155479901,0.00807199954833,0.0010425717712386,0.0019722728128818,-0.0054432933057607,-0.0017310026825299,0.0016155092366545,0.0019652049559226,0.0040833584083419,0.0036860253226584,12.05,-0.0291970802919707,-0.0006877579363256
2016-08-12,2180.25,1270000.0,11.55,-0.0006877579363256,0.0041336607258511,-0.0021837834090884,0.000918906565923,-0.0005744155479901,0.00807199954833,0.0010425717712386,0.0019722728128818,-0.0054432933057607,-0.0017310026825299,0.0016155092366545,0.0023972471220892,0.0037001067297592,11.68,-0.0451127819548872,0.0026338406293889
2016-08-15,2186.0,1090000.0,11.81,0.0026338406293889,-0.0006877579363256,0.0041336607258511,-0.0021837834090884,0.000918906565923,-0.0005744155479901,0.00807199954833,0.0010425717712386,0.0019722728128818,-0.0054432933057607,-0.0017310026825299,0.002523588202475,0.0036580902168946,11.55,-0.1417322834645669,-0.0042404510277588
2016-08-16,2176.75,1390000.0,12.64,-0.0042404510277588,0.0026338406293889,-0.0006877579363256,0.0041336607258511,-0.0021837834090884,0.000918906565923,-0.0005744155479901,0.00807199954833,0.0010425717712386,0.0019722728128818,-0.0054432933057607,0.0034359816108637,0.0034361499321332,11.81,0.275229357798165,0.0013772525991994
2016-08-17,2179.75,1700000.0,12.19,0.0013772525991994,-0.0042404510277588,0.0026338406293889,-0.0006877579363256,0.0041336607258511,-0.0021837834090884,0.000918906565923,-0.0005744155479901,0.00807199954833,0.0010425717712386,0.0019722728128818,0.0032521645000775,0.0034246666706564,12.64,0.2230215827338129,0.0017189026176911
2016-08-18,2183.5,1200000.0,11.43,0.0017189026176911,0.0013772525991994,-0.0042404510277588,0.0026338406293889,-0.0006877579363256,0.0041336607258511,-0.0021837834090884,0.000918906565923,-0.0005744155479901,0.00807199954833,0.0010425717712386,0.0027438308461448,0.0034311937570394,12.19,-0.2941176470588235,-0.0008017868821949
2016-08-19,2181.75,1430000.0,11.34,-0.0008017868821949,0.0017189026176911,0.0013772525991994,-0.0042404510277588,0.0026338406293889,-0.0006877579363256,0.0041336607258511,-0.0021837834090884,0.000918906565923,-0.0005744155479901,0.00807199954833,0.0027531006301804,0.0024356120919438,11.43,0.1916666666666666,-0.0001145934797564
2016-08-22,2181.5,1540000.0,12.27,-0.0001145934797564,-0.0008017868821949,0.0017189026176911,0.0013772525991994,-0.0042404510277588,0.0026338406293889,-0.0006877579363256,0.0041336607258511,-0.0021837834090884,0.000918906565923,-0.0005744155479901,0.0023790540379599,0.0024230580066795,11.34,0.0769230769230768,0.0017175248969329
2016-08-23,2185.25,1130000.0,12.38,0.0017175248969329,-0.0001145934797564,-0.0008017868821949,0.0017189026176911,0.0013772525991994,-0.0042404510277588,0.0026338406293889,-0.0006877579363256,0.0041336607258511,-0.0021837834090884,0.000918906565923,0.0011639960804867,0.0024595099989825,12.27,-0.2662337662337662,-0.0047015739378128
2016-08-24,2175.0,1510000.0,13.45,-0.0047015739378128,0.0017175248969329,-0.0001145934797564,-0.0008017868821949,0.0017189026176911,0.0013772525991994,-0.0042404510277588,0.0026338406293889,-0.0006877579363256,0.0041336607258511,-0.0021837834090884,0.0026321805371499,0.0028467078676223,12.38,0.336283185840708,-0.0006898930939377
2016-08-25,2173.5,1500000.0,13.63,-0.0006898930939377,-0.0047015739378128,0.0017175248969329,-0.0001145934797564,-0.0008017868821949,0.0017189026176911,0.0013772525991994,-0.0042404510277588,0.0026338406293889,-0.0006877579363256,0.0041336607258511,0.0023437375861298,0.0024719389307246,13.45,-0.0066225165562914,-0.0023030871534257
2016-08-26,2168.5,2540000.0,13.65,-0.0023030871534257,-0.0006898930939377,-0.0047015739378128,0.0017175248969329,-0.0001145934797564,-0.0008017868821949,0.0017189026176911,0.0013772525991994,-0.0042404510277588,0.0026338406293889,-0.0006877579363256,0.0024200418517926,0.0025460353242459,13.63,0.6933333333333334,0.0049450966162645
2016-08-29,2179.25,1250000.0,12.94,0.0049450966162645,-0.0023030871534257,-0.0006898930939377,-0.0047015739378128,0.0017175248969329,-0.0001145934797564,-0.0008017868821949,0.0017189026176911,0.0013772525991994,-0.0042404510277588,0.0026338406293889,0.0037106554582015,0.0029405456693,13.65,-0.5078740157480315,-0.0018371804455516
2016-08-30,2175.25,1370000.0,13.12,-0.0018371804455516,0.0049450966162645,-0.0023030871534257,-0.0006898930939377,-0.0047015739378128,0.0017175248969329,-0.0001145934797564,-0.0008017868821949,0.0017189026176911,0.0013772525991994,-0.0042404510277588,0.0035884092328151,0.0026692485582716,12.94,0.096,-0.0026468742077283
2016-08-31,2169.5,1860000.0,13.42,-0.0026468742077283,-0.0018371804455516,0.0049450966162645,-0.0023030871534257,-0.0006898930939377,-0.0047015739378128,0.0017175248969329,-0.0001145934797564,-0.0008017868821949,0.0017189026176911,0.0013772525991994,0.0031358083577999,0.0027296510271445,13.12,0.3576642335766422,-0.0010376434896555
2016-09-01,2167.25,1940000.0,13.48,-0.0010376434896555,-0.0026468742077283,-0.0018371804455516,0.0049450966162645,-0.0023030871534257,-0.0006898930939377,-0.0047015739378128,0.0017175248969329,-0.0001145934797564,-0.0008017868821949,0.0017189026176911,0.003144739602665,0.0026209116092253,13.42,0.043010752688172,0.004947941744156
2016-09-02,2178.0,1700000.0,11.98,0.004947941744156,-0.0010376434896555,-0.0026468742077283,-0.0018371804455516,0.0049450966162645,-0.0023030871534257,-0.0006898930939377,-0.0047015739378128,0.0017175248969329,-0.0001145934797564,-0.0008017868821949,0.0037607267934875,0.0031788543317494,13.48,-0.1237113402061855,0.0029799448985847
2016-09-06,2184.5,1630000.0,12.02,0.0029799448985847,0.004947941744156,-0.0010376434896555,-0.0026468742077283,-0.0018371804455516,0.0049450966162645,-0.0023030871534257,-0.0006898930939377,-0.0047015739378128,0.0017175248969329,-0.0001145934797564,0.0033038662789038,0.0033320006167911,11.98,-0.0411764705882352,0.0
2016-09-07,2184.5,1460000.0,11.94,0.0,0.0029799448985847,0.004947941744156,-0.0010376434896555,-0.0026468742077283,-0.0018371804455516,0.0049450966162645,-0.0023030871534257,-0.0006898930939377,-0.0047015739378128,0.0017175248969329,0.0030758580178557,0.003285443243625,12.02,-0.1042944785276073,-0.0032095396648326
2016-09-08,2177.5,2110000.0,12.51,-0.0032095396648326,0.0,0.0029799448985847,0.004947941744156,-0.0010376434896555,-0.0026468742077283,-0.0018371804455516,0.0049450966162645,-0.0023030871534257,-0.0006898930939377,-0.0047015739378128,0.0032415479458209,0.0030772173639898,11.94,0.4452054794520548,-0.025465011847185
2016-09-09,2122.75,2070000.0,17.5,-0.025465011847185,-0.0032095396648326,0.0,0.0029799448985847,0.004947941744156,-0.0010376434896555,-0.0026468742077283,-0.0018371804455516,0.0049450966162645,-0.0023030871534257,-0.0006898930939377,0.0123089941881936,0.0086764418218321,12.51,-0.0189573459715639,0.0167011181160594
2016-09-12,2158.5,1450000.0,15.16,0.0167011181160594,-0.025465011847185,-0.0032095396648326,0.0,0.0029799448985847,0.004947941744156,-0.0010376434896555,-0.0026468742077283,-0.0018371804455516,0.0049450966162645,-0.0023030871534257,0.0152512198208216,0.0105663667297647,17.5,-0.2995169082125604,-0.0138785830186342
2016-09-13,2128.75,1200000.0,17.85,-0.0138785830186342,0.0167011181160594,-0.025465011847185,-0.0032095396648326,0.0,0.0029799448985847,0.004947941744156,-0.0010376434896555,-0.0026468742077283,-0.0018371804455516,0.0049450966162645,0.015784842695043,0.0111562627139447,15.16,-0.1724137931034483,-0.0040009467350886
2016-09-14,2120.25,661160.0,18.14,-0.0040009467350886,-0.0138785830186342,0.0167011181160594,-0.025465011847185,-0.0032095396648326,0.0,0.0029799448985847,0.004947941744156,-0.0010376434896555,-0.0026468742077283,-0.0018371804455516,0.0155569765634494,0.0111663068379858,17.85,-0.4490333333333333,0.0116055461203078
2016-09-15,2145.0,398400.0,16.3,0.0116055461203078,-0.0040009467350886,-0.0138785830186342,0.0167011181160594,-0.025465011847185,-0.0032095396648326,0.0,0.0029799448985847,0.004947941744156,-0.0010376434896555,-0.0026468742077283,0.017503413707834,0.0120302721173846,18.14,-0.3974227115977978,-0.002352415109695
2016-09-16,2139.96,2060000.0,15.37,-0.002352415109695,0.0116055461203078,-0.0040009467350886,-0.0138785830186342,0.0167011181160594,-0.025465011847185,-0.0032095396648326,0.0,0.0029799448985847,0.004947941744156,-0.0010376434896555,0.0123968980668273,0.012036264173927,16.3,4.170682730923695,-0.0032576977810716
2016-09-19,2133.0,1530000.0,15.53,-0.0032576977810716,-0.002352415109695,0.0116055461203078,-0.0040009467350886,-0.0138785830186342,0.0167011181160594,-0.025465011847185,-0.0032095396648326,0.0,0.0029799448985847,0.004947941744156,0.0090996077357025,0.0118436379046268,15.37,-0.2572815533980582,-0.0009380863727334
2016-09-20,2131.0,1390000.0,15.92,-0.0009380863727334,-0.0032576977810716,-0.002352415109695,0.0116055461203078,-0.0040009467350886,-0.0138785830186342,0.0167011181160594,-0.025465011847185,-0.0032095396648326,0.0,0.0029799448985847,0.0064710806092953,0.0117215417107241,15.53,-0.0915032679738562,0.0117792486810528
2016-09-21,2156.25,1830000.0,13.3,0.0117792486810528,-0.0009380863727334,-0.0032576977810716,-0.002352415109695,0.0116055461203078,-0.0040009467350886,-0.0138785830186342,0.0167011181160594,-0.025465011847185,-0.0032095396648326,0.0,0.007644796728877,0.012560260242925,15.92,0.3165467625899281,0.0055497887848952
2016-09-22,2168.25,1520000.0,12.02,0.0055497887848952,0.0117792486810528,-0.0009380863727334,-0.0032576977810716,-0.002352415109695,0.0116055461203078,-0.0040009467350886,-0.0138785830186342,0.0167011181160594,-0.025465011847185,-0.0032095396648326,0.0063900707801513,0.0127168767626362,13.3,-0.1693989071038251,-0.0047385237464851
2016-09-23,2158.0,1450000.0,12.29,-0.0047385237464851,0.0055497887848952,0.0117792486810528,-0.0009380863727334,-0.0032576977810716,-0.002352415109695,0.0116055461203078,-0.0040009467350886,-0.0138785830186342,0.0167011181160594,-0.025465011847185,0.0068811838792904,0.0094524854679253,12.02,-0.0460526315789473,-0.0084928670563609
2016-09-26,2139.75,1600000.0,14.5,-0.0084928670563609,-0.0047385237464851,0.0055497887848952,0.0117792486810528,-0.0009380863727334,-0.0032576977810716,-0.002352415109695,0.0116055461203078,-0.0040009467350886,-0.0138785830186342,0.0167011181160594,0.0081088947301259,0.0082788841155417,12.29,0.1034482758620689,0.0060570948145555
2016-09-27,2152.75,1660000.0,13.1,0.0060570948145555,-0.0084928670563609,-0.0047385237464851,0.0055497887848952,0.0117792486810528,-0.0009380863727334,-0.0032576977810716,-0.002352415109695,0.0116055461203078,-0.0040009467350886,-0.0138785830186342,0.0083695563782818,0.0071178602779511,14.5,0.0375,0.0048656259105736
2016-09-28,2163.25,1730000.0,12.39,0.0048656259105736,0.0060570948145555,-0.0084928670563609,-0.0047385237464851,0.0055497887848952,0.0117792486810528,-0.0009380863727334,-0.0032576977810716,-0.002352415109695,0.0116055461203078,-0.0040009467350886,0.0067757711127464,0.0069594034212561,13.1,0.0421686746987952,-0.0068417962717983
2016-09-29,2148.5,2310000.0,14.02,-0.0068417962717983,0.0048656259105736,0.0060570948145555,-0.0084928670563609,-0.0047385237464851,0.0055497887848952,0.0117792486810528,-0.0009380863727334,-0.0032576977810716,-0.002352415109695,0.0116055461203078,0.0068009021565018,0.0065664702930449,12.39,0.3352601156069363,0.0055697521569379
2016-09-30,2160.5,1990000.0,13.29,0.0055697521569379,-0.0068417962717983,0.0048656259105736,0.0060570948145555,-0.0084928670563609,-0.0047385237464851,0.0055497887848952,0.0117792486810528,-0.0009380863727334,-0.0032576977810716,-0.002352415109695,0.0072466494784323,0.0067056840077088,14.02,-0.1385281385281385,-0.0033613477027048
2016-10-03,2153.25,1410000.0,13.57,-0.0033613477027048,0.0055697521569379,-0.0068417962717983,0.0048656259105736,0.0060570948145555,-0.0084928670563609,-0.0047385237464851,0.0055497887848952,0.0117792486810528,-0.0009380863727334,-0.0032576977810716,0.0059494233999109,0.0067129956494222,13.29,-0.2914572864321608,-0.0039553332162084
2016-10-04,2144.75,2140000.0,13.63,-0.0039553332162084,-0.0033613477027048,0.0055697521569379,-0.0068417962717983,0.0048656259105736,0.0060570948145555,-0.0084928670563609,-0.0047385237464851,0.0055497887848952,0.0117792486810528,-0.0009380863727334,0.0056053023252459,0.0068729340207391,13.57,0.5177304964539007,0.0039553332162083
2016-10-05,2153.25,1370000.0,12.99,0.0039553332162083,-0.0039553332162084,-0.0033613477027048,0.0055697521569379,-0.0068417962717983,0.0048656259105736,0.0060570948145555,-0.0084928670563609,-0.0047385237464851,0.0055497887848952,0.0117792486810528,0.0053881033640893,0.0058306824427928,13.63,-0.3598130841121495,0.0015082084186147
2016-10-06,2156.5,1210000.0,12.84,0.0015082084186147,0.0039553332162083,-0.0039553332162084,-0.0033613477027048,0.0055697521569379,-0.0068417962717983,0.0048656259105736,0.0060570948145555,-0.0084928670563609,-0.0047385237464851,0.0055497887848952,0.0042755750945142,0.0055245655726246,12.99,-0.1167883211678831,-0.0046479284232824
2016-10-07,2146.5,1960000.0,13.48,-0.0046479284232824,0.0015082084186147,0.0039553332162083,-0.0039553332162084,-0.0033613477027048,0.0055697521569379,-0.0068417962717983,0.0048656259105736,0.0060570948145555,-0.0084928670563609,-0.0047385237464851,0.0038083177085072,0.005516990824506,12.84,0.6198347107438016,0.0058065428501919
2016-10-10,2159.0,952870.0,13.38,0.0058065428501919,-0.0046479284232824,0.0015082084186147,0.0039553332162083,-0.0039553332162084,-0.0033613477027048,0.0055697521569379,-0.0068417962717983,0.0048656259105736,0.0060570948145555,-0.0084928670563609,0.0046760240594345,0.0050591568709098,13.48,-0.5138418367346939,-0.0114127243167905
2016-10-11,2134.5,2240000.0,15.36,-0.0114127243167905,0.0058065428501919,-0.0046479284232824,0.0015082084186147,0.0039553332162083,-0.0039553332162084,-0.0033613477027048,0.0055697521569379,-0.0068417962717983,0.0048656259105736,0.0060570948145555,0.007051576055643,0.0060063901632482,13.38,1.3507928678623529,-0.0014064699927517
2016-10-12,2131.5,1480000.0,15.91,-0.0014064699927517,-0.0114127243167905,0.0058065428501919,-0.0046479284232824,0.0015082084186147,0.0039553332162083,-0.0039553332162084,-0.0033613477027048,0.0055697521569379,-0.0068417962717983,0.0048656259105736,0.0065040021532117,0.0056605920491118,15.36,-0.3392857142857143,-0.0024660924951935
2016-10-13,2126.25,2200000.0,16.69,-0.0024660924951935,-0.0014064699927517,-0.0114127243167905,0.0058065428501919,-0.0046479284232824,0.0015082084186147,0.0039553332162083,-0.0039553332162084,-0.0033613477027048,0.0055697521569379,-0.0068417962717983,0.0061991259539429,0.005361147294091,15.91,0.4864864864864864,0.0003526714901655
2016-10-14,2127.0,1840000.0,16.12,0.0003526714901655,-0.0024660924951935,-0.0014064699927517,-0.0114127243167905,0.0058065428501919,-0.0046479284232824,0.0015082084186147,0.0039553332162083,-0.0039553332162084,-0.0033613477027048,0.0055697521569379,0.0062348481074619,0.0048784733924283,16.69,-0.1636363636363637,-0.001882353496981
2016-10-17,2123.0,1250000.0,16.21,-0.001882353496981,0.0003526714901655,-0.0024660924951935,-0.0014064699927517,-0.0114127243167905,0.0058065428501919,-0.0046479284232824,0.0015082084186147,0.0039553332162083,-0.0039553332162084,-0.0033613477027048,0.0046213916466605,0.0048401545847897,16.12,-0.3206521739130434,0.0042303235824791
2016-10-18,2132.0,1140000.0,15.28,0.0042303235824791,-0.001882353496981,0.0003526714901655,-0.0024660924951935,-0.0014064699927517,-0.0114127243167905,0.0058065428501919,-0.0046479284232824,0.0015082084186147,0.0039553332162083,-0.0039553332162084,0.0027087063236198,0.0050503764449761,16.21,-0.0879999999999999,0.0028103062992553
2016-10-19,2138.0,948480.0,14.41,0.0028103062992553,0.0042303235824791,-0.001882353496981,0.0003526714901655,-0.0024660924951935,-0.0014064699927517,-0.0114127243167905,0.0058065428501919,-0.0046479284232824,0.0015082084186147,0.0039553332162083,0.0029020886579253,0.0049476518559181,15.28,-0.168,-0.0004678362658429
2016-10-20,2137.0,1610000.0,13.75,-0.0004678362658429,0.0028103062992553,0.0042303235824791,-0.001882353496981,0.0003526714901655,-0.0024660924951935,-0.0014064699927517,-0.0114127243167905,0.0058065428501919,-0.0046479284232824,0.0015082084186147,0.0024795849857885,0.0048882862139891,14.41,0.6974527665317138,-0.001053432531432
2016-10-21,2134.75,1410000.0,13.34,-0.001053432531432,-0.0004678362658429,0.0028103062992553,0.0042303235824791,-0.001882353496981,0.0003526714901655,-0.0024660924951935,-0.0014064699927517,-0.0114127243167905,0.0058065428501919,-0.0046479284232824,0.0026466837659295,0.0047117192516919,13.75,-0.124223602484472,0.0044402970828152
2016-10-24,2144.25,1010000.0,13.02,0.0044402970828152,-0.001053432531432,-0.0004678362658429,0.0028103062992553,0.0042303235824791,-0.001882353496981,0.0003526714901655,-0.0024660924951935,-0.0014064699927517,-0.0114127243167905,0.0058065428501919,0.0025980439757577,0.0045229837496054,13.34,-0.2836879432624113,-0.0029190282855402
2016-10-25,2138.0,1200000.0,13.46,-0.0029190282855402,0.0044402970828152,-0.001053432531432,-0.0004678362658429,0.0028103062992553,0.0042303235824791,-0.001882353496981,0.0003526714901655,-0.0024660924951935,-0.0014064699927517,-0.0114127243167905,0.0029951549368043,0.0027247423023675,13.02,0.188118811881188,-0.0018726597232918
2016-10-26,2134.0,1550000.0,14.24,-0.0018726597232918,-0.0029190282855402,0.0044402970828152,-0.001053432531432,-0.0004678362658429,0.0028103062992553,0.0042303235824791,-0.001882353496981,0.0003526714901655,-0.0024660924951935,-0.0014064699927517,0.0028447776159455,0.0027583752973537,13.46,0.2916666666666667,-0.0049324821083728
2016-10-27,2123.5,1800000.0,15.36,-0.0049324821083728,-0.0018726597232918,-0.0029190282855402,0.0044402970828152,-0.001053432531432,-0.0004678362658429,0.0028103062992553,0.0042303235824791,-0.001882353496981,0.0003526714901655,-0.0024660924951935,0.0035053755232302,0.0031036785799713,14.24,0.1612903225806452,0.0001177232328158
2016-10-28,2123.75,2390000.0,16.19,0.0001177232328158,-0.0049324821083728,-0.0018726597232918,-0.0029190282855402,0.0044402970828152,-0.001053432531432,-0.0004678362658429,0.0028103062992553,0.0042303235824791,-0.001882353496981,0.0003526714901655,0.0035619249188175,0.003100511325898,15.36,0.3277777777777777,-0.0017673053200836
2016-10-31,2120.0,1370000.0,17.06,-0.0017673053200836,0.0001177232328158,-0.0049324821083728,-0.0018726597232918,-0.0029190282855402,0.0044402970828152,-0.001053432531432,-0.0004678362658429,0.0028103062992553,0.0042303235824791,-0.001882353496981,0.0018453820290539,0.003093586719893,16.19,-0.4267782426778242,-0.0076946221610423
2016-11-01,2103.75,2260000.0,18.56,-0.0076946221610423,-0.0017673053200836,0.0001177232328158,-0.0049324821083728,-0.0018726597232918,-0.0029190282855402,0.0044402970828152,-0.001053432531432,-0.0004678362658429,0.0028103062992553,0.0042303235824791,0.0030830340365308,0.0034936617163984,17.06,0.6496350364963503,-0.0054814245920322
2016-11-02,2092.25,2010000.0,19.32,-0.0054814245920322,-0.0076946221610423,-0.0017673053200836,0.0001177232328158,-0.0049324821083728,-0.0018726597232918,-0.0029190282855402,0.0044402970828152,-0.001053432531432,-0.0004678362658429,0.0028103062992553,0.0031081844664666,0.0033830167011251,18.56,-0.1106194690265486,-0.0041908700504753
2016-11-03,2083.5,1800000.0,22.08,-0.0041908700504753,-0.0054814245920322,-0.0076946221610423,-0.0017673053200836,0.0001177232328158,-0.0049324821083728,-0.0018726597232918,-0.0029190282855402,0.0044402970828152,-0.001053432531432,-0.0004678362658429,0.0030670995411115,0.0033805854679182,19.32,-0.1044776119402984,-0.0016812781671445
2016-11-04,2080.0,2080000.0,22.51,-0.0016812781671445,-0.0041908700504753,-0.0054814245920322,-0.0076946221610423,-0.0017673053200836,0.0001177232328158,-0.0049324821083728,-0.0018726597232918,-0.0029190282855402,0.0044402970828152,-0.001053432531432,0.0025548811830462,0.0033557434185545,22.08,0.1555555555555554,0.0232844921981158
2016-11-07,2129.0,1760000.0,18.71,0.0232844921981158,-0.0016812781671445,-0.0041908700504753,-0.0054814245920322,-0.0076946221610423,-0.0017673053200836,0.0001177232328158,-0.0049324821083728,-0.0018726597232918,-0.0029190282855402,0.0044402970828152,0.012730098663197,0.0087318748881338,22.51,-0.1538461538461538,0.0030484253880416
2016-11-08,2135.5,1750000.0,18.74,0.0030484253880416,0.0232844921981158,-0.0016812781671445,-0.0041908700504753,-0.0054814245920322,-0.0076946221610423,-0.0017673053200836,0.0001177232328158,-0.0049324821083728,-0.0018726597232918,-0.0029190282855402,0.0118006400662983,0.0087682530809405,18.71,-0.0056818181818182,0.0115231444399873
2016-11-09,2160.25,5280000.0,14.38,0.0115231444399873,0.0030484253880416,0.0232844921981158,-0.0016812781671445,-0.0041908700504753,-0.0054814245920322,-0.0076946221610423,-0.0017673053200836,0.0001177232328158,-0.0049324821083728,-0.0018726597232918,0.0111807789488079,0.0094657641994523,18.74,2.0171428571428573,0.0032351270272411
2016-11-10,2167.25,3130000.0,14.74,0.0032351270272411,0.0115231444399873,0.0030484253880416,0.0232844921981158,-0.0016812781671445,-0.0041908700504753,-0.0054814245920322,-0.0076946221610423,-0.0017673053200836,0.0001177232328158,-0.0049324821083728,0.0098349867819023,0.0092249709082639,14.38,-0.4071969696969697,-0.0026566576410632
2016-11-11,2161.5,1880000.0,14.17,-0.0026566576410632,0.0032351270272411,0.0115231444399873,0.0030484253880416,0.0232844921981158,-0.0016812781671445,-0.0041908700504753,-0.0054814245920322,-0.0076946221610423,-0.0017673053200836,0.0001177232328158,0.0100787470424479,0.0093303022750989,14.74,-0.3993610223642172,-0.0004627487356986
2016-11-14,2160.5,1820000.0,14.48,-0.0004627487356986,-0.0026566576410632,0.0032351270272411,0.0115231444399873,0.0030484253880416,0.0232844921981158,-0.0016812781671445,-0.0041908700504753,-0.0054814245920322,-0.0076946221610423,-0.0017673053200836,0.0054007052295935,0.0092844819265519,14.17,-0.0319148936170212,0.0086411045196975
2016-11-15,2179.25,1440000.0,13.37,0.0086411045196975,-0.0004627487356986,-0.0026566576410632,0.0032351270272411,0.0115231444399873,0.0030484253880416,0.0232844921981158,-0.0016812781671445,-0.0041908700504753,-0.0054814245920322,-0.0076946221610423,0.0059777530210752,0.0088365667728791,14.48,-0.2087912087912088,-0.0029871345741159
2016-11-16,2172.75,1330000.0,13.72,-0.0029871345741159,0.0086411045196975,-0.0004627487356986,-0.0026566576410632,0.0032351270272411,0.0115231444399873,0.0030484253880416,0.0232844921981158,-0.0016812781671445,-0.0041908700504753,-0.0054814245920322,0.0048649719286432,0.0085857092435803,13.37,-0.0763888888888888,0.0052788738606345
2016-11-17,2184.25,1350000.0,13.35,0.0052788738606345,-0.0029871345741159,0.0086411045196975,-0.0004627487356986,-0.0026566576410632,0.0032351270272411,0.0115231444399873,0.0030484253880416,0.0232844921981158,-0.0016812781671445,-0.0041908700504753,0.0051604305741407,0.008118988362909,13.72,0.0150375939849625,-0.001603665864876
2016-11-18,2180.75,1280000.0,12.85,-0.001603665864876,0.0052788738606345,-0.0029871345741159,0.0086411045196975,-0.0004627487356986,-0.0026566576410632,0.0032351270272411,0.0115231444399873,0.0030484253880416,0.0232844921981158,-0.0016812781671445,0.0049628957461225,0.0081122210367421,13.35,-0.0518518518518518,0.0056016151045603
2016-11-21,2193.0,1230000.0,12.42,0.0056016151045603,-0.001603665864876,0.0052788738606345,-0.0029871345741159,0.0086411045196975,-0.0004627487356986,-0.0026566576410632,0.0032351270272411,0.0115231444399873,0.0030484253880416,0.0232844921981158,0.0050205151456449,0.0049159455580625,12.85,-0.0390625,0.0033005208360329
2016-11-22,2200.25,1260000.0,12.41,0.0033005208360329,0.0056016151045603,-0.001603665864876,0.0052788738606345,-0.0029871345741159,0.0086411045196975,-0.0004627487356986,-0.0026566576410632,0.0032351270272411,0.0115231444399873,0.0030484253880416,0.0039761266596069,0.0049170853493226,12.42,0.024390243902439,0.0002272210870944
2016-11-23,2200.75,1100000.0,12.43,0.0002272210870944,0.0033005208360329,0.0056016151045603,-0.001603665864876,0.0052788738606345,-0.0029871345741159,0.0086411045196975,-0.0004627487356986,-0.0026566576410632,0.0032351270272411,0.0115231444399873,0.0031610929813065,0.0039382848583948,12.41,-0.1269841269841269,0.0047597551329795
2016-11-25,2211.25,561560.0,12.34,0.0047597551329795,0.0002272210870944,0.0033005208360329,0.0056016151045603,-0.001603665864876,0.0052788738606345,-0.0029871345741159,0.0086411045196975,-0.0004627487356986,-0.0026566576410632,0.0032351270272411,0.0030562940788589,0.0040260788086077,12.43,-0.4894909090909091,-0.0047597551329795
2016-11-28,2200.75,1370000.0,13.15,-0.0047597551329795,0.0047597551329795,0.0002272210870944,0.0033005208360329,0.0056016151045603,-0.001603665864876,0.0052788738606345,-0.0029871345741159,0.0086411045196975,-0.0004627487356986,-0.0026566576410632,0.0042120263797602,0.0043396481519782,12.34,1.4396324524538784,0.0013622433710645
2016-11-29,2203.75,1410000.0,12.9,0.0013622433710645,-0.0047597551329795,0.0047597551329795,0.0002272210870944,0.0033005208360329,0.0056016151045603,-0.001603665864876,0.0052788738606345,-0.0029871345741159,0.0086411045196975,-0.0004627487356986,0.0036513326618466,0.0042717806874,13.15,0.0291970802919707,-0.002271437660312
2016-11-30,2198.75,1960000.0,13.33,-0.002271437660312,0.0013622433710645,-0.0047597551329795,0.0047597551329795,0.0002272210870944,0.0033005208360329,0.0056016151045603,-0.001603665864876,0.0052788738606345,-0.0029871345741159,0.0086411045196975,0.0036153936795064,0.0037427617869973,12.9,0.3900709219858156,-0.0030746479838618
2016-12-01,2192.0,2150000.0,14.07,-0.0030746479838618,-0.002271437660312,0.0013622433710645,-0.0047597551329795,0.0047597551329795,0.0002272210870944,0.0033005208360329,0.0056016151045603,-0.001603665864876,0.0052788738606345,-0.0029871345741159,0.0038276929824567,0.0037529252527299,13.33,0.096938775510204,0.0
2016-12-02,2192.0,1680000.0,14.12,0.0,-0.0030746479838618,-0.002271437660312,0.0013622433710645,-0.0047597551329795,0.0047597551329795,0.0002272210870944,0.0033005208360329,0.0056016151045603,-0.001603665864876,0.0052788738606345,0.0024409919129996,0.0034224677251103,14.07,-0.2186046511627907,0.0055729458992302
2016-12-05,2204.25,1660000.0,12.14,0.0055729458992302,0.0,-0.0030746479838618,-0.002271437660312,0.0013622433710645,-0.0047597551329795,0.0047597551329795,0.0002272210870944,0.0033005208360329,0.0056016151045603,-0.001603665864876,0.0034286029297727,0.0037069226415121,14.12,-0.0119047619047618,0.002605200544662
2016-12-06,2210.0,1480000.0,11.79,0.002605200544662,0.0055729458992302,0.0,-0.0030746479838618,-0.002271437660312,0.0013622433710645,-0.0047597551329795,0.0047597551329795,0.0002272210870944,0.0033005208360329,0.0056016151045603,0.0035655845056712,0.0034092357830644,12.14,-0.108433734939759,0.0120314039159068
2016-12-07,2236.75,2330000.0,12.22,0.0120314039159068,0.002605200544662,0.0055729458992302,0.0,-0.0030746479838618,-0.002271437660312,0.0013622433710645,-0.0047597551329795,0.0047597551329795,0.0002272210870944,0.0033005208360329,0.0057734729669286,0.0049143819750158,11.79,0.5743243243243243,0.0049057964371768
2016-12-08,2247.75,2110000.0,12.64,0.0049057964371768,0.0120314039159068,0.002605200544662,0.0055729458992302,0.0,-0.0030746479838618,-0.002271437660312,0.0013622433710645,-0.0047597551329795,0.0047597551329795,0.0002272210870944,0.0044863734184161,0.0049865530348392,12.22,-0.0944206008583691,0.0054350974014493
2016-12-09,2260.0,1090000.0,11.75,0.0054350974014493,0.0049057964371768,0.0120314039159068,0.002605200544662,0.0055729458992302,0.0,-0.0030746479838618,-0.002271437660312,0.0013622433710645,-0.0047597551329795,0.0047597551329795,0.0035192566815798,0.0050307565921204,12.64,-0.4834123222748815,-0.001771479648382
2016-12-12,2256.0,1020000.0,12.64,-0.001771479648382,0.0054350974014493,0.0049057964371768,0.0120314039159068,0.002605200544662,0.0055729458992302,0.0,-0.0030746479838618,-0.002271437660312,0.0013622433710645,-0.0047597551329795,0.0050145576158846,0.0046467853410337,11.75,-0.0642201834862384,0.0076171919880726
2016-12-13,2273.25,1050000.0,12.72,0.0076171919880726,-0.001771479648382,0.0054350974014493,0.0049057964371768,0.0120314039159068,0.002605200544662,0.0055729458992302,0.0,-0.0030746479838618,-0.002271437660312,0.0013622433710645,0.0050067538841596,0.0048940843140002,12.64,0.0294117647058822,-0.0071740277884864
2016-12-14,2257.0,767130.0,13.19,-0.0071740277884864,0.0076171919880726,-0.001771479648382,0.0054350974014493,0.0049057964371768,0.0120314039159068,0.002605200544662,0.0055729458992302,0.0,-0.0030746479838618,-0.002271437660312,0.0061234842458653,0.0056756537785962,12.72,-0.2694,0.0028757900584775
2016-12-15,2263.5,477530.0,12.79,0.0028757900584775,-0.0071740277884864,0.0076171919880726,-0.001771479648382,0.0054350974014493,0.0049057964371768,0.0120314039159068,0.002605200544662,0.0055729458992302,0.0,-0.0030746479838618,0.0059305484249626,0.0053132492300396,13.19,-0.3775109824931889,0.0022638371763032
2016-12-16,2268.63,1420000.0,12.2,0.0022638371763032,0.0028757900584775,-0.0071740277884864,0.0076171919880726,-0.001771479648382,0.0054350974014493,0.0049057964371768,0.0120314039159068,0.002605200544662,0.0055729458992302,0.0,0.0055478900573327,0.0052084880183262,12.79,1.9736351642828724,-0.0038113117859849
2016-12-19,2260.0,928690.0,11.71,-0.0038113117859849,0.0022638371763032,0.0028757900584775,-0.0071740277884864,0.0076171919880726,-0.001771479648382,0.0054350974014493,0.0049057964371768,0.0120314039159068,0.002605200544662,0.0055729458992302,0.0058476893987162,0.0056105949751069,12.2,-0.3459929577464788,0.0028719781145723
2016-12-20,2266.5,814010.0,11.45,0.0028719781145723,-0.0038113117859849,0.0022638371763032,0.0028757900584775,-0.0071740277884864,0.0076171919880726,-0.001771479648382,0.0054350974014493,0.0049057964371768,0.0120314039159068,0.002605200544662,0.0046332369544266,0.0056117967799787,11.71,-0.1234857702785644,-0.0026507636462441
2016-12-21,2260.5,667710.0,11.27,-0.0026507636462441,0.0028719781145723,-0.0038113117859849,0.0022638371763032,0.0028757900584775,-0.0071740277884864,0.0076171919880726,-0.001771479648382,0.0054350974014493,0.0049057964371768,0.0120314039159068,0.0032678671315265,0.0046936572904924,11.45,-0.1797275217749168,-0.0007744648282215
2016-12-22,2258.75,847630.0,11.43,-0.0007744648282215,-0.0026507636462441,0.0028719781145723,-0.0038113117859849,0.0022638371763032,0.0028757900584775,-0.0071740277884864,0.0076171919880726,-0.001771479648382,0.0054350974014493,0.0049057964371768,0.0029429173102643,0.004516381246425,11.27,0.2694582977639994,0.0005532503598932
2016-12-23,2260.0,396540.0,11.44,0.0005532503598932,-0.0007744648282215,-0.0026507636462441,0.0028719781145723,-0.0038113117859849,0.0022638371763032,0.0028757900584775,-0.0071740277884864,0.0076171919880726,-0.001771479648382,0.0054350974014493,0.0026363595142584,0.004173039677085,11.43,-0.5321779550039523,0.0004423800116383
2016-12-27,2261.0,498740.0,11.99,0.0004423800116383,0.0005532503598932,-0.0007744648282215,-0.0026507636462441,0.0028719781145723,-0.0038113117859849,0.0022638371763032,0.0028757900584775,-0.0071740277884864,0.0076171919880726,-0.001771479648382,0.002020968084202,0.004127089151628,11.44,0.2577293589549603,-0.0069903197269107
2016-12-28,2245.25,1000000.0,12.95,-0.0069903197269107,0.0004423800116383,0.0005532503598932,-0.0007744648282215,-0.0026507636462441,0.0028719781145723,-0.0038113117859849,0.0022638371763032,0.0028757900584775,-0.0071740277884864,0.0076171919880726,0.0031323205939862,0.003789878277496,11.99,1.0050527328868748,-0.0001113523747044
2016-12-29,2245.0,913220.0,13.37,-0.0001113523747044,-0.0069903197269107,0.0004423800116383,0.0005532503598932,-0.0007744648282215,-0.0026507636462441,0.0028719781145723,-0.0038113117859849,0.0022638371763032,0.0028757900584775,-0.0071740277884864,0.0031823842061249,0.0031681163488134,12.95,-0.0867799999999999,-0.0039051653534257
2016-12-30,2236.25,1280000.0,14.04,-0.0039051653534257,-0.0001113523747044,-0.0069903197269107,0.0004423800116383,0.0005532503598932,-0.0007744648282215,-0.0026507636462441,0.0028719781145723,-0.0038113117859849,0.0022638371763032,0.0028757900584775,0.0033385707366705,0.0030819337393331,13.37,0.4016337793740829,0.0072403546595641
2017-01-03,2252.5,1810000.0,12.85,0.0072403546595641,-0.0039051653534257,-0.0001113523747044,-0.0069903197269107,0.0004423800116383,0.0005532503598932,-0.0007744648282215,-0.0026507636462441,0.0028719781145723,-0.0038113117859849,0.0022638371763032,0.005351069740735,0.0039771722603397,14.04,0.4140625,0.0052028677725648
2017-01-04,2264.25,1400000.0,11.85,0.0052028677725648,0.0072403546595641,-0.0039051653534257,-0.0001113523747044,-0.0069903197269107,0.0004423800116383,0.0005532503598932,-0.0007744648282215,-0.0026507636462441,0.0028719781145723,-0.0038113117859849,0.0059834608289843,0.004211667214676,12.85,-0.2265193370165745,0.0
2017-01-05,2264.25,1320000.0,11.67,0.0,0.0052028677725648,0.0072403546595641,-0.0039051653534257,-0.0001113523747044,-0.0069903197269107,0.0004423800116383,0.0005532503598932,-0.0007744648282215,-0.0026507636462441,0.0028719781145723,0.0044875776876374,0.0041048661747161,11.85,-0.0571428571428571,0.0031968279444
2017-01-06,2271.5,1550000.0,11.32,0.0031968279444,0.0,0.0052028677725648,0.0072403546595641,-0.0039051653534257,-0.0001113523747044,-0.0069903197269107,0.0004423800116383,0.0005532503598932,-0.0007744648282215,-0.0026507636462441,0.0043994627142884,0.0041175052588807,11.67,0.1742424242424243,-0.0028656472823236
2017-01-09,2265.0,1030000.0,11.56,-0.0028656472823236,0.0031968279444,0.0,0.0052028677725648,0.0072403546595641,-0.0039051653534257,-0.0001113523747044,-0.0069903197269107,0.0004423800116383,0.0005532503598932,-0.0007744648282215,0.0040400228039328,0.0042398867699415,11.32,-0.3354838709677419,-0.0005520287195112
2017-01-10,2263.75,1300000.0,11.49,-0.0005520287195112,-0.0028656472823236,0.0031968279444,0.0,0.0052028677725648,0.0072403546595641,-0.0039051653534257,-0.0001113523747044,-0.0069903197269107,0.0004423800116383,0.0005532503598932,0.0031953915225815,0.0042462671778086,11.56,0.2621359223300972,0.0029773413403826
2017-01-11,2270.5,1730000.0,11.26,0.0029773413403826,-0.0005520287195112,-0.0028656472823236,0.0031968279444,0.0,0.0052028677725648,0.0072403546595641,-0.0039051653534257,-0.0001113523747044,-0.0069903197269107,0.0004423800116383,0.0025534921858752,0.0043392622508546,11.49,0.3307692307692307,-0.0030877836619925
2017-01-12,2263.5,1750000.0,11.54,-0.0030877836619925,0.0029773413403826,-0.0005520287195112,-0.0028656472823236,0.0031968279444,0.0,0.0052028677725648,0.0072403546595641,-0.0039051653534257,-0.0001113523747044,-0.0069903197269107,0.0030460383162933,0.0037318011661802,11.26,0.0115606936416186,0.0039682591756206
2017-01-13,2272.5,1190000.0,11.23,0.0039682591756206,-0.0030877836619925,0.0029773413403826,-0.0005520287195112,-0.0028656472823236,0.0031968279444,0.0,0.0052028677725648,0.0072403546595641,-0.0039051653534257,-0.0001113523747044,0.003264351985663,0.0038413277338785,11.54,-0.3199999999999999,-0.0042996593443537
2017-01-17,2262.75,1540000.0,11.87,-0.0042996593443537,0.0039682591756206,-0.0030877836619925,0.0029773413403826,-0.0005520287195112,-0.0028656472823236,0.0031968279444,0.0,0.0052028677725648,0.0072403546595641,-0.0039051653534257,0.0036311258747668,0.0039013384488178,11.23,0.2941176470588236,0.0016559036736237
2017-01-18,2266.5,1110000.0,12.48,0.0016559036736237,-0.0042996593443537,0.0039682591756206,-0.0030877836619925,0.0029773413403826,-0.0005520287195112,-0.0028656472823236,0.0031968279444,0.0,0.0052028677725648,0.0072403546595641,0.0037108068134761,0.0032887384935045,11.87,-0.2792207792207792,-0.0022084814630061
2017-01-19,2261.5,1390000.0,12.78,-0.0022084814630061,0.0016559036736237,-0.0042996593443537,0.0039682591756206,-0.0030877836619925,0.0029773413403826,-0.0005520287195112,-0.0028656472823236,0.0031968279444,0.0,0.0052028677725648,0.003472498689021,0.0029597526052472,12.48,0.2522522522522523,0.0019878526700537
2017-01-20,2266.0,1740000.0,11.54,0.0019878526700537,-0.0022084814630061,0.0016559036736237,-0.0042996593443537,0.0039682591756206,-0.0030877836619925,0.0029773413403826,-0.0005520287195112,-0.0028656472823236,0.0031968279444,0.0,0.0033749595950561,0.0030346293321926,12.78,0.2517985611510791,-0.0017667849118858
2017-01-23,2262.0,1470000.0,11.77,-0.0017667849118858,0.0019878526700537,-0.0022084814630061,0.0016559036736237,-0.0042996593443537,0.0039682591756206,-0.0030877836619925,0.0029773413403826,-0.0005520287195112,-0.0028656472823236,0.0031968279444,0.0026874718152897,0.0028691038732554,11.54,-0.1551724137931034,0.005510870333993
2017-01-24,2274.5,1270000.0,11.07,0.005510870333993,-0.0017667849118858,0.0019878526700537,-0.0022084814630061,0.0016559036736237,-0.0042996593443537,0.0039682591756206,-0.0030877836619925,0.0029773413403826,-0.0005520287195112,-0.0028656472823236,0.0031502790241636,0.0032702057516793,11.77,-0.1360544217687075,0.0085367706792571
2017-01-25,2294.0,1390000.0,10.81,0.0085367706792571,0.005510870333993,-0.0017667849118858,0.0019878526700537,-0.0022084814630061,0.0016559036736237,-0.0042996593443537,0.0039682591756206,-0.0030877836619925,0.0029773413403826,-0.0005520287195112,0.004639687663446,0.0041224465126445,11.07,0.094488188976378,0.0
2017-01-26,2294.0,1170000.0,10.63,0.0,0.0085367706792571,0.005510870333993,-0.0017667849118858,0.0019878526700537,-0.0022084814630061,0.0016559036736237,-0.0042996593443537,0.0039682591756206,-0.0030877836619925,0.0029773413403826,0.0041713314010725,0.0040974855056589,10.81,-0.158273381294964,-0.0021819777367492
2017-01-27,2289.0,942080.0,10.58,-0.0021819777367492,0.0,0.0085367706792571,0.005510870333993,-0.0017667849118858,0.0019878526700537,-0.0022084814630061,0.0016559036736237,-0.0042996593443537,0.0039682591756206,-0.0030877836619925,0.0047626471733736,0.0040053249353057,10.63,-0.1948034188034187,-0.0056955247063451
2017-01-30,2276.0,1850000.0,11.88,-0.0056955247063451,-0.0021819777367492,0.0,0.0085367706792571,0.005510870333993,-0.0017667849118858,0.0019878526700537,-0.0022084814630061,0.0016559036736237,-0.0042996593443537,0.0039682591756206,0.0057626394125775,0.0043892405868512,10.58,0.9637398097826086,-0.0006592682361627
2017-01-31,2274.5,1630000.0,11.99,-0.0006592682361627,-0.0056955247063451,-0.0021819777367492,0.0,0.0085367706792571,0.005510870333993,-0.0017667849118858,0.0019878526700537,-0.0022084814630061,0.0016559036736237,-0.0042996593443537,0.0052562133889731,0.0041216329800034,11.88,-0.1189189189189189,0.0
2017-02-01,2274.5,1570000.0,11.81,0.0,-0.0006592682361627,-0.0056955247063451,-0.0021819777367492,0.0,0.0085367706792571,0.005510870333993,-0.0017667849118858,0.0019878526700537,-0.0022084814630061,0.0016559036736237,0.0024010087674461,0.0041040604754207,11.99,-0.0368098159509202,0.0004395604466378
2017-02-02,2275.5,1410000.0,11.93,0.0004395604466378,0.0,-0.0006592682361627,-0.0056955247063451,-0.0021819777367492,0.0,0.0085367706792571,0.005510870333993,-0.0017667849118858,0.0019878526700537,-0.0022084814630061,0.0024857048199384,0.0040046968220289,11.81,-0.1019108280254776,0.0067885949967989
2017-02-03,2291.0,1420000.0,10.97,0.0067885949967989,0.0004395604466378,0.0,-0.0006592682361627,-0.0056955247063451,-0.0021819777367492,0.0,0.0085367706792571,0.005510870333993,-0.0017667849118858,0.0019878526700537,0.0044440780622361,0.0044502380208545,11.93,0.0070921985815601,-0.0019661393553856
2017-02-06,2286.5,1160000.0,11.37,-0.0019661393553856,0.0067885949967989,0.0004395604466378,0.0,-0.0006592682361627,-0.0056955247063451,-0.0021819777367492,0.0,0.0085367706792571,0.005510870333993,-0.0017667849118858,0.0034037301755279,0.0044649155746054,10.97,-0.1830985915492957,0.0008743169955869
2017-02-07,2288.5,1200000.0,11.29,0.0008743169955869,-0.0019661393553856,0.0067885949967989,0.0004395604466378,0.0,-0.0006592682361627,-0.0056955247063451,-0.0021819777367492,0.0,0.0085367706792571,0.005510870333993,0.0032930780755889,0.00418534517335,11.37,0.0344827586206897,0.0007644008016213
2017-02-08,2290.25,1280000.0,11.45,0.0007644008016213,0.0008743169955869,-0.0019661393553856,0.0067885949967989,0.0004395604466378,0.0,-0.0006592682361627,-0.0056955247063451,-0.0021819777367492,0.0,0.0085367706792571,0.003239160869147,0.0031421804118983,11.29,0.0666666666666666,0.0060942619784556
2017-02-09,2304.25,1350000.0,10.88,0.0060942619784556,0.0007644008016213,0.0008743169955869,-0.0019661393553856,0.0067885949967989,0.0004395604466378,0.0,-0.0006592682361627,-0.0056955247063451,-0.0021819777367492,0.0,0.0037719922504298,0.0037160282439709,11.45,0.0546875,0.0036820487776543
2017-02-10,2312.75,1180000.0,10.85,0.0036820487776543,0.0060942619784556,0.0007644008016213,0.0008743169955869,-0.0019661393553856,0.0067885949967989,0.0004395604466378,0.0,-0.0006592682361627,-0.0056955247063451,-0.0021819777367492,0.0030844632274996,0.0037179585006549,10.88,-0.1259259259259258,0.0058202363050325
2017-02-13,2326.25,1210000.0,11.07,0.0058202363050325,0.0036820487776543,0.0060942619784556,0.0007644008016213,0.0008743169955869,-0.0019661393553856,0.0067885949967989,0.0004395604466378,0.0,-0.0006592682361627,-0.0056955247063451,0.0025744189031835,0.0031413036179157,10.85,0.0254237288135592,0.0046105265823974
2017-02-14,2337.0,1390000.0,10.74,0.0046105265823974,0.0058202363050325,0.0036820487776543,0.0060942619784556,0.0007644008016213,0.0008743169955869,-0.0019661393553856,0.0067885949967989,0.0004395604466378,0.0,-0.0006592682361627,0.002147869804084,0.0030521208209405,11.07,0.1487603305785123,0.0057600159253272
2017-02-15,2350.5,1530000.0,11.97,0.0057600159253272,0.0046105265823974,0.0058202363050325,0.0036820487776543,0.0060942619784556,0.0007644008016213,0.0008743169955869,-0.0019661393553856,0.0067885949967989,0.0004395604466378,0.0,0.001018510382984,0.0030271126332836,10.74,0.1007194244604317,-0.0021294726956724
2017-02-16,2345.5,1740000.0,11.76,-0.0021294726956724,0.0057600159253272,0.0046105265823974,0.0058202363050325,0.0036820487776543,0.0060942619784556,0.0007644008016213,0.0008743169955869,-0.0019661393553856,0.0067885949967989,0.0004395604466378,0.0032953261618515,0.0033836182318777,11.97,0.1372549019607842,0.0010653031794743
2017-02-17,2348.0,1400000.0,11.49,0.0010653031794743,-0.0021294726956724,0.0057600159253272,0.0046105265823974,0.0058202363050325,0.0036820487776543,0.0060942619784556,0.0007644008016213,0.0008743169955869,-0.0019661393553856,0.0067885949967989,0.0034719069881366,0.0031534083270884,11.76,-0.1954022988505747,0.0050977170716685
2017-02-21,2360.0,1650000.0,11.57,0.0050977170716685,0.0010653031794743,-0.0021294726956724,0.0057600159253272,0.0046105265823974,0.0058202363050325,0.0036820487776543,0.0060942619784556,0.0007644008016213,0.0008743169955869,-0.0019661393553856,0.0033389901499507,0.002826609801202,11.49,0.1785714285714286,0.0004236390658571
2017-02-22,2361.0,1300000.0,11.74,0.0004236390658571,0.0050977170716685,0.0010653031794743,-0.0021294726956724,0.0057600159253272,0.0046105265823974,0.0058202363050325,0.0036820487776543,0.0060942619784556,0.0007644008016213,0.0008743169955869,0.003321718384769,0.002870425196896,11.57,-0.2121212121212121,0.0007409367896526
2017-02-23,2362.75,1560000.0,11.71,0.0007409367896526,0.0004236390658571,0.0050977170716685,0.0010653031794743,-0.0021294726956724,0.0057600159253272,0.0046105265823974,0.0058202363050325,0.0036820487776543,0.0060942619784556,0.0007644008016213,0.0025971428606165,0.0028725724685101,11.74,0.1999999999999999,0.0009518270508677
2017-02-24,2365.0,1550000.0,11.47,0.0009518270508677,0.0007409367896526,0.0004236390658571,0.0050977170716685,0.0010653031794743,-0.0021294726956724,0.0057600159253272,0.0046105265823974,0.0058202363050325,0.0036820487776543,0.0060942619784556,0.0019394749780452,0.0027373862473881,11.71,-0.0064102564102563,0.0013732638296104
2017-02-27,2368.25,1160000.0,12.09,0.0013732638296104,0.0009518270508677,0.0007409367896526,0.0004236390658571,0.0050977170716685,0.0010653031794743,-0.0021294726956724,0.0057600159253272,0.0046105265823974,0.0058202363050325,0.0036820487776543,0.0019208313874224,0.0027335583730985,11.47,-0.2516129032258064,-0.0023250908804783
2017-02-28,2362.75,1610000.0,12.92,-0.0023250908804783,0.0013732638296104,0.0009518270508677,0.0007409367896526,0.0004236390658571,0.0050977170716685,0.0010653031794743,-0.0021294726956724,0.0057600159253272,0.0046105265823974,0.0058202363050325,0.0014709763664557,0.002804341483687,12.09,0.3879310344827587,0.0129305349573981
2017-03-01,2393.5,2170000.0,12.54,0.0129305349573981,-0.0023250908804783,0.0013732638296104,0.0009518270508677,0.0007409367896526,0.0004236390658571,0.0050977170716685,0.0010653031794743,-0.0021294726956724,0.0057600159253272,0.0046105265823974,0.0058856556463071,0.0045202288441258,12.92,0.3478260869565217,-0.0048162589173182
2017-03-02,2382.0,1740000.0,11.81,-0.0048162589173182,0.0129305349573981,-0.0023250908804783,0.0013732638296104,0.0009518270508677,0.0007409367896526,0.0004236390658571,0.0050977170716685,0.0010653031794743,-0.0021294726956724,0.0057600159253272,0.0068085362779964,0.0048677585962768,12.54,-0.1981566820276498,-0.0003149110402343
2017-03-03,2381.25,1360000.0,10.96,-0.0003149110402343,-0.0048162589173182,0.0129305349573981,-0.0023250908804783,0.0013732638296104,0.0009518270508677,0.0007409367896526,0.0004236390658571,0.0050977170716685,0.0010653031794743,-0.0021294726956724,0.0068630969533086,0.0047569794506948,11.81,-0.2183908045977011,-0.002417618248035
2017-03-06,2375.5,1380000.0,11.24,-0.002417618248035,-0.0003149110402343,-0.0048162589173182,0.0129305349573981,-0.0023250908804783,0.0013732638296104,0.0009518270508677,0.0007409367896526,0.0004236390658571,0.0050977170716685,0.0010653031794743,0.0070688851627919,0.0049181502598391,10.96,0.0147058823529411,-0.0037958712806733
2017-03-07,2366.5,1300000.0,11.45,-0.0037958712806733,-0.002417618248035,-0.0003149110402343,-0.0048162589173182,0.0129305349573981,-0.0023250908804783,0.0013732638296104,0.0009518270508677,0.0007409367896526,0.0004236390658571,0.0050977170716685,0.0072499098231818,0.0049319548186226,11.24,-0.0579710144927536,-0.0010569708203139
2017-03-08,2364.0,1650000.0,11.86,-0.0010569708203139,-0.0037958712806733,-0.002417618248035,-0.0003149110402343,-0.0048162589173182,0.0129305349573981,-0.0023250908804783,0.0013732638296104,0.0009518270508677,0.0007409367896526,0.0004236390658571,0.0018645466042294,0.0049491926476831,11.45,0.2692307692307691,0.0009513239975438
2017-03-09,2366.25,1790000.0,12.3,0.0009513239975438,-0.0010569708203139,-0.0037958712806733,-0.002417618248035,-0.0003149110402343,-0.0048162589173182,0.0129305349573981,-0.0023250908804783,0.0013732638296104,0.0009518270508677,0.0007409367896526,0.0018420622573709,0.004952538550416,11.86,0.0848484848484849,0.0023216557494536
2017-03-10,2371.75,1360000.0,11.66,0.0023216557494536,0.0009513239975438,-0.0010569708203139,-0.0037958712806733,-0.002417618248035,-0.0003149110402343,-0.0048162589173182,0.0129305349573981,-0.0023250908804783,0.0013732638296104,0.0009518270508677,0.0024733497843115,0.0049959948238728,12.3,-0.2402234636871508,0.0013693581957552
2017-03-13,2375.0,1040000.0,11.35,0.0013693581957552,0.0023216557494536,0.0009513239975438,-0.0010569708203139,-0.0037958712806733,-0.002417618248035,-0.0003149110402343,-0.0048162589173182,0.0129305349573981,-0.0023250908804783,0.0013732638296104,0.0024334753096062,0.0049959004479755,11.66,-0.2352941176470588,-0.0035853671224388
2017-03-14,2366.5,952370.0,12.3,-0.0035853671224388,0.0013693581957552,0.0023216557494536,0.0009513239975438,-0.0010569708203139,-0.0037958712806733,-0.002417618248035,-0.0003149110402343,-0.0048162589173182,0.0129305349573981,-0.0023250908804783,0.0023527797045837,0.0050841645138095,11.35,-0.0842596153846153,0.0072628075683261
2017-03-15,2383.75,621380.0,11.63,0.0072628075683261,-0.0035853671224388,0.0013693581957552,0.0023216557494536,0.0009513239975438,-0.0010569708203139,-0.0037958712806733,-0.002417618248035,-0.0003149110402343,-0.0048162589173182,0.0129305349573981,0.0038707148346761,0.0036020603257697,12.3,-0.3475434967502127,-0.0004195950968935
2017-03-16,2382.75,377980.0,11.21,-0.0004195950968935,0.0072628075683261,-0.0035853671224388,0.0013693581957552,0.0023216557494536,0.0009513239975438,-0.0010569708203139,-0.0037958712806733,-0.002417618248035,-0.0003149110402343,-0.0048162589173182,0.0039808036064233,0.0032559261910766,11.63,-0.3917087772377611,0.0012792150301103
2017-03-17,2385.8,1280000.0,11.28,0.0012792150301103,-0.0004195950968935,0.0072628075683261,-0.0035853671224388,0.0013693581957552,0.0023216557494536,0.0009513239975438,-0.0010569708203139,-0.0037958712806733,-0.002417618248035,-0.0003149110402343,0.0039469503451329,0.0032760448141798,11.21,2.38642256204032,-0.006539063049777
2017-03-20,2370.25,1080000.0,11.34,-0.006539063049777,0.0012792150301103,-0.0004195950968935,0.0072628075683261,-0.0035853671224388,0.0013693581957552,0.0023216557494536,0.0009513239975438,-0.0010569708203139,-0.0037958712806733,-0.002417618248035,0.005229087514712,0.0038496981118,11.28,-0.15625,-0.0118834289667708
2017-03-21,2342.25,2570000.0,12.47,-0.0118834289667708,-0.006539063049777,0.0012792150301103,-0.0004195950968935,0.0072628075683261,-0.0035853671224388,0.0013693581957552,0.0023216557494536,0.0009513239975438,-0.0010569708203139,-0.0037958712806733,0.0073708511836781,0.0052711922638504,11.34,1.3796296296296298,0.0001067292812796
2017-03-22,2342.5,1880000.0,12.81,0.0001067292812796,-0.0118834289667708,-0.006539063049777,0.0012792150301103,-0.0004195950968935,0.0072628075683261,-0.0035853671224388,0.0013693581957552,0.0023216557494536,0.0009513239975438,-0.0010569708203139,0.005586942087363,0.005283362062999,12.47,-0.2684824902723736,-0.0010678057608301
2017-03-23,2340.0,1630000.0,13.12,-0.0010678057608301,0.0001067292812796,-0.0118834289667708,-0.006539063049777,0.0012792150301103,-0.0004195950968935,0.0072628075683261,-0.0035853671224388,0.0013693581957552,0.0023216557494536,0.0009513239975438,0.0055047638021207,0.0052425951423676,12.81,-0.1329787234042553,0.0020278570373007
2017-03-24,2344.75,1600000.0,12.96,0.0020278570373007,-0.0010678057608301,0.0001067292812796,-0.0118834289667708,-0.006539063049777,0.0012792150301103,-0.0004195950968935,0.0072628075683261,-0.0035853671224388,0.0013693581957552,0.0023216557494536,0.005678795866535,0.0052219752271126,13.12,-0.0184049079754601,-0.0026690882231069
2017-03-27,2338.5,1610000.0,12.5,-0.0026690882231069,0.0020278570373007,-0.0010678057608301,0.0001067292812796,-0.0118834289667708,-0.006539063049777,0.0012792150301103,-0.0004195950968935,0.0072628075683261,-0.0035853671224388,0.0013693581957552,0.0054136563867422,0.0051617368029969,12.96,0.00625,0.0055437242191616
2017-03-28,2351.5,1620000.0,11.53,0.0055437242191616,-0.0026690882231069,0.0020278570373007,-0.0010678057608301,0.0001067292812796,-0.0118834289667708,-0.006539063049777,0.0012792150301103,-0.0004195950968935,0.0072628075683261,-0.0035853671224388,0.0031628215930079,0.0055539128219849,12.5,0.0062111801242235,0.0023362015510283
2017-03-29,2357.0,1150000.0,11.42,0.0023362015510283,0.0055437242191616,-0.0026690882231069,0.0020278570373007,-0.0010678057608301,0.0001067292812796,-0.0118834289667708,-0.006539063049777,0.0012792150301103,-0.0004195950968935,0.0072628075683261,0.0031996557385101,0.0049624203018945,11.53,-0.2901234567901234,0.0031769591477992
2017-03-30,2364.5,1160000.0,11.54,0.0031769591477992,0.0023362015510283,0.0055437242191616,-0.0026690882231069,0.0020278570373007,-0.0010678057608301,0.0001067292812796,-0.0118834289667708,-0.006539063049777,0.0012792150301103,-0.0004195950968935,0.0029926097684391,0.0051464295285567,11.42,0.0086956521739129,-0.002222811182488
2017-03-31,2359.25,1570000.0,12.37,-0.002222811182488,0.0031769591477992,0.0023362015510283,0.0055437242191616,-0.0026690882231069,0.0020278570373007,-0.0010678057608301,0.0001067292812796,-0.0118834289667708,-0.006539063049777,0.0012792150301103,0.0035618568736698,0.0051106045101256,11.54,0.3534482758620689,-0.001378506129965
2017-04-03,2356.0,1720000.0,12.38,-0.001378506129965,-0.002222811182488,0.0031769591477992,0.0023362015510283,0.0055437242191616,-0.0026690882231069,0.0020278570373007,-0.0010678057608301,0.0001067292812796,-0.0118834289667708,-0.006539063049777,0.0032406734011282,0.0047503494676528,12.37,0.0955414012738853,0.0002122015923083
2017-04-04,2356.5,1210000.0,11.79,0.0002122015923083,-0.001378506129965,-0.002222811182488,0.0031769591477992,0.0023362015510283,0.0055437242191616,-0.0026690882231069,0.0020278570373007,-0.0010678057608301,0.0001067292812796,-0.0118834289667708,0.0023202797201323,0.0026221034300235,12.38,-0.2965116279069767,-0.0042526111293132
2017-04-05,2346.5,1940000.0,12.89,-0.0042526111293132,0.0002122015923083,-0.001378506129965,-0.002222811182488,0.0031769591477992,0.0023362015510283,0.0055437242191616,-0.0026690882231069,0.0020278570373007,-0.0010678057608301,0.0001067292812796,0.0027873436699257,0.003043025637773,11.79,0.6033057851239669,0.0030849447368897
2017-04-06,2353.75,1600000.0,12.39,0.0030849447368897,-0.0042526111293132,0.0002122015923083,-0.001378506129965,-0.002222811182488,0.0031769591477992,0.0023362015510283,0.0055437242191616,-0.0026690882231069,0.0020278570373007,-0.0010678057608301,0.0027538577950599,0.0031371460391545,12.89,-0.1752577319587629,-0.0006374840844871
2017-04-07,2352.25,1470000.0,12.87,-0.0006374840844871,0.0030849447368897,-0.0042526111293132,0.0002122015923083,-0.001378506129965,-0.002222811182488,0.0031769591477992,0.0023362015510283,0.0055437242191616,-0.0026690882231069,0.0020278570373007,0.0026545890025668,0.0031141634010249,12.39,-0.08125,0.0001062755726597
2017-04-10,2352.5,1350000.0,14.05,0.0001062755726597,-0.0006374840844871,0.0030849447368897,-0.0042526111293132,0.0002122015923083,-0.001378506129965,-0.002222811182488,0.0031769591477992,0.0023362015510283,0.0055437242191616,-0.0026690882231069,0.0026278439789406,0.0029368630192474,12.87,-0.0816326530612244,-0.0006378229194651
2017-04-11,2351.0,1860000.0,15.07,-0.0006378229194651,0.0001062755726597,-0.0006374840844871,0.0030849447368897,-0.0042526111293132,0.0002122015923083,-0.001378506129965,-0.002222811182488,0.0031769591477992,0.0023362015510283,0.0055437242191616,0.0026140989190757,0.0023771754291465,14.05,0.3777777777777777,-0.0043693787210709
2017-04-12,2340.75,1530000.0,15.77,-0.0043693787210709,-0.0006378229194651,0.0001062755726597,-0.0006374840844871,0.0030849447368897,-0.0042526111293132,0.0002122015923083,-0.001378506129965,-0.002222811182488,0.0031769591477992,0.0023362015510283,0.0026565463698535,0.002575755058371,15.07,-0.1774193548387096,-0.0056766606677763
2017-04-13,2327.5,1590000.0,15.96,-0.0056766606677763,-0.0043693787210709,-0.0006378229194651,0.0001062755726597,-0.0006374840844871,0.0030849447368897,-0.0042526111293132,0.0002122015923083,-0.001378506129965,-0.002222811182488,0.0031769591477992,0.0025973487721606,0.0026194379051411,15.77,0.0392156862745098,0.0074906717291576
2017-04-17,2345.0,981680.0,14.66,0.0074906717291576,-0.0056766606677763,-0.0043693787210709,-0.0006378229194651,0.0001062755726597,-0.0006374840844871,0.0030849447368897,-0.0042526111293132,0.0002122015923083,-0.001378506129965,-0.002222811182488,0.005146319398893,0.0038604420819513,15.96,-0.3825911949685534,-0.0033103773089546
2017-04-18,2337.25,1430000.0,14.42,-0.0033103773089546,0.0074906717291576,-0.0056766606677763,-0.0043693787210709,-0.0006378229194651,0.0001062755726597,-0.0006374840844871,0.0030849447368897,-0.0042526111293132,0.0002122015923083,-0.001378506129965,0.0052519578884546,0.0039506880649367,14.66,0.4566864966180426,-0.0014986087154926
2017-04-19,2333.75,1250000.0,14.93,-0.0014986087154926,-0.0033103773089546,0.0074906717291576,-0.0056766606677763,-0.0043693787210709,-0.0006378229194651,0.0001062755726597,-0.0006374840844871,0.0030849447368897,-0.0042526111293132,0.0002122015923083,0.0052388881137126,0.0039390576940286,14.42,-0.1258741258741258,0.0077896141625852
2017-04-20,2352.0,1470000.0,14.15,0.0077896141625852,-0.0014986087154926,-0.0033103773089546,0.0074906717291576,-0.0056766606677763,-0.0043693787210709,-0.0006378229194651,0.0001062755726597,-0.0006374840844871,0.0030849447368897,-0.0042526111293132,0.0062773290715896,0.0046079869984849,14.93,0.1759999999999999,-0.0019150979360995
2017-04-21,2347.5,1280000.0,14.63,-0.0019150979360995,0.0077896141625852,-0.0014986087154926,-0.0033103773089546,0.0074906717291576,-0.0056766606677763,-0.0043693787210709,-0.0006378229194651,0.0001062755726597,-0.0006374840844871,0.0030849447368897,0.0054547813790541,0.004534972311209,14.15,-0.1292517006802721,0.0095390230467589
2017-04-24,2370.0,1550000.0,10.84,0.0095390230467589,-0.0019150979360995,0.0077896141625852,-0.0014986087154926,-0.0033103773089546,0.0074906717291576,-0.0056766606677763,-0.0043693787210709,-0.0006378229194651,0.0001062755726597,-0.0006374840844871,0.0060425939314557,0.0054846838195324,14.63,0.2109375,0.0063091691932647
2017-04-25,2385.0,1320000.0,10.76,0.0063091691932647,0.0095390230467589,-0.0019150979360995,0.0077896141625852,-0.0014986087154926,-0.0033103773089546,0.0074906717291576,-0.0056766606677763,-0.0043693787210709,-0.0006378229194651,0.0001062755726597,0.0053755755839947,0.0057480075758491,10.84,-0.1483870967741936,-0.0011537050941439
2017-04-26,2382.25,1490000.0,10.85,-0.0011537050941439,0.0063091691932647,0.0095390230467589,-0.0019150979360995,0.0077896141625852,-0.0014986087154926,-0.0033103773089546,0.0074906717291576,-0.0056766606677763,-0.0043693787210709,-0.0006378229194651,0.0052881594387935,0.0057703221488834,10.76,0.1287878787878789,0.0015729044295637
2017-04-27,2386.0,1120000.0,10.36,0.0015729044295637,-0.0011537050941439,0.0063091691932647,0.0095390230467589,-0.0019150979360995,0.0077896141625852,-0.0014986087154926,-0.0033103773089546,0.0074906717291576,-0.0056766606677763,-0.0043693787210709,0.0049262961225317,0.0054142598845675,10.85,-0.2483221476510066,-0.002307774023288
2017-04-28,2380.5,1170000.0,10.82,-0.002307774023288,0.0015729044295637,-0.0011537050941439,0.0063091691932647,0.0095390230467589,-0.0019150979360995,0.0077896141625852,-0.0014986087154926,-0.0033103773089546,0.0074906717291576,-0.0056766606677763,0.0050238251583503,0.0049765397002907,10.36,0.0446428571428572,0.0027267977042566
2017-05-01,2387.0,906280.0,10.11,0.0027267977042566,-0.002307774023288,0.0015729044295637,-0.0011537050941439,0.0063091691932647,0.0095390230467589,-0.0019150979360995,0.0077896141625852,-0.0014986087154926,-0.0033103773089546,0.0074906717291576,0.003396869267458,0.0046356330648547,10.82,-0.2254017094017094,-0.0005238070414669
2017-05-02,2385.75,958980.0,10.59,-0.0005238070414669,0.0027267977042566,-0.002307774023288,0.0015729044295637,-0.0011537050941439,0.0063091691932647,0.0095390230467589,-0.0019150979360995,0.0077896141625852,-0.0014986087154926,-0.0033103773089546,0.0020506653058774,0.0043722320136457,10.11,0.0581497991790616,-0.0010484379236756
2017-05-03,2383.25,1080000.0,10.68,-0.0010484379236756,-0.0005238070414669,0.0027267977042566,-0.002307774023288,0.0015729044295637,-0.0011537050941439,0.0063091691932647,0.0095390230467589,-0.0019150979360995,0.0077896141625852,-0.0014986087154926,0.00203553703694,0.0043337394127216,10.59,0.1261965838703622,0.0009436435824741
2017-05-04,2385.5,1230000.0,10.46,0.0009436435824741,-0.0010484379236756,-0.0005238070414669,0.0027267977042566,-0.002307774023288,0.0015729044295637,-0.0011537050941439,0.0063091691932647,0.0095390230467589,-0.0019150979360995,0.0077896141625852,0.0019375578189512,0.0038484470872455,10.68,0.1388888888888888,0.0051220516518987
2017-05-05,2397.75,1130000.0,10.57,0.0051220516518987,0.0009436435824741,-0.0010484379236756,-0.0005238070414669,0.0027267977042566,-0.002307774023288,0.0015729044295637,-0.0011537050941439,0.0063091691932647,0.0095390230467589,-0.0019150979360995,0.0025252971009444,0.0038152572202595,10.46,-0.08130081300813,-0.0011475667630449
2017-05-08,2395.0,957160.0,9.77,-0.0011475667630449,0.0051220516518987,0.0009436435824741,-0.0010484379236756,-0.0005238070414669,0.0027267977042566,-0.002307774023288,0.0015729044295637,-0.0011537050941439,0.0063091691932647,0.0095390230467589,0.0026257091623119,0.0028901638658521,10.57,-0.1529557522123893,-0.000730956018553
2017-05-09,2393.25,1110000.0,9.96,-0.000730956018553,-0.0011475667630449,0.0051220516518987,0.0009436435824741,-0.0010484379236756,-0.0005238070414669,0.0027267977042566,-0.002307774023288,0.0015729044295637,-0.0011537050941439,0.0063091691932647,0.0026507533694746,0.0022539980286799,9.77,0.1596807221363199,0.0008353347045202
2017-05-10,2395.25,998860.0,10.21,0.0008353347045202,-0.000730956018553,-0.0011475667630449,0.0051220516518987,0.0009436435824741,-0.0010484379236756,-0.0005238070414669,0.0027267977042566,-0.002307774023288,0.0015729044295637,-0.0011537050941439,0.002481418493106,0.0021939815140322,9.96,-0.1001261261261261,-0.001775921072658
2017-05-11,2391.0,1360000.0,10.6,-0.001775921072658,0.0008353347045202,-0.000730956018553,-0.0011475667630449,0.0051220516518987,0.0009436435824741,-0.0010484379236756,-0.0005238070414669,0.0027267977042566,-0.002307774023288,0.0015729044295637,0.002778380382194,0.0022736506908808,10.21,0.3615521694731993,-0.0009414719038419
2017-05-12,2388.75,1090000.0,10.4,-0.0009414719038419,-0.001775921072658,0.0008353347045202,-0.000730956018553,-0.0011475667630449,0.0051220516518987,0.0009436435824741,-0.0010484379236756,-0.0005238070414669,0.0027267977042566,-0.002307774023288,0.0009696470073172,0.0021428751111936,10.6,-0.1985294117647058,0.0040733253876358
2017-05-15,2398.5,1040000.0,10.42,0.0040733253876358,-0.0009414719038419,-0.001775921072658,0.0008353347045202,-0.000730956018553,-0.0011475667630449,0.0051220516518987,0.0009436435824741,-0.0010484379236756,-0.0005238070414669,0.0027267977042566,0.0023150498798703,0.0023421442344897,10.4,-0.0458715596330274,-0.0006255865077343
2017-05-16,2397.0,1070000.0,10.65,-0.0006255865077343,0.0040733253876358,-0.0009414719038419,-0.001775921072658,0.0008353347045202,-0.000730956018553,-0.0011475667630449,0.0051220516518987,0.0009436435824741,-0.0010484379236756,-0.0005238070414669,0.0023038617639526,0.0023472096833066,10.42,0.0288461538461537,-0.0166162199267718
2017-05-17,2357.5,2810000.0,15.59,-0.0166162199267718,-0.0006255865077343,0.0040733253876358,-0.0009414719038419,-0.001775921072658,0.0008353347045202,-0.000730956018553,-0.0011475667630449,0.0051220516518987,0.0009436435824741,-0.0010484379236756,0.0078525500500126,0.005916041849292,10.65,1.6261682242990654,0.0025418357256784
2017-05-18,2363.5,2460000.0,14.66,0.0025418357256784,-0.0166162199267718,-0.0006255865077343,0.0040733253876358,-0.0009414719038419,-0.001775921072658,0.0008353347045202,-0.000730956018553,-0.0011475667630449,0.0051220516518987,0.0009436435824741,0.008271413631035,0.0059979936813249,15.59,-0.1245551601423488,0.007586970007624
2017-05-19,2381.5,1670000.0,12.04,0.007586970007624,0.0025418357256784,-0.0166162199267718,-0.0006255865077343,0.0040733253876358,-0.0009414719038419,-0.001775921072658,0.0008353347045202,-0.000730956018553,-0.0011475667630449,0.0051220516518987,0.0094241341830111,0.0063163812792297,14.66,-0.3211382113821138,0.0047127908351008
2017-05-22,2392.75,1110000.0,10.93,0.0047127908351008,0.007586970007624,0.0025418357256784,-0.0166162199267718,-0.0006255865077343,0.0040733253876358,-0.0009414719038419,-0.001775921072658,0.0008353347045202,-0.000730956018553,-0.0011475667630449,0.0095075149468928,0.0065362200073258,12.04,-0.3353293413173652,0.0021917245114436
2017-05-23,2398.0,1020000.0,10.72,0.0021917245114436,0.0047127908351008,0.007586970007624,0.0025418357256784,-0.0166162199267718,-0.0006255865077343,0.0040733253876358,-0.0009414719038419,-0.001775921072658,0.0008353347045202,-0.000730956018553,0.0095799408469318,0.0065698309305907,10.93,-0.081081081081081,0.0016666670524692
2017-05-24,2402.0,984360.0,10.02,0.0016666670524692,0.0021917245114436,0.0047127908351008,0.007586970007624,0.0025418357256784,-0.0166162199267718,-0.0006255865077343,0.0040733253876358,-0.0009414719038419,-0.001775921072658,0.0008353347045202,0.0024432030398851,0.0065840321960996,10.72,-0.0349411764705882,0.0047762524606187
2017-05-25,2413.5,1320000.0,9.99,0.0047762524606187,0.0016666670524692,0.0021917245114436,0.0047127908351008,0.007586970007624,0.0025418357256784,-0.0166162199267718,-0.0006255865077343,0.0040733253876358,-0.0009414719038419,-0.001775921072658,0.002372586820759,0.0066818427344132,10.02,0.3409728148238449,0.0001035786421766
2017-05-26,2413.75,879560.0,9.81,0.0001035786421766,0.0047762524606187,0.0016666670524692,0.0021917245114436,0.0047127908351008,0.007586970007624,0.0025418357256784,-0.0166162199267718,-0.0006255865077343,0.0040733253876358,-0.0009414719038419,0.0020266472380978,0.0066573326179063,9.99,-0.3336666666666666,-0.0012436523522304
2017-05-30,2410.75,1040000.0,10.38,-0.0012436523522304,0.0001035786421766,0.0047762524606187,0.0016666670524692,0.0021917245114436,0.0047127908351008,0.007586970007624,0.0025418357256784,-0.0166162199267718,-0.0006255865077343,0.0040733253876358,0.0022758353320262,0.006600334462719,9.81,0.1824093865114375,0.0001036967906772
2017-05-31,2411.0,1730000.0,10.41,0.0001036967906772,-0.0012436523522304,0.0001035786421766,0.0047762524606187,0.0016666670524692,0.0021917245114436,0.0047127908351008,0.007586970007624,0.0025418357256784,-0.0166162199267718,-0.0006255865077343,0.0023082666007492,0.0065904214830008,10.38,0.6634615384615385,0.0076438756647865
2017-06-01,2429.5,1430000.0,9.89,0.0076438756647865,0.0001036967906772,-0.0012436523522304,0.0001035786421766,0.0047762524606187,0.0016666670524692,0.0021917245114436,0.0047127908351008,0.007586970007624,0.0025418357256784,-0.0166162199267718,0.0037713265960016,0.0030933856645619,10.41,-0.1734104046242774,0.0033900078692706
2017-06-02,2437.75,1740000.0,9.75,0.0033900078692706,0.0076438756647865,0.0001036967906772,-0.0012436523522304,0.0001035786421766,0.0047762524606187,0.0016666670524692,0.0021917245114436,0.0047127908351008,0.007586970007624,0.0025418357256784,0.0035881441429736,0.0030907992635841,9.89,0.2167832167832168,-0.0013340860924728
2017-06-05,2434.5,891940.0,10.07,-0.0013340860924728,0.0033900078692706,0.0076438756647865,0.0001036967906772,-0.0012436523522304,0.0001035786421766,0.0047762524606187,0.0016666670524692,0.0021917245114436,0.0047127908351008,0.007586970007624,0.0038276631196438,0.0029330600615909,9.75,-0.4873908045977011,-0.001541544932989
2017-06-06,2430.75,1350000.0,10.45,-0.001541544932989,-0.0013340860924728,0.0033900078692706,0.0076438756647865,0.0001036967906772,-0.0012436523522304,0.0001035786421766,0.0047762524606187,0.0016666670524692,0.0021917245114436,0.0047127908351008,0.0038870273601629,0.0030039329715723,10.07,0.5135547234118887,0.0005141123962911
2017-06-07,2432.0,1430000.0,10.39,0.0005141123962911,-0.001541544932989,-0.0013340860924728,0.0033900078692706,0.0076438756647865,0.0001036967906772,-0.0012436523522304,0.0001035786421766,0.0047762524606187,0.0016666670524692,0.0021917245114436,0.0038503072592422,0.0030125368102812,10.45,0.0592592592592593,0.0002055709741023
2017-06-08,2432.5,1450000.0,10.16,0.0002055709741023,0.0005141123962911,-0.001541544932989,-0.0013340860924728,0.0033900078692706,0.0076438756647865,0.0001036967906772,-0.0012436523522304,0.0001035786421766,0.0047762524606187,0.0016666670524692,0.0019780223643336,0.0030339473699576,10.39,0.0139860139860139,-0.0008225375746499
2017-06-09,2430.5,1590000.0,10.7,-0.0008225375746499,0.0002055709741023,0.0005141123962911,-0.001541544932989,-0.0013340860924728,0.0033900078692706,0.0076438756647865,0.0001036967906772,-0.0012436523522304,0.0001035786421766,0.0047762524606187,0.0009171982709502,0.0028225630722329,10.16,0.096551724137931,-0.0008232146997107
2017-06-12,2428.5,1250000.0,11.46,-0.0008232146997107,-0.0008225375746499,0.0002055709741023,0.0005141123962911,-0.001541544932989,-0.0013340860924728,0.0033900078692706,0.0076438756647865,0.0001036967906772,-0.0012436523522304,0.0001035786421766,0.0008395472970132,0.0028593677709256,10.7,-0.2138364779874213,0.0047242565014481
2017-06-13,2440.0,1030000.0,10.42,0.0047242565014481,-0.0008232146997107,-0.0008225375746499,0.0002055709741023,0.0005141123962911,-0.001541544932989,-0.0013340860924728,0.0033900078692706,0.0076438756647865,0.0001036967906772,-0.0012436523522304,0.0022964197771354,0.0030463570013848,11.46,-0.176,-0.0011276847778666
2017-06-14,2437.25,684540.0,10.64,-0.0011276847778666,0.0047242565014481,-0.0008232146997107,-0.0008225375746499,0.0002055709741023,0.0005141123962911,-0.001541544932989,-0.0013340860924728,0.0033900078692706,0.0076438756647865,0.0001036967906772,0.0024523854941189,0.0031198652882925,10.42,-0.3353980582524272,-0.0012316536505153
2017-06-15,2434.25,470700.0,10.9,-0.0012316536505153,-0.0011276847778666,0.0047242565014481,-0.0008232146997107,-0.0008225375746499,0.0002055709741023,0.0005141123962911,-0.001541544932989,-0.0013340860924728,0.0033900078692706,0.0076438756647865,0.0025670047613341,0.0021611430951651,10.64,-0.3123849592427031,0.0002628800994367
2017-06-16,2434.89,1340000.0,10.38,0.0002628800994367,-0.0012316536505153,-0.0011276847778666,0.0047242565014481,-0.0008232146997107,-0.0008225375746499,0.0002055709741023,0.0005141123962911,-0.001541544932989,-0.0013340860924728,0.0033900078692706,0.0025101158962768,0.0018515912839514,10.9,1.8468238793286595,0.0051655144463631
2017-06-19,2447.5,1220000.0,10.37,0.0051655144463631,0.0002628800994367,-0.0012316536505153,-0.0011276847778666,0.0047242565014481,-0.0008232146997107,-0.0008225375746499,0.0002055709741023,0.0005141123962911,-0.001541544932989,-0.0013340860924728,0.0031508627505698,0.0024280711164907,10.38,-0.0895522388059701,-0.0040941715326632
2017-06-20,2437.5,1330000.0,10.86,-0.0040941715326632,0.0051655144463631,0.0002628800994367,-0.0012316536505153,-0.0011276847778666,0.0047242565014481,-0.0008232146997107,-0.0008225375746499,0.0002055709741023,0.0005141123962911,-0.001541544932989,0.0033945676208933,0.0027791477050397,10.37,0.0901639344262295,-0.0016423735984932
2017-06-21,2433.5,1370000.0,10.75,-0.0016423735984932,-0.0040941715326632,0.0051655144463631,0.0002628800994367,-0.0012316536505153,-0.0011276847778666,0.0047242565014481,-0.0008232146997107,-0.0008225375746499,0.0002055709741023,0.0005141123962911,0.0034370790038933,0.0028416937879251,10.86,0.0300751879699248,-0.0007193875239592
2017-06-22,2431.75,1060000.0,10.48,-0.0007193875239592,-0.0016423735984932,-0.0040941715326632,0.0051655144463631,0.0002628800994367,-0.0012316536505153,-0.0011276847778666,0.0047242565014481,-0.0008232146997107,-0.0008225375746499,0.0002055709741023,0.003410191655705,0.0028515255127287,10.75,-0.2262773722627736,0.0013355937671404
2017-06-23,2435.0,1200000.0,10.02,0.0013355937671404,-0.0007193875239592,-0.0016423735984932,-0.0040941715326632,0.0051655144463631,0.0002628800994367,-0.0012316536505153,-0.0011276847778666,0.0047242565014481,-0.0008232146997107,-0.0008225375746499,0.0034800535924648,0.002866576953977,10.48,0.1320754716981131,0.0004105933130975
2017-06-26,2436.0,1270000.0,9.9,0.0004105933130975,0.0013355937671404,-0.0007193875239592,-0.0016423735984932,-0.0040941715326632,0.0051655144463631,0.0002628800994367,-0.0012316536505153,-0.0011276847778666,0.0047242565014481,-0.0008232146997107,0.002091244060905,0.0028448315240187,10.02,0.0583333333333333,-0.0063832194500385
2017-06-27,2420.5,1640000.0,11.06,-0.0063832194500385,0.0004105933130975,0.0013355937671404,-0.0007193875239592,-0.0016423735984932,-0.0040941715326632,0.0051655144463631,0.0002628800994367,-0.0012316536505153,-0.0011276847778666,0.0047242565014481,0.0030048367469855,0.0030871960635326,9.9,0.2913385826771653,0.0074089657703581
2017-06-28,2438.5,1560000.0,10.03,0.0074089657703581,-0.0063832194500385,0.0004105933130975,0.0013355937671404,-0.0007193875239592,-0.0016423735984932,-0.0040941715326632,0.0051655144463631,0.0002628800994367,-0.0012316536505153,-0.0011276847778666,0.0049311659728654,0.0040250622860177,11.06,-0.048780487804878,-0.0076155559993752
2017-06-29,2420.0,2340000.0,11.44,-0.0076155559993752,0.0074089657703581,-0.0063832194500385,0.0004105933130975,0.0013355937671404,-0.0007193875239592,-0.0016423735984932,-0.0040941715326632,0.0051655144463631,0.0002628800994367,-0.0012316536505153,0.0061419707569502,0.0047006985026416,10.03,0.5,0.0004131377873263
2017-06-30,2421.0,1640000.0,11.18,0.0004131377873263,-0.0076155559993752,0.0074089657703581,-0.0063832194500385,0.0004105933130975,0.0013355937671404,-0.0007193875239592,-0.0016423735984932,-0.0040941715326632,0.0051655144463631,0.0002628800994367,0.0060688692270138,0.0047039564230389,11.44,-0.2991452991452992,0.0016508464335249
2017-07-03,2425.0,766230.0,11.22,0.0016508464335249,0.0004131377873263,-0.0076155559993752,0.0074089657703581,-0.0063832194500385,0.0004105933130975,0.0013355937671404,-0.0007193875239592,-0.0016423735984932,-0.0040941715326632,0.0051655144463631,0.0061732146219791,0.0043452516181604,11.18,-0.5327865853658537,0.0012363488078053
2017-07-05,2428.0,1290000.0,11.07,0.0012363488078053,0.0016508464335249,0.0004131377873263,-0.0076155559993752,0.0074089657703581,-0.0063832194500385,0.0004105933130975,0.0013355937671404,-0.0007193875239592,-0.0016423735984932,-0.0040941715326632,0.0053712138576127,0.0042387348427114,11.22,0.6835675971966642,-0.0080637261091134
2017-07-06,2408.5,1600000.0,12.54,-0.0080637261091134,0.0012363488078053,0.0016508464335249,0.0004131377873263,-0.0076155559993752,0.0074089657703581,-0.0063832194500385,0.0004105933130975,0.0013355937671404,-0.0007193875239592,-0.0016423735984932,0.0049192791908762,0.0048863713770118,11.07,0.2403100775193798,0.0057959176946458
2017-07-07,2422.5,1270000.0,11.19,0.0057959176946458,-0.0080637261091134,0.0012363488078053,0.0016508464335249,0.0004131377873263,-0.0076155559993752,0.0074089657703581,-0.0063832194500385,0.0004105933130975,0.0013355937671404,-0.0007193875239592,0.0050701985765617,0.0053455670538716,12.54,-0.20625,0.0008252527804856
2017-07-10,2424.5,861220.0,11.11,0.0008252527804856,0.0057959176946458,-0.0080637261091134,0.0012363488078053,0.0016508464335249,0.0004131377873263,-0.0076155559993752,0.0074089657703581,-0.0063832194500385,0.0004105933130975,0.0013355937671404,0.0050777415855922,0.0053297694227216,11.19,-0.3218740157480315,0.0
2017-07-11,2424.5,1130000.0,10.89,0.0,0.0008252527804856,0.0057959176946458,-0.0080637261091134,0.0012363488078053,0.0016508464335249,0.0004131377873263,-0.0076155559993752,0.0074089657703581,-0.0063832194500385,0.0004105933130975,0.0050203943311537,0.0053241343850417,11.11,0.3120921483476928,0.0063727217418406
2017-07-12,2440.0,1160000.0,10.3,0.0063727217418406,0.0,0.0008252527804856,0.0057959176946458,-0.0080637261091134,0.0012363488078053,0.0016508464335249,0.0004131377873263,-0.0076155559993752,0.0074089657703581,-0.0063832194500385,0.0058105003585385,0.0052787272870549,10.89,0.0265486725663717,0.0022515616921644
2017-07-13,2445.5,941060.0,9.9,0.0022515616921644,0.0063727217418406,0.0,0.0008252527804856,0.0057959176946458,-0.0080637261091134,0.0012363488078053,0.0016508464335249,0.0004131377873263,-0.0076155559993752,0.0074089657703581,0.0028926650146631,0.004790940972631,10.3,-0.1887413793103448,0.0042844092876212
2017-07-14,2456.0,1090000.0,9.51,0.0042844092876212,0.0022515616921644,0.0063727217418406,0.0,0.0008252527804856,0.0057959176946458,-0.0080637261091134,0.0012363488078053,0.0016508464335249,0.0004131377873263,-0.0076155559993752,0.0025977906833065,0.004027051987875,9.9,0.1582683357065437,0.001017397584961
2017-07-17,2458.5,862470.0,9.82,0.001017397584961,0.0042844092876212,0.0022515616921644,0.0063727217418406,0.0,0.0008252527804856,0.0057959176946458,-0.0080637261091134,0.0012363488078053,0.0016508464335249,0.0004131377873263,0.0025634534809916,0.0040138326737095,9.51,-0.208743119266055,-0.0003051106049603
2017-07-18,2457.75,1090000.0,9.89,-0.0003051106049603,0.001017397584961,0.0042844092876212,0.0022515616921644,0.0063727217418406,0.0,0.0008252527804856,0.0057959176946458,-0.0080637261091134,0.0012363488078053,0.0016508464335249,0.002648549042264,0.004055117395283,9.82,0.2638120746228853,0.0055789564999803
2017-07-19,2471.5,958460.0,9.79,0.0055789564999803,-0.0003051106049603,0.001017397584961,0.0042844092876212,0.0022515616921644,0.0063727217418406,0.0,0.0008252527804856,0.0057959176946458,-0.0080637261091134,0.0012363488078053,0.0023859564536005,0.004269467150301,9.89,-0.1206788990825687,-0.0001011582621872
2017-07-20,2471.25,1110000.0,9.58,-0.0001011582621872,0.0055789564999803,-0.0003051106049603,0.001017397584961,0.0042844092876212,0.0022515616921644,0.0063727217418406,0.0,0.0008252527804856,0.0057959176946458,-0.0080637261091134,0.0026775144661082,0.0026754560104845,9.79,0.1581077979258394,-0.0007083945041471
2017-07-21,2469.5,1100000.0,9.36,-0.0007083945041471,-0.0001011582621872,0.0055789564999803,-0.0003051106049603,0.001017397584961,0.0042844092876212,0.0022515616921644,0.0063727217418406,0.0,0.0008252527804856,0.0057959176946458,0.0025862721776382,0.0025939941693119,9.58,-0.009009009009009,-0.0004050222817619
2017-07-24,2468.5,857750.0,9.43,-0.0004050222817619,-0.0007083945041471,-0.0001011582621872,0.0055789564999803,-0.0003051106049603,0.001017397584961,0.0042844092876212,0.0022515616921644,0.0063727217418406,0.0,0.0008252527804856,0.0026738741071907,0.0026795314388539,9.36,-0.2202272727272727,0.0022255952535156
2017-07-25,2474.0,1070000.0,9.43,0.0022255952535156,-0.0004050222817619,-0.0007083945041471,-0.0001011582621872,0.0055789564999803,-0.0003051106049603,0.001017397584961,0.0042844092876212,0.0022515616921644,0.0063727217418406,0.0,0.0026489889619356,0.0026049380140264,9.43,0.247449723112795,-0.0003031987491012
2017-07-26,2473.25,972440.0,9.6,-0.0003031987491012,0.0022255952535156,-0.0004050222817619,-0.0007083945041471,-0.0001011582621872,0.0055789564999803,-0.0003051106049603,0.001017397584961,0.0042844092876212,0.0022515616921644,0.0063727217418406,0.0011854429854857,0.0021878508419225,9.43,-0.0911775700934579,-0.0005055356257505
2017-07-27,2472.0,1650000.0,10.11,-0.0005055356257505,-0.0003031987491012,0.0022255952535156,-0.0004050222817619,-0.0007083945041471,-0.0001011582621872,0.0055789564999803,-0.0003051106049603,0.001017397584961,0.0042844092876212,0.0022515616921644,0.0012194486604161,0.0022353120999133,9.6,0.6967627822796265,-0.0007081795025091
2017-07-28,2470.25,1160000.0,10.29,-0.0007081795025091,-0.0005055356257505,-0.0003031987491012,0.0022255952535156,-0.0004050222817619,-0.0007083945041471,-0.0001011582621872,0.0055789564999803,-0.0003051106049603,0.001017397584961,0.0042844092876212,0.0012194147643639,0.0019828236242104,10.11,-0.296969696969697,-0.0009112540497937
2017-07-31,2468.0,1230000.0,10.26,-0.0009112540497937,-0.0007081795025091,-0.0005055356257505,-0.0003031987491012,0.0022255952535156,-0.0004050222817619,-0.0007083945041471,-0.0001011582621872,0.0055789564999803,-0.0003051106049603,0.001017397584961,0.0012869018024151,0.0020286614903012,10.29,0.0603448275862068,0.0017205611248218
2017-08-01,2472.25,1040000.0,10.09,0.0017205611248218,-0.0009112540497937,-0.0007081795025091,-0.0005055356257505,-0.0003031987491012,0.0022255952535156,-0.0004050222817619,-0.0007083945041471,-0.0001011582621872,0.0055789564999803,-0.0003051106049603,0.0010653153298781,0.0020530094332034,10.26,-0.1544715447154471,0.000505484517663
2017-08-02,2473.5,1300000.0,10.28,0.000505484517663,0.0017205611248218,-0.0009112540497937,-0.0007081795025091,-0.0005055356257505,-0.0003031987491012,0.0022255952535156,-0.0004050222817619,-0.0007083945041471,-0.0001011582621872,0.0055789564999803,0.0010955900592196,0.0010780220852899,10.09,0.25,-0.0007077498905209
2017-08-03,2471.75,1090000.0,10.44,-0.0007077498905209,0.000505484517663,0.0017205611248218,-0.0009112540497937,-0.0007081795025091,-0.0005055356257505,-0.0003031987491012,0.0022255952535156,-0.0004050222817619,-0.0007083945041471,-0.0001011582621872,0.0011232332203814,0.0011061042879254,10.28,-0.1615384615384615,0.0001011378003391
2017-08-04,2472.0,1070000.0,10.03,0.0001011378003391,-0.0007077498905209,0.000505484517663,0.0017205611248218,-0.0009112540497937,-0.0007081795025091,-0.0005055356257505,-0.0003031987491012,0.0022255952535156,-0.0004050222817619,-0.0007083945041471,0.001055588016905,0.0010760688429047,10.44,-0.018348623853211,0.0022224476265615
2017-08-07,2477.5,599700.0,9.93,0.0022224476265615,0.0001011378003391,-0.0007077498905209,0.000505484517663,0.0017205611248218,-0.0009112540497937,-0.0007081795025091,-0.0005055356257505,-0.0003031987491012,0.0022255952535156,-0.0004050222817619,0.0011952245812324,0.0012460815423253,10.03,-0.4395327102803739,-0.0019190955841929
2017-08-08,2472.75,1370000.0,10.96,-0.0019190955841929,0.0022224476265615,0.0001011378003391,-0.0007077498905209,0.000505484517663,0.0017205611248218,-0.0009112540497937,-0.0007081795025091,-0.0005055356257505,-0.0003031987491012,0.0022255952535156,0.0015313944402579,0.001247354624321,9.93,1.2844755711188929,0.0001010969014661
2017-08-09,2473.0,1560000.0,11.11,0.0001010969014661,-0.0019190955841929,0.0022224476265615,0.0001011378003391,-0.0007077498905209,0.000505484517663,0.0017205611248218,-0.0009112540497937,-0.0007081795025091,-0.0005055356257505,-0.0003031987491012,0.0015112401093302,0.0012448048668962,10.96,0.1386861313868612,-0.014459064649414
2017-08-10,2437.5,2320000.0,16.04,-0.014459064649414,0.0001010969014661,-0.0019190955841929,0.0022224476265615,0.0001011378003391,-0.0007077498905209,0.000505484517663,0.0017205611248218,-0.0009112540497937,-0.0007081795025091,-0.0005055356257505,0.0066851943157573,0.0047492997877516,11.11,0.4871794871794872,0.0010251154152453
2017-08-11,2440.0,1670000.0,15.51,0.0010251154152453,-0.014459064649414,0.0001010969014661,-0.0019190955841929,0.0022224476265615,0.0001011378003391,-0.0007077498905209,0.000505484517663,0.0017205611248218,-0.0009112540497937,-0.0007081795025091,0.0067969525981298,0.0048088310815709,16.04,-0.2801724137931034,0.0095850636967702
2017-08-14,2463.5,1470000.0,12.33,0.0095850636967702,0.0010251154152453,-0.014459064649414,0.0001010969014661,-0.0019190955841929,0.0022224476265615,0.0001011378003391,-0.0007077498905209,0.000505484517663,0.0017205611248218,-0.0009112540497937,0.0086495562214707,0.0059068246823597,15.51,-0.1197604790419161,0.000101476482912
2017-08-15,2463.75,1060000.0,12.04,0.000101476482912,0.0095850636967702,0.0010251154152453,-0.014459064649414,0.0001010969014661,-0.0019190955841929,0.0022224476265615,0.0001011378003391,-0.0007077498905209,0.000505484517663,0.0017205611248218,0.0086508707338951,0.005870945948375,12.33,-0.2789115646258503,0.0015209128407067
2017-08-16,2467.5,1140000.0,11.74,0.0015209128407067,0.000101476482912,0.0095850636967702,0.0010251154152453,-0.014459064649414,0.0001010969014661,-0.0019190955841929,0.0022224476265615,0.0001011378003391,-0.0007077498905209,0.000505484517663,0.0087080548127761,0.0058960066862456,12.04,0.0754716981132075,-0.015520017461679
2017-08-17,2429.5,2240000.0,15.55,-0.015520017461679,0.0015209128407067,0.000101476482912,0.0095850636967702,0.0010251154152453,-0.014459064649414,0.0001010969014661,-0.0019190955841929,0.0022224476265615,0.0001011378003391,-0.0007077498905209,0.0091372487492456,0.0076310838620396,11.74,0.9649122807017544,-0.001132561253622
2017-08-18,2426.75,2200000.0,14.26,-0.001132561253622,-0.015520017461679,0.0015209128407067,0.000101476482912,0.0095850636967702,0.0010251154152453,-0.014459064649414,0.0001010969014661,-0.0019190955841929,0.0022224476265615,0.0001011378003391,0.0090887386040925,0.007608235376802,15.55,-0.0178571428571429,0.0005149595870531
2017-08-21,2428.0,1340000.0,13.19,0.0005149595870531,-0.001132561253622,-0.015520017461679,0.0015209128407067,0.000101476482912,0.0095850636967702,0.0010251154152453,-0.014459064649414,0.0001010969014661,-0.0019190955841929,0.0022224476265615,0.0071169500923795,0.0075254570015643,14.26,-0.3909090909090909,0.0101419708641112
2017-08-22,2452.75,1370000.0,11.35,0.0101419708641112,0.0005149595870531,-0.001132561253622,-0.015520017461679,0.0015209128407067,0.000101476482912,0.0095850636967702,0.0010251154152453,-0.014459064649414,0.0001010969014661,-0.0019190955841929,0.0092680488485425,0.0084525197043096,13.19,0.0223880597014924,-0.0045972395417852
2017-08-23,2441.5,1240000.0,12.25,-0.0045972395417852,0.0101419708641112,0.0005149595870531,-0.001132561253622,-0.015520017461679,0.0015209128407067,0.000101476482912,0.0095850636967702,0.0010251154152453,-0.014459064649414,0.0001010969014661,0.0092732296205202,0.0085263752601767,11.35,-0.0948905109489051,-0.0003072353959341
2017-08-24,2440.75,1410000.0,12.23,-0.0003072353959341,-0.0045972395417852,0.0101419708641112,0.0005149595870531,-0.001132561253622,-0.015520017461679,0.0015209128407067,0.000101476482912,0.0095850636967702,0.0010251154152453,-0.014459064649414,0.0055083521078597,0.0071614526644244,12.25,0.1370967741935485,0.0007167358111568
2017-08-25,2442.5,1210000.0,11.28,0.0007167358111568,-0.0003072353959341,-0.0045972395417852,0.0101419708641112,0.0005149595870531,-0.001132561253622,-0.015520017461679,0.0015209128407067,0.000101476482912,0.0095850636967702,0.0010251154152453,0.0053966977014182,0.0071578485049649,12.23,-0.1418439716312056,0.000511639816738
2017-08-28,2443.75,953050.0,11.32,0.000511639816738,0.0007167358111568,-0.0003072353959341,-0.0045972395417852,0.0101419708641112,0.0005149595870531,-0.001132561253622,-0.015520017461679,0.0015209128407067,0.000101476482912,0.0095850636967702,0.0053968176858056,0.006351965054028,11.28,-0.2123553719008264,0.0013290397089956
2017-08-29,2447.0,1620000.0,11.7,0.0013290397089956,0.000511639816738,0.0007167358111568,-0.0003072353959341,-0.0045972395417852,0.0101419708641112,0.0005149595870531,-0.001132561253622,-0.015520017461679,0.0015209128407067,0.000101476482912,0.0023806038788636,0.0063832133808466,11.32,0.6998058863648287,0.0035694291123073
2017-08-30,2455.75,1300000.0,11.22,0.0035694291123073,0.0013290397089956,0.000511639816738,0.0007167358111568,-0.0003072353959341,-0.0045972395417852,0.0101419708641112,0.0005149595870531,-0.001132561253622,-0.015520017461679,0.0015209128407067,0.0014665844625248,0.0064936861269473,11.7,-0.1975308641975308,0.0057859370670439
2017-08-31,2470.0,1750000.0,10.59,0.0057859370670439,0.0035694291123073,0.0013290397089956,0.000511639816738,0.0007167358111568,-0.0003072353959341,-0.0045972395417852,0.0101419708641112,0.0005149595870531,-0.001132561253622,-0.015520017461679,0.0022570362931274,0.004042321164108,11.22,0.3461538461538462,0.0017191691547776
2017-09-01,2474.25,1060000.0,10.13,0.0017191691547776,0.0057859370670439,0.0035694291123073,0.0013290397089956,0.000511639816738,0.0007167358111568,-0.0003072353959341,-0.0045972395417852,0.0101419708641112,0.0005149595870531,-0.001132561253622,0.0021119304788026,0.0039227754864369,10.59,-0.3942857142857142,-0.0058776010309256
2017-09-05,2459.75,2120000.0,12.23,-0.0058776010309256,0.0017191691547776,0.0057859370670439,0.0035694291123073,0.0013290397089956,0.000511639816738,0.0007167358111568,-0.0003072353959341,-0.0045972395417852,0.0101419708641112,0.0005149595870531,0.0043865791791427,0.0046364645695884,10.13,1.0,0.0023349079183058
2017-09-06,2465.5,1570000.0,11.63,0.0023349079183058,-0.0058776010309256,0.0017191691547776,0.0057859370670439,0.0035694291123073,0.0013290397089956,0.000511639816738,0.0007167358111568,-0.0003072353959341,-0.0045972395417852,0.0101419708641112,0.0044109436045496,0.0035000644972453,12.23,-0.2594339622641509,0.0004055150096121
2017-09-07,2466.5,1530000.0,11.55,0.0004055150096121,0.0023349079183058,-0.0058776010309256,0.0017191691547776,0.0057859370670439,0.0035694291123073,0.0013290397089956,0.000511639816738,0.0007167358111568,-0.0003072353959341,-0.0045972395417852,0.0042655387234504,0.0030109706833048,11.63,-0.0254777070063694,-0.001623047627549
2017-09-08,2462.5,1240000.0,12.12,-0.001623047627549,0.0004055150096121,0.0023349079183058,-0.0058776010309256,0.0017191691547776,0.0057859370670439,0.0035694291123073,0.0013290397089956,0.000511639816738,0.0007167358111568,-0.0003072353959341,0.003312953835074,0.0031027090517014,11.55,-0.1895424836601307,0.0101010959865039
2017-09-11,2487.5,1330000.0,10.73,0.0101010959865039,-0.001623047627549,0.0004055150096121,0.0023349079183058,-0.0058776010309256,0.0017191691547776,0.0057859370670439,0.0035694291123073,0.0013290397089956,0.000511639816738,0.0007167358111568,0.0058975392326037,0.0042518224459572,12.12,0.0725806451612902,0.0034112604565703
2017-09-12,2496.0,1040000.0,10.58,0.0034112604565703,0.0101010959865039,-0.001623047627549,0.0004055150096121,0.0023349079183058,-0.0058776010309256,0.0017191691547776,0.0057859370670439,0.0035694291123073,0.0013290397089956,0.000511639816738,0.0044472898732085,0.0042511298548038,10.73,-0.2180451127819549,0.0002003004513456
2017-09-13,2496.5,611370.0,10.5,0.0002003004513456,0.0034112604565703,0.0101010959865039,-0.001623047627549,0.0004055150096121,0.0023349079183058,-0.0058776010309256,0.0017191691547776,0.0057859370670439,0.0035694291123073,0.0013290397089956,0.0046174142707062,0.00428914869817,10.58,-0.4121442307692308,0.0
2017-09-14,2496.5,419700.0,10.44,0.0,0.0002003004513456,0.0034112604565703,0.0101010959865039,-0.001623047627549,0.0004055150096121,0.0023349079183058,-0.0058776010309256,0.0017191691547776,0.0057859370670439,0.0035694291123073,0.0046666773902342,0.00429280056009,10.5,-0.3135090043672408,0.0001321763234076
2017-09-15,2496.83,1370000.0,10.17,0.0001321763234076,0.0,0.0002003004513456,0.0034112604565703,0.0101010959865039,-0.001623047627549,0.0004055150096121,0.0023349079183058,-0.0058776010309256,0.0017191691547776,0.0057859370670439,0.0043413865157487,0.0040525235948597,10.44,2.264236359304265,0.0023682000355215
2017-09-18,2502.75,1090000.0,10.15,0.0023682000355215,0.0001321763234076,0.0,0.0002003004513456,0.0034112604565703,0.0101010959865039,-0.001623047627549,0.0004055150096121,0.0023349079183058,-0.0058776010309256,0.0017191691547776,0.0015677615197552,0.0040690544242186,10.17,-0.2043795620437956,0.0007988018397793
2017-09-19,2504.75,961110.0,10.18,0.0007988018397793,0.0023682000355215,0.0001321763234076,0.0,0.0002003004513456,0.0034112604565703,0.0101010959865039,-0.001623047627549,0.0004055150096121,0.0023349079183058,-0.0058776010309256,0.0009816792340561,0.0032550231050898,10.15,-0.1182477064220183,0.0001996007990658
2017-09-20,2505.25,1230000.0,9.78,0.0001996007990658,0.0007988018397793,0.0023682000355215,0.0001321763234076,0.0,0.0002003004513456,0.0034112604565703,0.0101010959865039,-0.001623047627549,0.0004055150096121,0.0023349079183058,0.0009817682964771,0.0032868586316247,10.18,0.2797702656303649,-0.0016978780608192
2017-09-21,2501.0,1120000.0,9.67,-0.0016978780608192,0.0001996007990658,0.0007988018397793,0.0023682000355215,0.0001321763234076,0.0,0.0002003004513456,0.0034112604565703,0.0101010959865039,-0.001623047627549,0.0004055150096121,0.0014609849348462,0.0034356815802421,9.78,-0.0894308943089431,-0.000599940023994
2017-09-22,2499.5,1020000.0,9.59,-0.000599940023994,-0.0016978780608192,0.0001996007990658,0.0007988018397793,0.0023682000355215,0.0001321763234076,0.0,0.0002003004513456,0.0034112604565703,0.0101010959865039,-0.001623047627549,0.0015248404923534,0.0033501881121352,9.67,-0.0892857142857143,-0.0010007005738518
2017-09-25,2497.0,1540000.0,10.21,-0.0010007005738518,-0.000599940023994,-0.0016978780608192,0.0001996007990658,0.0007988018397793,0.0023682000355215,0.0001321763234076,0.0,0.0002003004513456,0.0034112604565703,0.0101010959865039,0.0009828450663243,0.0015191995874549,9.59,0.5098039215686274,-0.0006009013701092
2017-09-26,2495.5,1140000.0,10.17,-0.0006009013701092,-0.0010007005738518,-0.000599940023994,-0.0016978780608192,0.0001996007990658,0.0007988018397793,0.0023682000355215,0.0001321763234076,0.0,0.0002003004513456,0.0034112604565703,0.0006905269816196,0.0011027780838454,10.21,-0.2597402597402597,0.0036000038880076
2017-09-27,2504.5,1580000.0,9.87,0.0036000038880076,-0.0006009013701092,-0.0010007005738518,-0.000599940023994,-0.0016978780608192,0.0001996007990658,0.0007988018397793,0.0023682000355215,0.0001321763234076,0.0,0.0002003004513456,0.0020944748760426,0.0015932288880849,10.17,0.3859649122807018,0.001296822965923
2017-09-28,2507.75,1110000.0,9.55,0.001296822965923,0.0036000038880076,-0.0006009013701092,-0.0010007005738518,-0.000599940023994,-0.0016978780608192,0.0001996007990658,0.0007988018397793,0.0023682000355215,0.0001321763234076,0.0,0.001930756186238,0.0016168961344724,9.87,-0.2974683544303798,0.0032844020567366
2017-09-29,2516.0,1370000.0,9.51,0.0032844020567366,0.001296822965923,0.0036000038880076,-0.0006009013701092,-0.0010007005738518,-0.000599940023994,-0.0016978780608192,0.0001996007990658,0.0007988018397793,0.0023682000355215,0.0001321763234076,0.0021291583172585,0.0018400106593566,9.55,0.2342342342342342,0.0040656508974996
2017-10-02,2526.25,1140000.0,9.45,0.0040656508974996,0.0032844020567366,0.001296822965923,0.0036000038880076,-0.0006009013701092,-0.0010007005738518,-0.000599940023994,-0.0016978780608192,0.0001996007990658,0.0007988018397793,0.0023682000355215,0.0019489684187985,0.0020684724463112,9.51,-0.1678832116788321,0.002569679215956
2017-10-03,2532.75,849150.0,9.51,0.002569679215956,0.0040656508974996,0.0032844020567366,0.001296822965923,0.0036000038880076,-0.0006009013701092,-0.0010007005738518,-0.000599940023994,-0.0016978780608192,0.0001996007990658,0.0007988018397793,0.001078860382428,0.0021304328019445,9.45,-0.2551315789473684,0.0013809432062376
2017-10-04,2536.25,956590.0,9.63,0.0013809432062376,0.002569679215956,0.0040656508974996,0.0032844020567366,0.001296822965923,0.0036000038880076,-0.0006009013701092,-0.0010007005738518,-0.000599940023994,-0.0016978780608192,0.0001996007990658,0.0012009815163254,0.0021068609286554,9.51,0.1265265265265265,0.0054067470124472
2017-10-05,2550.0,1100000.0,9.19,0.0054067470124472,0.0013809432062376,0.002569679215956,0.0040656508974996,0.0032844020567366,0.001296822965923,0.0036000038880076,-0.0006009013701092,-0.0010007005738518,-0.000599940023994,-0.0016978780608192,0.0015192424249382,0.0022054898101929,9.63,0.1499179376744477,-0.0019627091678487
2017-10-06,2545.0,1170000.0,9.65,-0.0019627091678487,0.0054067470124472,0.0013809432062376,0.002569679215956,0.0040656508974996,0.0032844020567366,0.001296822965923,0.0036000038880076,-0.0006009013701092,-0.0010007005738518,-0.000599940023994,0.0028221076684715,0.002412295705876,9.19,0.0636363636363637,-0.000491279793718
2017-10-09,2543.75,735490.0,10.33,-0.000491279793718,-0.0019627091678487,0.0054067470124472,0.0013809432062376,0.002569679215956,0.0040656508974996,0.0032844020567366,0.001296822965923,0.0036000038880076,-0.0006009013701092,-0.0010007005738518,0.0028418928283115,0.0023510885073874,9.65,-0.3713760683760684,0.0018655805891913
2017-10-10,2548.5,1150000.0,10.08,0.0018655805891913,-0.000491279793718,-0.0019627091678487,0.0054067470124472,0.0013809432062376,0.002569679215956,0.0040656508974996,0.0032844020567366,0.001296822965923,0.0036000038880076,-0.0006009013701092,0.0027851244299623,0.0021885859934506,10.33,0.5635834613658921,0.0017641874613874
2017-10-11,2553.0,818240.0,9.85,0.0017641874613874,0.0018655805891913,-0.000491279793718,-0.0019627091678487,0.0054067470124472,0.0013809432062376,0.002569679215956,0.0040656508974996,0.0032844020567366,0.001296822965923,0.0036000038880076,0.0027952332070989,0.0021250027514861,10.08,-0.2884869565217391,-0.0013718767462734
2017-10-12,2549.5,938480.0,9.91,-0.0013718767462734,0.0017641874613874,0.0018655805891913,-0.000491279793718,-0.0019627091678487,0.0054067470124472,0.0013809432062376,0.002569679215956,0.0040656508974996,0.0032844020567366,0.001296822965923,0.0017720529334414,0.002365633003698,9.85,0.1469495502542042,0.0012739479404368
2017-10-13,2552.75,918540.0,9.61,0.0012739479404368,-0.0013718767462734,0.0017641874613874,0.0018655805891913,-0.000491279793718,-0.0019627091678487,0.0054067470124472,0.0013809432062376,0.002569679215956,0.0040656508974996,0.0032844020567366,0.0014568882057534,0.0022958049093798,9.91,-0.0212471230074162,0.0013701313554644
2017-10-16,2556.25,795920.0,9.91,0.0013701313554644,0.0012739479404368,-0.0013718767462734,0.0017641874613874,0.0018655805891913,-0.000491279793718,-0.0019627091678487,0.0054067470124472,0.0013809432062376,0.002569679215956,0.0040656508974996,0.0013387619536114,0.0021048915995353,9.61,-0.1334944585973392,0.0002933555000747
2017-10-17,2557.0,738740.0,10.31,0.0002933555000747,0.0013701313554644,0.0012739479404368,-0.0013718767462734,0.0017641874613874,0.0018655805891913,-0.000491279793718,-0.0019627091678487,0.0054067470124472,0.0013809432062376,0.002569679215956,0.0012612714723384,0.0020605910464716,9.91,-0.0718413910945823,0.0011725621824215
2017-10-18,2560.0,753380.0,10.07,0.0011725621824215,0.0002933555000747,0.0013701313554644,0.0012739479404368,-0.0013718767462734,0.0017641874613874,0.0018655805891913,-0.000491279793718,-0.0019627091678487,0.0054067470124472,0.0013809432062376,0.0011558274236536,0.0020568316657264,10.31,0.0198175271408074,0.0001952934289968
2017-10-19,2560.5,1360000.0,10.05,0.0001952934289968,0.0011725621824215,0.0002933555000747,0.0013701313554644,0.0012739479404368,-0.0013718767462734,0.0017641874613874,0.0018655805891913,-0.000491279793718,-0.0019627091678487,0.0054067470124472,0.0005683742675904,0.0013282876645775,10.07,0.8051979080941889,0.005258557253467
2017-10-20,2574.0,1250000.0,9.97,0.005258557253467,0.0001952934289968,0.0011725621824215,0.0002933555000747,0.0013701313554644,0.0012739479404368,-0.0013718767462734,0.0017641874613874,0.0018655805891913,-0.000491279793718,-0.0019627091678487,0.0020787193105819,0.0017804477024813,10.05,-0.0808823529411765,-0.0040875969323166
2017-10-23,2563.5,1270000.0,11.07,-0.0040875969323166,0.005258557253467,0.0001952934289968,0.0011725621824215,0.0002933555000747,0.0013701313554644,0.0012739479404368,-0.0013718767462734,0.0017641874613874,0.0018655805891913,-0.000491279793718,0.0033262491303555,0.0024003072544518,9.97,0.016,0.0014617748546491
2017-10-24,2567.25,1050000.0,11.16,0.0014617748546491,-0.0040875969323166,0.005258557253467,0.0001952934289968,0.0011725621824215,0.0002933555000747,0.0013701313554644,0.0012739479404368,-0.0013718767462734,0.0017641874613874,0.0018655805891913,0.0033432676777535,0.0023832280001591,11.07,-0.1732283464566929,-0.0034141378332578
2017-10-25,2558.5,2100000.0,11.23,-0.0034141378332578,0.0014617748546491,-0.0040875969323166,0.005258557253467,0.0001952934289968,0.0011725621824215,0.0002933555000747,0.0013701313554644,0.0012739479404368,-0.0013718767462734,0.0017641874613874,0.0038119362093659,0.0026785615737823,11.16,1.0,0.0011718751341105
2017-10-26,2561.5,1390000.0,11.3,0.0011718751341105,-0.0034141378332578,0.0014617748546491,-0.0040875969323166,0.005258557253467,0.0001952934289968,0.0011725621824215,0.0002933555000747,0.0013701313554644,0.0012739479404368,-0.0013718767462734,0.0038567082310622,0.0026314670748365,11.23,-0.3380952380952381,0.0066148101117566
2017-10-27,2578.5,1560000.0,9.8,0.0066148101117566,0.0011718751341105,-0.0034141378332578,0.0014617748546491,-0.0040875969323166,0.005258557253467,0.0001952934289968,0.0011725621824215,0.0002933555000747,0.0013701313554644,0.0012739479404368,0.0043307148895026,0.0032759387935083,11.3,0.1223021582733812,-0.0039831013946405
2017-10-30,2568.25,1240000.0,10.5,-0.0039831013946405,0.0066148101117566,0.0011718751341105,-0.0034141378332578,0.0014617748546491,-0.0040875969323166,0.005258557253467,0.0001952934289968,0.0011725621824215,0.0002933555000747,0.0013701313554644,0.0043041206997145,0.0036278824478655,9.8,-0.2051282051282051,0.001750632619828
2017-10-31,2572.75,1050000.0,10.18,0.001750632619828,-0.0039831013946405,0.0066148101117566,0.0011718751341105,-0.0034141378332578,0.0014617748546491,-0.0040875969323166,0.005258557253467,0.0001952934289968,0.0011725621824215,0.0002933555000747,0.0043243255330576,0.0036492780240256,10.5,-0.1532258064516128,0.0007770762897099
2017-11-01,2574.75,1290000.0,10.2,0.0007770762897099,0.001750632619828,-0.0039831013946405,0.0066148101117566,0.0011718751341105,-0.0034141378332578,0.0014617748546491,-0.0040875969323166,0.005258557253467,0.0001952934289968,0.0011725621824215,0.0037631638746423,0.0036446930228127,10.18,0.2285714285714286,0.0007764729109909
2017-11-02,2576.75,1300000.0,9.93,0.0007764729109909,0.0007770762897099,0.001750632619828,-0.0039831013946405,0.0066148101117566,0.0011718751341105,-0.0034141378332578,0.0014617748546491,-0.0040875969323166,0.005258557253467,0.0001952934289968,0.0037697918560157,0.0036426071587389,10.2,0.0077519379844961,0.0023258078126525
2017-11-03,2582.75,992680.0,9.14,0.0023258078126525,0.0007764729109909,0.0007770762897099,0.001750632619828,-0.0039831013946405,0.0066148101117566,0.0011718751341105,-0.0034141378332578,0.0014617748546491,-0.0040875969323166,0.005258557253467,0.0025001751357885,0.0033337477309033,9.93,-0.2364,0.0023204109802391
2017-11-06,2588.75,848120.0,9.4,0.0023204109802391,0.0023258078126525,0.0007764729109909,0.0007770762897099,0.001750632619828,-0.0039831013946405,0.0066148101117566,0.0011718751341105,-0.0034141378332578,0.0014617748546491,-0.0040875969323166,0.0007783616490681,0.0029859896325062,9.14,-0.145625982189628,-0.0007728722247339
2017-11-07,2586.75,1160000.0,9.89,-0.0007728722247339,0.0023204109802391,0.0023258078126525,0.0007764729109909,0.0007770762897099,0.001750632619828,-0.0039831013946405,0.0066148101117566,0.0011718751341105,-0.0034141378332578,0.0014617748546491,0.0012949458269251,0.0030292467110461,9.4,0.367730981464887,0.00164164007705
2017-11-08,2591.0,1060000.0,9.78,0.00164164007705,-0.0007728722247339,0.0023204109802391,0.0023258078126525,0.0007764729109909,0.0007770762897099,0.001750632619828,-0.0039831013946405,0.0066148101117566,0.0011718751341105,-0.0034141378332578,0.0013011937047366,0.0026545179157869,9.89,-0.086206896551724,-0.0027053156596174
2017-11-09,2584.0,2220000.0,10.5,-0.0027053156596174,0.00164164007705,-0.0007728722247339,0.0023204109802391,0.0023258078126525,0.0007764729109909,0.0007770762897099,0.001750632619828,-0.0039831013946405,0.0066148101117566,0.0011718751341105,0.0022263133946986,0.0029372801618958,9.78,1.0943396226415096,-0.0017430042177878
2017-11-10,2579.5,1190000.0,11.29,-0.0017430042177878,-0.0027053156596174,0.00164164007705,-0.0007728722247339,0.0023204109802391,0.0023258078126525,0.0007764729109909,0.0007770762897099,0.001750632619828,-0.0039831013946405,0.0066148101117566,0.0021631186989377,0.0022252174295978,10.5,-0.463963963963964,0.0009687107218832
2017-11-13,2582.0,1050000.0,11.5,0.0009687107218832,-0.0017430042177878,-0.0027053156596174,0.00164164007705,-0.0007728722247339,0.0023204109802391,0.0023258078126525,0.0007764729109909,0.0007770762897099,0.001750632619828,-0.0039831013946405,0.0018182554922448,0.0017256748325565,11.29,-0.1176470588235294,-0.001550387907455
2017-11-14,2578.0,1580000.0,11.59,-0.001550387907455,0.0009687107218832,-0.0017430042177878,-0.0027053156596174,0.00164164007705,-0.0007728722247339,0.0023204109802391,0.0023258078126525,0.0007764729109909,0.0007770762897099,0.001750632619828,0.0018773444794057,0.0017818871416196,11.5,0.5047619047619047,-0.0050554258942628
2017-11-15,2565.0,1920000.0,13.13,-0.0050554258942628,-0.001550387907455,0.0009687107218832,-0.0017430042177878,-0.0027053156596174,0.00164164007705,-0.0007728722247339,0.0023204109802391,0.0023258078126525,0.0007764729109909,0.0007770762897099,0.0021744585173531,0.0024153612034846,11.59,0.2151898734177215,0.0077670293376595
2017-11-16,2585.0,1530000.0,11.76,0.0077670293376595,-0.0050554258942628,-0.001550387907455,0.0009687107218832,-0.0017430042177878,-0.0027053156596174,0.00164164007705,-0.0007728722247339,0.0023204109802391,0.0023258078126525,0.0007764729109909,0.0048019345268579,0.0035378455052623,13.13,-0.203125,-0.0033906547378607
2017-11-17,2576.25,1190000.0,11.43,-0.0033906547378607,0.0077670293376595,-0.0050554258942628,-0.001550387907455,0.0009687107218832,-0.0017430042177878,-0.0027053156596174,0.00164164007705,-0.0007728722247339,0.0023204109802391,0.0023258078126525,0.0050101105557166,0.0036380880417669,11.76,-0.2222222222222222,0.002229439201919
2017-11-20,2582.0,1000000.0,10.65,0.002229439201919,-0.0033906547378607,0.0077670293376595,-0.0050554258942628,-0.001550387907455,0.0009687107218832,-0.0017430042177878,-0.0027053156596174,0.00164164007705,-0.0007728722247339,0.0023204109802391,0.0051174875934009,0.0036310478812881,11.43,-0.1596638655462184,0.0055038037837342
2017-11-21,2596.25,1150000.0,9.73,0.0055038037837342,0.002229439201919,-0.0033906547378607,0.0077670293376595,-0.0050554258942628,-0.001550387907455,0.0009687107218832,-0.0017430042177878,-0.0027053156596174,0.00164164007705,-0.0007728722247339,0.0055382882377478,0.0040509658365816,10.65,0.1499999999999999,-0.0006742763825277
2017-11-22,2594.5,770810.0,9.88,-0.0006742763825277,0.0055038037837342,0.002229439201919,-0.0033906547378607,0.0077670293376595,-0.0050554258942628,-0.001550387907455,0.0009687107218832,-0.0017430042177878,-0.0027053156596174,0.00164164007705,0.0045107311625418,0.0040361448996873,9.73,-0.3297304347826086,0.0025021666408573
2017-11-24,2601.0,551200.0,9.67,0.0025021666408573,-0.0006742763825277,0.0055038037837342,0.002229439201919,-0.0033906547378607,0.0077670293376595,-0.0050554258942628,-0.001550387907455,0.0009687107218832,-0.0017430042177878,-0.0027053156596174,0.0033859754996166,0.0039642650107151,9.88,-0.2849080837041553,0.0002883090693172
2017-11-27,2601.75,960110.0,9.87,0.0002883090693172,0.0025021666408573,-0.0006742763825277,0.0055038037837342,0.002229439201919,-0.0033906547378607,0.0077670293376595,-0.0050554258942628,-0.001550387907455,0.0009687107218832,-0.0017430042177878,0.0023800504787917,0.0038788168550353,9.67,0.7418541364296081,0.0092774803447726
2017-11-28,2626.0,1560000.0,10.03,0.0092774803447726,0.0002883090693172,0.0025021666408573,-0.0006742763825277,0.0055038037837342,0.002229439201919,-0.0033906547378607,0.0077670293376595,-0.0050554258942628,-0.001550387907455,0.0009687107218832,0.0040637764722418,0.0047065477871552,9.87,0.624813823416067,-0.0003808798370173
2017-11-29,2625.0,1660000.0,10.7,-0.0003808798370173,0.0092774803447726,0.0002883090693172,0.0025021666408573,-0.0006742763825277,0.0055038037837342,0.002229439201919,-0.0033906547378607,0.0077670293376595,-0.0050554258942628,-0.001550387907455,0.0041460513628347,0.0046310134704877,10.03,0.0641025641025641,0.0087237420311746
2017-11-30,2648.0,2350000.0,11.28,0.0087237420311746,-0.0003808798370173,0.0092774803447726,0.0002883090693172,0.0025021666408573,-0.0006742763825277,0.0055038037837342,0.002229439201919,-0.0033906547378607,0.0077670293376595,-0.0050554258942628,0.004619092056964,0.0044068979645101,10.7,0.4156626506024097,-0.0015117160853219
2017-12-01,2644.0,2520000.0,11.43,-0.0015117160853219,0.0087237420311746,-0.0003808798370173,0.0092774803447726,0.0002883090693172,0.0025021666408573,-0.0006742763825277,0.0055038037837342,0.002229439201919,-0.0033906547378607,0.0077670293376595,0.0052658545070538,0.0043106361660632,11.28,0.0723404255319148,-0.0021771034203772
2017-12-04,2638.25,1760000.0,11.68,-0.0021771034203772,-0.0015117160853219,0.0087237420311746,-0.0003808798370173,0.0092774803447726,0.0002883090693172,0.0025021666408573,-0.0006742763825277,0.0055038037837342,0.002229439201919,-0.0033906547378607,0.0057124422107561,0.004147996617803,11.43,-0.3015873015873016,-0.0037975930952593
2017-12-05,2628.25,1390000.0,11.33,-0.0037975930952593,-0.0021771034203772,-0.0015117160853219,0.0087237420311746,-0.0003808798370173,0.0092774803447726,0.0002883090693172,0.0025021666408573,-0.0006742763825277,0.0055038037837342,0.002229439201919,0.0049383403446497,0.004586664426393,11.68,-0.2102272727272727,0.0003804089441975
2017-12-06,2629.25,1310000.0,11.02,0.0003804089441975,-0.0037975930952593,-0.0021771034203772,-0.0015117160853219,0.0087237420311746,-0.0003808798370173,0.0092774803447726,0.0002883090693172,0.0025021666408573,-0.0006742763825277,0.0055038037837342,0.0049287865810077,0.0044065284174375,11.33,-0.0575539568345323,0.0038908708635331
2017-12-07,2639.5,1350000.0,10.16,0.0038908708635331,0.0003804089441975,-0.0037975930952593,-0.0021771034203772,-0.0015117160853219,0.0087237420311746,-0.0003808798370173,0.0092774803447726,0.0002883090693172,0.0025021666408573,-0.0006742763825277,0.0029437624483255,0.0044199742507675,11.02,0.0305343511450382,0.0043474220253545
2017-12-08,2651.0,1150000.0,9.58,0.0043474220253545,0.0038908708635331,0.0003804089441975,-0.0037975930952593,-0.0021771034203772,-0.0015117160853219,0.0087237420311746,-0.0003808798370173,0.0092774803447726,0.0002883090693172,0.0025021666408573,0.0036037135396866,0.004494171642695,10.16,-0.1481481481481481,0.0039529463237866
2017-12-11,2661.5,1270000.0,9.34,0.0039529463237866,0.0043474220253545,0.0038908708635331,0.0003804089441975,-0.0037975930952593,-0.0021771034203772,-0.0015117160853219,0.0087237420311746,-0.0003808798370173,0.0092774803447726,0.0002883090693172,0.0034940790925185,0.0044971878429362,9.58,0.1043478260869565,0.0013141839871328
2017-12-12,2665.0,1030000.0,9.92,0.0013141839871328,0.0039529463237866,0.0043474220253545,0.0038908708635331,0.0003804089441975,-0.0037975930952593,-0.0021771034203772,-0.0015117160853219,0.0087237420311746,-0.0003808798370173,0.0092774803447726,0.001800920780637,0.0037638420830681,9.34,-0.1889763779527559,0.0005626934407119
2017-12-13,2666.5,758320.0,10.18,0.0005626934407119,0.0013141839871328,0.0039529463237866,0.0043474220253545,0.0038908708635331,0.0003804089441975,-0.0037975930952593,-0.0021771034203772,-0.0015117160853219,0.0087237420311746,-0.0003808798370173,0.0017411247284414,0.003723782453089,9.92,-0.2637669902912621,-0.004981447398725
2017-12-14,2653.25,473840.0,10.49,-0.004981447398725,0.0005626934407119,0.0013141839871328,0.0039529463237866,0.0043474220253545,0.0038908708635331,0.0003804089441975,-0.0037975930952593,-0.0021771034203772,-0.0015117160853219,0.0087237420311746,0.0037411602610112,0.0032951554696109,10.18,-0.3751450574955164,0.0059260601777536
2017-12-15,2669.02,1410000.0,9.42,0.0059260601777536,-0.004981447398725,0.0005626934407119,0.0013141839871328,0.0039529463237866,0.0043474220253545,0.0038908708635331,0.0003804089441975,-0.0037975930952593,-0.0021771034203772,-0.0015117160853219,0.0041359369390144,0.003682947924923,10.49,1.9756879959479996,0.0095012945538657
2017-12-18,2694.5,1040000.0,9.53,0.0095012945538657,0.0059260601777536,-0.004981447398725,0.0005626934407119,0.0013141839871328,0.0039529463237866,0.0043474220253545,0.0038908708635331,0.0003804089441975,-0.0037975930952593,-0.0021771034203772,0.0055199887731834,0.0043713055168041,9.42,-0.2624113475177305,-0.0039044392819789
2017-12-19,2684.0,980480.0,10.03,-0.0039044392819789,0.0095012945538657,0.0059260601777536,-0.004981447398725,0.0005626934407119,0.0013141839871328,0.0039529463237866,0.0043474220253545,0.0038908708635331,0.0003804089441975,-0.0037975930952593,0.0062384904730829,0.0043874495482668,9.53,-0.0572307692307691,-0.0009318796685924
2017-12-20,2681.5,981220.0,9.72,-0.0009318796685924,-0.0039044392819789,0.0095012945538657,0.0059260601777536,-0.004981447398725,0.0005626934407119,0.0013141839871328,0.0039529463237866,0.0043474220253545,0.0038908708635331,0.0003804089441975,0.0063250919968706,0.004463529823718,10.03,0.0007547323759791,0.0023280729423576
2017-12-21,2687.75,853750.0,9.62,0.0023280729423576,-0.0009318796685924,-0.0039044392819789,0.0095012945538657,0.0059260601777536,-0.004981447398725,0.0005626934407119,0.0013141839871328,0.0039529463237866,0.0043474220253545,0.0038908708635331,0.0053278767543122,0.004415819484782,9.72,-0.1299097042457349,-0.0006513142821545
2017-12-22,2686.0,654510.0,9.9,-0.0006513142821545,0.0023280729423576,-0.0009318796685924,-0.0039044392819789,0.0095012945538657,0.0059260601777536,-0.004981447398725,0.0005626934407119,0.0013141839871328,0.0039529463237866,0.0043474220253545,0.0051036325114573,0.0043796357005689,9.62,-0.2333704245973645,0.0003722315323082
2017-12-26,2687.0,376100.0,10.25,0.0003722315323082,-0.0006513142821545,0.0023280729423576,-0.0009318796685924,-0.0039044392819789,0.0095012945538657,0.0059260601777536,-0.004981447398725,0.0005626934407119,0.0013141839871328,0.0039529463237866,0.0022661584087946,0.0042850457408998,9.9,-0.4253716520755985,-0.0005583992699771
2017-12-27,2685.5,666330.0,10.47,-0.0005583992699771,0.0003722315323082,-0.0006513142821545,0.0023280729423576,-0.0009318796685924,-0.0039044392819789,0.0095012945538657,0.0059260601777536,-0.004981447398725,0.0005626934407119,0.0013141839871328,0.0013323351718973,0.0043083873427115,10.25,0.7716830630151554,9.30882011377825e-05
2017-12-28,2685.75,535620.0,10.18,9.30882011377825e-05,-0.0005583992699771,0.0003722315323082,-0.0006513142821545,0.0023280729423576,-0.0009318796685924,-0.0039044392819789,0.0095012945538657,0.0059260601777536,-0.004981447398725,0.0005626934407119,0.0012043211238348,0.0043134094157213,10.47,-0.1961640628517401,-0.0036368762985327
2017-12-29,2676.0,1090000.0,11.04,-0.0036368762985327,9.30882011377825e-05,-0.0005583992699771,0.0003722315323082,-0.0006513142821545,0.0023280729423576,-0.0009318796685924,-0.0039044392819789,0.0095012945538657,0.0059260601777536,-0.004981447398725,0.0016024204667077,0.0041331505207961,10.18,1.035024831036929,0.0063326715634799
