date,close,open,high,low,volume,vix_close
2005-01-03,1615.5,1628.0,1644.0,1605.0,365480.0,14.08
2005-01-04,1582.5,1614.0,1620.0,1571.5,452420.0,13.98
2005-01-05,1565.5,1582.5,1588.0,1564.5,381190.0,14.09
2005-01-06,1563.0,1566.5,1577.5,1561.5,304750.0,13.58
2005-01-07,1567.5,1562.5,1584.5,1557.5,384050.0,13.49
2005-01-10,1568.0,1570.5,1584.5,1564.0,350170.0,13.23
2005-01-11,1559.0,1568.5,1572.0,1551.0,363020.0,13.19
2005-01-12,1568.0,1565.5,1573.0,1547.5,413660.0,12.56
2005-01-13,1550.0,1570.0,1576.5,1547.5,350340.0,12.84
2005-01-14,1562.5,1549.0,1569.5,1548.0,230420.0,12.43
2005-01-18,1576.0,1564.5,1580.5,1556.0,314390.0,12.47
2005-01-19,1542.5,1576.5,1580.5,1541.5,354590.0,13.18
2005-01-20,1522.5,1534.5,1540.0,1519.0,431170.0,13.83
2005-01-21,1509.5,1524.5,1531.0,1506.0,374380.0,14.36
2005-01-24,1491.0,1510.0,1514.5,1484.5,446510.0,14.65
2005-01-25,1495.0,1491.0,1510.0,1491.0,315970.0,14.06
2005-01-26,1506.5,1495.5,1518.0,1495.0,338920.0,13.44
2005-01-27,1509.0,1508.0,1517.5,1500.5,320940.0,13.24
2005-01-28,1509.5,1511.0,1518.0,1489.5,399150.0,13.24
2005-01-31,1524.0,1513.0,1528.0,1512.5,281540.0,12.82
2005-02-01,1529.5,1524.0,1532.5,1520.5,251730.0,12.03
2005-02-02,1524.5,1529.0,1535.5,1518.0,281110.0,11.66
2005-02-03,1511.5,1521.5,1525.0,1504.5,289200.0,11.79
2005-02-04,1534.0,1511.5,1539.0,1506.5,298530.0,11.21
2005-02-07,1530.5,1537.5,1542.0,1525.5,249700.0,11.73
2005-02-08,1529.5,1532.0,1546.5,1527.0,263010.0,11.6
2005-02-09,1509.0,1527.5,1537.5,1507.0,340970.0,12.0
2005-02-10,1506.5,1508.5,1517.5,1499.5,336060.0,11.51
2005-02-11,1534.0,1506.0,1539.5,1501.0,404400.0,11.43
2005-02-14,1537.5,1536.5,1543.0,1532.0,207380.0,11.52
2005-02-15,1548.5,1538.0,1565.0,1536.5,447910.0,11.27
2005-02-16,1545.5,1548.0,1553.0,1537.0,311880.0,11.1
2005-02-17,1524.0,1546.5,1550.0,1521.0,389640.0,11.77
2005-02-18,1517.0,1523.5,1529.5,1514.0,239210.0,11.18
2005-02-22,1502.0,1518.5,1526.0,1494.5,449630.0,13.14
2005-02-23,1501.5,1501.0,1509.0,1490.5,361030.0,12.39
2005-02-24,1518.5,1501.5,1521.0,1493.5,351660.0,11.57
2005-02-25,1531.0,1519.0,1532.0,1514.5,276270.0,11.49
2005-02-28,1513.0,1530.5,1536.0,1499.5,397430.0,12.08
2005-03-01,1529.0,1514.0,1532.0,1511.0,312670.0,12.04
2005-03-02,1525.0,1528.5,1543.5,1517.0,337290.0,12.5
2005-03-03,1514.0,1525.0,1532.5,1502.5,342040.0,12.93
2005-03-04,1525.0,1513.5,1533.0,1511.5,279540.0,11.94
2005-03-07,1544.5,1528.0,1555.0,1524.0,348970.0,12.26
2005-03-08,1532.0,1544.0,1551.5,1528.5,304970.0,12.4
2005-03-09,1524.0,1533.0,1540.0,1520.5,340590.0,12.7
2005-03-10,1524.5,1523.5,1528.5,1504.5,154610.0,12.49
2005-03-11,1509.0,1531.5,1535.0,1502.0,73090.0,12.8
2005-03-14,1515.5,1509.0,1516.5,1503.0,36050.0,12.39
2005-03-15,1504.5,1520.0,1523.5,1501.0,47360.0,13.15
2005-03-16,1486.5,1504.5,1510.5,1482.5,45770.0,13.49
2005-03-17,1489.5,1486.0,1497.0,1482.5,23470.0,13.29
2005-03-18,1486.9,1488.5,1493.0,1483.0,1930.0,13.14
2005-03-21,1488.5,1492.5,1500.0,1479.0,315580.0,13.61
2005-03-22,1474.5,1487.0,1499.5,1473.0,302050.0,14.27
2005-03-23,1479.0,1473.5,1489.0,1463.5,309760.0,14.06
2005-03-24,1480.0,1479.0,1495.0,1478.0,216970.0,13.42
2005-03-28,1481.0,1482.0,1494.0,1479.5,202000.0,13.75
2005-03-29,1477.0,1481.0,1492.5,1465.5,348330.0,14.49
2005-03-30,1499.0,1477.0,1500.5,1475.0,338280.0,13.64
2005-03-31,1491.0,1499.0,1504.5,1486.0,282370.0,14.02
2005-04-01,1480.0,1491.0,1508.0,1473.0,400200.0,14.09
2005-04-04,1485.0,1478.0,1490.0,1468.5,279500.0,14.11
2005-04-05,1491.5,1486.5,1495.0,1484.5,218190.0,13.68
2005-04-06,1493.0,1491.5,1505.0,1484.5,317050.0,13.15
2005-04-07,1509.0,1493.5,1510.0,1486.0,281370.0,12.33
2005-04-08,1493.5,1510.0,1511.5,1491.5,258839.99999999997,12.62
2005-04-11,1486.0,1492.0,1499.0,1483.0,238890.0,11.98
2005-04-12,1493.5,1485.5,1497.5,1466.0,438240.0,11.3
2005-04-13,1470.0,1494.0,1495.0,1465.5,348010.0,13.31
2005-04-14,1441.0,1470.0,1474.5,1439.0,476060.0,14.53
2005-04-15,1414.5,1440.5,1441.0,1412.5,491770.0,17.74
2005-04-18,1414.5,1414.5,1424.5,1400.5,405130.0,16.56
2005-04-19,1426.0,1415.0,1429.5,1414.0,311990.0,14.96
2005-04-20,1414.5,1432.0,1439.5,1408.5,445770.0,16.92
2005-04-21,1449.0,1411.5,1454.5,1409.5,398200.0,14.41
2005-04-22,1431.5,1448.5,1451.0,1417.0,333270.0,15.38
2005-04-25,1441.5,1430.5,1444.0,1430.0,242330.0,14.62
2005-04-26,1429.0,1442.0,1452.0,1425.0,344780.0,14.91
2005-04-27,1427.0,1427.5,1434.5,1413.5,332840.0,14.87
2005-04-28,1412.5,1416.0,1427.5,1397.5,300280.0,16.86
2005-04-29,1425.5,1416.0,1427.5,1397.5,392860.0,15.31
2005-05-02,1427.5,1426.0,1439.0,1419.0,215900.0,15.12
2005-05-03,1438.0,1428.0,1441.0,1424.0,322300.0,14.53
2005-05-04,1452.0,1438.0,1458.0,1433.5,315340.0,13.85
2005-05-05,1456.5,1452.5,1461.5,1444.5,292090.0,13.98
2005-05-06,1458.0,1456.0,1468.0,1453.0,207910.0,14.05
2005-05-09,1463.5,1459.5,1467.0,1449.5,205400.0,13.75
2005-05-10,1454.0,1463.5,1465.0,1448.0,272730.0,14.91
2005-05-11,1461.0,1453.5,1465.0,1435.0,398400.0,14.45
2005-05-12,1457.5,1461.0,1472.0,1449.0,386090.0,16.12
2005-05-13,1474.0,1460.0,1483.0,1459.0,412220.0,16.32
2005-05-16,1481.5,1474.5,1485.5,1468.5,221650.0,15.68
2005-05-17,1494.0,1481.0,1495.5,1472.0,269600.0,14.57
2005-05-18,1512.5,1494.0,1518.5,1488.0,349370.0,13.63
2005-05-19,1524.0,1513.0,1525.0,1511.5,301520.0,13.32
2005-05-20,1530.5,1524.0,1532.0,1517.5,214360.0,13.14
2005-05-23,1539.0,1530.5,1543.5,1527.0,274480.0,12.95
2005-05-24,1540.5,1538.5,1544.0,1531.5,283050.0,12.69
2005-05-25,1538.5,1540.5,1542.0,1526.5,227910.0,12.58
2005-05-26,1549.0,1537.5,1554.5,1536.5,212860.0,12.24
2005-05-27,1552.0,1549.0,1553.5,1543.5,113380.0,12.15
2005-05-31,1545.0,1552.0,1558.5,1540.0,235750.0,13.29
2005-06-01,1557.5,1545.0,1570.5,1542.5,335930.0,12.36
2005-06-02,1571.5,1557.0,1572.0,1555.0,191880.0,11.84
2005-06-03,1550.5,1571.5,1576.5,1543.5,273090.0,12.15
2005-06-06,1545.5,1550.0,1552.5,1540.5,176650.0,12.28
2005-06-07,1534.0,1546.0,1562.0,1532.0,354010.0,12.39
2005-06-08,1530.5,1534.0,1542.5,1524.5,269000.0,12.7
2005-06-09,1537.5,1529.0,1544.5,1521.5,146550.0,12.08
2005-06-10,1524.0,1537.0,1541.0,1516.5,69570.0,11.96
2005-06-13,1531.0,1523.0,1539.5,1520.0,60090.0,11.65
2005-06-14,1526.5,1532.5,1545.5,1521.5,30740.0,11.79
2005-06-15,1528.0,1527.0,1537.0,1510.5,36370.0,11.46
2005-06-16,1535.5,1528.5,1541.0,1527.0,28100.0,11.15
2005-06-17,1553.96,1535.5,1549.0,1535.0,950.0,11.48
2005-06-20,1545.5,1548.5,1557.5,1537.0,214260.0,11.47
2005-06-21,1551.0,1545.0,1554.5,1541.5,236870.0,11.08
2005-06-22,1548.0,1551.0,1558.5,1538.0,264300.0,11.05
2005-06-23,1527.5,1548.5,1561.0,1525.5,438810.0,12.13
2005-06-24,1511.5,1527.0,1530.0,1507.5,278310.0,12.18
2005-06-27,1506.0,1511.5,1515.0,1499.5,230670.0,12.52
2005-06-28,1517.0,1506.0,1523.0,1505.5,207940.0,11.58
2005-06-29,1511.5,1517.0,1524.0,1510.5,211280.0,11.77
2005-06-30,1503.0,1512.0,1520.0,1500.0,258790.00000000003,12.04
2005-07-01,1500.0,1502.0,1512.5,1498.0,174610.0,11.4
2005-07-05,1513.5,1500.0,1519.0,1491.5,251550.0,11.68
2005-07-06,1507.0,1513.0,1522.0,1504.5,282530.0,12.27
2005-07-07,1512.5,1506.5,1514.0,1465.0,402140.0,12.49
2005-07-08,1544.5,1512.5,1545.0,1509.5,307730.0,11.45
2005-07-11,1557.5,1544.5,1558.5,1542.5,253320.0,11.28
2005-07-12,1562.0,1557.0,1569.5,1551.0,258110.0,10.95
2005-07-13,1567.0,1563.0,1568.5,1557.5,212860.0,10.84
2005-07-14,1584.0,1568.0,1586.0,1563.5,301190.0,10.81
2005-07-15,1587.0,1584.0,1591.0,1576.0,195380.0,10.33
2005-07-18,1582.0,1586.0,1586.5,1578.0,161290.0,10.77
2005-07-19,1600.0,1582.0,1601.0,1581.5,188030.0,10.45
2005-07-20,1608.5,1595.5,1614.0,1586.0,295880.0,10.23
2005-07-21,1606.0,1614.5,1623.0,1598.5,351860.0,10.97
2005-07-22,1609.5,1604.0,1614.5,1598.5,218660.0,10.52
2005-07-25,1604.0,1609.5,1616.0,1598.5,179180.0,11.1
2005-07-26,1607.0,1605.5,1611.5,1597.5,207230.0,10.99
2005-07-27,1617.5,1607.5,1620.5,1598.5,255120.0,10.36
2005-07-28,1626.5,1617.5,1627.5,1615.5,188120.0,10.52
2005-07-29,1611.5,1626.0,1630.0,1611.0,210170.0,11.57
2005-08-01,1615.0,1616.0,1623.0,1609.5,170090.0,12.08
2005-08-02,1629.0,1615.0,1635.5,1613.5,232040.0,11.75
2005-08-03,1632.5,1629.5,1635.0,1624.0,170630.0,11.83
2005-08-04,1616.5,1632.5,1633.5,1611.5,211440.0,12.52
2005-08-05,1607.5,1616.0,1620.5,1605.0,202970.0,12.48
2005-08-08,1598.5,1607.0,1614.0,1593.5,209480.0,13.21
2005-08-09,1607.5,1598.5,1612.5,1596.5,182300.0,12.4
2005-08-10,1596.0,1607.5,1615.5,1586.5,292790.0,12.38
2005-08-11,1594.5,1595.5,1609.5,1591.0,268020.0,12.42
2005-08-12,1592.5,1595.5,1600.0,1585.5,238180.0,12.74
2005-08-15,1606.0,1592.0,1612.5,1587.0,207910.0,12.26
2005-08-16,1583.0,1606.5,1608.0,1576.5,299590.0,13.52
2005-08-17,1583.5,1582.0,1593.5,1577.5,232960.0,13.3
2005-08-18,1579.5,1584.5,1590.0,1576.5,213890.0,13.42
2005-08-19,1579.5,1579.5,1586.5,1576.0,142030.0,13.42
2005-08-22,1580.5,1578.5,1593.5,1569.0,263040.0,13.42
2005-08-23,1577.5,1581.0,1583.0,1569.5,190400.0,13.34
2005-08-24,1565.0,1576.5,1593.0,1562.5,324380.0,14.17
2005-08-25,1567.0,1564.0,1573.0,1562.5,152540.0,13.73
2005-08-26,1563.5,1568.0,1570.5,1555.0,177650.0,13.72
2005-08-29,1574.5,1559.0,1579.0,1544.5,216740.0,13.52
2005-08-30,1570.0,1575.0,1576.5,1557.0,264980.0,13.65
2005-08-31,1584.0,1569.5,1588.5,1563.0,299290.0,12.6
2005-09-01,1579.0,1586.0,1590.5,1575.0,249160.0,13.15
2005-09-02,1576.5,1578.5,1585.5,1573.0,135600.0,13.57
2005-09-06,1598.5,1578.5,1600.0,1577.0,230050.0,12.93
2005-09-07,1598.5,1598.5,1603.0,1592.0,197470.0,12.52
2005-09-08,1599.0,1599.5,1606.5,1593.0,107350.0,12.93
2005-09-09,1609.0,1598.0,1611.5,1596.0,77520.0,11.98
2005-09-12,1613.0,1609.5,1618.5,1606.5,49850.0,11.65
2005-09-13,1609.5,1612.0,1620.5,1605.0,52030.0,12.39
2005-09-14,1591.0,1609.0,1614.5,1589.5,48750.0,12.91
2005-09-15,1586.5,1591.0,1596.0,1584.5,32830.0,12.49
2005-09-16,1591.92,1587.0,1595.0,1586.5,1340.0,11.22
2005-09-19,1602.0,1612.5,1612.5,1591.5,211570.0,12.14
2005-09-20,1592.0,1602.0,1618.0,1587.0,338650.0,12.64
2005-09-21,1574.5,1590.5,1595.0,1573.0,292340.0,13.79
2005-09-22,1577.0,1574.0,1583.0,1563.5,378160.0,13.33
2005-09-23,1585.0,1577.5,1589.5,1570.5,206960.0,12.96
2005-09-26,1587.0,1592.0,1597.0,1575.5,238840.0,13.04
2005-09-27,1581.5,1586.5,1591.0,1574.0,243090.0,12.76
2005-09-28,1580.5,1581.5,1592.5,1575.5,231270.0,12.63
2005-09-29,1601.0,1580.0,1603.0,1571.0,390230.0,12.24
2005-09-30,1614.0,1601.0,1616.0,1598.5,237980.0,11.92
2005-10-03,1618.5,1615.5,1624.5,1613.5,240430.0,12.46
2005-10-04,1604.0,1618.0,1629.5,1603.0,280840.0,13.2
2005-10-05,1582.5,1603.5,1607.5,1581.0,333650.0,14.55
2005-10-06,1564.5,1583.0,1587.0,1548.5,489270.0,14.96
2005-10-07,1563.0,1564.5,1573.0,1558.5,230810.0,14.59
2005-10-10,1554.5,1562.0,1571.0,1553.0,208180.0,15.55
2005-10-11,1545.5,1555.0,1563.5,1543.0,305170.0,15.63
2005-10-12,1526.5,1547.0,1553.5,1525.5,401520.0,16.22
2005-10-13,1536.0,1527.5,1547.5,1523.0,354440.0,16.47
2005-10-14,1550.0,1536.5,1553.5,1536.5,295110.0,14.87
2005-10-17,1556.0,1550.5,1559.0,1542.5,199200.0,14.67
2005-10-18,1547.0,1556.0,1561.5,1544.0,262740.0,15.33
2005-10-19,1581.0,1547.5,1582.0,1533.5,491470.0,13.5
2005-10-20,1566.0,1577.0,1584.0,1553.0,406770.0,16.11
2005-10-21,1575.5,1566.0,1580.0,1562.0,289200.0,16.13
2005-10-24,1598.0,1575.0,1599.0,1568.0,279390.0,14.74
2005-10-25,1590.0,1597.5,1597.5,1580.5,272040.0,14.53
2005-10-26,1586.0,1590.5,1601.5,1579.5,313820.0,14.59
2005-10-27,1555.0,1585.0,1585.0,1549.5,328840.0,16.02
2005-10-28,1560.5,1548.5,1565.0,1545.5,290320.0,14.25
2005-10-31,1586.5,1560.5,1591.5,1560.5,308360.0,15.32
2005-11-01,1585.5,1576.0,1590.0,1574.0,229380.0,14.85
2005-11-02,1609.5,1584.5,1611.0,1577.0,306360.0,13.48
2005-11-03,1629.0,1608.5,1633.5,1604.5,387020.0,13.0
2005-11-04,1632.5,1628.5,1638.5,1623.0,268160.0,13.17
2005-11-07,1633.0,1633.5,1641.0,1627.0,232290.0,13.1
2005-11-08,1636.5,1632.5,1643.0,1628.5,270540.0,13.08
2005-11-09,1638.0,1637.0,1642.5,1629.5,249530.0,12.8
2005-11-10,1656.5,1637.5,1657.5,1625.0,365460.0,11.9
2005-11-11,1659.0,1656.5,1666.0,1655.5,215130.0,11.63
2005-11-14,1659.0,1659.0,1663.5,1653.0,179340.0,12.18
2005-11-15,1652.5,1658.5,1665.0,1644.0,281120.0,12.23
2005-11-16,1661.5,1652.0,1662.0,1647.0,234530.0,12.26
2005-11-17,1684.5,1661.0,1687.5,1658.5,334110.0,11.25
2005-11-18,1683.0,1684.0,1695.0,1679.0,293920.0,11.12
2005-11-21,1691.5,1684.0,1692.5,1677.5,207900.0,10.82
2005-11-22,1696.5,1691.0,1703.0,1682.0,245360.0,10.6
2005-11-23,1700.5,1696.0,1709.0,1694.5,179030.0,10.96
2005-11-25,1704.5,1701.5,1705.5,1696.5,61230.0,10.88
2005-11-28,1692.5,1704.0,1710.0,1686.5,233990.0,11.84
2005-11-29,1681.0,1691.5,1701.5,1679.5,257089.99999999997,11.89
2005-11-30,1675.0,1680.0,1686.0,1673.5,254040.0,12.06
2005-12-01,1704.0,1676.5,1708.5,1676.0,293720.0,11.24
2005-12-02,1704.5,1705.0,1712.0,1701.0,194320.0,11.01
2005-12-05,1710.0,1710.0,1714.0,1691.0,212250.0,11.6
2005-12-06,1704.5,1699.0,1719.0,1698.0,262490.0,11.52
2005-12-07,1700.5,1705.0,1707.5,1689.5,272680.0,12.18
2005-12-08,1687.0,1700.5,1705.0,1675.0,146840.0,12.21
2005-12-09,1694.0,1685.0,1695.0,1679.5,96010.0,11.69
2005-12-12,1700.0,1695.5,1702.5,1691.5,58050.0,11.47
2005-12-13,1706.5,1700.0,1713.5,1694.5,61420.0,11.11
2005-12-14,1701.0,1706.5,1708.5,1692.0,25170.0,10.48
2005-12-15,1700.0,1701.5,1707.0,1687.5,29180.0,10.73
2005-12-16,1699.06,1699.5,1708.0,1699.0,3950.0,10.68
2005-12-19,1679.5,1710.5,1715.0,1677.5,252940.0,11.38
2005-12-20,1679.5,1679.0,1689.0,1673.5,226490.0,11.19
2005-12-21,1684.0,1680.0,1699.5,1678.0,221440.0,10.81
2005-12-22,1700.5,1684.5,1702.0,1683.0,141630.0,10.29
2005-12-23,1700.0,1700.5,1706.5,1694.0,90870.0,10.27
2005-12-27,1683.5,1700.5,1710.0,1680.5,157010.0,11.57
2005-12-28,1681.0,1683.0,1689.0,1676.0,126330.0,11.35
2005-12-29,1668.0,1681.5,1686.0,1665.5,108770.0,11.61
2005-12-30,1659.0,1668.0,1670.0,1654.0,132350.0,12.07
2006-01-03,1693.0,1658.0,1701.0,1646.0,372420.0,11.14
2006-01-04,1713.0,1694.0,1713.5,1687.0,302320.0,11.37
2006-01-05,1723.0,1713.0,1725.5,1708.0,245290.0,11.31
2006-01-06,1748.0,1722.5,1750.0,1720.5,350720.0,11.0
2006-01-09,1754.5,1747.5,1758.5,1742.0,287310.0,11.13
2006-01-10,1760.0,1753.5,1760.5,1743.0,308580.0,10.86
2006-01-11,1771.0,1759.0,1774.0,1755.5,326320.0,10.94
2006-01-12,1764.0,1770.0,1773.0,1754.5,280380.0,11.2
2006-01-13,1760.0,1763.5,1766.0,1749.5,231970.0,11.23
2006-01-17,1751.5,1760.0,1764.0,1740.0,251350.0,11.91
2006-01-18,1727.5,1742.5,1742.5,1713.5,440580.0,12.25
2006-01-19,1738.5,1724.0,1752.5,1721.5,404210.0,11.98
2006-01-20,1685.5,1738.5,1739.5,1683.5,556660.0,14.56
2006-01-23,1688.0,1684.5,1696.0,1680.0,329600.0,13.93
2006-01-24,1693.0,1687.5,1706.0,1681.5,339730.0,13.31
2006-01-25,1688.5,1693.5,1705.0,1679.5,389350.0,12.87
2006-01-26,1698.5,1687.0,1704.5,1685.0,341910.0,12.42
2006-01-27,1722.5,1700.5,1733.0,1699.5,342640.0,11.97
2006-01-30,1723.5,1722.0,1730.0,1719.5,189890.0,12.39
2006-01-31,1719.5,1723.5,1728.0,1693.5,335040.0,12.95
2006-02-01,1723.5,1701.0,1725.5,1695.5,338930.0,12.36
2006-02-02,1689.0,1723.5,1723.5,1688.5,341250.0,13.23
2006-02-03,1667.5,1690.5,1699.0,1665.5,384170.0,12.96
2006-02-06,1669.5,1668.5,1675.0,1657.5,223900.0,13.04
2006-02-07,1662.5,1669.5,1671.5,1651.5,314750.0,13.59
2006-02-08,1675.5,1662.0,1680.0,1660.5,291880.0,12.83
2006-02-09,1659.0,1676.0,1689.0,1658.0,331590.0,13.12
2006-02-10,1666.5,1659.5,1676.0,1642.5,376990.0,12.87
2006-02-13,1653.0,1666.5,1667.0,1644.0,252750.0,13.35
2006-02-14,1666.0,1653.0,1673.5,1648.5,343100.0,12.25
2006-02-15,1679.5,1667.0,1682.5,1660.5,313160.0,12.31
2006-02-16,1695.5,1679.5,1698.0,1677.5,324300.0,11.48
2006-02-17,1677.5,1697.5,1697.5,1676.5,207440.0,12.01
2006-02-21,1661.0,1678.0,1688.0,1655.0,316050.0,12.41
2006-02-22,1679.5,1661.0,1689.5,1657.0,319940.0,11.88
2006-02-23,1675.5,1680.0,1693.0,1673.5,242390.0,11.87
2006-02-24,1683.5,1675.0,1684.5,1670.5,194910.0,11.46
2006-02-27,1695.0,1684.0,1705.5,1683.5,242060.0,11.59
2006-02-28,1674.5,1696.0,1699.5,1668.5,434560.0,12.34
2006-03-01,1698.0,1673.0,1701.0,1671.5,275300.0,11.54
2006-03-02,1699.5,1698.0,1703.5,1686.0,292660.0,11.72
2006-03-03,1685.5,1699.0,1710.0,1679.5,429610.0,11.96
2006-03-06,1674.5,1686.0,1694.5,1667.0,329340.0,12.74
2006-03-07,1665.5,1674.0,1674.5,1654.0,317640.0,12.66
2006-03-08,1666.5,1664.5,1671.5,1647.5,348310.0,12.32
2006-03-09,1643.0,1665.0,1674.0,1605.0,149560.0,12.68
2006-03-10,1648.5,1643.0,1674.0,1618.5,82030.0,11.85
2006-03-13,1655.5,1648.5,1665.0,1647.5,48900.0,11.37
2006-03-14,1686.0,1654.5,1686.5,1649.0,52130.0,10.74
2006-03-15,1695.5,1685.5,1697.5,1680.0,38730.0,11.35
2006-03-16,1681.5,1693.5,1703.5,1679.5,23300.0,11.98
2006-03-17,1681.22,1679.5,1686.5,1679.0,2550.0,12.12
2006-03-20,1705.5,1704.5,1713.5,1702.0,176650.0,11.79
2006-03-21,1690.5,1706.5,1727.5,1687.5,439770.0,11.62
2006-03-22,1691.0,1690.0,1696.5,1671.5,327720.0,11.21
2006-03-23,1690.5,1691.5,1694.0,1677.5,247070.0,11.17
2006-03-24,1697.5,1690.0,1706.0,1685.5,262270.0,11.19
2006-03-27,1699.0,1698.0,1705.0,1694.0,158300.0,11.46
2006-03-28,1691.0,1699.0,1712.0,1683.5,318720.0,11.58
2006-03-29,1720.5,1689.5,1728.5,1687.0,397710.0,10.95
2006-03-30,1725.0,1720.5,1737.5,1715.5,317150.0,11.57
2006-03-31,1720.0,1725.0,1732.0,1717.0,196420.0,11.39
2006-04-03,1723.75,1724.25,1739.25,1720.0,268470.0,11.57
2006-04-04,1731.5,1723.75,1736.75,1721.0,286680.0,11.14
2006-04-05,1747.25,1731.5,1751.0,1730.0,301210.0,11.13
2006-04-06,1754.75,1746.75,1761.25,1742.0,302620.0,11.45
2006-04-07,1739.75,1753.25,1765.75,1735.0,363530.0,12.26
2006-04-10,1735.5,1737.25,1743.0,1726.5,209540.0,12.19
2006-04-11,1720.75,1735.5,1739.5,1709.5,334320.0,13.0
2006-04-12,1718.75,1720.25,1724.25,1713.5,207310.0,12.76
2006-04-13,1725.5,1719.5,1734.75,1713.0,246380.0,12.38
2006-04-17,1710.5,1724.0,1729.75,1696.25,292120.0,12.58
2006-04-18,1739.75,1710.25,1744.25,1706.0,404200.0,11.4
2006-04-19,1744.5,1741.0,1751.5,1732.75,253740.0,11.32
2006-04-20,1741.25,1742.5,1753.75,1736.0,269140.0,11.64
2006-04-21,1719.0,1743.5,1749.75,1712.0,311130.0,11.59
2006-04-24,1721.5,1718.0,1722.75,1707.75,193840.0,11.75
2006-04-25,1714.5,1721.0,1724.5,1704.75,238540.0,11.75
2006-04-26,1710.75,1714.25,1721.25,1706.25,233040.0,11.76
2006-04-27,1727.5,1711.5,1739.0,1697.75,502810.0,11.84
2006-04-28,1711.0,1726.0,1727.25,1709.0,238760.0,11.59
2006-05-01,1693.0,1714.5,1719.75,1689.25,270540.0,12.54
2006-05-02,1697.75,1693.5,1706.75,1693.25,233310.0,11.99
2006-05-03,1693.5,1697.75,1702.5,1687.75,246450.0,11.99
2006-05-04,1709.75,1693.5,1716.75,1692.5,276920.0,11.86
2006-05-05,1720.25,1709.75,1725.5,1709.25,226900.0,11.62
2006-05-08,1721.25,1720.5,1728.0,1719.25,169400.0,12.0
2006-05-09,1721.75,1721.5,1724.25,1715.75,173310.0,11.99
2006-05-10,1700.75,1721.25,1722.5,1698.0,285630.0,11.78
2006-05-11,1664.75,1700.5,1706.25,1660.0,512409.99999999994,12.49
2006-05-12,1641.5,1664.5,1667.0,1641.0,444890.0,14.19
2006-05-15,1635.75,1639.0,1647.75,1619.0,411900.0,13.57
2006-05-16,1628.25,1636.25,1644.0,1624.0,381980.0,13.35
2006-05-17,1604.75,1629.0,1635.0,1600.75,547470.0,16.26
2006-05-18,1594.75,1606.0,1618.5,1592.0,375680.0,16.99
2006-05-19,1605.25,1595.0,1610.75,1581.25,481190.0,17.18
2006-05-22,1586.25,1606.5,1610.5,1576.0,400940.0,17.72
2006-05-23,1565.25,1586.75,1607.0,1562.25,328840.0,18.26
2006-05-24,1584.5,1566.0,1591.75,1557.25,537860.0,17.36
2006-05-25,1605.25,1584.25,1607.0,1579.5,287410.0,15.5
2006-05-26,1609.75,1603.75,1612.25,1598.5,218300.0,14.26
2006-05-30,1570.0,1609.0,1611.25,1569.75,261339.99999999997,18.66
2006-05-31,1583.0,1571.25,1591.5,1565.25,307160.0,16.44
2006-06-01,1619.0,1581.75,1619.75,1575.0,284000.0,14.52
2006-06-02,1614.5,1618.75,1636.75,1601.0,313770.0,14.32
2006-06-05,1582.75,1612.75,1613.5,1579.25,324600.0,16.65
2006-06-06,1577.5,1582.5,1589.75,1561.5,385250.0,17.34
2006-06-07,1562.5,1578.5,1594.5,1558.75,356350.0,17.8
2006-06-08,1556.5,1564.5,1569.0,1525.75,280430.0,18.35
2006-06-09,1549.5,1556.5,1576.5,1547.75,96590.0,18.12
2006-06-12,1523.5,1550.0,1560.0,1520.5,82900.0,20.96
2006-06-13,1515.25,1524.25,1537.25,1512.0,85750.0,23.81
2006-06-14,1528.0,1515.5,1532.25,1510.5,78910.0,21.46
2006-06-15,1576.0,1529.25,1577.75,1529.25,61880.0,15.9
2006-06-16,1567.9,1572.25,1580.25,1566.5,6020.0,17.25
2006-06-19,1565.0,1576.25,1587.0,1560.75,298470.0,17.83
2006-06-20,1570.0,1565.5,1583.75,1561.25,287640.0,16.69
2006-06-21,1591.5,1570.0,1604.5,1566.5,319330.0,15.52
2006-06-22,1573.5,1592.25,1598.0,1562.5,315810.0,15.88
2006-06-23,1568.5,1572.0,1584.75,1560.5,197720.0,15.89
2006-06-26,1571.0,1568.25,1579.0,1565.5,237850.0,15.62
2006-06-27,1545.25,1571.5,1576.25,1541.75,347930.0,16.4
2006-06-28,1558.0,1545.0,1558.25,1536.75,246280.0,15.79
2006-06-29,1605.0,1558.0,1606.0,1556.5,387040.0,13.03
2006-06-30,1591.5,1604.25,1611.25,1590.25,210820.0,13.08
2006-07-03,1601.5,1593.5,1603.5,1592.5,54350.0,13.05
2006-07-05,1568.25,1601.0,1602.5,1564.25,244430.0,14.15
2006-07-06,1565.0,1569.0,1580.25,1560.75,175250.0,13.65
2006-07-07,1550.25,1566.25,1581.0,1542.5,269510.0,13.97
2006-07-10,1537.75,1549.5,1557.75,1526.25,448050.0,14.02
2006-07-11,1545.0,1537.75,1549.0,1522.0,379480.0,13.14
2006-07-12,1516.75,1545.5,1547.5,1511.5,390210.0,14.49
2006-07-13,1489.75,1516.5,1519.5,1487.25,501590.0,17.79
2006-07-14,1475.0,1490.75,1493.5,1468.25,461140.0,18.05
2006-07-17,1480.25,1476.25,1486.75,1464.75,426310.0,18.64
2006-07-18,1486.75,1479.75,1489.25,1457.75,521610.0,17.74
2006-07-19,1490.75,1488.0,1510.25,1476.5,473900.0,15.55
2006-07-20,1477.25,1489.5,1507.75,1470.75,411370.0,16.21
2006-07-21,1461.25,1482.5,1486.0,1459.75,306600.0,17.4
2006-07-24,1494.5,1460.75,1496.25,1459.25,298690.0,14.98
2006-07-25,1492.25,1494.75,1505.0,1484.25,309650.0,14.85
2006-07-26,1495.75,1490.75,1509.5,1483.0,293320.0,14.62
2006-07-27,1494.5,1495.75,1516.25,1484.0,293730.0,14.94
2006-07-28,1521.25,1493.25,1522.0,1491.25,267270.0,14.33
2006-07-31,1518.75,1520.0,1527.0,1509.75,213720.0,14.95
2006-08-01,1493.75,1517.25,1517.25,1483.5,286620.0,15.05
2006-08-02,1509.75,1493.75,1519.25,1492.75,265780.0,14.34
2006-08-03,1521.25,1510.25,1527.5,1492.5,271200.0,14.46
2006-08-04,1515.5,1522.25,1539.25,1497.0,351040.0,14.34
2006-08-07,1502.5,1515.0,1515.25,1493.75,191660.0,15.23
2006-08-08,1492.5,1502.25,1509.0,1481.75,307890.0,15.23
2006-08-09,1495.0,1493.0,1525.25,1488.75,385870.0,15.2
2006-08-10,1497.5,1494.75,1507.25,1483.5,295180.0,14.46
2006-08-11,1496.0,1499.25,1501.5,1485.5,187020.0,14.3
2006-08-14,1500.25,1497.75,1522.75,1497.75,316690.0,14.26
2006-08-15,1540.5,1501.0,1542.25,1500.5,387450.0,13.42
2006-08-16,1576.25,1541.0,1577.0,1538.75,407630.0,12.41
2006-08-17,1577.75,1575.75,1591.5,1569.0,378570.0,12.24
2006-08-18,1585.0,1578.5,1585.75,1562.5,271940.0,11.64
2006-08-21,1568.5,1583.5,1583.75,1561.5,190760.0,12.22
2006-08-22,1566.5,1568.0,1583.75,1560.75,273550.0,12.19
2006-08-23,1558.25,1566.25,1577.25,1548.0,276200.0,12.4
2006-08-24,1557.25,1558.0,1564.5,1546.75,196700.0,12.4
2006-08-25,1560.75,1558.0,1576.0,1551.75,185460.0,12.31
2006-08-28,1570.5,1561.0,1579.5,1556.0,219740.0,12.18
2006-08-29,1576.0,1571.25,1580.25,1556.0,299010.0,12.28
2006-08-30,1584.5,1575.5,1587.5,1572.75,202260.0,12.22
2006-08-31,1583.0,1585.0,1590.5,1579.0,161440.0,12.31
2006-09-01,1590.5,1583.5,1597.25,1582.75,184670.0,11.96
2006-09-05,1604.75,1590.0,1608.25,1582.25,297950.0,12.63
2006-09-06,1575.75,1604.25,1604.5,1571.75,314030.0,13.74
2006-09-07,1568.25,1575.25,1583.75,1561.5,153240.0,13.88
2006-09-08,1571.0,1568.5,1580.25,1565.5,73250.0,13.16
2006-09-11,1583.5,1571.25,1593.25,1559.0,122980.0,12.99
2006-09-12,1614.75,1583.25,1619.0,1576.5,119010.0,11.92
2006-09-13,1623.75,1614.25,1626.5,1612.5,72370.0,11.18
2006-09-14,1625.75,1623.75,1630.0,1617.75,51760.0,11.55
2006-09-15,1641.08,1625.25,1645.75,1625.0,5490.0,11.76
2006-09-18,1652.5,1653.0,1663.25,1644.25,255200.0,11.78
2006-09-19,1642.5,1652.5,1658.0,1627.0,426750.0,11.98
2006-09-20,1663.75,1645.25,1667.75,1644.25,346670.0,11.39
2006-09-21,1654.75,1663.5,1673.0,1648.5,359040.0,12.25
2006-09-22,1641.0,1654.5,1657.25,1632.5,284860.0,12.59
2006-09-25,1665.25,1640.5,1672.0,1631.5,420070.0,12.12
2006-09-26,1673.5,1665.5,1677.5,1661.0,326750.0,11.53
2006-09-27,1677.25,1673.75,1683.25,1664.25,319090.0,11.58
2006-09-28,1673.5,1676.75,1680.5,1661.25,253900.0,11.72
2006-09-29,1671.25,1674.0,1682.0,1669.25,198020.0,11.98
2006-10-02,1647.5,1670.5,1674.75,1646.25,292560.0,12.57
2006-10-03,1653.75,1647.0,1663.0,1638.0,375120.0,12.24
2006-10-04,1692.5,1654.5,1696.25,1648.0,457500.0,11.86
2006-10-05,1701.75,1692.5,1706.25,1690.75,283200.0,11.98
2006-10-06,1700.0,1701.5,1706.25,1691.75,266530.0,11.56
2006-10-09,1703.75,1698.75,1713.5,1693.0,183210.0,11.68
2006-10-10,1703.75,1703.75,1713.5,1695.25,303670.0,11.52
2006-10-11,1706.5,1704.0,1716.25,1685.0,378810.0,11.62
2006-10-12,1732.75,1706.0,1734.0,1704.0,310720.0,11.09
2006-10-13,1739.25,1733.0,1744.0,1728.25,245850.0,10.75
2006-10-16,1741.25,1739.0,1748.0,1735.75,214810.0,11.09
2006-10-17,1720.25,1740.75,1741.0,1712.5,339610.0,11.73
2006-10-18,1715.0,1723.25,1734.25,1707.25,393770.0,11.34
2006-10-19,1722.75,1715.75,1726.25,1704.5,370670.0,10.9
2006-10-20,1718.75,1723.0,1726.25,1706.25,240990.0,10.63
2006-10-23,1734.5,1719.0,1747.75,1713.25,337750.0,11.08
2006-10-24,1726.25,1735.5,1739.0,1717.0,249790.0,10.78
2006-10-25,1740.5,1726.0,1741.25,1721.5,277280.0,10.66
2006-10-26,1753.0,1740.5,1757.0,1728.5,308280.0,10.56
2006-10-27,1731.5,1753.0,1757.0,1722.25,325880.0,10.8
2006-10-30,1736.75,1730.75,1745.75,1721.5,278010.0,11.2
2006-10-31,1742.75,1736.5,1749.75,1731.25,332120.0,11.1
2006-11-01,1719.25,1743.0,1750.5,1710.0,393010.0,11.51
2006-11-02,1716.5,1718.5,1723.5,1707.25,280820.0,11.42
2006-11-03,1713.75,1717.25,1725.0,1701.25,339340.0,11.16
2006-11-06,1737.25,1713.0,1745.75,1712.75,293330.0,11.16
2006-11-07,1751.75,1736.75,1762.0,1735.5,358000.0,11.09
2006-11-08,1761.75,1751.25,1765.25,1735.5,368880.0,10.75
2006-11-09,1750.5,1760.75,1770.75,1743.5,320000.0,11.01
2006-11-10,1758.25,1750.25,1759.5,1743.25,232520.0,10.79
2006-11-13,1773.5,1758.25,1778.25,1756.0,268230.0,10.86
2006-11-14,1796.25,1772.0,1800.0,1766.0,372010.0,10.5
2006-11-15,1801.25,1796.0,1812.5,1793.0,367570.0,10.31
2006-11-16,1810.25,1799.5,1813.0,1796.75,331840.0,10.16
2006-11-17,1806.75,1808.5,1808.75,1794.0,235020.0,10.05
2006-11-20,1811.25,1807.0,1814.75,1795.0,270310.0,9.97
2006-11-21,1815.5,1811.25,1815.75,1805.0,185130.0,9.9
2006-11-22,1824.25,1817.0,1826.0,1805.0,202190.0,10.14
2006-11-24,1820.25,1824.5,1829.25,1805.25,132140.0,10.73
2006-11-27,1779.0,1819.0,1822.25,1777.75,398750.0,12.3
2006-11-28,1782.25,1780.5,1786.75,1766.5,310940.0,11.62
2006-11-29,1795.75,1782.5,1800.0,1778.5,326900.0,10.83
2006-11-30,1794.75,1795.5,1804.25,1783.5,333110.0,10.91
2006-12-01,1782.0,1794.75,1798.5,1762.5,377170.0,11.66
2006-12-04,1803.5,1781.25,1811.75,1778.25,319050.0,11.23
2006-12-05,1808.0,1803.5,1814.25,1799.25,218850.0,11.27
2006-12-06,1801.25,1807.5,1808.75,1793.5,222670.0,11.33
2006-12-07,1776.5,1801.0,1810.0,1776.25,190120.0,12.67
2006-12-08,1786.0,1777.0,1800.75,1768.5,121110.0,12.07
2006-12-11,1795.25,1784.25,1805.0,1780.0,96660.0,10.71
2006-12-12,1781.25,1794.0,1795.75,1771.5,75120.0,10.65
2006-12-13,1785.25,1780.75,1794.25,1773.75,57790.0,10.18
2006-12-14,1803.5,1784.75,1812.0,1783.0,82260.0,9.97
2006-12-15,1810.66,1806.0,1825.75,1805.0,4530.0,10.05
2006-12-18,1811.0,1828.5,1843.5,1804.25,256370.0,10.6
2006-12-19,1803.25,1811.5,1814.5,1786.5,321560.0,10.3
2006-12-20,1797.75,1803.5,1816.0,1796.25,172510.0,10.26
2006-12-21,1785.25,1798.5,1804.0,1778.25,216450.0,10.53
2006-12-22,1764.0,1786.5,1790.25,1763.25,192990.0,11.36
2006-12-26,1773.5,1773.25,1774.0,1773.0,87900.0,11.26
2006-12-27,1779.25,1773.25,1788.0,1772.75,131270.0,10.64
2006-12-28,1774.5,1779.5,1783.5,1770.0,121850.0,10.99
2006-12-29,1775.0,1774.75,1793.25,1772.75,134380.0,11.56
2007-01-03,1779.0,1790.25,1811.0,1747.0,500270.0,12.04
2007-01-04,1812.25,1779.75,1816.5,1770.5,367210.0,11.51
2007-01-05,1797.25,1812.75,1816.0,1785.75,353650.0,12.14
2007-01-08,1803.5,1798.0,1812.25,1792.25,267090.0,12.0
2007-01-09,1810.5,1803.75,1818.75,1792.0,355930.0,11.91
2007-01-10,1834.5,1810.75,1835.5,1798.0,362450.0,11.47
2007-01-11,1849.75,1835.0,1856.5,1830.25,400930.0,10.87
2007-01-12,1862.25,1850.5,1863.0,1845.5,272800.0,10.15
2007-01-16,1855.75,1862.25,1867.75,1851.5,288890.0,10.74
2007-01-17,1841.25,1855.25,1857.75,1838.5,386130.0,10.59
2007-01-18,1806.0,1844.25,1846.75,1802.0,575550.0,10.85
2007-01-19,1806.5,1805.5,1815.5,1800.75,320110.0,10.4
2007-01-22,1792.25,1807.0,1814.25,1783.25,308370.0,10.77
2007-01-23,1787.0,1792.0,1803.25,1783.25,330900.0,10.34
2007-01-24,1815.25,1786.5,1815.75,1784.75,332110.0,9.89
2007-01-25,1791.25,1819.5,1823.5,1784.75,396350.0,11.22
2007-01-26,1779.25,1792.75,1795.75,1773.0,373950.0,11.13
2007-01-29,1786.75,1781.0,1798.25,1775.25,309420.0,11.45
2007-01-30,1789.25,1787.75,1794.5,1782.0,228170.0,10.96
2007-01-31,1802.5,1789.5,1808.75,1773.5,385590.0,10.42
2007-02-01,1803.25,1800.0,1817.0,1794.25,341300.0,10.31
2007-02-02,1807.25,1804.25,1810.5,1797.25,235950.0,10.08
2007-02-05,1805.5,1807.0,1814.5,1798.25,229720.0,10.55
2007-02-06,1803.5,1805.5,1810.25,1784.75,401950.0,10.65
2007-02-07,1823.0,1802.5,1825.75,1802.5,396960.0,10.32
2007-02-08,1821.75,1822.0,1823.25,1808.75,241970.0,10.44
2007-02-09,1792.5,1820.75,1828.0,1787.25,406900.0,11.1
2007-02-12,1785.5,1792.75,1794.75,1781.25,304380.0,11.61
2007-02-13,1796.0,1785.75,1798.25,1784.75,313180.0,10.34
2007-02-14,1822.75,1795.75,1826.25,1793.5,413700.0,10.23
2007-02-15,1831.0,1822.75,1832.0,1818.25,275850.0,10.22
2007-02-16,1827.25,1830.0,1830.75,1819.75,189580.0,10.02
2007-02-20,1838.75,1828.75,1842.25,1813.75,352260.0,10.24
2007-02-21,1844.5,1838.0,1845.0,1828.75,298700.0,10.2
2007-02-22,1854.25,1844.75,1857.5,1837.5,332790.0,10.18
2007-02-23,1845.0,1853.75,1856.75,1837.25,289520.0,10.58
2007-02-26,1837.75,1845.75,1855.5,1824.0,356080.0,11.15
2007-02-27,1750.5,1837.5,1838.25,1744.25,774120.0,18.31
2007-02-28,1765.5,1750.25,1783.0,1743.25,521720.0,15.42
2007-03-01,1757.75,1766.5,1776.0,1720.0,662240.0,15.82
2007-03-02,1726.25,1757.25,1763.0,1724.25,463640.0,18.61
2007-03-05,1713.75,1726.0,1742.25,1704.75,572960.0,19.63
2007-03-06,1745.0,1714.75,1750.0,1711.0,422570.0,15.96
2007-03-07,1737.5,1744.75,1749.25,1735.5,339470.0,15.24
2007-03-08,1754.5,1737.75,1759.75,1733.25,208610.0,14.29
2007-03-09,1747.75,1754.25,1767.25,1735.25,108520.0,14.09
2007-03-12,1757.75,1749.0,1760.5,1739.5,84460.0,13.99
2007-03-13,1724.25,1757.0,1760.0,1718.75,95170.0,18.13
2007-03-14,1748.25,1723.25,1748.75,1711.25,95130.0,17.27
2007-03-15,1744.5,1747.25,1755.25,1737.25,63340.0,16.43
2007-03-16,1747.24,1743.25,1750.0,1736.25,970.0,16.79
2007-03-19,1781.25,1761.0,1785.5,1757.5,253070.0,14.59
2007-03-20,1792.25,1781.5,1793.75,1777.75,225630.0,13.27
2007-03-21,1825.0,1792.5,1827.5,1782.25,406820.0,12.19
2007-03-22,1818.75,1824.25,1831.0,1812.5,285630.0,12.93
2007-03-23,1811.5,1818.0,1824.5,1810.75,192740.0,12.95
2007-03-26,1818.25,1810.75,1822.25,1793.25,317100.0,13.16
2007-03-27,1810.25,1818.25,1819.5,1806.25,193520.0,13.48
2007-03-28,1790.25,1809.5,1810.25,1787.0,382750.0,14.98
2007-03-29,1788.0,1789.75,1802.0,1770.25,337710.0,15.14
2007-03-30,1790.75,1787.0,1801.25,1775.25,295610.0,14.64
2007-04-02,1790.0,1791.75,1797.25,1778.25,206180.0,14.53
2007-04-03,1814.75,1790.5,1819.0,1789.75,272460.0,13.46
2007-04-04,1819.25,1814.0,1821.25,1811.0,180950.0,13.24
2007-04-05,1828.25,1818.25,1831.5,1814.5,143460.0,13.23
2007-04-09,1824.0,1839.75,1839.75,1820.5,170600.0,13.14
2007-04-10,1829.5,1823.75,1833.25,1822.0,194120.0,12.68
2007-04-11,1812.75,1830.0,1833.75,1807.25,324330.0,13.49
2007-04-12,1827.75,1812.0,1830.0,1802.25,308980.0,12.71
2007-04-13,1831.75,1827.25,1833.25,1815.5,232370.0,12.2
2007-04-16,1848.25,1832.0,1850.5,1829.5,234010.0,11.98
2007-04-17,1852.25,1847.5,1855.0,1842.75,231700.0,12.14
2007-04-18,1848.25,1852.5,1853.0,1836.5,263980.0,12.42
2007-04-19,1849.0,1849.25,1853.75,1831.25,290010.0,12.54
2007-04-20,1862.5,1848.5,1870.25,1846.75,308490.0,12.07
2007-04-23,1863.0,1862.5,1867.25,1856.75,201340.0,13.04
2007-04-24,1870.25,1862.25,1876.75,1855.75,326960.0,13.12
2007-04-25,1894.0,1870.25,1896.75,1869.25,321890.0,13.21
2007-04-26,1906.0,1893.5,1909.0,1893.5,262450.0,12.79
2007-04-27,1906.75,1904.5,1907.25,1894.5,234060.0,12.45
2007-04-30,1879.25,1905.5,1907.75,1878.5,259709.99999999997,14.22
2007-05-01,1885.75,1881.5,1887.75,1868.0,329320.0,13.51
2007-05-02,1898.75,1885.5,1905.0,1883.5,248410.0,13.08
2007-05-03,1906.5,1899.25,1910.0,1897.0,220950.0,13.09
2007-05-04,1908.5,1906.0,1922.5,1897.75,259260.0,12.91
2007-05-07,1906.75,1907.25,1912.5,1903.25,143760.0,13.15
2007-05-08,1905.5,1906.75,1911.75,1892.0,290240.0,13.21
2007-05-09,1912.25,1905.75,1918.75,1897.0,285430.0,12.88
2007-05-10,1886.5,1912.5,1912.5,1882.0,448690.0,13.6
2007-05-11,1910.5,1886.5,1911.75,1882.25,317290.0,12.95
2007-05-14,1896.25,1910.25,1925.75,1886.25,308600.0,13.96
2007-05-15,1883.5,1896.0,1907.25,1877.75,458370.0,14.01
2007-05-16,1901.25,1883.25,1901.5,1873.75,367180.0,13.5
2007-05-17,1890.25,1900.75,1901.0,1889.0,295590.0,13.51
2007-05-18,1905.75,1891.25,1906.0,1888.75,294630.0,12.76
2007-05-21,1916.25,1905.25,1927.25,1903.0,347400.0,13.3
2007-05-22,1920.25,1916.0,1928.75,1912.25,267780.0,13.06
2007-05-23,1910.25,1920.5,1931.5,1907.75,327640.0,13.24
2007-05-24,1882.0,1910.25,1917.5,1874.0,551000.0,14.08
2007-05-25,1893.0,1881.5,1898.0,1880.5,236940.0,13.34
2007-05-29,1906.5,1892.0,1911.75,1891.25,318840.0,13.53
2007-05-30,1922.5,1906.0,1924.75,1887.5,417180.0,12.83
2007-05-31,1932.25,1922.5,1935.75,1922.25,329360.0,13.05
2007-06-01,1932.25,1934.5,1945.0,1928.75,298260.0,12.78
2007-06-04,1936.75,1932.5,1939.75,1922.0,225370.0,13.29
2007-06-05,1936.0,1936.5,1937.5,1918.75,369910.0,13.63
2007-06-06,1914.0,1936.0,1938.5,1910.75,403130.0,14.87
2007-06-07,1882.5,1914.75,1923.75,1881.75,321260.0,17.06
2007-06-08,1909.0,1884.0,1909.5,1874.0,146000.0,14.84
2007-06-11,1905.5,1909.25,1919.25,1902.25,100700.0,14.71
2007-06-12,1893.25,1906.75,1913.0,1889.0,86470.0,16.67
2007-06-13,1912.25,1892.5,1914.5,1887.75,78590.0,14.73
2007-06-14,1926.25,1912.5,1930.25,1911.25,60260.0,13.64
2007-06-15,1946.93,1926.5,1944.0,1924.5,3840.0,13.94
2007-06-18,1967.5,1969.0,1974.75,1964.25,212120.0,13.42
2007-06-19,1967.0,1968.0,1972.0,1957.0,283940.0,12.85
2007-06-20,1947.75,1967.0,1975.0,1945.25,353970.0,14.67
2007-06-21,1965.75,1948.75,1968.0,1938.25,436870.0,14.21
2007-06-22,1948.0,1965.75,1966.5,1940.25,379810.0,15.75
2007-06-25,1941.0,1947.75,1958.25,1927.0,391850.0,16.65
2007-06-26,1925.5,1941.5,1948.5,1923.5,376610.0,18.89
2007-06-27,1955.5,1926.5,1956.75,1918.0,391630.0,15.53
2007-06-28,1955.25,1954.75,1967.75,1951.5,295140.0,15.54
2007-06-29,1956.0,1957.0,1969.25,1941.5,311320.0,16.23
2007-07-02,1972.0,1955.0,1975.25,1954.75,256040.00000000003,15.4
2007-07-03,1985.0,1973.0,1985.5,1971.75,143270.0,14.92
2007-07-05,1998.0,1985.5,2003.75,1979.0,279570.0,15.48
2007-07-06,2009.0,1996.5,2009.75,1992.5,211480.0,14.72
2007-07-09,2008.5,2008.0,2014.5,2001.25,214560.0,15.16
2007-07-10,1992.0,2009.0,2010.75,1989.25,379920.0,17.57
2007-07-11,2009.5,1992.0,2010.0,1983.0,352390.0,16.64
2007-07-12,2034.75,2009.75,2039.25,2006.25,399720.0,15.54
2007-07-13,2046.75,2034.25,2051.25,2033.5,274520.0,15.15
2007-07-16,2048.5,2047.5,2055.75,2041.5,254550.0,15.59
2007-07-17,2060.75,2048.0,2064.25,2042.25,321040.0,15.63
2007-07-18,2059.75,2056.5,2060.5,2036.0,473500.0,16.0
2007-07-19,2065.5,2059.5,2077.75,2054.25,401440.0,15.23
2007-07-20,2055.25,2063.5,2065.5,2040.0,492090.0,16.95
2007-07-23,2053.5,2053.5,2063.0,2047.0,287670.0,16.81
2007-07-24,2025.5,2053.25,2054.25,2011.0,529620.0,18.55
2007-07-25,2026.5,2026.25,2036.0,2010.75,486610.0,18.1
2007-07-26,2000.5,2026.5,2039.5,1969.25,808820.0,20.74
2007-07-27,1963.5,1999.5,2012.5,1960.75,561270.0,24.17
2007-07-30,1993.25,1964.5,1996.25,1957.25,442170.0,20.87
2007-07-31,1945.75,1992.5,2011.5,1942.25,549970.0,23.52
2007-08-01,1960.5,1951.5,1963.5,1923.75,700550.0,23.67
2007-08-02,1980.0,1962.25,1982.0,1951.5,450550.0,21.22
2007-08-03,1939.5,1979.25,1981.5,1928.5,481090.0,25.16
2007-08-06,1962.5,1935.5,1964.75,1924.0,540160.0,22.94
2007-08-07,1974.0,1962.0,1989.0,1942.5,464820.0,21.56
2007-08-08,1999.25,1973.5,2006.75,1970.5,459140.0,21.45
2007-08-09,1945.5,1997.5,2002.25,1942.5,600460.0,26.48
2007-08-10,1929.0,1945.25,1955.75,1906.75,706300.0,28.3
2007-08-13,1942.5,1933.25,1957.25,1932.0,353390.0,26.57
2007-08-14,1914.75,1942.0,1951.75,1910.25,419130.0,27.68
2007-08-15,1878.5,1914.25,1923.75,1872.75,588210.0,30.67
2007-08-16,1856.5,1877.5,1878.75,1813.75,982570.0,30.83
2007-08-17,1892.25,1860.0,1913.0,1829.25,634860.0,29.99
2007-08-20,1897.75,1894.5,1907.5,1881.25,354630.0,26.33
2007-08-21,1919.75,1898.25,1924.0,1888.75,330620.0,25.25
2007-08-22,1945.0,1920.5,1946.25,1917.75,311160.0,22.89
2007-08-23,1939.5,1944.75,1960.0,1927.5,323830.0,22.62
2007-08-24,1969.5,1939.25,1970.0,1930.0,256180.0,20.72
2007-08-27,1950.5,1969.5,1969.5,1948.25,207150.0,22.72
2007-08-28,1907.75,1951.5,1952.75,1905.5,315530.0,26.3
2007-08-29,1961.0,1909.75,1962.0,1906.0,369830.0,23.81
2007-08-30,1974.75,1961.25,1987.0,1946.75,412330.0,25.06
2007-08-31,1994.75,1973.0,2000.75,1973.0,289430.0,23.38
2007-09-04,2024.75,1994.75,2038.5,1986.75,358710.0,22.78
2007-09-05,2003.25,2024.75,2025.5,1991.25,359770.0,24.58
2007-09-06,2003.75,2002.5,2011.0,1988.75,312920.0,23.99
2007-09-07,1970.5,2003.5,2004.25,1952.75,457590.0,26.23
2007-09-10,1968.25,1968.75,1986.75,1947.0,408330.0,27.38
2007-09-11,1993.5,1968.5,1995.0,1966.5,333520.0,25.27
2007-09-12,1996.25,1993.25,2009.25,1984.0,342460.0,24.96
2007-09-13,2000.75,1997.0,2008.5,1991.25,166790.0,24.76
2007-09-14,2001.25,2003.0,2006.5,1981.25,88400.0,24.92
2007-09-17,1982.5,2000.25,2000.75,1976.75,91060.0,26.48
2007-09-18,2035.75,1982.5,2037.5,1978.0,116050.0,20.35
2007-09-19,2040.75,2035.75,2057.25,2032.75,81900.0,20.03
2007-09-20,2034.75,2040.0,2043.75,2029.5,66500.0,20.45
2007-09-21,2043.56,2035.5,2051.25,2031.0,3030.0,19.0
2007-09-24,2079.75,2068.5,2095.75,2066.5,327180.0,19.37
2007-09-25,2097.5,2079.0,2101.0,2071.25,275790.0,18.6
2007-09-26,2109.5,2098.0,2117.75,2097.5,292450.0,17.63
2007-09-27,2121.75,2109.5,2123.0,2109.5,229470.0,17.0
2007-09-28,2114.0,2121.25,2124.0,2103.25,233400.0,18.0
2007-10-01,2135.25,2116.25,2143.5,2109.5,301560.0,17.84
2007-10-02,2135.5,2135.75,2140.5,2125.25,247900.0,18.49
2007-10-03,2120.75,2134.75,2138.75,2115.25,282510.0,18.8
2007-10-04,2123.0,2121.25,2128.75,2108.5,215220.0,18.44
2007-10-05,2170.75,2123.0,2173.0,2121.5,360630.0,16.91
2007-10-08,2180.25,2170.75,2183.0,2164.0,189400.0,17.46
2007-10-09,2194.25,2180.5,2195.0,2176.25,286140.0,16.12
2007-10-10,2196.5,2194.0,2199.0,2184.25,263540.0,16.67
2007-10-11,2166.75,2196.0,2214.0,2145.75,569240.0,18.88
2007-10-12,2199.25,2166.0,2200.0,2156.5,403010.0,17.73
2007-10-15,2180.75,2199.5,2204.0,2162.0,397170.0,19.25
2007-10-16,2176.25,2180.0,2186.0,2161.5,426980.0,20.02
2007-10-17,2196.75,2179.25,2202.75,2160.25,524560.0,18.54
2007-10-18,2206.0,2201.5,2210.0,2178.25,390750.0,18.5
2007-10-19,2149.75,2206.5,2218.25,2146.5,567520.0,22.96
2007-10-22,2171.75,2146.5,2177.0,2127.75,503400.0,21.64
2007-10-23,2212.0,2176.25,2221.0,2176.25,455700.0,20.41
2007-10-24,2203.0,2207.0,2209.25,2154.0,697410.0,20.8
2007-10-25,2193.25,2203.5,2220.0,2159.25,542430.0,21.17
2007-10-26,2207.25,2200.0,2220.0,2188.0,388230.0,19.56
2007-10-29,2215.5,2215.5,2217.25,2213.75,247730.0,19.87
2007-10-30,2217.75,2215.5,2232.75,2204.75,255440.0,21.07
2007-10-31,2252.5,2217.75,2253.0,2210.5,398460.0,18.53
2007-11-01,2215.5,2250.5,2256.25,2207.75,472280.0,23.21
2007-11-02,2223.5,2214.0,2234.5,2192.0,548560.0,23.01
2007-11-05,2212.75,2222.5,2224.75,2191.25,418350.0,24.31
2007-11-06,2233.5,2212.25,2236.0,2199.0,385280.0,21.39
2007-11-07,2181.0,2233.0,2233.5,2177.5,543390.0,26.49
2007-11-08,2105.5,2175.0,2180.0,2081.0,884080.0,26.16
2007-11-09,2041.75,2106.75,2115.25,2037.25,702060.0,28.5
2007-11-12,1989.5,2041.0,2051.75,1986.5,658060.0,31.09
2007-11-13,2066.75,1992.5,2074.75,1982.25,601340.0,24.1
2007-11-14,2057.5,2067.25,2101.75,2037.0,614110.0,25.94
2007-11-15,2033.5,2056.25,2063.5,2015.5,614150.0,28.06
2007-11-16,2055.25,2035.25,2060.75,2014.0,529820.0,25.49
2007-11-19,2028.0,2055.75,2064.5,2016.25,418670.0,26.01
2007-11-20,2035.5,2030.0,2071.75,1994.5,650570.0,24.88
2007-11-21,2005.5,2036.75,2046.0,1992.0,486390.0,26.84
2007-11-23,2032.5,2006.5,2037.25,2004.5,137740.0,25.61
2007-11-26,2000.0,2031.75,2053.75,1992.5,471150.0,28.91
2007-11-27,2032.5,2001.0,2040.0,1995.25,589400.0,26.28
2007-11-28,2095.5,2032.75,2107.0,2024.0,527710.0,24.11
2007-11-29,2100.5,2094.25,2114.0,2085.75,394850.0,23.97
2007-11-30,2094.5,2097.75,2129.25,2075.5,488760.0,22.87
2007-12-03,2075.0,2092.75,2103.25,2069.75,331850.0,23.61
2007-12-04,2062.25,2074.75,2082.0,2052.0,323480.0,23.79
2007-12-05,2101.25,2061.75,2108.25,2061.75,359770.0,22.53
2007-12-06,2126.0,2101.5,2132.25,2098.0,343900.0,20.96
2007-12-07,2132.0,2125.0,2139.25,2118.0,268680.0,20.85
2007-12-10,2138.5,2130.75,2144.75,2125.75,220930.0,20.74
2007-12-11,2090.0,2138.5,2151.25,2084.25,408520.0,23.59
2007-12-12,2107.75,2090.75,2133.25,2071.0,500000.0,22.47
2007-12-13,2092.75,2108.0,2108.0,2074.25,210840.0,22.56
2007-12-14,2072.5,2089.0,2099.75,2070.75,102180.0,23.27
2007-12-17,2028.5,2064.0,2081.75,2022.0,121280.0,24.52
2007-12-18,2029.25,2028.0,2048.75,2000.0,86910.0,22.64
2007-12-19,2036.0,2029.0,2040.25,2016.75,58700.0,21.68
2007-12-20,2076.5,2033.5,2076.75,2033.5,58480.0,20.58
2007-12-21,2098.93,2077.75,2108.0,2074.0,2500.0,18.47
2007-12-24,2148.0,2131.0,2155.5,2131.0,70310.0,18.6
2007-12-26,2159.5,2148.75,2164.25,2138.25,117080.0,18.66
2007-12-27,2131.5,2159.75,2165.0,2124.75,197720.0,20.26
2007-12-28,2125.0,2131.0,2146.25,2112.5,161660.0,20.74
2007-12-31,2104.75,2125.0,2127.5,2101.0,131500.0,22.5
2008-01-02,2070.0,2111.25,2117.0,2056.5,391000.0,23.17
2008-01-03,2076.25,2071.25,2082.0,2056.75,291490.0,22.49
2008-01-04,1985.0,2075.5,2082.75,1976.75,524480.0,23.94
2008-01-07,1975.25,1984.75,1995.5,1943.75,581480.0,23.79
2008-01-08,1928.5,1974.25,1998.5,1921.75,592710.0,25.43
2008-01-09,1956.5,1928.0,1964.75,1903.0,665800.0,24.12
2008-01-10,1960.75,1956.5,1982.0,1937.0,639030.0,23.45
2008-01-11,1925.5,1960.0,1963.0,1912.25,488350.0,23.68
2008-01-14,1955.0,1927.5,1964.75,1906.0,378130.0,22.9
2008-01-15,1912.0,1957.25,1959.5,1895.75,540890.0,23.34
2008-01-16,1881.0,1880.0,1919.25,1859.25,707610.0,24.38
2008-01-17,1856.0,1883.0,1905.0,1848.75,645260.0,28.46
2008-01-18,1849.5,1858.25,1887.0,1839.0,644550.0,27.18
2008-01-22,1801.0,1851.5,1858.25,1744.5,751480.0,31.01
2008-01-23,1807.5,1809.5,1812.0,1698.25,888040.0,29.02
2008-01-24,1837.0,1805.25,1838.0,1798.5,505970.0,27.78
2008-01-25,1793.5,1847.0,1873.5,1791.0,519630.0,29.08
2008-01-28,1810.25,1796.5,1814.75,1761.5,399000.0,27.78
2008-01-29,1812.0,1809.0,1825.0,1797.5,329070.0,27.32
2008-01-30,1811.5,1812.5,1850.0,1796.25,531770.0,27.62
2008-01-31,1847.75,1807.0,1860.5,1783.5,580740.0,26.2
2008-02-01,1863.5,1827.0,1879.0,1825.5,431950.0,24.02
2008-02-04,1826.75,1864.75,1869.25,1824.0,283440.0,25.99
2008-02-05,1785.0,1826.0,1830.75,1778.75,470680.0,28.24
2008-02-06,1748.25,1788.5,1830.75,1736.5,432050.0,28.97
2008-02-07,1767.0,1751.5,1801.25,1713.0,668880.0,27.66
2008-02-08,1776.5,1768.0,1785.25,1713.0,411990.0,28.01
2008-02-11,1797.25,1774.75,1802.5,1763.75,360070.0,27.6
2008-02-12,1790.0,1796.75,1816.75,1772.75,411530.0,26.33
2008-02-13,1820.25,1792.25,1829.0,1784.0,392000.0,24.88
2008-02-14,1794.25,1822.0,1831.25,1788.0,424780.0,25.54
2008-02-15,1786.5,1791.75,1831.25,1770.0,250730.0,25.02
2008-02-19,1781.5,1782.75,1821.0,1762.0,370970.0,25.59
2008-02-20,1789.25,1781.5,1821.0,1752.75,421140.0,24.4
2008-02-21,1776.0,1788.75,1810.75,1764.75,371060.0,25.12
2008-02-22,1781.0,1775.5,1810.75,1742.0,380620.0,24.06
2008-02-25,1785.5,1776.0,1794.75,1764.5,383130.0,23.03
2008-02-26,1796.75,1785.5,1811.5,1765.75,437190.0,21.9
2008-02-27,1800.25,1795.75,1809.75,1777.25,364970.0,22.69
2008-02-28,1784.25,1801.0,1812.25,1782.75,357770.0,23.53
2008-02-29,1748.25,1785.0,1789.25,1742.75,437680.0,26.54
2008-03-03,1736.75,1748.0,1750.0,1718.25,414740.0,26.28
2008-03-04,1742.5,1737.5,1751.0,1708.75,525380.0,25.52
2008-03-05,1759.5,1743.5,1770.75,1738.75,442010.0,24.6
2008-03-06,1714.25,1757.5,1773.0,1711.0,429880.0,27.55
2008-03-07,1708.75,1716.75,1734.25,1682.25,536850.0,27.49
2008-03-10,1676.75,1708.25,1717.75,1674.0,378870.0,29.38
2008-03-11,1750.5,1678.75,1753.5,1668.75,510680.0,26.36
2008-03-12,1734.75,1751.0,1766.25,1668.75,390380.0,27.22
2008-03-13,1748.5,1736.0,1761.5,1699.5,295280.0,27.29
2008-03-14,1718.0,1749.75,1776.25,1696.75,185270.0,31.16
2008-03-17,1689.75,1710.0,1748.25,1668.5,132790.0,32.24
2008-03-18,1764.75,1710.0,1766.5,1668.5,98490.0,25.79
2008-03-19,1718.5,1765.25,1775.5,1715.75,69720.0,29.84
2008-03-20,1722.98,1720.5,1728.25,1703.5,1660.0,26.62
2008-03-24,1819.25,1752.75,1826.5,1748.5,353220.0,25.73
2008-03-25,1826.0,1819.0,1839.5,1748.5,328960.0,25.72
2008-03-26,1810.25,1825.75,1829.75,1802.75,304130.0,26.08
2008-03-27,1792.0,1807.75,1823.5,1782.75,377780.0,25.88
2008-03-28,1780.0,1792.5,1809.5,1768.0,286250.0,25.71
2008-03-31,1790.5,1780.5,1796.5,1767.5,301950.0,25.61
2008-04-01,1857.75,1785.5,1862.25,1777.25,436930.0,22.68
2008-04-02,1862.25,1857.5,1878.25,1843.25,366930.0,23.43
2008-04-03,1867.25,1860.0,1873.75,1842.5,295360.0,23.21
2008-04-04,1869.75,1867.75,1891.25,1852.75,321640.0,22.45
2008-04-07,1865.75,1868.0,1893.75,1862.75,291300.0,22.42
2008-04-08,1854.75,1866.75,1866.75,1843.5,254230.0,22.36
2008-04-09,1837.25,1855.5,1866.25,1820.5,335960.0,22.81
2008-04-10,1858.75,1836.25,1870.25,1823.75,307700.0,21.98
2008-04-11,1806.25,1858.0,1869.75,1799.0,349460.0,23.46
2008-04-14,1796.25,1807.0,1814.0,1791.5,251450.0,23.82
2008-04-15,1796.75,1797.5,1809.75,1781.25,295910.0,22.78
2008-04-16,1862.25,1821.5,1865.75,1814.5,409680.0,20.53
2008-04-17,1867.0,1867.0,1871.25,1834.5,329330.0,20.37
2008-04-18,1903.0,1873.0,1914.75,1870.5,374160.0,20.13
2008-04-21,1914.0,1903.0,1920.5,1893.0,207010.0,20.5
2008-04-22,1895.0,1913.0,1918.0,1872.75,288110.0,20.87
2008-04-23,1905.5,1895.5,1919.25,1889.0,292850.0,20.26
2008-04-24,1920.75,1906.5,1949.5,1887.0,421390.0,20.06
2008-04-25,1921.0,1920.0,1933.75,1898.75,304350.0,19.59
2008-04-28,1926.5,1922.25,1941.75,1918.75,189030.0,19.64
2008-04-29,1939.0,1926.5,1947.75,1918.75,283760.0,20.24
2008-04-30,1923.25,1939.0,1960.5,1916.75,368160.0,20.79
2008-05-01,1983.25,1922.25,1985.75,1921.5,437070.0,18.88
2008-05-02,1990.25,1984.0,2008.0,1970.0,373360.0,18.18
2008-05-05,1980.5,1987.0,1997.75,1969.0,210790.0,18.9
2008-05-06,1999.0,1981.0,2002.5,1962.0,341520.0,18.21
2008-05-07,1960.5,2000.75,2005.5,1950.0,377150.0,19.73
2008-05-08,1965.0,1961.0,1984.0,1958.0,303940.0,19.4
2008-05-09,1963.25,1964.0,1973.5,1951.25,260390.0,19.41
2008-05-12,1998.5,1963.25,2003.5,1961.5,281050.0,17.79
2008-05-13,2006.0,1997.25,2009.0,1985.5,274150.0,17.98
2008-05-14,1996.5,2006.25,2032.75,1995.75,355470.0,17.66
2008-05-15,2035.75,1996.5,2037.25,1994.25,363690.0,16.3
2008-05-16,2035.5,2035.0,2041.5,2012.75,339380.0,16.47
2008-05-19,2025.75,2035.5,2054.25,2008.25,364270.0,17.01
2008-05-20,2009.5,2024.75,2026.0,1990.25,357160.0,17.58
2008-05-21,1964.5,2008.75,2019.25,1954.0,480930.0,18.59
2008-05-22,1966.5,1966.75,1981.5,1957.5,378160.0,18.05
2008-05-23,1958.25,1966.0,1969.5,1945.75,281970.0,19.55
2008-05-27,1993.0,1960.25,1998.5,1954.0,327750.0,19.64
2008-05-28,2005.0,1993.75,2008.75,1983.25,309770.0,19.07
2008-05-29,2023.0,2002.5,2033.0,1999.75,355560.0,18.14
2008-05-30,2035.25,2025.75,2043.75,2023.5,255730.0,17.83
2008-06-02,2011.25,2037.0,2038.5,1991.0,371390.0,19.83
2008-06-03,1998.25,2011.75,2029.25,1978.75,462340.0,20.24
2008-06-04,2020.75,1999.0,2038.0,1986.0,469220.0,20.8
2008-06-05,2056.25,2019.5,2060.25,2017.25,381110.0,18.63
2008-06-06,1988.75,2055.25,2062.75,1987.0,524910.0,23.56
2008-06-09,1987.75,1987.5,2000.5,1949.0,512510.0,23.12
2008-06-10,1973.25,1986.0,1989.5,1956.5,410370.0,23.18
2008-06-11,1926.75,1972.25,1983.75,1923.75,481600.0,24.12
2008-06-12,1930.0,1923.5,1956.0,1910.25,242630.0,23.33
2008-06-13,1965.0,1934.5,1970.5,1919.5,131470.0,21.22
2008-06-16,1980.5,1968.75,1992.5,1952.5,101860.0,20.95
2008-06-17,1976.5,1979.5,1996.25,1970.0,100280.0,21.13
2008-06-18,1952.25,1974.5,1979.5,1943.25,70950.0,22.24
2008-06-19,1981.0,1954.5,1992.0,1934.5,69740.0,21.58
2008-06-20,1965.7,1981.0,1984.0,1965.0,2200.0,22.87
2008-06-23,1918.0,1943.0,1952.0,1917.5,347900.0,22.64
2008-06-24,1911.5,1919.0,1934.75,1895.0,413460.0,22.42
2008-06-25,1932.25,1912.0,1960.75,1912.0,395520.0,21.14
2008-06-26,1866.5,1932.0,1933.25,1862.5,492060.0,23.93
2008-06-27,1865.75,1871.75,1877.75,1836.0,434640.0,23.44
2008-06-30,1846.0,1866.75,1873.0,1842.25,369690.0,23.95
2008-07-01,1869.0,1848.75,1872.0,1815.75,582020.0,23.65
2008-07-02,1825.0,1869.75,1887.25,1820.5,476840.0,25.92
2008-07-03,1822.0,1826.75,1839.0,1806.25,326610.0,24.78
2008-07-07,1832.25,1815.75,1854.5,1804.0,506850.0,25.78
2008-07-08,1868.5,1831.25,1876.75,1810.75,490690.0,23.15
2008-07-09,1831.5,1869.0,1877.5,1823.75,425060.0,25.23
2008-07-10,1844.25,1831.75,1852.75,1809.5,520210.00000000006,25.59
2008-07-11,1820.5,1845.5,1860.25,1788.0,586090.0,27.49
2008-07-14,1802.5,1817.75,1850.5,1796.75,480210.0,28.48
2008-07-15,1799.0,1802.75,1833.5,1765.25,685480.0,28.54
2008-07-16,1844.75,1802.75,1850.25,1785.75,542830.0,25.1
2008-07-17,1839.75,1841.25,1868.5,1833.0,532830.0,25.01
2008-07-18,1828.75,1832.5,1848.5,1819.25,430280.0,24.05
2008-07-21,1827.5,1827.75,1845.0,1813.25,332640.0,23.05
2008-07-22,1824.0,1821.75,1827.25,1787.75,436300.0,21.18
2008-07-23,1849.0,1825.25,1870.25,1822.25,494060.0,21.31
2008-07-24,1819.5,1846.25,1863.5,1811.5,412530.0,23.44
2008-07-25,1840.5,1818.0,1853.5,1815.25,294470.0,22.91
2008-07-28,1813.75,1845.25,1854.5,1800.0,351220.0,24.23
2008-07-29,1842.0,1811.75,1855.5,1806.5,374080.0,22.03
2008-07-30,1856.25,1842.25,1866.75,1828.25,412760.0,21.21
2008-07-31,1853.75,1857.25,1878.75,1832.5,448370.0,22.94
2008-08-01,1833.0,1854.5,1863.25,1806.75,454180.0,22.57
2008-08-04,1811.75,1833.25,1837.25,1801.75,282460.0,23.49
2008-08-05,1869.0,1811.5,1874.0,1810.0,408420.0,21.14
2008-08-06,1896.25,1869.0,1906.75,1856.0,418190.0,20.23
2008-08-07,1886.0,1896.5,1907.75,1876.5,361540.0,21.15
2008-08-08,1923.75,1886.25,1932.0,1879.25,405310.0,20.66
2008-08-11,1943.0,1921.0,1966.0,1918.75,431060.0,20.12
2008-08-12,1944.75,1941.5,1961.0,1931.25,386800.0,21.17
2008-08-13,1941.5,1944.75,1959.25,1923.75,443820.0,21.55
2008-08-14,1965.75,1943.5,1973.0,1933.5,440380.0,20.34
2008-08-15,1965.5,1966.0,1977.25,1952.5,346040.0,19.58
2008-08-18,1943.5,1964.0,1976.0,1923.75,352950.0,20.98
2008-08-19,1919.25,1943.25,1946.5,1903.0,385100.0,21.28
2008-08-20,1916.0,1918.75,1936.0,1902.25,341720.0,20.42
2008-08-21,1907.25,1915.75,1917.0,1888.25,303350.0,19.82
2008-08-22,1929.5,1906.75,1941.25,1901.25,271660.0,18.81
2008-08-25,1895.0,1930.0,1930.75,1887.0,351010.0,20.97
2008-08-26,1891.5,1894.75,1903.75,1876.5,263220.0,20.49
2008-08-27,1901.75,1891.5,1916.5,1882.0,297430.0,19.76
2008-08-28,1905.5,1901.0,1924.0,1891.0,285920.0,19.43
2008-08-29,1875.0,1905.0,1908.0,1867.5,366690.0,20.65
2008-09-02,1851.75,1875.25,1915.5,1844.0,456060.0,21.99
2008-09-03,1834.25,1851.75,1859.5,1821.75,406930.0,21.43
2008-09-04,1775.75,1836.25,1836.25,1774.0,491520.0,24.03
2008-09-05,1770.0,1774.75,1780.5,1741.25,472010.0,23.06
2008-09-08,1760.75,1794.5,1815.25,1735.25,571290.0,22.64
2008-09-09,1728.75,1762.5,1780.25,1720.75,484670.0,25.47
2008-09-10,1737.5,1731.75,1755.75,1726.0,408210.0,24.52
2008-09-11,1775.25,1736.75,1776.5,1705.25,327400.0,24.39
2008-09-12,1773.25,1773.25,1780.0,1743.75,153680.0,25.66
2008-09-15,1715.5,1763.25,1763.25,1706.0,103610.0,31.7
2008-09-16,1726.25,1721.0,1740.75,1684.0,136490.0,30.3
2008-09-17,1640.75,1730.0,1739.75,1634.25,97640.0,36.22
2008-09-18,1700.25,1645.25,1706.25,1605.75,110220.0,33.1
2008-09-19,1768.09,1699.0,1788.75,1696.5,7820.0,32.07
2008-09-22,1669.75,1735.0,1752.0,1663.25,393820.0,33.85
2008-09-23,1650.5,1671.5,1752.0,1647.75,423080.0,35.72
2008-09-24,1672.0,1656.75,1682.0,1649.5,354270.0,35.19
2008-09-25,1680.0,1671.0,1714.25,1664.75,356370.0,32.82
2008-09-26,1674.75,1674.5,1684.5,1630.0,363340.0,34.74
2008-09-29,1512.0,1680.75,1688.0,1494.0,602280.0,46.72
2008-09-30,1604.5,1515.0,1605.75,1505.75,433130.0,39.39
2008-10-01,1578.75,1599.75,1600.25,1552.25,360320.0,39.81
2008-10-02,1510.5,1577.25,1590.75,1495.75,375720.0,45.26
2008-10-03,1477.5,1510.0,1561.75,1474.75,501710.0,45.14
2008-10-06,1406.5,1478.0,1480.0,1343.75,665350.0,52.05
2008-10-07,1336.5,1409.0,1440.0,1332.25,586340.0,53.68
2008-10-08,1320.0,1342.0,1393.25,1280.75,720810.0,57.53
2008-10-09,1272.0,1329.0,1373.0,1262.5,596730.0,63.92
2008-10-10,1282.5,1281.75,1326.25,1198.25,829120.0,69.95
2008-10-13,1458.5,1297.5,1459.5,1297.5,483700.0,54.99
2008-10-14,1366.0,1451.75,1499.0,1353.25,629280.0,55.13
2008-10-15,1229.0,1378.5,1391.25,1229.0,559280.0,69.25
2008-10-16,1323.0,1234.0,1330.75,1191.25,787160.0,67.61
2008-10-17,1311.0,1321.0,1371.75,1269.0,585780.0,70.33
2008-10-20,1360.0,1314.0,1363.25,1291.0,382890.0,52.97
2008-10-21,1292.5,1364.25,1364.25,1280.5,427560.0,53.11
2008-10-22,1248.0,1290.0,1324.0,1208.25,508040.0,69.65
2008-10-23,1253.5,1246.0,1265.5,1175.75,585870.0,67.8
2008-10-24,1191.5,1249.75,1254.75,1149.75,530490.0,79.13
2008-10-27,1162.0,1190.75,1228.5,1136.75,394570.0,80.06
2008-10-28,1308.0,1162.75,1309.0,1151.25,485390.0,66.96
2008-10-29,1294.0,1305.5,1346.75,1271.25,521650.0,69.96
2008-10-30,1345.0,1293.0,1354.75,1293.0,412420.0,62.9
2008-10-31,1337.0,1340.0,1361.25,1305.25,351850.0,59.89
2008-11-03,1341.5,1340.0,1356.5,1322.5,214650.0,53.68
2008-11-04,1380.5,1341.25,1384.0,1333.75,323130.0,47.73
2008-11-05,1306.25,1379.75,1389.0,1296.25,372650.0,54.56
2008-11-06,1240.5,1304.75,1305.75,1235.0,462520.0,63.68
2008-11-07,1288.5,1241.25,1290.0,1241.25,338140.0,56.1
2008-11-10,1256.5,1293.0,1321.25,1235.5,291820.0,59.98
2008-11-11,1223.0,1255.0,1262.0,1208.0,339640.0,61.44
2008-11-12,1163.5,1222.0,1244.75,1161.0,371600.0,66.46
2008-11-13,1234.5,1165.25,1243.75,1108.5,579980.0,59.83
2008-11-14,1155.5,1237.75,1239.75,1155.0,439350.0,66.31
2008-11-17,1158.5,1157.25,1188.75,1139.25,364610.0,69.15
2008-11-18,1174.0,1159.0,1175.5,1113.0,437110.0,67.64
2008-11-19,1092.5,1168.5,1172.0,1082.75,469240.0,74.26
2008-11-20,1039.5,1089.5,1115.0,1031.25,584820.0,80.86
2008-11-21,1091.0,1043.5,1093.0,1017.75,511390.0,72.67
2008-11-24,1147.0,1098.25,1164.0,1072.25,415250.0,64.7
2008-11-25,1135.5,1145.75,1174.25,1117.75,388740.0,60.9
2008-11-26,1194.5,1135.0,1195.0,1122.0,304610.0,54.92
2008-11-28,1186.0,1191.75,1199.5,1171.25,86990.0,55.28
2008-12-01,1094.5,1185.75,1188.25,1090.25,335420.0,68.51
2008-12-02,1133.0,1091.25,1136.0,1089.5,376420.0,62.98
2008-12-03,1156.0,1132.25,1166.5,1096.0,422330.0,60.72
2008-12-04,1135.0,1157.75,1169.0,1109.0,381600.0,63.64
2008-12-05,1178.0,1134.0,1181.0,1095.0,440160.0,59.93
2008-12-08,1212.0,1177.0,1237.75,1170.75,383650.0,58.49
2008-12-09,1217.0,1213.75,1252.5,1200.5,373550.0,58.91
2008-12-10,1217.0,1217.75,1240.25,1203.25,339140.0,55.73
2008-12-11,1188.5,1217.75,1229.5,1175.5,182020.0,55.78
2008-12-12,1213.5,1185.25,1215.0,1134.0,135270.0,54.28
2008-12-15,1193.5,1213.5,1222.75,1166.75,95900.0,56.76
2008-12-16,1239.0,1191.75,1246.0,1188.0,78660.0,52.37
2008-12-17,1227.0,1235.0,1242.25,1203.75,45420.0,49.84
2008-12-18,1224.0,1229.0,1235.5,1193.0,38340.0,47.34
2008-12-19,1216.54,1221.0,1223.25,1210.0,870.0,44.93
2008-12-22,1197.0,1211.5,1223.5,1169.5,186230.0,44.56
2008-12-23,1184.5,1199.25,1206.5,1176.25,134790.0,45.02
2008-12-24,1180.0,1185.75,1189.5,1178.75,39770.0,44.21
2008-12-26,1188.5,1184.75,1191.0,1178.75,39810.0,43.38
2008-12-29,1175.5,1188.0,1198.0,1156.25,120960.0,43.9
2008-12-30,1206.0,1176.25,1208.0,1175.25,151280.0,41.63
2008-12-31,1212.5,1206.25,1224.75,1196.75,125380.0,40.0
2009-01-02,1253.0,1211.0,1268.25,1204.0,190790.0,39.19
2009-01-05,1265.0,1251.75,1275.0,1244.25,206050.0,39.08
2009-01-06,1271.0,1263.75,1287.0,1259.5,264040.0,38.56
2009-01-07,1239.5,1270.0,1273.25,1227.5,277240.0,43.39
2009-01-08,1249.5,1240.5,1252.75,1222.75,256810.0,42.56
2009-01-09,1221.5,1250.25,1256.25,1216.0,245200.0,42.82
2009-01-12,1206.0,1221.0,1226.0,1186.25,224800.0,45.84
2009-01-13,1204.0,1206.25,1218.5,1185.0,285220.0,43.27
2009-01-14,1165.5,1204.0,1210.75,1155.25,289540.0,49.14
2009-01-15,1177.25,1165.25,1191.0,1138.5,384580.0,51.0
2009-01-16,1197.0,1181.0,1201.0,1164.5,310410.0,46.11
2009-01-20,1147.5,1199.0,1222.25,1132.0,326090.0,56.65
2009-01-21,1181.5,1148.25,1185.0,1140.0,299360.0,46.42
2009-01-22,1172.25,1181.75,1202.25,1146.0,356740.0,47.29
2009-01-23,1164.25,1169.5,1191.0,1141.5,347360.0,47.27
2009-01-26,1179.5,1165.0,1201.25,1146.75,300370.0,45.69
2009-01-27,1185.75,1181.0,1200.25,1176.25,248890.0,42.25
2009-01-28,1231.25,1187.75,1244.75,1185.0,320650.0,39.66
2009-01-29,1206.0,1230.0,1231.25,1196.0,268950.0,42.63
2009-01-30,1179.25,1207.5,1214.25,1173.75,298960.0,44.84
2009-02-02,1188.75,1181.0,1202.0,1153.5,289560.0,45.52
2009-02-03,1207.75,1189.75,1217.75,1177.5,305830.0,43.06
2009-02-04,1214.0,1208.5,1242.75,1203.75,310950.0,43.85
2009-02-05,1234.5,1214.75,1249.25,1185.0,428890.0,43.73
2009-02-06,1275.75,1236.5,1279.5,1230.25,337650.0,43.37
2009-02-09,1275.75,1273.0,1285.5,1258.0,218400.0,43.64
2009-02-10,1232.5,1274.25,1286.0,1221.5,423410.0,46.67
2009-02-11,1224.5,1227.0,1239.75,1206.5,295600.0,44.53
2009-02-12,1245.25,1224.75,1247.0,1202.5,412710.0,41.25
2009-02-13,1229.25,1245.25,1255.0,1226.0,286590.0,42.93
2009-02-17,1182.5,1224.25,1227.0,1179.0,383320.0,48.66
2009-02-18,1180.0,1185.25,1204.0,1171.5,355520.0,48.46
2009-02-19,1170.5,1178.5,1201.5,1165.25,339230.0,47.08
2009-02-20,1171.75,1170.5,1183.5,1150.0,442370.0,49.3
2009-02-23,1135.75,1174.5,1196.0,1125.5,377880.0,52.62
2009-02-24,1163.5,1136.0,1176.75,1133.0,390290.0,45.49
2009-02-25,1154.0,1163.0,1184.25,1142.0,419640.0,44.67
2009-02-26,1132.25,1155.5,1175.0,1126.75,364110.0,44.66
2009-02-27,1117.0,1131.0,1138.75,1107.25,401800.0,46.35
2009-03-02,1086.0,1114.25,1116.0,1074.25,398700.0,52.65
2009-03-03,1072.0,1086.0,1102.25,1068.0,367260.0,50.93
2009-03-04,1101.0,1073.0,1125.0,1062.0,426570.0,47.56
2009-03-05,1083.0,1122.25,1122.25,1072.0,426160.0,50.17
2009-03-06,1076.5,1084.0,1089.5,1043.0,455930.0,49.33
2009-03-09,1047.0,1076.75,1087.75,1040.25,421890.0,49.68
2009-03-10,1106.0,1045.25,1112.5,1041.75,418340.0,44.37
2009-03-11,1125.0,1105.0,1135.75,1105.0,420620.0,43.61
2009-03-12,1164.5,1125.5,1167.75,1111.75,224270.0,41.18
2009-03-13,1169.5,1159.0,1176.0,1149.25,109380.0,42.36
2009-03-16,1153.75,1169.0,1182.0,1144.0,114920.0,43.74
2009-03-17,1191.25,1152.25,1192.25,1148.25,104640.0,40.8
2009-03-18,1213.75,1191.75,1225.25,1180.0,59770.0,40.06
2009-03-19,1204.5,1209.5,1223.75,1196.0,35820.0,43.68
2009-03-20,1215.15,1208.0,1209.5,1194.25,790.0,45.89
2009-03-23,1252.0,1186.5,1258.0,1186.5,371420.0,43.23
2009-03-24,1236.25,1253.5,1258.0,1186.5,272780.0,42.93
2009-03-25,1233.5,1235.5,1261.5,1205.25,402760.0,42.25
2009-03-26,1273.0,1231.0,1281.75,1231.0,386570.0,40.36
2009-03-27,1256.0,1273.5,1277.0,1248.0,274210.0,41.04
2009-03-30,1222.75,1250.0,1254.5,1203.5,307720.0,45.54
2009-03-31,1237.5,1222.75,1257.75,1222.0,311990.0,44.14
2009-04-01,1251.0,1228.0,1254.75,1210.0,330210.0,42.28
2009-04-02,1301.5,1251.0,1310.75,1248.75,429150.0,42.04
2009-04-03,1316.25,1303.75,1318.0,1293.25,275820.0,39.7
2009-04-06,1312.0,1315.5,1327.5,1285.5,253880.0,40.93
2009-04-07,1280.75,1312.0,1317.25,1266.75,308260.0,40.39
2009-04-08,1298.5,1282.0,1305.75,1267.0,273570.0,38.85
2009-04-09,1336.0,1298.75,1341.25,1297.25,268600.0,36.53
2009-04-13,1332.0,1332.0,1343.5,1321.5,193380.0,37.81
2009-04-14,1324.0,1334.0,1341.0,1310.5,282600.0,37.67
2009-04-15,1317.0,1312.75,1320.0,1293.5,315130.0,36.17
2009-04-16,1352.0,1316.75,1358.25,1307.25,357820.0,35.79
2009-04-17,1352.0,1350.75,1360.75,1336.75,247520.0,33.94
2009-04-20,1313.5,1349.5,1349.5,1301.5,280760.0,39.18
2009-04-21,1328.0,1313.0,1330.0,1299.75,321740.0,37.14
2009-04-22,1323.5,1327.75,1362.0,1314.75,376040.0,38.1
2009-04-23,1342.0,1328.25,1347.25,1319.0,363320.0,37.15
2009-04-24,1375.0,1343.0,1378.5,1335.5,318440.0,36.82
2009-04-27,1373.25,1368.0,1383.5,1350.25,283010.0,38.32
2009-04-28,1360.5,1371.5,1377.5,1351.0,263520.0,37.95
2009-04-29,1377.75,1359.25,1397.25,1355.0,289110.0,36.08
2009-04-30,1393.5,1377.25,1417.25,1376.25,349740.0,36.5
2009-05-01,1398.5,1388.75,1402.75,1381.0,231100.0,35.3
2009-05-04,1422.5,1397.5,1425.75,1397.5,271840.0,34.53
2009-05-05,1427.25,1424.0,1428.25,1406.25,252850.0,33.36
2009-05-06,1429.75,1426.25,1435.5,1399.0,396540.0,32.45
2009-05-07,1394.5,1427.75,1437.75,1375.25,392550.0,33.44
2009-05-08,1389.5,1394.0,1410.25,1375.75,377890.0,32.05
2009-05-11,1396.75,1387.0,1409.75,1366.0,331430.0,32.87
2009-05-12,1385.0,1397.0,1406.5,1360.75,366820.0,31.8
2009-05-13,1344.25,1386.0,1389.5,1338.25,365970.0,33.65
2009-05-14,1353.75,1344.5,1368.75,1336.5,306160.0,31.37
2009-05-15,1354.25,1354.25,1373.0,1341.25,265840.0,33.12
2009-05-18,1388.5,1352.25,1392.5,1342.5,271860.0,30.24
2009-05-19,1394.0,1389.0,1410.5,1379.0,266270.0,28.8
2009-05-20,1392.5,1393.0,1423.0,1386.5,332480.0,29.03
2009-05-21,1367.5,1392.0,1393.5,1352.0,334970.0,31.35
2009-05-22,1360.75,1368.25,1379.25,1352.25,211740.0,32.63
2009-05-26,1410.75,1359.75,1414.5,1342.75,374370.0,30.62
2009-05-27,1404.0,1410.25,1428.75,1397.75,301030.0,32.36
2009-05-28,1418.25,1402.5,1424.25,1389.25,313660.0,31.67
2009-05-29,1435.5,1417.75,1442.75,1411.0,271580.0,28.92
2009-06-01,1470.0,1434.0,1482.25,1430.0,318100.0,30.04
2009-06-02,1478.5,1470.0,1494.5,1464.5,294030.0,29.63
2009-06-03,1477.5,1479.0,1484.5,1458.75,242330.0,31.02
2009-06-04,1493.0,1475.75,1493.75,1473.75,204490.0,30.18
2009-06-05,1495.0,1492.75,1513.0,1478.5,289130.0,29.62
2009-06-08,1490.5,1491.75,1500.25,1466.75,260180.0,29.77
2009-06-09,1500.75,1490.25,1509.5,1486.5,241130.0,28.27
2009-06-10,1495.75,1500.25,1517.75,1473.25,326640.0,28.46
2009-06-11,1492.0,1494.5,1512.0,1488.25,191210.0,28.11
2009-06-12,1486.5,1489.25,1497.5,1469.75,94490.0,28.15
2009-06-15,1458.5,1482.75,1483.0,1444.75,86420.0,30.81
2009-06-16,1445.75,1459.25,1469.5,1442.5,76890.0,32.68
2009-06-17,1454.75,1447.0,1470.75,1439.5,66930.0,31.54
2009-06-18,1451.0,1454.0,1464.25,1444.5,45740.0,30.03
2009-06-19,1470.53,1450.0,1469.0,1447.75,1460.0,27.99
2009-06-22,1428.0,1463.75,1470.5,1421.25,312000.0,31.17
2009-06-23,1424.0,1427.75,1434.25,1412.0,259630.0,30.58
2009-06-24,1447.25,1424.25,1457.0,1420.0,261779.99999999997,29.05
2009-06-25,1473.0,1446.25,1476.75,1432.75,313190.0,26.36
2009-06-26,1476.75,1473.5,1482.0,1463.75,209360.0,25.93
2009-06-29,1481.5,1476.0,1492.5,1466.75,210020.0,25.35
2009-06-30,1476.25,1481.0,1491.75,1465.75,242470.0,26.35
2009-07-01,1478.75,1477.5,1496.25,1474.25,224430.0,26.22
2009-07-02,1445.25,1478.5,1479.25,1441.25,263370.0,27.95
2009-07-06,1441.0,1442.75,1444.25,1422.25,251050.0,29.0
2009-07-07,1408.0,1441.0,1446.75,1401.25,286820.0,30.85
2009-07-08,1407.0,1408.25,1415.5,1392.5,326370.0,31.3
2009-07-09,1413.5,1407.0,1421.25,1406.5,223830.0,29.78
2009-07-10,1416.0,1413.75,1426.5,1402.75,250570.0,29.02
2009-07-13,1442.5,1418.5,1446.75,1399.5,324780.0,26.31
2009-07-14,1446.75,1441.75,1453.25,1437.25,257500.0,25.02
2009-07-15,1497.25,1462.5,1499.5,1462.25,355260.0,25.89
2009-07-16,1512.75,1495.75,1520.25,1489.0,296180.0,25.42
2009-07-17,1528.0,1512.25,1529.0,1504.75,229770.0,24.34
2009-07-20,1540.5,1527.75,1544.0,1523.5,259730.00000000003,24.4
2009-07-21,1554.0,1539.75,1555.0,1528.25,293030.0,23.87
2009-07-22,1556.5,1552.25,1571.25,1544.75,327290.0,23.47
2009-07-23,1584.0,1557.75,1603.75,1555.0,354200.0,23.43
2009-07-24,1597.25,1579.75,1600.25,1572.0,267260.0,23.09
2009-07-27,1599.5,1597.25,1609.0,1578.5,258390.0,24.28
2009-07-28,1601.5,1598.25,1608.0,1581.5,307330.0,25.01
2009-07-29,1600.75,1601.25,1603.75,1583.75,297490.0,25.61
2009-07-30,1606.75,1600.25,1632.0,1599.0,324930.0,25.4
2009-07-31,1602.0,1605.5,1618.75,1598.5,258709.99999999997,25.92
2009-08-03,1626.75,1601.25,1628.25,1600.5,277750.0,25.56
2009-08-04,1630.25,1625.5,1632.5,1612.75,267940.0,24.89
2009-08-05,1614.5,1630.0,1631.5,1602.5,299450.0,24.9
2009-08-06,1601.25,1615.25,1624.5,1593.5,271300.0,25.67
2009-08-07,1619.75,1600.25,1627.75,1595.25,280790.0,24.76
2009-08-10,1612.5,1619.0,1619.75,1597.75,216980.0,24.99
2009-08-11,1596.5,1611.75,1617.75,1585.75,267560.0,25.99
2009-08-12,1618.75,1596.25,1633.75,1587.25,348710.0,25.45
2009-08-13,1631.75,1619.0,1638.5,1610.0,272010.0,24.71
2009-08-14,1615.0,1630.5,1634.0,1595.0,300520.0,24.27
2009-08-17,1566.25,1612.25,1612.5,1561.25,366440.0,27.89
2009-08-18,1587.0,1566.5,1588.25,1563.75,271570.0,26.18
2009-08-19,1598.75,1586.0,1600.5,1564.5,292130.0,26.26
2009-08-20,1614.0,1598.0,1620.25,1591.0,258290.00000000003,25.09
2009-08-21,1635.5,1613.25,1639.75,1600.0,291160.0,25.01
2009-08-24,1634.0,1635.0,1648.25,1628.75,249410.0,25.14
2009-08-25,1636.5,1634.0,1655.5,1625.25,290750.0,24.92
2009-08-26,1636.5,1636.5,1649.25,1627.5,262330.0,24.95
2009-08-27,1639.0,1637.25,1643.5,1610.5,315250.0,24.68
2009-08-28,1642.5,1639.0,1668.5,1630.5,304040.0,24.76
2009-08-31,1625.0,1641.25,1645.0,1615.75,239130.0,26.01
2009-09-01,1595.5,1625.0,1649.0,1590.25,458730.0,29.15
2009-09-02,1593.0,1595.25,1603.0,1585.25,279450.0,28.9
2009-09-03,1604.0,1592.75,1608.5,1584.5,210230.0,27.1
2009-09-04,1635.75,1604.5,1640.5,1600.5,280190.0,25.26
2009-09-08,1655.25,1635.5,1656.75,1633.75,223370.0,25.62
2009-09-09,1666.0,1653.75,1677.0,1645.0,317740.0,24.32
2009-09-10,1685.0,1666.5,1686.5,1661.75,186100.0,23.55
2009-09-11,1685.5,1683.25,1691.0,1674.0,128180.0,24.15
2009-09-14,1689.75,1685.0,1693.5,1667.5,75360.0,23.86
2009-09-15,1696.75,1690.5,1703.5,1681.5,90860.0,23.42
2009-09-16,1719.5,1695.0,1725.0,1694.75,44510.0,23.69
2009-09-17,1722.0,1718.75,1746.0,1714.0,48800.0,23.65
2009-09-18,1733.48,1722.0,1735.0,1715.5,2860.0,23.92
2009-09-21,1727.75,1717.25,1733.75,1706.75,262510.0,24.06
2009-09-22,1734.25,1727.5,1741.25,1725.5,226570.0,23.08
2009-09-23,1725.5,1733.5,1753.25,1720.75,311910.0,23.49
2009-09-24,1699.5,1724.25,1736.75,1696.0,351060.0,24.95
2009-09-25,1697.0,1699.0,1709.0,1688.75,310140.0,25.61
2009-09-28,1722.75,1697.0,1732.5,1688.0,251260.0,24.88
2009-09-29,1715.5,1722.5,1730.75,1706.75,276650.0,25.19
2009-09-30,1717.5,1715.0,1730.0,1688.75,427980.0,25.61
2009-10-01,1670.5,1716.0,1726.75,1663.75,405570.0,28.27
2009-10-02,1662.25,1669.75,1674.75,1649.75,367020.0,28.68
2009-10-05,1674.0,1662.5,1681.25,1658.0,261829.99999999997,26.84
2009-10-06,1700.75,1674.0,1711.25,1674.0,348110.0,25.7
2009-10-07,1708.0,1700.75,1710.0,1696.0,235730.0,24.68
2009-10-08,1716.5,1707.5,1730.75,1707.5,298220.0,24.18
2009-10-09,1725.5,1716.0,1727.75,1706.5,207430.0,23.12
2009-10-12,1727.75,1725.0,1740.5,1716.5,178740.0,23.01
2009-10-13,1726.75,1728.0,1735.75,1720.25,218750.0,22.99
2009-10-14,1747.75,1740.0,1754.5,1737.75,279430.0,22.86
2009-10-15,1748.5,1747.5,1754.25,1737.0,260880.0,21.72
2009-10-16,1731.5,1749.5,1758.0,1724.75,333540.0,21.43
2009-10-19,1750.25,1730.0,1756.5,1723.25,270730.0,21.49
2009-10-20,1758.25,1749.5,1773.5,1743.5,325390.0,20.9
2009-10-21,1753.25,1757.25,1779.25,1746.0,321500.0,22.22
2009-10-22,1762.5,1749.5,1766.25,1737.5,344420.0,20.69
2009-10-23,1752.0,1762.25,1778.25,1746.75,358590.0,22.27
2009-10-26,1748.0,1751.0,1777.25,1737.5,393170.0,24.31
2009-10-27,1719.75,1747.5,1751.75,1713.0,442450.0,24.83
2009-10-28,1680.0,1719.5,1723.0,1677.25,441310.0,27.91
2009-10-29,1707.5,1680.75,1713.0,1677.25,297970.0,24.76
2009-10-30,1665.5,1707.0,1711.75,1660.0,452710.0,30.69
2009-11-02,1669.0,1661.0,1687.75,1650.25,456630.0,29.78
2009-11-03,1675.5,1670.75,1677.5,1651.0,323650.0,28.81
2009-11-04,1686.75,1675.0,1700.0,1673.5,350130.0,27.72
2009-11-05,1719.25,1686.75,1722.0,1671.5,334090.0,25.43
2009-11-06,1729.75,1719.0,1737.5,1705.0,293100.0,24.19
2009-11-09,1766.5,1728.0,1767.5,1727.5,276690.0,23.15
2009-11-10,1772.5,1766.0,1776.5,1759.0,255970.0,22.84
2009-11-11,1783.75,1772.25,1792.5,1770.75,288230.0,23.04
2009-11-12,1773.75,1784.0,1793.5,1768.5,279330.0,24.24
2009-11-13,1788.25,1772.75,1792.5,1770.25,253480.0,23.36
2009-11-16,1803.5,1789.5,1813.75,1787.25,294550.0,22.89
2009-11-17,1808.75,1802.75,1811.75,1795.25,214350.0,22.41
2009-11-18,1800.5,1808.75,1813.25,1788.75,256350.00000000003,21.63
2009-11-19,1770.25,1800.5,1802.0,1759.75,356420.0,22.63
2009-11-20,1763.5,1770.5,1774.0,1755.0,225730.0,22.19
2009-11-23,1791.25,1763.0,1801.75,1762.25,261420.00000000003,21.16
2009-11-24,1786.5,1790.25,1801.75,1762.25,220400.0,20.47
2009-11-25,1794.25,1786.25,1799.75,1775.75,170100.0,20.48
2009-11-27,1759.25,1794.25,1797.25,1722.25,256660.00000000003,24.74
2009-11-30,1767.5,1763.0,1775.0,1750.25,309160.0,24.51
2009-12-01,1792.0,1766.5,1799.0,1765.0,268850.0,21.92
2009-12-02,1791.5,1791.25,1806.5,1786.0,246300.0,21.12
2009-12-03,1780.25,1791.5,1806.75,1777.75,282250.0,22.46
2009-12-04,1795.0,1779.5,1816.25,1772.75,409660.0,21.25
2009-12-07,1784.0,1795.0,1799.0,1779.0,239150.0,22.1
2009-12-08,1768.5,1785.25,1789.75,1760.0,350190.0,23.69
2009-12-09,1792.5,1768.75,1792.75,1758.75,364560.0,22.66
2009-12-10,1800.0,1791.5,1808.5,1786.25,183620.0,22.32
2009-12-11,1794.0,1799.5,1812.75,1784.5,86820.0,21.59
2009-12-14,1809.75,1794.25,1811.0,1788.25,72980.0,21.15
2009-12-15,1796.75,1809.75,1813.75,1793.25,76820.0,21.49
2009-12-16,1801.75,1797.75,1815.0,1796.5,43950.0,20.54
2009-12-17,1787.25,1802.25,1804.0,1776.75,58880.0,22.51
2009-12-18,1794.94,1788.25,1798.0,1786.25,2430.0,21.68
2009-12-21,1825.5,1806.0,1833.75,1803.0,220690.0,20.49
2009-12-22,1841.0,1825.5,1841.0,1825.25,165980.0,19.54
2009-12-23,1852.25,1841.0,1853.0,1837.0,135400.0,19.71
2009-12-24,1868.0,1851.75,1869.5,1850.75,66100.0,19.47
2009-12-28,1874.5,1867.5,1881.5,1862.75,120920.0,19.93
2009-12-29,1872.5,1873.75,1881.25,1869.25,103210.0,20.01
2009-12-30,1876.75,1871.0,1880.25,1862.25,128389.99999999999,19.96
2009-12-31,1858.75,1876.0,1882.0,1858.75,112920.0,21.68
2010-01-04,1886.75,1865.5,1889.0,1865.5,205160.0,20.04
2010-01-05,1885.25,1887.0,1890.25,1876.0,208700.0,19.35
2010-01-06,1878.5,1884.5,1891.75,1872.25,261269.99999999997,19.16
2010-01-07,1877.5,1877.75,1880.5,1865.75,241320.0,19.06
2010-01-08,1890.0,1877.5,1892.5,1865.0,268930.0,18.13
2010-01-11,1883.5,1892.25,1900.0,1874.25,244840.0,17.55
2010-01-12,1865.5,1882.0,1883.75,1850.0,328570.0,18.25
2010-01-13,1882.5,1866.0,1889.5,1853.25,315110.0,17.85
2010-01-14,1888.25,1882.25,1890.25,1876.0,206040.0,17.63
2010-01-15,1862.25,1893.0,1894.0,1854.75,345080.0,17.91
2010-01-19,1889.75,1861.75,1895.75,1857.5,333010.0,17.58
2010-01-20,1867.0,1889.25,1892.25,1845.5,403530.0,18.68
2010-01-21,1841.0,1867.75,1883.5,1838.75,501310.0,22.27
2010-01-22,1797.75,1841.25,1849.25,1789.5,527630.0,27.31
2010-01-25,1798.5,1794.75,1811.75,1792.5,340320.0,25.41
2010-01-26,1796.5,1809.75,1823.75,1783.75,419120.0,24.55
2010-01-27,1809.0,1798.75,1821.5,1787.75,443910.0,23.14
2010-01-28,1770.5,1807.5,1820.0,1759.25,570520.0,23.73
2010-01-29,1739.25,1777.75,1789.25,1731.75,538160.0,24.62
2010-02-01,1755.75,1740.0,1758.25,1737.0,344060.0,22.59
2010-02-02,1769.0,1756.25,1778.0,1747.75,331530.0,21.48
2010-02-03,1785.5,1769.0,1786.5,1763.5,315040.0,21.6
2010-02-04,1734.75,1784.5,1792.0,1731.5,483900.0,26.08
2010-02-05,1745.0,1734.0,1747.75,1710.75,556770.0,26.11
2010-02-08,1734.5,1747.25,1753.75,1730.5,295060.0,26.51
2010-02-09,1752.0,1734.0,1767.25,1732.0,380800.0,26.0
2010-02-10,1744.75,1752.5,1762.75,1736.0,296950.0,25.4
2010-02-11,1775.5,1744.5,1778.75,1736.75,339080.0,23.96
2010-02-12,1783.25,1773.25,1783.5,1754.0,328640.0,22.73
2010-02-16,1799.25,1781.5,1801.5,1775.25,259720.00000000003,22.25
2010-02-17,1811.75,1799.25,1812.5,1797.5,238100.0,21.72
2010-02-18,1820.75,1812.0,1824.75,1804.75,268310.0,20.63
2010-02-19,1819.25,1819.25,1830.0,1801.0,281740.0,20.02
2010-02-22,1821.0,1818.75,1833.0,1810.25,226170.0,19.94
2010-02-23,1801.0,1819.75,1829.0,1785.25,348960.0,21.37
2010-02-24,1814.0,1799.5,1819.75,1796.5,299220.0,20.27
2010-02-25,1813.5,1813.0,1816.0,1780.5,353570.0,20.1
2010-02-26,1818.5,1813.0,1822.25,1803.5,223030.0,19.5
2010-03-01,1842.75,1821.25,1848.5,1821.25,257070.0,19.26
2010-03-02,1852.25,1842.75,1862.25,1842.5,248830.0,19.06
2010-03-03,1852.0,1851.0,1861.25,1845.75,216100.0,18.83
2010-03-04,1859.75,1851.25,1860.75,1844.25,197680.0,18.72
2010-03-05,1885.5,1858.75,1889.5,1857.0,287880.0,17.42
2010-03-08,1888.25,1884.0,1894.75,1883.25,198600.0,17.79
2010-03-09,1901.25,1888.0,1912.0,1881.0,332080.0,17.92
2010-03-10,1918.75,1901.5,1921.25,1900.0,321410.0,18.57
2010-03-11,1925.25,1917.75,1926.75,1909.25,217910.0,18.06
2010-03-12,1926.75,1926.0,1935.25,1916.5,95290.0,17.58
2010-03-15,1919.5,1927.75,1927.75,1906.5,95290.0,18.0
2010-03-16,1931.0,1921.25,1934.5,1919.0,71010.0,17.69
2010-03-17,1936.5,1930.25,1946.25,1929.75,54810.0,16.91
2010-03-18,1944.5,1936.0,1945.5,1931.75,35230.0,16.62
2010-03-19,1955.83,1944.5,1952.0,1941.5,4760.0,16.97
2010-03-22,1948.5,1927.25,1954.25,1919.0,282050.0,16.87
2010-03-23,1962.25,1948.0,1962.0,1940.5,218370.0,16.35
2010-03-24,1951.5,1961.0,1962.0,1946.0,232930.0,17.55
2010-03-25,1949.5,1951.0,1974.25,1945.75,301150.0,18.4
2010-03-26,1951.75,1949.0,1963.0,1939.25,287780.0,17.77
2010-03-29,1960.25,1952.0,1966.25,1951.75,220200.0,17.59
2010-03-30,1965.5,1959.5,1972.0,1952.25,230740.0,17.13
2010-03-31,1955.75,1964.5,1967.5,1952.5,232540.0,17.59
2010-04-01,1952.0,1955.75,1977.25,1940.75,309480.0,17.47
2010-04-05,1973.5,1964.0,1978.75,1955.25,200180.0,17.02
2010-04-06,1978.75,1973.0,1985.75,1965.25,190610.0,16.23
2010-04-07,1975.0,1979.0,1984.5,1964.25,259269.99999999997,16.62
2010-04-08,1980.0,1974.0,1982.5,1959.25,231680.0,16.48
2010-04-09,1992.0,1979.5,1992.75,1975.0,190400.0,16.14
2010-04-12,1992.5,1995.0,2001.75,1987.75,183340.0,15.58
2010-04-13,2001.25,1991.25,2004.0,1984.25,228320.0,16.2
2010-04-14,2026.5,2009.75,2026.75,2006.75,249030.0,15.59
2010-04-15,2034.75,2026.0,2037.75,2017.75,251310.0,15.89
2010-04-16,2009.75,2033.0,2035.25,1997.75,451420.0,18.36
2010-04-19,2013.0,2004.5,2016.5,1985.75,338180.0,17.34
2010-04-20,2024.25,2011.75,2025.25,2007.0,228510.0,15.73
2010-04-21,2025.5,2024.25,2040.5,2018.5,308040.0,16.32
2010-04-22,2036.25,2021.0,2045.0,2000.5,374010.0,16.47
2010-04-23,2053.0,2033.0,2053.5,2029.25,289720.0,16.62
2010-04-26,2047.25,2050.0,2058.75,2043.0,210350.0,17.47
2010-04-27,2008.75,2045.75,2050.5,1998.5,436320.0,22.81
2010-04-28,2006.75,2008.75,2022.75,1989.5,359040.0,21.08
2010-04-29,2041.0,2005.5,2044.0,2004.75,294960.0,18.44
2010-04-30,1998.5,2041.0,2047.0,1998.0,341920.0,22.05
2010-05-03,2027.0,2002.25,2038.0,1999.25,256440.0,20.19
2010-05-04,1969.5,2026.0,2028.5,1952.25,515320.00000000006,23.84
2010-05-05,1958.5,1969.25,1972.0,1934.5,401890.0,24.91
2010-05-06,1886.0,1958.0,1963.0,1730.25,736170.0,32.8
2010-05-07,1848.5,1884.0,1909.25,1805.75,710790.0,40.95
2010-05-10,1939.5,1873.75,1942.0,1872.25,489880.0,28.84
2010-05-11,1935.25,1939.75,1965.0,1915.0,373210.0,28.32
2010-05-12,1972.75,1934.75,1976.25,1917.0,323980.0,25.52
2010-05-13,1947.25,1970.0,1981.5,1938.5,329770.0,26.68
2010-05-14,1909.75,1945.0,1950.5,1883.0,449750.0,31.24
2010-05-17,1913.5,1907.75,1919.5,1870.5,363020.0,30.84
2010-05-18,1888.0,1912.25,1932.0,1876.75,405000.0,33.55
2010-05-19,1868.25,1886.25,1893.75,1849.5,435360.0,35.32
2010-05-20,1800.5,1867.75,1875.0,1794.0,575940.0,45.79
2010-05-21,1819.25,1800.0,1834.0,1765.5,514059.99999999994,40.1
2010-05-24,1812.5,1821.25,1840.0,1796.0,319260.0,38.32
2010-05-25,1815.5,1809.75,1819.5,1754.25,425510.0,34.61
2010-05-26,1791.5,1814.5,1849.75,1788.75,391060.0,35.02
2010-05-27,1863.75,1788.25,1864.5,1781.75,326870.0,29.68
2010-05-28,1852.0,1862.25,1874.25,1835.5,315750.0,32.07
2010-06-01,1831.0,1852.0,1878.0,1824.25,368560.0,35.54
2010-06-02,1879.0,1832.0,1879.25,1828.5,307150.0,30.17
2010-06-03,1897.75,1877.0,1899.25,1871.0,285100.0,29.46
2010-06-04,1834.25,1897.5,1904.5,1824.25,426020.0,35.48
2010-06-07,1795.75,1831.75,1845.5,1793.75,334310.0,36.57
2010-06-08,1791.5,1795.0,1817.75,1770.0,409450.0,33.7
2010-06-09,1782.25,1791.75,1823.5,1773.75,361910.0,33.73
2010-06-10,1822.5,1780.5,1831.75,1775.25,231350.0,30.57
2010-06-11,1844.0,1821.25,1848.75,1807.75,101880.0,28.79
2010-06-14,1847.75,1848.0,1877.75,1844.0,97310.0,28.58
2010-06-15,1894.5,1847.25,1899.0,1846.25,76690.0,25.87
2010-06-16,1907.0,1894.5,1913.5,1880.0,79010.0,25.92
2010-06-17,1910.5,1906.75,1918.75,1894.0,41810.0,25.05
2010-06-18,1912.97,1910.75,1915.75,1906.25,3630.0,23.95
2010-06-21,1899.5,1923.0,1941.0,1883.75,328040.0,24.88
2010-06-22,1878.25,1899.0,1916.75,1876.5,335380.0,27.05
2010-06-23,1873.75,1878.75,1890.0,1857.75,321720.0,26.91
2010-06-24,1849.5,1870.0,1875.25,1837.25,339930.0,29.74
2010-06-25,1839.25,1846.0,1856.5,1827.25,323580.0,28.53
2010-06-28,1836.0,1839.0,1851.5,1821.25,280730.0,29.0
2010-06-29,1763.5,1835.5,1839.5,1748.0,477970.0,34.13
2010-06-30,1738.0,1764.0,1777.5,1733.0,370540.0,34.54
2010-07-01,1728.0,1736.25,1745.75,1698.0,505860.0,32.86
2010-07-02,1721.25,1728.75,1745.75,1710.25,317950.0,30.12
2010-07-06,1734.5,1722.0,1762.5,1705.75,359580.0,29.65
2010-07-07,1789.5,1734.75,1789.5,1721.75,304130.0,26.84
2010-07-08,1798.0,1788.5,1803.25,1774.5,310110.0,25.71
2010-07-09,1811.5,1796.75,1815.25,1789.25,207840.0,24.98
2010-07-12,1820.25,1810.0,1829.75,1801.25,238450.0,24.43
2010-07-13,1842.5,1819.0,1849.5,1818.0,310230.0,24.56
2010-07-14,1851.25,1860.0,1866.25,1838.0,336830.0,24.89
2010-07-15,1849.25,1850.25,1864.5,1828.5,366660.0,25.14
2010-07-16,1802.0,1849.5,1856.0,1800.0,397730.0,26.25
2010-07-19,1805.5,1800.5,1821.25,1782.5,301730.0,25.97
2010-07-20,1839.75,1805.25,1841.25,1781.75,350310.0,23.93
2010-07-21,1815.5,1839.75,1860.0,1811.0,401880.0,25.64
2010-07-22,1852.75,1815.5,1869.25,1812.5,349000.0,24.63
2010-07-23,1873.75,1850.5,1876.25,1844.25,326680.0,23.47
2010-07-26,1887.5,1874.25,1888.25,1866.0,254150.0,22.73
2010-07-27,1886.5,1887.5,1900.75,1878.25,270430.0,23.19
2010-07-28,1869.75,1885.75,1894.75,1864.75,253380.0,24.25
2010-07-29,1857.25,1870.25,1886.5,1838.5,384510.0,24.13
2010-07-30,1862.25,1857.0,1873.5,1831.5,355330.0,23.5
2010-08-02,1894.25,1868.75,1901.75,1864.5,244660.0,22.01
2010-08-03,1893.0,1893.75,1898.25,1879.75,215690.0,22.63
2010-08-04,1905.25,1892.5,1910.0,1883.25,276210.0,22.21
2010-08-05,1901.0,1906.25,1912.75,1891.0,224030.0,22.1
2010-08-06,1902.5,1902.5,1907.75,1871.25,373030.0,21.74
2010-08-09,1913.75,1903.0,1918.0,1898.5,184340.0,22.14
2010-08-10,1896.5,1914.0,1914.0,1880.75,344660.0,22.37
2010-08-11,1837.75,1897.0,1898.0,1837.0,407600.0,25.39
2010-08-12,1827.25,1837.25,1838.25,1806.25,349330.0,25.73
2010-08-13,1815.25,1830.0,1842.75,1815.25,239250.0,26.24
2010-08-16,1820.0,1817.75,1833.25,1800.0,286980.0,26.1
2010-08-17,1839.5,1819.25,1860.5,1817.0,271500.0,24.33
2010-08-18,1836.75,1840.0,1862.25,1831.0,298740.0,24.59
2010-08-19,1820.0,1838.75,1850.5,1810.25,346600.0,26.44
2010-08-20,1825.5,1820.0,1829.75,1808.5,264180.0,25.49
2010-08-23,1809.5,1824.75,1842.75,1804.75,275130.0,25.66
2010-08-24,1773.75,1809.25,1810.25,1766.0,317740.0,27.46
2010-08-25,1789.75,1773.75,1798.5,1756.75,354190.0,26.7
2010-08-26,1767.5,1790.0,1802.75,1765.0,325470.0,27.37
2010-08-27,1789.25,1766.0,1794.5,1744.0,391990.0,24.45
2010-08-30,1768.75,1790.75,1805.5,1768.25,255850.0,27.21
2010-08-31,1766.5,1768.5,1781.75,1754.5,360800.0,26.05
2010-09-01,1820.0,1773.25,1825.0,1770.5,389290.0,23.89
2010-09-02,1837.25,1820.5,1841.25,1813.0,250870.0,23.19
2010-09-03,1867.0,1838.75,1871.25,1834.5,306190.0,21.31
2010-09-07,1857.5,1867.5,1878.0,1853.75,271400.0,23.8
2010-09-08,1877.5,1857.25,1888.0,1852.25,308420.0,23.25
2010-09-09,1885.75,1878.25,1897.75,1874.75,235350.0,22.81
2010-09-10,1892.25,1886.75,1896.75,1880.0,125670.0,21.99
2010-09-13,1919.25,1896.5,1925.25,1896.5,107080.0,21.21
2010-09-14,1925.25,1919.25,1938.75,1912.5,93460.0,21.56
2010-09-15,1942.25,1925.75,1943.0,1916.75,82320.0,22.1
2010-09-16,1952.5,1943.75,1955.5,1932.0,58240.0,21.72
2010-09-17,1959.83,1955.5,1973.0,1955.0,4960.0,22.01
2010-09-20,1981.75,1950.5,1990.75,1947.25,284090.0,21.5
2010-09-21,1985.5,1982.0,2000.25,1977.0,319920.0,22.35
2010-09-22,1979.5,1985.5,1994.75,1970.5,336150.0,22.51
2010-09-23,1981.5,1979.5,2000.25,1962.5,378090.0,23.87
2010-09-24,2018.25,1982.75,2022.0,1978.75,304450.0,21.71
2010-09-27,2007.25,2018.75,2032.0,2007.75,233640.0,22.54
2010-09-28,2008.5,2008.0,2024.5,1977.25,440360.0,22.6
2010-09-29,2009.0,2009.75,2018.5,1998.5,274660.0,23.25
2010-09-30,1995.5,2009.5,2028.25,1983.25,444530.0,23.7
2010-10-01,1994.5,1995.75,2015.5,1985.0,321290.0,22.5
2010-10-04,1977.0,1997.75,1997.75,1961.0,298950.0,23.53
2010-10-05,2018.5,1977.25,2025.0,1975.5,352210.0,21.76
2010-10-06,2004.25,2018.75,2024.5,1990.25,334880.0,21.49
2010-10-07,2014.0,2004.25,2019.75,1993.75,285360.0,21.56
2010-10-08,2020.75,2014.0,2029.25,1982.0,313500.0,20.71
2010-10-11,2025.5,2023.0,2035.0,2018.75,175830.0,18.96
2010-10-12,2037.0,2025.25,2043.5,2004.25,319820.0,18.93
2010-10-13,2056.0,2042.0,2065.25,2035.75,296220.0,19.07
2010-10-14,2062.0,2056.5,2067.5,2041.25,316760.0,19.88
2010-10-15,2095.0,2065.0,2097.75,2060.25,374140.0,19.03
2010-10-18,2094.5,2095.0,2104.75,2082.75,254280.0,19.09
2010-10-19,2067.5,2092.0,2103.0,2051.5,474150.0,20.63
2010-10-20,2083.75,2068.0,2098.5,2062.5,288960.0,19.79
2010-10-21,2080.0,2085.0,2104.5,2066.75,327970.0,19.27
2010-10-22,2104.0,2080.5,2104.5,2077.0,207000.0,18.78
2010-10-25,2108.5,2104.0,2125.5,2102.0,241770.0,19.85
2010-10-26,2116.0,2109.25,2122.0,2092.5,255460.0,20.22
2010-10-27,2123.75,2117.25,2125.0,2102.25,267310.0,20.71
2010-10-28,2125.75,2123.5,2136.75,2109.25,306510.0,20.88
2010-10-29,2122.0,2126.75,2135.5,2116.75,232480.0,21.2
2010-11-01,2129.0,2125.0,2146.5,2115.0,286480.0,21.83
2010-11-02,2150.25,2128.25,2153.75,2126.25,227220.0,21.57
2010-11-03,2164.25,2151.25,2165.5,2130.0,348200.0,19.56
2010-11-04,2184.5,2164.5,2191.0,2162.25,324320.0,18.52
2010-11-05,2184.75,2184.0,2191.0,2176.5,259750.0,18.26
2010-11-08,2184.0,2180.5,2189.25,2173.5,200810.0,18.29
2010-11-09,2176.25,2183.0,2198.0,2164.25,269270.0,19.08
2010-11-10,2174.5,2175.25,2187.25,2160.0,297590.0,18.47
2010-11-11,2172.5,2175.25,2175.5,2142.25,316760.0,18.64
2010-11-12,2133.75,2171.75,2174.25,2119.25,393580.0,20.61
2010-11-15,2128.0,2134.0,2151.0,2126.5,259980.00000000003,20.2
2010-11-16,2090.75,2126.75,2127.25,2083.5,408240.0,22.58
2010-11-17,2097.0,2093.0,2109.25,2088.0,260010.0,21.76
2010-11-18,2134.25,2097.5,2146.75,2095.75,299550.0,18.75
2010-11-19,2133.5,2135.25,2138.75,2119.75,216790.0,18.04
2010-11-22,2154.5,2139.0,2155.5,2120.75,284560.0,18.37
2010-11-23,2119.0,2152.75,2154.25,2104.75,342590.0,20.63
2010-11-24,2158.0,2117.25,2165.5,2113.0,267840.0,19.56
2010-11-26,2146.0,2156.5,2163.25,2134.75,112450.0,22.22
2010-11-29,2145.5,2150.0,2160.25,2117.75,294230.0,21.53
2010-11-30,2117.0,2144.75,2147.5,2109.25,320210.0,23.54
2010-12-01,2158.5,2115.0,2174.0,2110.75,307680.0,21.36
2010-12-02,2187.0,2159.0,2188.75,2156.75,235670.0,19.39
2010-12-03,2187.25,2188.0,2195.0,2167.75,182020.0,18.01
2010-12-06,2190.5,2188.0,2193.75,2177.0,173120.0,18.02
2010-12-07,2190.0,2191.25,2217.0,2185.5,235790.0,17.99
2010-12-08,2200.5,2190.25,2202.0,2180.0,206130.0,17.74
2010-12-09,2201.25,2199.5,2214.75,2193.75,161290.0,17.25
2010-12-10,2216.5,2200.25,2218.25,2197.25,98940.0,17.61
2010-12-13,2211.75,2217.75,2234.0,2206.75,110950.0,17.55
2010-12-14,2215.25,2209.75,2221.0,2205.75,86260.0,17.61
2010-12-15,2202.25,2217.0,2224.25,2197.0,101020.0,17.94
2010-12-16,2220.25,2204.0,2225.75,2197.75,66670.0,17.39
2010-12-17,2222.92,2222.25,2224.0,2216.5,158390.0,16.11
2010-12-20,2220.25,2216.0,2230.0,2205.5,172360.0,16.41
2010-12-21,2235.25,2220.0,2237.0,2219.25,103150.0,16.49
2010-12-22,2236.0,2233.75,2238.25,2230.25,89780.0,15.45
2010-12-23,2230.5,2236.75,2239.0,2223.75,87910.0,16.47
2010-12-27,2230.0,2227.25,2234.0,2207.25,139750.0,17.67
2010-12-28,2225.5,2229.25,2237.0,2221.25,80280.0,17.52
2010-12-29,2228.5,2227.25,2235.75,2224.25,64610.0,17.28
2010-12-30,2224.5,2228.5,2232.75,2221.5,85960.0,17.52
2010-12-31,2216.0,2225.25,2229.0,2207.5,100070.0,17.75
2011-01-03,2250.5,2220.0,2267.75,2219.25,276750.0,17.61
2011-01-04,2245.5,2249.75,2262.5,2236.5,216370.0,17.38
2011-01-05,2269.75,2246.75,2271.75,2229.5,213120.0,17.02
2011-01-06,2276.25,2270.75,2279.25,2267.25,177330.0,17.4
2011-01-07,2273.0,2277.0,2282.25,2252.0,279360.0,17.14
2011-01-10,2282.5,2272.25,2287.0,2260.75,197990.0,17.54
2011-01-11,2285.5,2282.0,2295.25,2278.0,208380.0,16.89
2011-01-12,2304.5,2286.0,2306.75,2284.0,176800.0,16.24
2011-01-13,2302.75,2304.75,2309.5,2296.75,185940.0,16.39
2011-01-14,2320.0,2303.75,2323.0,2297.5,177970.0,15.46
2011-01-18,2330.75,2321.25,2332.5,2285.25,289650.0,15.87
2011-01-19,2294.5,2331.5,2346.5,2293.0,293320.0,17.31
2011-01-20,2281.5,2297.75,2299.5,2267.0,351070.0,17.99
2011-01-21,2269.0,2281.75,2300.25,2265.75,252570.0,18.47
2011-01-24,2298.0,2268.75,2300.75,2264.5,222970.0,17.65
2011-01-25,2301.25,2298.0,2303.25,2281.25,250700.0,17.59
2011-01-26,2318.5,2300.25,2320.0,2298.0,218230.0,16.64
2011-01-27,2323.0,2318.0,2334.5,2313.25,242550.0,16.15
2011-01-28,2268.0,2322.0,2331.0,2258.0,434900.0,20.04
2011-01-31,2280.0,2265.5,2286.0,2248.5,316720.0,19.53
2011-02-01,2322.5,2284.0,2328.25,2281.25,300510.0,17.63
2011-02-02,2319.75,2320.75,2327.75,2312.0,193310.0,17.3
2011-02-03,2321.75,2319.0,2326.25,2295.75,258040.00000000003,16.69
2011-02-04,2337.5,2322.25,2339.5,2316.5,224140.0,15.93
2011-02-07,2345.0,2337.75,2359.75,2334.5,240700.0,16.28
2011-02-08,2362.75,2343.75,2364.0,2341.25,187540.0,15.81
2011-02-09,2362.25,2362.5,2365.5,2350.5,198570.0,15.87
2011-02-10,2361.75,2357.0,2365.0,2338.25,334190.0,16.09
2011-02-11,2378.25,2360.0,2380.5,2347.75,191880.0,15.69
2011-02-14,2381.75,2376.25,2387.5,2375.5,153280.0,15.95
2011-02-15,2381.5,2381.75,2385.5,2370.75,166710.0,16.37
2011-02-16,2392.0,2381.25,2403.0,2379.75,230670.0,16.72
2011-02-17,2393.5,2392.0,2400.75,2383.5,197730.0,16.59
2011-02-18,2395.0,2393.75,2400.5,2382.0,183850.0,16.43
2011-02-22,2321.75,2393.5,2394.0,2315.5,450250.0,20.8
2011-02-23,2303.5,2322.0,2334.75,2285.0,407850.0,22.13
2011-02-24,2308.25,2302.75,2321.0,2280.25,362550.0,21.32
2011-02-25,2345.75,2310.0,2350.25,2305.5,244700.0,19.22
2011-02-28,2350.75,2345.25,2363.0,2334.75,232540.0,18.35
2011-03-01,2311.5,2351.0,2371.75,2307.5,349700.0,21.01
2011-03-02,2323.25,2311.25,2341.0,2301.75,335530.0,20.7
2011-03-03,2371.75,2322.0,2376.0,2321.25,288790.0,18.6
2011-03-04,2359.75,2371.25,2378.75,2344.25,299220.0,19.06
2011-03-07,2324.5,2360.25,2374.25,2306.25,402340.0,20.66
2011-03-08,2333.75,2324.0,2348.0,2310.5,363780.0,19.82
2011-03-09,2310.5,2332.75,2340.5,2308.25,374400.0,20.22
2011-03-10,2283.0,2312.25,2315.5,2275.25,346790.0,21.88
2011-03-11,2305.25,2282.5,2306.25,2265.0,108280.0,20.08
2011-03-14,2292.0,2296.5,2304.75,2273.5,108280.0,21.13
2011-03-15,2247.5,2292.25,2296.5,2216.25,92080.0,24.32
2011-03-16,2211.0,2249.0,2264.25,2188.5,103740.0,29.4
2011-03-17,2228.5,2210.5,2248.0,2188.25,47080.0,26.37
2011-03-18,2242.96,2224.0,2255.5,2218.0,356860.0,24.44
2011-03-21,2254.5,2223.0,2271.25,2219.5,250480.0,20.61
2011-03-22,2257.25,2256.25,2264.0,2249.25,214280.0,20.21
2011-03-23,2265.0,2256.0,2274.75,2232.0,277190.0,19.17
2011-03-24,2308.5,2265.0,2313.5,2262.75,289370.0,18.0
2011-03-25,2317.0,2305.5,2335.0,2304.0,256980.00000000003,17.91
2011-03-28,2295.75,2316.25,2328.5,2294.75,205810.0,19.44
2011-03-29,2322.5,2296.75,2324.75,2289.5,221150.0,18.16
2011-03-30,2334.5,2322.25,2343.25,2320.25,181620.0,17.71
2011-03-31,2336.25,2334.25,2341.5,2327.5,177990.0,17.74
2011-04-01,2338.5,2339.0,2358.0,2333.25,227990.0,17.4
2011-04-04,2340.5,2337.25,2349.75,2322.0,213560.0,17.5
2011-04-05,2323.25,2341.0,2343.0,2318.25,246330.0,17.25
2011-04-06,2325.5,2324.0,2350.0,2316.75,260050.0,16.9
2011-04-07,2329.25,2325.5,2344.25,2311.75,299970.0,17.11
2011-04-08,2318.0,2329.0,2342.75,2304.75,231050.0,17.87
2011-04-11,2308.0,2322.75,2334.0,2302.0,224000.0,16.59
2011-04-12,2293.0,2309.5,2310.0,2285.0,288990.0,17.09
2011-04-13,2308.5,2292.25,2319.5,2291.5,287480.0,16.92
2011-04-14,2300.75,2309.0,2312.0,2287.5,291380.0,16.27
2011-04-15,2309.75,2301.75,2313.75,2289.25,237000.0,15.32
2011-04-18,2290.0,2308.0,2310.0,2250.25,376030.0,16.96
2011-04-19,2311.0,2289.0,2317.5,2277.75,226900.0,15.83
2011-04-20,2355.0,2313.75,2363.75,2313.0,307350.0,15.07
2011-04-21,2375.5,2356.0,2382.75,2356.0,242220.0,14.69
2011-04-25,2377.5,2373.0,2382.25,2371.75,115170.0,15.77
2011-04-26,2384.75,2377.25,2402.0,2372.75,226450.0,15.62
2011-04-27,2409.0,2388.0,2412.75,2387.25,213500.0,15.35
2011-04-28,2401.75,2409.25,2415.75,2396.25,229280.0,14.62
2011-04-29,2400.75,2401.0,2412.5,2397.25,164130.0,14.75
2011-05-02,2401.5,2408.0,2428.0,2393.5,286550.0,15.99
2011-05-03,2389.75,2402.75,2403.0,2374.0,287250.0,16.7
2011-05-04,2384.0,2389.75,2396.0,2364.75,300760.0,17.08
2011-05-05,2379.0,2385.0,2399.75,2363.5,393340.0,18.2
2011-05-06,2373.5,2378.5,2409.75,2372.75,358940.0,18.4
2011-05-09,2386.5,2378.0,2398.0,2374.0,265720.0,17.16
2011-05-10,2409.25,2386.25,2412.0,2382.75,291890.0,15.91
2011-05-11,2393.5,2407.5,2415.25,2374.0,297720.0,16.95
2011-05-12,2407.0,2393.75,2409.25,2369.0,288510.0,16.03
2011-05-13,2370.0,2408.0,2414.25,2369.0,300840.0,17.07
2011-05-16,2334.5,2366.0,2372.75,2329.25,405610.0,18.24
2011-05-17,2337.25,2333.75,2346.0,2318.25,338040.0,17.55
2011-05-18,2361.5,2341.25,2365.0,2333.5,232300.0,16.23
2011-05-19,2369.0,2362.0,2373.25,2353.5,228800.0,15.52
2011-05-20,2343.5,2368.5,2372.75,2342.25,257420.00000000003,17.43
2011-05-23,2315.5,2341.5,2342.75,2304.25,247590.0,18.27
2011-05-24,2301.75,2315.5,2324.25,2298.75,244140.0,17.82
2011-05-25,2309.5,2300.75,2320.75,2281.0,261110.0,17.07
2011-05-26,2325.25,2309.75,2331.0,2302.0,246270.0,16.09
2011-05-27,2332.5,2326.5,2338.5,2322.25,154910.0,15.98
2011-05-31,2371.75,2331.25,2377.75,2330.75,251030.0,15.45
2011-06-01,2319.5,2375.5,2380.75,2318.0,325410.0,18.3
2011-06-02,2326.0,2320.5,2335.5,2313.75,278600.0,18.09
2011-06-03,2287.5,2325.75,2328.0,2284.75,288850.0,17.95
2011-06-06,2274.0,2288.5,2299.25,2271.25,222240.0,18.49
2011-06-07,2273.75,2274.0,2288.25,2268.0,226060.0,18.07
2011-06-08,2248.0,2273.5,2278.0,2246.75,274210.0,18.79
2011-06-09,2252.5,2250.75,2267.5,2245.5,186590.0,17.77
2011-06-10,2221.25,2252.5,2255.75,2218.5,136080.0,18.86
2011-06-13,2223.25,2217.0,2234.0,2214.5,91590.0,19.61
2011-06-14,2250.75,2226.0,2256.25,2220.25,119160.0,18.26
2011-06-15,2209.0,2249.5,2250.25,2204.25,71820.0,21.32
2011-06-16,2199.25,2211.5,2217.5,2180.75,44960.0,22.73
2011-06-17,2225.78,2199.75,2220.0,2191.75,3160.0,21.85
2011-06-20,2200.0,2189.5,2207.0,2174.0,215130.0,19.99
2011-06-21,2244.0,2199.5,2249.75,2198.0,339990.0,18.86
2011-06-22,2229.5,2243.25,2250.75,2228.75,223750.0,18.52
2011-06-23,2237.5,2229.0,2253.5,2199.5,415540.0,19.29
2011-06-24,2207.75,2237.5,2258.5,2206.75,316080.0,21.1
2011-06-27,2249.0,2208.75,2260.0,2191.5,287430.0,20.56
2011-06-28,2284.0,2250.5,2285.0,2241.5,237750.0,19.17
2011-06-29,2294.0,2283.0,2300.5,2274.75,252700.0,17.27
2011-06-30,2321.0,2293.25,2323.5,2287.5,201940.0,16.52
2011-07-01,2355.25,2318.75,2360.75,2316.75,238610.0,15.87
2011-07-05,2372.0,2355.0,2372.0,2351.5,249550.0,16.06
2011-07-06,2375.25,2370.0,2380.75,2358.5,257899.99999999997,16.34
2011-07-07,2415.5,2376.0,2416.0,2375.75,214750.0,15.95
2011-07-08,2408.5,2415.25,2421.75,2375.75,283490.0,15.95
2011-07-11,2367.0,2404.25,2404.25,2351.25,280080.0,18.39
2011-07-12,2344.5,2365.75,2366.5,2330.5,304900.0,19.87
2011-07-13,2344.5,2344.5,2375.0,2337.75,267290.0,19.91
2011-07-14,2334.0,2345.75,2368.25,2314.5,344080.0,20.8
2011-07-15,2355.5,2338.0,2358.75,2331.5,254820.0,19.53
2011-07-18,2340.0,2354.5,2355.25,2318.75,249080.0,20.95
2011-07-19,2389.0,2341.75,2399.75,2339.0,275590.0,19.21
2011-07-20,2381.75,2389.75,2413.5,2381.0,253750.0,19.09
2011-07-21,2410.0,2381.75,2414.5,2365.0,278950.0,17.56
2011-07-22,2428.0,2402.5,2429.75,2396.25,184220.0,17.52
2011-07-25,2423.5,2417.75,2434.5,2380.0,195170.0,19.35
2011-07-26,2423.5,2423.0,2435.5,2412.75,185140.0,20.23
2011-07-27,2357.75,2424.5,2425.75,2358.25,328560.0,22.98
2011-07-28,2370.0,2360.0,2398.75,2355.75,287070.0,23.74
2011-07-29,2359.25,2370.75,2385.25,2338.0,335800.0,25.25
2011-08-01,2346.0,2386.0,2395.0,2320.75,356650.0,23.66
2011-08-02,2288.25,2347.25,2355.25,2285.75,340610.0,24.79
2011-08-03,2302.5,2290.0,2314.5,2253.0,448370.0,23.38
2011-08-04,2209.5,2303.75,2319.5,2195.0,536230.0,31.66
2011-08-05,2187.0,2213.75,2239.25,2128.75,683270.0,32.0
2011-08-08,2038.0,2145.0,2170.75,2031.5,731050.0,48.0
2011-08-09,2155.0,2043.0,2161.25,1972.25,715540.0,35.06
2011-08-10,2085.0,2154.0,2168.25,2065.75,543270.0,42.99
2011-08-11,2158.0,2082.75,2184.5,2057.5,421380.0,39.0
2011-08-12,2177.5,2158.0,2192.5,2114.0,292340.0,36.36
2011-08-15,2206.5,2183.75,2211.5,2176.5,224280.0,31.87
2011-08-16,2199.0,2204.5,2211.25,2163.5,294930.0,32.85
2011-08-17,2175.25,2198.0,2214.0,2157.25,273530.0,31.58
2011-08-18,2082.0,2175.75,2175.75,2053.0,444400.0,42.67
2011-08-19,2041.0,2084.75,2102.0,2033.75,374570.0,43.05
2011-08-22,2044.0,2041.0,2085.5,2022.25,254180.0,42.44
2011-08-23,2124.0,2046.75,2129.25,2037.0,273710.0,36.27
2011-08-24,2139.0,2124.0,2147.5,2096.25,270380.0,35.9
2011-08-25,2111.0,2138.75,2152.0,2101.0,308470.0,39.76
2011-08-26,2164.0,2111.0,2169.0,2080.75,344090.0,35.59
2011-08-29,2220.0,2164.0,2225.0,2158.0,198320.0,32.28
2011-08-30,2227.0,2219.5,2249.5,2201.25,254840.0,32.89
2011-08-31,2240.75,2226.0,2268.5,2221.25,285780.0,31.62
2011-09-01,2217.25,2243.5,2263.75,2215.5,262320.0,31.82
2011-09-02,2164.75,2217.0,2221.75,2155.75,271650.0,33.92
2011-09-06,2165.25,2159.5,2171.25,2108.25,341290.0,37.0
2011-09-07,2222.0,2165.5,2224.5,2164.75,252550.0,33.38
2011-09-08,2216.75,2223.0,2244.0,2205.25,254050.0,34.32
2011-09-09,2169.0,2216.0,2227.75,2149.75,143420.0,38.52
2011-09-12,2195.0,2159.75,2198.75,2122.0,125380.0,38.59
2011-09-13,2220.75,2194.75,2225.75,2166.75,114570.0,36.91
2011-09-14,2252.0,2221.0,2278.25,2191.75,94260.0,34.6
2011-09-15,2290.0,2252.0,2292.5,2245.0,68390.0,31.97
2011-09-16,2292.79,2290.25,2298.5,2275.5,2420.0,30.98
2011-09-19,2301.0,2288.0,2314.5,2254.25,317740.0,32.73
2011-09-20,2296.5,2298.75,2332.5,2283.75,325790.0,32.86
2011-09-21,2245.5,2297.0,2318.0,2244.25,353500.0,37.32
2011-09-22,2174.5,2245.75,2249.5,2144.5,581140.0,41.35
2011-09-23,2202.0,2177.75,2210.25,2134.0,398450.0,41.25
2011-09-26,2226.0,2190.5,2232.5,2162.25,390100.0,39.02
2011-09-27,2254.0,2226.5,2285.25,2221.25,351570.0,37.71
2011-09-28,2218.5,2252.25,2275.75,2212.0,325690.0,41.08
2011-09-29,2189.5,2217.25,2259.75,2152.5,405110.0,38.84
2011-09-30,2134.5,2193.0,2198.5,2122.25,386660.0,42.96
2011-10-03,2065.25,2126.5,2148.0,2062.75,453780.0,45.45
2011-10-04,2113.5,2067.25,2126.75,2035.75,537720.0,40.82
2011-10-05,2167.5,2112.75,2182.0,2099.25,402320.0,37.81
2011-10-06,2204.75,2167.25,2213.75,2148.5,386530.0,36.27
2011-10-07,2201.75,2204.5,2227.0,2183.75,354160.0,36.2
2011-10-10,2276.75,2206.0,2277.25,2203.0,223260.0,33.02
2011-10-11,2288.5,2275.25,2296.25,2262.25,243140.0,32.86
2011-10-12,2296.5,2287.0,2329.0,2274.5,304870.0,31.26
2011-10-13,2326.0,2299.75,2336.25,2289.0,315720.0,30.7
2011-10-14,2367.25,2326.25,2369.0,2320.25,274440.0,28.24
2011-10-17,2321.0,2367.25,2388.5,2317.0,314780.0,33.39
2011-10-18,2363.75,2321.0,2371.5,2304.75,381900.0,31.56
2011-10-19,2318.0,2365.25,2368.25,2305.75,332870.0,34.44
2011-10-20,2301.0,2316.25,2332.75,2268.5,351190.0,34.78
2011-10-21,2334.25,2297.0,2345.5,2296.0,259720.00000000003,31.32
2011-10-24,2374.75,2326.75,2385.75,2320.25,241760.0,29.26
2011-10-25,2321.75,2375.0,2386.75,2316.0,325020.0,32.22
2011-10-26,2326.5,2323.25,2350.25,2286.75,322350.0,29.86
2011-10-27,2393.75,2329.75,2408.75,2329.0,329380.0,25.46
2011-10-28,2396.5,2393.75,2401.75,2378.5,213790.0,24.53
2011-10-31,2356.0,2397.75,2398.0,2350.5,243860.0,29.96
2011-11-01,2303.5,2353.25,2355.75,2282.75,445640.0,34.77
2011-11-02,2314.5,2356.5,2371.5,2319.5,285450.0,32.74
2011-11-03,2361.0,2317.0,2366.5,2279.0,322420.0,30.5
2011-11-04,2351.0,2362.0,2364.5,2327.0,235040.0,30.16
2011-11-07,2369.75,2356.5,2356.5,2319.5,245860.0,29.85
2011-11-08,2394.5,2369.0,2399.5,2355.25,251310.0,27.48
2011-11-09,2311.0,2394.75,2397.5,2302.5,337140.0,36.16
2011-11-10,2303.5,2312.25,2344.0,2286.5,301450.0,32.81
2011-11-11,2350.25,2308.5,2360.25,2301.5,187760.0,30.04
2011-11-14,2343.0,2355.0,2366.5,2329.75,184830.0,31.13
2011-11-15,2359.75,2343.25,2374.25,2310.0,257279.99999999997,31.22
2011-11-16,2313.75,2361.5,2371.5,2312.25,285490.0,33.51
2011-11-17,2268.25,2314.25,2332.75,2256.0,369830.0,34.51
2011-11-18,2249.75,2270.0,2290.0,2249.0,257930.0,32.0
2011-11-21,2213.5,2244.0,2244.0,2187.0,300990.0,32.91
2011-11-22,2214.25,2215.25,2226.5,2190.75,264160.0,31.97
2011-11-23,2161.0,2214.0,2216.75,2161.75,252320.0,33.98
2011-11-25,2147.5,2164.5,2184.5,2135.75,162260.0,34.47
2011-11-28,2221.0,2183.0,2228.0,2178.25,288250.0,32.13
2011-11-29,2212.5,2221.0,2245.0,2205.25,272610.0,30.64
2011-11-30,2295.0,2212.0,2296.5,2196.25,296700.0,27.8
2011-12-01,2309.25,2293.25,2315.5,2284.0,226160.0,27.41
2011-12-02,2303.25,2309.25,2344.75,2300.75,201370.0,27.52
2011-12-05,2325.0,2309.0,2343.75,2309.0,228280.0,27.84
2011-12-06,2321.5,2320.0,2341.5,2312.75,212670.0,28.13
2011-12-07,2321.5,2322.0,2343.75,2291.5,265640.0,28.67
2011-12-08,2285.25,2322.75,2341.0,2277.75,215990.0,30.59
2011-12-09,2322.0,2284.25,2327.0,2269.0,124580.0,26.38
2011-12-12,2294.0,2321.5,2325.5,2273.25,95710.0,25.67
2011-12-13,2271.0,2294.25,2318.0,2258.25,101720.0,25.41
2011-12-14,2232.25,2271.0,2279.75,2220.0,80080.0,26.04
2011-12-15,2227.0,2231.0,2255.75,2219.5,39570.0,25.11
2011-12-16,2242.25,2223.25,2249.0,2223.25,1250.0,24.29
2011-12-19,2212.5,2235.0,2251.0,2204.25,183910.0,24.92
2011-12-20,2266.75,2214.0,2283.25,2212.25,227830.0,23.22
2011-12-21,2239.0,2269.5,2291.25,2217.75,248780.0,21.43
2011-12-22,2260.75,2241.0,2264.25,2234.5,128979.99999999999,21.16
2011-12-23,2278.5,2262.0,2283.25,2260.25,72450.0,20.73
2011-12-27,2284.5,2280.0,2296.5,2275.0,73760.0,21.91
2011-12-28,2259.5,2284.5,2292.25,2253.75,128310.0,23.52
2011-12-29,2277.25,2262.25,2282.0,2258.25,100730.0,22.65
2011-12-30,2274.5,2278.25,2284.5,2270.25,69030.0,23.4
2012-01-03,2316.0,2312.5,2328.25,2308.0,177460.0,22.97
2012-01-04,2328.75,2316.25,2329.5,2302.5,142880.0,22.22
2012-01-05,2339.5,2329.0,2347.5,2309.25,195110.0,21.48
2012-01-06,2352.25,2340.25,2358.75,2332.5,158880.0,20.63
2012-01-09,2346.75,2353.25,2363.5,2338.5,152190.0,21.07
2012-01-10,2363.5,2346.5,2378.25,2346.25,147330.0,20.69
2012-01-11,2367.0,2363.25,2373.25,2352.5,173540.0,21.05
2012-01-12,2378.5,2367.0,2383.0,2355.75,160560.0,20.47
2012-01-13,2373.5,2378.0,2386.75,2348.5,199240.0,20.91
2012-01-17,2389.75,2367.25,2401.0,2361.5,190240.0,22.2
2012-01-18,2420.5,2390.25,2423.0,2387.75,214770.0,20.89
2012-01-19,2425.25,2420.25,2442.5,2418.5,185080.0,19.87
2012-01-20,2434.75,2428.0,2437.0,2422.75,153100.0,18.28
2012-01-23,2435.0,2427.5,2452.0,2420.0,165320.0,18.67
2012-01-24,2437.5,2435.5,2439.0,2419.0,146670.0,18.91
2012-01-25,2460.5,2448.25,2468.0,2436.0,249740.0,18.31
2012-01-26,2453.25,2460.25,2476.0,2440.75,186800.0,18.57
2012-01-27,2456.25,2453.0,2464.5,2444.75,169930.0,18.53
2012-01-30,2462.0,2460.0,2465.5,2429.25,182360.0,19.4
2012-01-31,2464.25,2462.25,2478.5,2448.75,271820.0,19.44
2012-02-01,2487.5,2455.0,2494.25,2453.5,206690.0,18.55
2012-02-02,2491.5,2488.5,2500.75,2479.5,191480.0,17.98
2012-02-03,2523.0,2492.0,2530.0,2489.75,168430.0,17.1
2012-02-06,2525.75,2519.75,2526.25,2510.5,156420.0,17.76
2012-02-07,2529.25,2524.75,2534.75,2511.75,176250.0,17.65
2012-02-08,2544.75,2528.75,2547.5,2521.0,198950.0,18.16
2012-02-09,2561.0,2545.0,2565.0,2535.25,244810.0,18.63
2012-02-10,2548.5,2561.25,2561.25,2535.25,228660.0,20.79
2012-02-13,2567.75,2556.75,2571.25,2551.75,165760.0,19.04
2012-02-14,2576.0,2576.5,2600.5,2552.5,193340.0,19.54
2012-02-15,2557.5,2576.5,2600.5,2552.5,393390.0,21.14
2012-02-16,2593.5,2556.5,2594.25,2542.75,313170.0,19.22
2012-02-17,2582.0,2593.75,2597.5,2572.0,216110.0,17.78
2012-02-21,2591.0,2593.75,2601.75,2574.25,187250.0,18.19
2012-02-22,2578.75,2590.25,2600.5,2575.25,186680.0,18.19
2012-02-23,2600.75,2579.0,2602.0,2569.25,229550.0,16.8
2012-02-24,2601.5,2600.25,2609.5,2598.0,147650.0,17.31
2012-02-27,2608.0,2602.5,2616.75,2578.75,209200.0,18.19
2012-02-28,2632.0,2609.5,2635.0,2607.5,199720.0,17.96
2012-02-29,2623.0,2632.25,2645.25,2614.25,258510.0,18.43
2012-03-01,2643.25,2623.75,2646.25,2616.5,257370.0,17.26
2012-03-02,2643.5,2644.5,2650.0,2632.75,179760.0,17.29
2012-03-05,2616.0,2639.75,2645.0,2605.5,223080.0,18.05
2012-03-06,2589.5,2615.75,2617.5,2575.0,285520.0,20.87
2012-03-07,2608.75,2589.75,2614.5,2588.25,260570.0,19.07
2012-03-08,2637.75,2608.0,2644.25,2604.5,286630.0,17.95
2012-03-09,2648.5,2637.5,2652.5,2631.5,122330.0,17.11
2012-03-12,2651.5,2649.25,2652.5,2635.25,122350.0,15.64
2012-03-13,2697.75,2650.5,2700.5,2649.75,147070.0,14.8
2012-03-14,2706.25,2697.5,2717.5,2690.25,86540.0,15.31
2012-03-15,2715.75,2705.0,2721.25,2701.0,59060.0,15.42
2012-03-16,2713.06,2714.5,2724.0,2712.25,1750.0,14.47
2012-03-19,2727.75,2729.25,2735.0,2700.25,229820.0,15.04
2012-03-20,2735.5,2729.25,2738.0,2707.25,212360.0,15.58
2012-03-21,2735.25,2736.25,2748.5,2730.0,210540.0,15.13
2012-03-22,2731.25,2734.75,2740.75,2715.5,233140.0,15.57
2012-03-23,2728.75,2732.5,2746.5,2710.75,198240.0,14.82
2012-03-26,2777.0,2729.75,2778.0,2729.0,202380.0,14.26
2012-03-27,2775.75,2775.75,2789.5,2772.0,179110.0,15.59
2012-03-28,2768.0,2776.25,2790.25,2750.25,238250.0,15.47
2012-03-29,2758.25,2765.25,2773.25,2737.0,246570.0,15.48
2012-03-30,2750.75,2759.0,2773.25,2740.25,209240.0,15.5
2012-04-02,2777.0,2758.0,2783.75,2743.5,210980.0,15.64
2012-04-03,2779.0,2777.0,2791.5,2763.0,252460.0,15.66
2012-04-04,2736.5,2780.5,2781.0,2724.75,273620.0,16.44
2012-04-05,2753.75,2738.5,2760.75,2722.5,225940.0,16.7
2012-04-09,2728.5,2725.75,2748.0,2718.75,192710.0,18.81
2012-04-10,2697.0,2728.75,2746.0,2684.25,383510.0,20.39
2012-04-11,2704.25,2698.5,2723.75,2697.5,270040.0,20.02
2012-04-12,2738.75,2706.25,2740.25,2704.75,283700.0,17.2
2012-04-13,2693.5,2738.5,2742.75,2691.0,293030.0,19.55
2012-04-16,2663.75,2694.75,2710.0,2656.5,397000.0,19.55
2012-04-17,2712.75,2665.0,2728.25,2654.25,300860.0,18.46
2012-04-18,2694.5,2713.5,2728.25,2694.5,285990.0,18.64
2012-04-19,2683.5,2698.25,2735.0,2671.5,435460.0,18.36
2012-04-20,2674.25,2685.75,2708.0,2669.75,292570.0,17.44
2012-04-23,2650.25,2671.0,2675.0,2625.0,318640.0,18.97
2012-04-24,2632.5,2651.25,2666.0,2624.75,265560.0,18.1
2012-04-25,2704.5,2632.5,2706.75,2632.0,339630.0,16.82
2012-04-26,2720.25,2704.5,2727.0,2695.0,206890.0,16.24
2012-04-27,2736.75,2719.5,2746.0,2708.75,212000.0,16.32
2012-04-30,2719.25,2741.0,2744.25,2715.5,198660.0,17.15
2012-05-01,2718.5,2719.5,2753.0,2710.5,180910.0,16.6
2012-05-02,2727.5,2718.0,2732.0,2702.5,221310.0,16.88
2012-05-03,2692.0,2728.0,2738.25,2692.75,274370.0,17.56
2012-05-04,2625.5,2695.25,2700.5,2625.25,320110.0,19.16
2012-05-07,2636.5,2610.25,2648.25,2586.5,238010.0,18.94
2012-05-08,2622.75,2636.75,2641.75,2583.25,328110.0,19.05
2012-05-09,2619.25,2624.25,2632.25,2584.25,373580.0,20.08
2012-05-10,2618.75,2619.25,2636.5,2601.0,312500.0,18.83
2012-05-11,2610.75,2619.25,2640.25,2597.5,266270.0,19.89
2012-05-14,2585.0,2602.0,2613.0,2583.5,245850.0,21.87
2012-05-15,2578.25,2587.0,2616.25,2574.5,324950.0,21.97
2012-05-16,2557.5,2579.0,2596.0,2556.25,283940.0,22.27
2012-05-17,2504.75,2559.75,2571.0,2505.25,348700.0,24.49
2012-05-18,2468.25,2507.0,2521.75,2468.0,421400.0,25.1
2012-05-21,2543.5,2472.5,2546.5,2465.0,299360.0,22.01
2012-05-22,2535.25,2544.75,2561.5,2522.25,293160.0,22.48
2012-05-23,2540.5,2536.75,2552.25,2497.5,313140.0,22.33
2012-05-24,2536.25,2540.75,2556.25,2510.25,287390.0,21.54
2012-05-25,2524.0,2536.25,2551.5,2518.25,186910.0,21.76
2012-05-29,2559.5,2533.25,2570.0,2531.5,289940.0,21.03
2012-05-30,2530.75,2560.0,2561.0,2520.25,307810.0,24.14
2012-05-31,2524.0,2531.75,2542.5,2506.0,307420.0,24.06
2012-06-01,2455.0,2520.0,2522.0,2454.0,362790.0,26.66
2012-06-04,2469.0,2460.0,2480.25,2433.75,283660.0,26.12
2012-06-05,2488.75,2471.75,2492.0,2459.5,209960.0,24.68
2012-06-06,2550.0,2490.25,2551.75,2487.0,279490.0,22.16
2012-06-07,2536.25,2551.0,2570.5,2532.0,274330.0,21.72
2012-06-08,2562.5,2536.75,2564.25,2517.75,131000.0,21.23
2012-06-11,2515.25,2587.0,2604.0,2513.5,152740.0,23.56
2012-06-12,2550.25,2516.75,2551.75,2510.25,103670.0,22.09
2012-06-13,2528.0,2549.25,2557.75,2519.5,78440.0,24.27
2012-06-14,2540.5,2529.75,2548.25,2514.75,47890.0,21.68
2012-06-15,2547.5,2542.0,2554.0,2539.0,3270.0,21.11
2012-06-18,2587.5,2580.25,2594.5,2549.25,215740.0,18.32
2012-06-19,2612.5,2589.25,2626.0,2585.0,218310.0,18.38
2012-06-20,2617.25,2612.0,2628.25,2597.5,257550.0,17.24
2012-06-21,2551.75,2618.25,2620.5,2548.5,289050.0,20.08
2012-06-22,2573.5,2552.25,2581.75,2548.5,253680.0,18.11
2012-06-25,2526.5,2573.75,2577.25,2521.0,186960.0,20.38
2012-06-26,2548.25,2528.25,2551.75,2525.25,194180.0,19.72
2012-06-27,2557.75,2548.25,2571.5,2542.5,184610.0,19.45
2012-06-28,2527.75,2559.0,2564.75,2503.5,264990.0,19.71
2012-06-29,2609.75,2528.25,2616.25,2518.75,252210.0,17.08
2012-07-02,2614.25,2612.0,2620.25,2599.5,187660.0,16.74
2012-07-03,2641.5,2615.0,2642.5,2613.5,105730.0,16.66
2012-07-05,2642.5,2641.0,2655.75,2621.0,219470.0,17.5
2012-07-06,2609.0,2642.5,2644.75,2590.5,253560.0,17.1
2012-07-09,2606.0,2602.5,2615.5,2591.5,163430.0,17.98
2012-07-10,2578.0,2606.0,2625.5,2568.5,250300.0,18.72
2012-07-11,2561.5,2577.5,2589.25,2543.0,228330.0,17.95
2012-07-12,2537.75,2563.5,2569.75,2516.5,235270.0,18.33
2012-07-13,2577.0,2537.5,2584.75,2537.5,187070.0,16.74
2012-07-16,2571.5,2577.25,2584.5,2561.25,158600.0,17.11
2012-07-17,2587.0,2571.75,2594.0,2548.0,269330.0,16.48
2012-07-18,2620.0,2587.75,2628.5,2576.75,244550.0,16.16
2012-07-19,2652.25,2623.0,2658.0,2623.0,254510.0,15.45
2012-07-20,2613.25,2653.5,2657.5,2612.75,237990.0,16.27
2012-07-23,2579.25,2609.0,2613.0,2543.25,276430.0,18.62
2012-07-24,2548.5,2579.25,2590.0,2545.0,282950.0,20.47
2012-07-25,2543.5,2555.0,2560.75,2516.75,270730.0,19.34
2012-07-26,2572.5,2543.0,2593.5,2529.75,290560.0,17.53
2012-07-27,2642.0,2572.75,2646.0,2572.5,284850.0,16.7
2012-07-30,2635.75,2640.0,2657.75,2628.25,235410.0,18.03
2012-07-31,2636.5,2637.0,2652.5,2631.0,215380.0,18.93
2012-08-01,2625.0,2634.75,2656.25,2618.5,252190.0,18.96
2012-08-02,2618.5,2625.25,2648.75,2600.0,303240.0,17.57
2012-08-03,2671.0,2619.75,2681.25,2616.0,225450.0,15.64
2012-08-06,2686.5,2675.0,2701.75,2671.75,160450.0,15.95
2012-08-07,2710.0,2687.75,2723.0,2686.25,187000.0,15.99
2012-08-08,2706.75,2707.75,2717.0,2700.75,176850.0,15.32
2012-08-09,2717.75,2707.25,2723.25,2703.5,151550.0,15.28
2012-08-10,2721.0,2718.0,2723.0,2702.25,145600.0,14.74
2012-08-13,2728.0,2720.0,2729.75,2705.75,148110.0,13.7
2012-08-14,2726.75,2728.0,2743.0,2720.75,188380.0,14.85
2012-08-15,2738.5,2725.75,2740.75,2718.5,162520.0,14.63
2012-08-16,2763.5,2740.0,2774.0,2738.25,208210.0,14.29
2012-08-17,2776.0,2765.75,2780.5,2763.25,151380.0,13.45
2012-08-20,2780.0,2774.75,2784.25,2767.0,187200.0,14.02
2012-08-21,2774.0,2781.0,2802.5,2761.5,242250.0,15.02
2012-08-22,2781.25,2775.5,2789.75,2759.0,247130.0,15.11
2012-08-23,2761.0,2782.0,2792.5,2754.0,213610.0,15.96
2012-08-24,2775.0,2762.25,2785.25,2750.5,188830.0,15.18
2012-08-27,2782.75,2784.0,2795.75,2776.5,140200.0,16.35
2012-08-28,2780.75,2783.25,2790.5,2771.0,173040.0,16.49
2012-08-29,2781.25,2782.0,2790.5,2771.25,134170.0,17.06
2012-08-30,2753.75,2781.25,2782.5,2750.25,165170.0,17.83
2012-08-31,2771.0,2755.0,2785.25,2745.25,293090.0,17.47
2012-09-04,2774.5,2773.0,2782.75,2742.75,239910.0,17.98
2012-09-05,2767.5,2775.25,2780.75,2757.0,216610.0,17.74
2012-09-06,2825.5,2767.5,2829.5,2766.5,270230.0,15.6
2012-09-07,2823.0,2826.5,2836.25,2817.0,194750.0,14.38
2012-09-10,2784.5,2822.25,2823.75,2784.5,188800.0,16.28
2012-09-11,2779.25,2784.5,2799.75,2777.75,181220.0,16.41
2012-09-12,2796.25,2781.25,2800.25,2775.25,255190.0,15.8
2012-09-13,2827.5,2796.0,2842.0,2785.25,389650.0,14.05
2012-09-14,2856.5,2827.5,2865.25,2826.75,179810.0,14.51
2012-09-17,2852.0,2858.0,2858.5,2845.75,111460.0,14.59
2012-09-18,2855.5,2852.75,2859.75,2843.75,58290.0,14.18
2012-09-19,2859.0,2858.0,2872.0,2849.75,61130.0,13.88
2012-09-20,2859.5,2860.25,2863.75,2842.75,44740.0,14.07
2012-09-21,2875.44,2860.75,2877.5,2860.5,170160.0,13.98
2012-09-24,2838.25,2852.0,2857.25,2826.25,204720.0,14.15
2012-09-25,2803.25,2840.5,2853.0,2798.25,235190.0,15.43
2012-09-26,2774.25,2804.25,2807.25,2762.25,253320.0,16.81
2012-09-27,2814.5,2774.75,2821.25,2774.75,219260.0,14.84
2012-09-28,2792.0,2814.5,2819.25,2788.75,242770.0,15.73
2012-10-01,2788.25,2789.0,2822.5,2777.75,261990.0,16.32
2012-10-02,2795.25,2787.0,2807.75,2772.5,222230.0,15.71
2012-10-03,2808.0,2795.25,2817.25,2788.0,203390.0,15.43
2012-10-04,2821.5,2809.0,2830.0,2807.75,194750.0,14.55
2012-10-05,2804.25,2822.0,2840.75,2799.75,209850.0,14.33
2012-10-08,2777.5,2806.25,2808.0,2774.5,191470.0,15.11
2012-10-09,2734.0,2778.75,2786.75,2730.0,333500.0,16.37
2012-10-10,2722.75,2735.0,2743.75,2717.25,258890.0,16.29
2012-10-11,2713.25,2722.5,2745.5,2712.0,248070.0,15.59
2012-10-12,2710.0,2713.75,2728.25,2707.25,208150.0,16.14
2012-10-15,2731.25,2713.0,2736.25,2705.0,217880.0,15.27
2012-10-16,2765.25,2732.5,2777.25,2729.75,235190.0,15.22
2012-10-17,2770.5,2765.75,2778.75,2753.5,228330.0,15.07
2012-10-18,2732.75,2771.0,2774.0,2727.5,332950.0,15.03
2012-10-19,2664.0,2731.0,2737.5,2664.0,338280.0,17.06
2012-10-22,2687.75,2664.5,2693.0,2657.5,278350.0,16.62
2012-10-23,2660.5,2691.0,2695.25,2651.5,261589.99999999997,18.83
2012-10-24,2650.5,2660.0,2680.5,2646.25,261589.99999999997,18.33
2012-10-25,2648.0,2652.5,2673.5,2640.25,252970.0,18.12
2012-10-26,2659.0,2651.5,2669.25,2604.5,378540.0,17.81
2012-10-31,2640.5,2662.25,2676.75,2631.75,326940.0,18.6
2012-11-01,2684.75,2634.25,2688.75,2627.25,285580.0,16.69
2012-11-02,2641.0,2686.0,2694.0,2641.5,287860.0,17.59
2012-11-05,2662.25,2640.5,2673.5,2634.75,251300.0,18.42
2012-11-06,2675.75,2661.25,2691.75,2653.25,248030.0,17.58
2012-11-07,2610.0,2676.75,2688.0,2599.0,401570.0,19.08
2012-11-08,2572.0,2612.75,2623.25,2568.5,384380.0,18.49
2012-11-09,2580.5,2573.5,2607.25,2556.25,366580.0,18.61
2012-11-12,2581.0,2581.5,2597.25,2572.0,193650.0,16.68
2012-11-13,2560.5,2581.75,2585.75,2553.0,315320.0,16.65
2012-11-14,2529.5,2567.5,2585.75,2526.5,365100.0,17.92
2012-11-15,2522.0,2531.25,2541.0,2512.75,337010.0,17.99
2012-11-16,2533.0,2522.75,2539.25,2492.0,342960.0,16.41
2012-11-19,2585.5,2535.0,2594.25,2534.5,271970.0,15.24
2012-11-20,2593.5,2584.75,2596.75,2568.0,227460.0,15.08
2012-11-21,2596.0,2592.0,2602.0,2577.0,164690.0,15.31
2012-11-23,2634.25,2598.25,2638.75,2596.25,132810.0,15.14
2012-11-26,2645.75,2633.0,2650.75,2623.0,203340.0,15.5
2012-11-27,2641.25,2648.5,2658.75,2636.5,266940.0,15.92
2012-11-28,2660.5,2640.0,2665.5,2611.5,308710.0,15.51
2012-11-29,2680.0,2663.5,2688.5,2659.75,273980.0,15.06
2012-11-30,2675.75,2672.0,2689.75,2667.25,213420.0,15.87
2012-12-03,2670.0,2676.0,2698.5,2666.25,219670.0,16.64
2012-12-04,2664.5,2667.75,2675.75,2650.25,259040.00000000003,17.12
2012-12-05,2637.5,2661.0,2679.25,2623.0,361360.0,16.46
2012-12-06,2654.0,2636.0,2662.0,2622.5,298030.0,16.58
2012-12-07,2636.0,2655.0,2673.25,2629.5,276670.0,15.9
2012-12-10,2650.5,2637.0,2660.75,2625.75,211330.0,16.05
2012-12-11,2685.75,2647.5,2696.5,2644.25,266220.0,15.57
2012-12-12,2670.25,2686.25,2696.0,2668.0,272390.0,15.95
2012-12-13,2651.75,2670.25,2689.25,2642.5,299470.0,16.56
2012-12-14,2627.75,2650.25,2662.75,2620.0,132180.0,17.0
2012-12-17,2666.5,2635.25,2669.75,2614.0,113570.0,16.34
2012-12-18,2704.0,2666.5,2709.25,2666.5,131900.0,15.57
2012-12-19,2694.25,2704.5,2716.0,2688.5,70030.0,17.36
2012-12-20,2693.0,2689.0,2704.0,2679.75,35080.0,17.67
2012-12-21,2658.05,2693.5,2694.75,2640.25,241710.0,17.84
2012-12-24,2648.75,2660.0,2662.75,2646.5,40310.0,18.59
2012-12-26,2628.5,2653.5,2658.75,2622.0,82840.0,19.48
2012-12-27,2622.5,2631.75,2637.75,2593.5,211530.0,19.47
2012-12-28,2586.0,2625.0,2630.5,2582.5,149070.0,22.72
2012-12-31,2655.25,2590.25,2665.0,2580.0,198760.0,18.02
2013-01-02,2738.75,2686.25,2742.75,2686.25,285940.0,14.68
2013-01-03,2725.5,2739.0,2747.0,2719.0,216630.0,14.56
2013-01-04,2713.0,2726.5,2736.0,2711.25,212860.0,13.83
2013-01-07,2717.75,2716.25,2722.75,2702.5,174830.0,13.79
2013-01-08,2714.0,2718.75,2724.75,2698.5,200790.0,13.62
2013-01-09,2722.0,2715.0,2730.25,2711.25,159090.0,13.81
2013-01-10,2737.0,2722.5,2743.5,2713.75,244790.0,13.49
2013-01-11,2743.75,2742.5,2744.5,2732.25,140410.0,13.36
2013-01-14,2728.75,2744.0,2750.25,2719.25,207500.0,13.52
2013-01-15,2714.25,2731.0,2732.25,2705.25,210640.0,13.55
2013-01-16,2726.0,2720.75,2737.5,2710.5,181660.0,13.42
2013-01-17,2740.5,2726.25,2752.0,2716.5,211220.0,13.57
2013-01-18,2733.75,2735.5,2741.75,2722.5,171010.0,12.46
2013-01-22,2751.0,2734.25,2758.0,2720.75,195840.0,12.43
2013-01-23,2759.0,2756.5,2768.75,2728.5,189330.0,12.46
2013-01-24,2718.25,2716.25,2743.0,2707.75,289640.0,12.69
2013-01-25,2728.0,2714.25,2739.5,2711.75,234410.0,12.89
2013-01-28,2737.5,2729.5,2747.5,2726.25,202430.0,13.57
2013-01-29,2742.75,2734.75,2747.0,2716.25,221670.0,13.31
2013-01-30,2735.75,2745.5,2751.75,2726.25,252060.0,14.32
2013-01-31,2725.0,2734.0,2746.25,2723.75,216930.0,14.28
2013-02-01,2756.5,2733.0,2764.0,2730.5,222750.0,12.9
2013-02-04,2711.5,2759.25,2759.25,2709.0,275930.0,14.67
2013-02-05,2749.25,2710.0,2759.25,2709.25,243060.0,13.72
2013-02-06,2737.25,2753.5,2757.0,2733.0,217760.0,13.41
2013-02-07,2742.0,2739.5,2748.75,2712.75,273080.0,13.5
2013-02-08,2772.0,2742.0,2778.5,2741.0,211100.0,13.02
2013-02-11,2770.5,2771.25,2780.75,2763.5,146490.0,12.94
2013-02-12,2760.75,2770.75,2774.5,2758.75,171650.0,12.64
2013-02-13,2770.25,2765.25,2781.75,2762.75,164470.0,12.98
2013-02-14,2767.25,2766.75,2775.0,2756.0,154960.0,12.66
2013-02-15,2761.25,2769.25,2776.75,2754.25,169760.0,12.46
2013-02-19,2780.75,2759.75,2786.0,2758.25,163030.0,12.31
2013-02-20,2737.5,2784.5,2786.5,2725.0,230440.0,14.68
2013-02-21,2714.0,2736.0,2741.0,2699.5,283850.0,15.22
2013-02-22,2735.75,2716.0,2739.0,2714.25,187530.0,14.17
2013-02-25,2702.25,2736.75,2764.5,2691.75,383420.0,18.99
2013-02-26,2707.75,2702.25,2718.25,2689.0,321130.0,16.87
2013-02-27,2740.5,2711.0,2757.75,2703.25,281230.0,14.73
2013-02-28,2738.0,2741.0,2761.5,2732.5,248960.0,15.51
2013-03-01,2748.75,2738.0,2751.5,2711.75,278660.0,15.36
2013-03-04,2760.0,2745.5,2763.75,2732.75,243020.0,14.01
2013-03-05,2798.25,2762.5,2803.75,2761.0,249530.0,13.48
2013-03-06,2788.25,2800.75,2809.25,2788.75,224480.0,13.53
2013-03-07,2799.25,2790.5,2804.5,2788.5,194930.0,13.06
2013-03-08,2801.5,2798.5,2827.75,2792.5,147820.0,12.59
2013-03-11,2809.75,2801.5,2812.25,2791.25,120850.0,11.56
2013-03-12,2803.0,2809.75,2811.25,2787.75,90210.0,12.27
2013-03-13,2799.0,2803.0,2808.5,2787.75,78280.0,11.83
2013-03-14,2806.0,2800.25,2813.25,2797.5,36310.0,11.3
2013-03-15,2803.36,2805.0,2811.5,2804.5,151630.0,11.3
2013-03-18,2787.0,2774.0,2797.25,2748.25,261519.99999999997,13.36
2013-03-19,2779.5,2787.25,2800.0,2755.25,280860.0,14.39
2013-03-20,2785.25,2776.75,2806.5,2771.75,213750.0,12.67
2013-03-21,2769.75,2788.25,2788.25,2761.25,221280.0,13.99
2013-03-22,2793.5,2769.25,2799.5,2763.25,180410.0,13.57
2013-03-25,2784.25,2793.5,2811.5,2771.0,249370.0,13.74
2013-03-26,2799.75,2788.25,2803.75,2784.5,168870.0,12.77
2013-03-27,2801.0,2802.25,2806.0,2776.5,185710.0,13.15
2013-03-28,2811.0,2801.25,2814.75,2791.5,145540.0,12.7
2013-04-01,2788.0,2811.0,2815.75,2784.25,145800.0,13.58
2013-04-02,2812.75,2789.75,2823.0,2786.25,214260.0,12.78
2013-04-03,2787.0,2814.25,2819.25,2780.25,256750.0,14.21
2013-04-04,2785.0,2788.0,2801.5,2772.5,226610.0,13.89
2013-04-05,2763.0,2785.0,2785.5,2737.5,265280.0,13.92
2013-04-08,2781.0,2763.25,2788.25,2757.0,176140.0,13.19
2013-04-09,2797.5,2784.75,2809.75,2773.0,237570.0,12.84
2013-04-10,2853.25,2799.0,2857.5,2794.75,259070.0,12.36
2013-04-11,2853.25,2852.0,2858.5,2843.25,199360.0,12.24
2013-04-12,2846.25,2853.75,2856.25,2828.25,199000.0,12.06
2013-04-15,2783.5,2846.5,2851.0,2771.25,326430.0,17.27
2013-04-16,2828.0,2786.0,2834.25,2785.25,236660.0,13.96
2013-04-17,2774.5,2830.5,2830.5,2758.25,378580.0,16.51
2013-04-18,2739.5,2770.5,2788.0,2724.0,345300.0,17.56
2013-04-19,2768.25,2746.25,2779.5,2736.75,273830.0,14.97
2013-04-22,2797.25,2772.5,2812.5,2770.75,230390.0,14.39
2013-04-23,2823.0,2800.75,2843.5,2785.0,269330.0,13.48
2013-04-24,2824.0,2829.5,2838.25,2816.0,257079.99999999997,13.61
2013-04-25,2844.0,2821.75,2854.5,2814.0,196640.0,13.62
2013-04-26,2830.5,2841.0,2844.75,2822.25,165110.0,13.61
2013-04-29,2858.75,2833.75,2871.75,2827.5,175220.0,13.71
2013-04-30,2880.0,2859.75,2884.25,2853.25,190420.0,13.52
2013-05-01,2863.5,2884.0,2887.0,2862.25,154070.0,14.49
2013-05-02,2902.0,2868.0,2910.5,2867.25,199370.0,13.59
2013-05-03,2935.0,2902.0,2947.75,2900.25,193080.0,12.85
2013-05-06,2947.5,2936.75,2954.0,2936.5,134820.0,12.66
2013-05-07,2946.5,2947.5,2956.75,2937.25,176580.0,12.83
2013-05-08,2961.75,2946.75,2965.0,2941.75,144660.0,12.66
2013-05-09,2958.0,2961.0,2978.25,2950.0,185020.0,13.13
2013-05-10,2975.5,2961.25,2978.75,2958.75,169260.0,12.59
2013-05-13,2981.0,2972.25,2987.5,2960.5,162110.0,12.55
2013-05-14,2995.25,2981.25,3005.0,2971.25,192390.0,12.77
2013-05-15,3001.0,2995.75,3007.5,2982.5,206060.0,12.81
2013-05-16,2998.25,3004.25,3019.0,2996.0,203740.0,13.07
2013-05-17,3022.75,3001.0,3028.25,2998.0,188120.0,12.45
2013-05-20,3021.0,3021.25,3032.0,3010.0,193260.0,13.02
2013-05-21,3021.5,3019.5,3036.75,3010.0,185200.0,13.37
2013-05-22,3001.0,3021.75,3053.5,2983.75,363790.0,13.82
2013-05-23,2992.25,3006.25,3008.5,2961.25,313280.0,14.07
2013-05-24,2992.25,2995.75,3003.0,2963.5,203970.0,13.99
2013-05-28,3003.5,2991.25,3036.75,2985.0,238820.0,14.48
2013-05-29,2995.5,3004.75,3008.75,2978.25,242460.0,14.83
2013-05-30,3010.0,2995.0,3025.5,2981.75,215950.0,14.53
2013-05-31,2980.25,3011.0,3022.75,2976.25,273250.0,16.3
2013-06-03,2985.5,2981.0,2995.0,2950.0,322750.0,16.28
2013-06-04,2974.75,2986.5,3007.0,2961.0,283610.0,16.27
2013-06-05,2938.5,2970.75,2977.75,2932.0,302590.0,17.5
2013-06-06,2949.5,2939.25,2954.0,2910.5,280560.0,16.63
2013-06-07,2980.5,2948.25,2992.0,2940.0,266600.0,15.14
2013-06-10,2987.0,2981.0,3004.0,2976.25,242510.0,15.44
2013-06-11,2963.5,2987.75,2989.0,2949.5,312060.0,17.07
2013-06-12,2920.25,2965.5,2979.5,2919.5,328530.0,18.59
2013-06-13,2962.25,2922.75,2969.5,2897.75,284590.0,16.41
2013-06-14,2942.0,2966.25,2968.5,2938.75,119400.0,17.15
2013-06-17,2970.0,2936.5,2989.75,2936.5,113840.0,16.8
2013-06-18,2993.5,2972.5,3002.5,2971.0,96350.0,16.61
2013-06-19,2961.5,2996.75,3003.5,2958.25,65000.0,16.64
2013-06-20,2886.5,2960.75,2962.25,2882.25,81020.0,20.49
2013-06-21,2895.5,2888.0,2907.5,2882.25,399200.0,18.9
2013-06-24,2844.0,2866.5,2870.75,2817.75,358810.0,20.11
2013-06-25,2858.25,2846.25,2873.75,2830.75,257860.0,18.47
2013-06-26,2883.0,2857.0,2892.75,2845.75,196350.0,17.21
2013-06-27,2899.5,2885.75,2918.25,2882.25,173480.0,16.86
2013-06-28,2901.25,2899.0,2922.0,2884.25,239220.0,16.86
2013-07-01,2917.0,2902.75,2946.75,2894.25,200620.0,16.37
2013-07-02,2923.25,2919.25,2941.25,2907.25,202880.0,16.44
2013-07-03,2936.5,2923.25,2949.0,2897.0,152050.0,16.2
2013-07-05,2956.5,2937.75,2971.25,2927.75,228910.0,14.89
2013-07-08,2958.75,2961.5,2978.25,2948.75,200400.0,14.78
2013-07-09,2974.25,2961.0,2985.0,2959.0,162520.0,14.35
2013-07-10,2996.25,2977.25,3014.0,2969.0,198680.0,14.21
2013-07-11,3055.0,3011.5,3058.0,3011.5,200920.0,14.01
2013-07-12,3062.0,3053.0,3070.5,3049.25,148450.0,13.84
2013-07-15,3073.0,3062.75,3076.5,3062.75,112410.0,13.79
2013-07-16,3070.75,3074.0,3080.25,3063.75,147260.0,14.42
2013-07-17,3079.25,3073.25,3086.5,3065.5,186220.0,13.78
2013-07-18,3047.5,3075.25,3087.0,3046.0,179560.0,13.77
2013-07-19,3040.75,3049.0,3049.0,3030.5,203200.0,12.54
2013-07-22,3047.5,3043.75,3055.25,3038.5,140930.0,12.29
2013-07-23,3026.0,3049.25,3060.0,3023.5,161680.0,12.66
2013-07-24,3048.0,3038.0,3057.25,3028.75,314730.0,13.18
2013-07-25,3050.0,3052.5,3058.25,3027.5,214950.0,12.97
2013-07-26,3070.5,3053.0,3073.5,3037.5,183580.0,12.72
2013-07-29,3065.5,3070.0,3078.5,3056.75,189950.0,13.39
2013-07-30,3085.5,3066.0,3094.75,3065.5,237290.0,13.39
2013-07-31,3083.0,3082.5,3105.0,3079.25,254200.0,13.45
2013-08-01,3112.75,3088.75,3123.5,3088.75,153830.0,12.94
2013-08-02,3136.0,3118.25,3138.0,3112.25,162650.0,11.98
2013-08-05,3136.0,3136.25,3140.25,3128.0,114590.0,11.84
2013-08-06,3118.0,3136.0,3139.5,3106.25,170130.0,12.72
2013-08-07,3116.0,3117.75,3119.5,3090.75,228790.0,12.98
2013-08-08,3127.0,3117.25,3136.5,3108.5,215700.0,12.73
2013-08-09,3113.25,3129.25,3134.75,3107.0,199820.0,13.41
2013-08-12,3124.0,3113.5,3129.5,3094.25,171280.0,12.81
2013-08-13,3137.0,3126.0,3148.0,3104.75,239130.0,12.31
2013-08-14,3123.25,3138.75,3143.75,3114.25,234090.0,13.04
2013-08-15,3071.0,3113.0,3114.75,3066.5,307030.0,14.73
2013-08-16,3069.75,3071.75,3090.0,3068.25,189040.0,14.37
2013-08-19,3070.5,3068.5,3100.5,3060.25,210780.0,15.1
2013-08-20,3081.0,3071.25,3097.0,3063.5,164000.0,14.91
2013-08-21,3062.5,3081.75,3098.75,3059.25,295660.0,15.94
2013-08-22,3101.75,3062.0,3107.0,3055.5,190510.0,14.76
2013-08-23,3121.25,3103.5,3127.0,3096.5,194420.0,13.98
2013-08-26,3121.0,3120.25,3147.25,3117.25,189290.0,14.99
2013-08-27,3059.5,3123.5,3124.75,3052.5,360120.0,16.77
2013-08-28,3068.25,3061.5,3084.75,3056.0,188490.0,16.49
2013-08-29,3089.5,3068.25,3109.0,3064.0,246340.0,16.81
2013-08-30,3073.5,3093.5,3103.5,3062.0,253780.0,17.01
2013-09-03,3086.5,3088.75,3113.25,3076.0,314380.0,16.61
2013-09-04,3128.25,3087.75,3132.0,3083.25,216740.0,15.88
2013-09-05,3128.0,3131.5,3137.75,3124.0,152930.0,15.77
2013-09-06,3129.5,3128.5,3150.25,3096.5,281130.0,15.85
2013-09-09,3165.0,3132.75,3175.25,3130.5,196240.0,15.63
2013-09-10,3182.75,3171.5,3189.25,3167.25,230770.0,14.53
2013-09-11,3178.5,3184.25,3188.75,3160.0,220770.0,13.82
2013-09-12,3176.0,3184.25,3186.75,3170.25,227590.0,14.29
2013-09-13,3177.75,3177.25,3182.5,3161.75,122090.0,14.16
2013-09-16,3167.75,3196.25,3219.25,3163.0,128600.0,14.38
2013-09-17,3190.75,3168.75,3196.0,3163.0,92800.0,14.53
2013-09-18,3228.75,3192.75,3236.25,3189.75,56730.0,13.59
2013-09-19,3239.25,3232.0,3245.0,3232.0,46230.0,13.16
2013-09-20,3245.97,3239.5,3251.5,3234.0,208460.0,13.12
2013-09-23,3209.0,3222.75,3237.0,3198.0,237540.0,14.31
2013-09-24,3213.25,3211.0,3230.75,3202.75,178350.0,14.08
2013-09-25,3200.0,3215.25,3220.5,3195.75,250160.0,14.01
2013-09-26,3226.0,3202.5,3235.25,3202.25,208820.0,14.06
2013-09-27,3223.0,3229.75,3233.5,3203.0,193110.0,15.46
2013-09-30,3209.0,3211.5,3223.25,3178.25,281670.0,16.6
2013-10-01,3245.5,3221.25,3251.25,3213.0,250340.0,15.54
2013-10-02,3237.5,3251.0,3251.0,3221.0,241340.0,16.6
2013-10-03,3202.25,3239.75,3248.0,3189.25,361790.0,17.67
2013-10-04,3234.5,3201.25,3239.5,3199.5,201540.0,16.74
2013-10-07,3205.0,3224.0,3232.75,3201.75,239190.0,19.41
2013-10-08,3150.75,3206.5,3214.5,3144.25,418010.0,20.34
2013-10-09,3132.5,3146.25,3164.0,3110.75,441570.0,19.6
2013-10-10,3193.5,3132.75,3209.5,3132.75,342190.0,16.48
2013-10-11,3225.5,3193.5,3230.5,3175.75,230010.0,15.72
2013-10-14,3248.25,3205.0,3255.0,3195.0,233830.0,16.07
2013-10-15,3240.75,3253.5,3263.5,3234.0,329010.0,18.66
2013-10-16,3264.0,3240.5,3276.5,3234.75,228470.0,14.71
2013-10-17,3301.0,3260.25,3310.5,3255.25,209750.0,13.48
2013-10-18,3342.0,3307.5,3348.0,3306.75,235870.0,13.04
2013-10-21,3354.0,3344.75,3362.25,3342.5,175100.0,13.16
2013-10-22,3356.5,3353.0,3377.25,3338.0,330950.0,13.33
2013-10-23,3340.0,3356.0,3357.25,3322.25,244370.0,13.42
2013-10-24,3371.0,3342.25,3379.75,3335.5,191460.0,13.2
2013-10-25,3373.75,3376.75,3392.75,3361.25,223020.0,13.09
2013-10-28,3383.25,3374.25,3391.0,3360.75,196910.0,13.31
2013-10-29,3384.0,3377.75,3392.25,3368.5,208680.0,13.41
2013-10-30,3392.25,3390.25,3401.75,3364.25,287570.0,13.65
2013-10-31,3369.0,3380.0,3394.0,3360.75,252510.0,13.75
2013-11-01,3368.0,3377.25,3388.5,3357.5,230310.0,13.28
2013-11-04,3377.5,3368.0,3387.25,3366.75,142510.0,12.93
2013-11-05,3379.75,3378.0,3390.5,3355.75,224570.0,13.27
2013-11-06,3376.0,3380.0,3398.0,3370.25,218080.0,12.67
2013-11-07,3319.5,3374.0,3387.0,3314.25,404480.0,13.91
2013-11-08,3360.5,3321.75,3363.0,3310.0,289370.0,12.9
2013-11-11,3354.25,3361.5,3365.5,3345.5,164940.0,12.53
2013-11-12,3364.5,3354.75,3366.75,3343.75,196200.0,12.82
2013-11-13,3402.0,3363.5,3406.75,3338.25,269390.0,12.52
2013-11-14,3410.5,3392.5,3415.75,3386.75,225750.0,12.37
2013-11-15,3416.5,3412.25,3421.25,3405.25,156490.0,12.19
2013-11-18,3384.0,3416.5,3425.75,3380.25,223480.0,13.1
2013-11-19,3375.5,3387.75,3400.5,3370.75,258680.0,13.39
2013-11-20,3366.5,3375.75,3398.5,3358.5,290180.0,13.4
2013-11-21,3400.5,3367.75,3406.0,3360.25,204620.0,12.66
2013-11-22,3420.0,3400.75,3422.5,3400.0,163840.0,12.26
2013-11-25,3429.0,3422.5,3437.25,3420.25,177970.0,12.79
2013-11-26,3447.25,3426.75,3456.0,3422.75,188920.0,12.81
2013-11-27,3468.5,3447.0,3472.25,3445.75,146380.0,12.98
2013-11-29,3487.5,3469.0,3496.5,3468.75,97740.0,13.7
2013-12-02,3483.0,3493.0,3501.25,3476.75,231120.0,14.23
2013-12-03,3475.75,3483.75,3488.75,3466.25,224700.0,14.55
2013-12-04,3482.5,3476.25,3494.0,3453.25,281580.0,14.7
2013-12-05,3478.75,3482.5,3492.0,3468.75,250040.0,15.08
2013-12-06,3504.0,3478.0,3511.0,3477.0,254910.0,13.79
2013-12-09,3518.5,3505.0,3524.75,3505.0,190610.0,13.49
2013-12-10,3516.0,3519.25,3524.25,3507.75,181860.0,13.91
2013-12-11,3470.5,3517.5,3522.25,3464.5,302900.0,15.42
2013-12-12,3459.5,3471.25,3479.5,3455.5,300260.0,15.54
2013-12-13,3457.5,3457.0,3478.25,3449.75,152850.0,15.76
2013-12-16,3474.5,3457.0,3495.25,3434.5,130789.99999999999,16.03
2013-12-17,3465.25,3470.75,3483.25,3460.75,87630.0,16.21
2013-12-18,3512.75,3464.75,3513.5,3422.0,66670.0,13.8
2013-12-19,3497.0,3513.5,3516.75,3482.5,56690.0,14.15
2013-12-20,3503.98,3500.0,3508.0,3496.0,173620.0,13.79
2013-12-23,3564.75,3541.0,3567.5,3541.0,131150.0,13.04
2013-12-24,3569.75,3565.25,3572.75,3561.0,47470.0,12.48
2013-12-26,3581.75,3572.75,3583.75,3568.25,54010.0,12.33
2013-12-27,3570.25,3582.75,3587.5,3567.0,94800.0,12.46
2013-12-30,3565.75,3569.75,3573.5,3556.0,90200.0,13.56
2013-12-31,3583.75,3566.5,3594.75,3565.0,71640.0,13.72
2014-01-02,3559.25,3575.75,3579.0,3549.0,196560.0,14.23
2014-01-03,3531.5,3560.25,3566.5,3527.25,195450.0,13.76
2014-01-06,3517.75,3530.5,3540.25,3505.75,246010.0,13.55
2014-01-07,3548.75,3516.25,3557.25,3516.0,191720.0,12.92
2014-01-08,3564.75,3548.25,3569.5,3544.0,208160.0,12.87
2014-01-09,3547.75,3562.75,3577.0,3535.5,214720.0,12.89
2014-01-10,3561.5,3549.75,3572.0,3529.5,263420.0,12.14
2014-01-13,3509.5,3563.25,3566.5,3492.5,333010.0,13.28
2014-01-14,3573.75,3510.25,3576.5,3503.25,293430.0,12.28
2014-01-15,3598.25,3573.75,3610.25,3570.75,234220.0,12.28
2014-01-16,3595.25,3598.5,3608.25,3594.0,162060.0,12.53
2014-01-17,3584.75,3597.25,3609.0,3574.25,256190.0,12.44
2014-01-21,3609.5,3584.5,3612.0,3577.5,210490.0,12.87
2014-01-22,3620.5,3607.25,3629.5,3605.0,184590.0,12.84
2014-01-23,3613.75,3625.5,3635.25,3581.5,286470.0,13.77
2014-01-24,3532.25,3613.25,3621.25,3527.75,379830.0,18.14
2014-01-27,3503.0,3531.75,3545.0,3468.0,444260.0,17.42
2014-01-28,3501.0,3469.0,3516.25,3465.75,298020.0,15.8
2014-01-29,3473.0,3513.5,3529.0,3454.25,396700.0,17.35
2014-01-30,3502.0,3480.0,3537.25,3471.0,315350.0,17.29
2014-01-31,3514.0,3520.0,3532.75,3479.25,326850.0,18.41
2014-02-03,3430.0,3514.0,3529.75,3425.25,438270.0,21.44
2014-02-04,3452.0,3439.5,3473.75,3431.5,324400.0,19.11
2014-02-05,3445.5,3452.0,3463.25,3412.0,356870.0,19.95
2014-02-06,3487.25,3450.25,3499.25,3447.75,267810.0,17.23
2014-02-07,3558.0,3490.75,3561.75,3479.5,367850.0,15.29
2014-02-10,3577.5,3560.25,3581.75,3550.5,205070.0,15.26
2014-02-11,3612.75,3579.25,3626.0,3578.5,249860.0,14.51
2014-02-12,3624.5,3612.0,3633.5,3610.25,252230.0,14.3
2014-02-13,3651.0,3623.25,3656.0,3596.75,287790.0,14.14
2014-02-14,3661.0,3650.5,3668.0,3638.0,212830.0,13.57
2014-02-18,3675.0,3660.0,3684.75,3654.0,220170.0,13.87
2014-02-19,3654.5,3676.0,3679.5,3645.25,277350.0,15.5
2014-02-20,3671.5,3654.5,3677.0,3638.25,269730.0,14.79
2014-02-21,3664.5,3671.5,3686.75,3660.75,186800.0,14.68
2014-02-24,3688.0,3665.75,3701.5,3655.0,206370.0,14.23
2014-02-25,3688.5,3685.75,3697.25,3668.5,236400.0,13.67
2014-02-26,3673.75,3691.25,3702.25,3662.5,271370.0,14.35
2014-02-27,3701.5,3680.25,3706.75,3661.25,264250.0,14.04
2014-02-28,3695.25,3703.75,3722.5,3665.0,325510.0,14.0
2014-03-03,3668.75,3678.0,3679.75,3637.0,376910.0,16.0
2014-03-04,3716.75,3671.0,3723.25,3669.75,263180.0,14.1
2014-03-05,3728.25,3718.5,3732.5,3712.5,205520.0,13.89
2014-03-06,3722.0,3731.5,3737.25,3709.25,217910.0,14.21
2014-03-07,3704.25,3724.0,3740.5,3685.75,303230.0,14.11
2014-03-10,3707.5,3701.5,3712.0,3684.0,192160.0,14.2
2014-03-11,3688.5,3707.5,3726.0,3681.0,259720.00000000003,14.8
2014-03-12,3706.75,3689.25,3710.0,3661.5,319460.0,14.47
2014-03-13,3651.25,3708.0,3722.25,3636.25,450570.0,16.22
2014-03-14,3627.75,3655.75,3661.0,3625.75,168050.0,17.82
2014-03-17,3658.25,3629.25,3679.5,3608.5,82750.0,15.64
2014-03-18,3701.5,3661.25,3708.5,3646.75,120880.0,14.52
2014-03-19,3681.75,3702.5,3711.5,3659.75,93180.0,15.12
2014-03-20,3699.0,3681.25,3705.5,3664.75,38950.0,14.52
2014-03-21,3734.79,3698.25,3718.0,3694.25,2560.0,15.0
2014-03-24,3611.0,3640.25,3657.0,3575.5,400180.0,15.09
2014-03-25,3623.75,3613.5,3652.0,3591.0,364850.0,14.02
2014-03-26,3572.75,3622.5,3647.5,3570.75,352850.0,14.93
2014-03-27,3554.25,3577.75,3585.25,3535.25,443690.0,14.62
2014-03-28,3563.0,3560.0,3601.25,3551.5,313350.0,14.41
2014-03-31,3586.25,3572.5,3611.25,3572.5,297700.0,13.88
2014-04-01,3650.25,3583.25,3652.75,3578.5,265360.0,13.1
2014-04-02,3658.25,3650.5,3668.5,3642.5,239820.0,13.09
2014-04-03,3630.75,3658.25,3669.0,3609.0,272220.0,13.37
2014-04-04,3537.5,3636.0,3657.75,3522.75,613420.0,13.96
2014-04-07,3499.25,3539.5,3542.75,3474.5,511930.0,15.57
2014-04-08,3528.5,3501.75,3536.0,3490.5,400200.0,14.89
2014-04-09,3591.0,3528.75,3594.25,3526.25,332710.0,13.82
2014-04-10,3480.0,3593.25,3599.5,3470.25,528140.0,15.89
2014-04-11,3444.0,3485.0,3493.75,3431.5,533680.0,17.03
2014-04-14,3470.25,3435.75,3485.0,3425.25,383260.0,16.11
2014-04-15,3491.25,3471.0,3501.0,3404.75,597760.0,15.61
2014-04-16,3501.5,3497.75,3524.5,3479.5,400460.0,14.18
2014-04-17,3523.25,3505.5,3542.5,3492.5,269150.0,13.36
2014-04-21,3551.25,3525.0,3554.25,3516.75,152230.0,13.25
2014-04-22,3585.0,3553.75,3588.5,3545.75,214080.0,13.19
2014-04-23,3554.5,3584.5,3599.5,3546.0,249720.0,13.27
2014-04-24,3584.75,3595.75,3618.25,3544.0,393070.0,13.32
2014-04-25,3530.5,3588.0,3589.75,3516.5,330380.0,14.06
2014-04-28,3540.75,3536.0,3562.5,3480.5,481340.0,13.97
2014-04-29,3563.75,3541.5,3571.25,3530.0,306700.0,13.71
2014-04-30,3573.25,3557.25,3578.0,3539.0,288750.0,13.41
2014-05-01,3586.75,3577.0,3605.5,3570.5,195190.0,13.25
2014-05-02,3579.25,3589.5,3604.5,3569.5,297580.0,12.91
2014-05-05,3590.75,3583.25,3598.0,3548.0,235360.0,13.29
2014-05-06,3551.0,3595.0,3603.75,3546.75,261000.0,13.8
2014-05-07,3540.5,3551.0,3566.5,3497.5,447230.0,13.4
2014-05-08,3537.5,3539.25,3579.75,3518.5,388610.0,13.43
2014-05-09,3548.0,3533.5,3552.25,3510.5,319910.0,12.92
2014-05-12,3607.75,3549.25,3613.5,3548.25,246730.0,12.23
2014-05-13,3608.75,3611.5,3624.25,3603.5,221780.0,12.13
2014-05-14,3596.25,3610.5,3615.0,3583.25,234690.0,12.17
2014-05-15,3563.25,3599.25,3606.75,3540.25,398710.0,13.17
2014-05-16,3582.75,3563.5,3589.5,3543.0,294610.0,12.44
2014-05-19,3613.25,3586.75,3617.5,3565.5,221040.0,12.42
2014-05-20,3596.5,3611.25,3623.75,3584.5,297810.0,12.96
2014-05-21,3633.5,3599.0,3635.75,3593.25,257180.0,11.91
2014-05-22,3648.0,3631.5,3659.75,3631.25,217630.0,12.03
2014-05-23,3675.0,3648.25,3677.0,3645.25,167140.0,11.36
2014-05-27,3721.25,3679.0,3723.0,3677.5,203560.0,11.51
2014-05-28,3716.0,3720.5,3730.25,3707.5,218210.0,11.68
2014-05-29,3735.5,3716.25,3737.25,3713.25,184920.0,11.57
2014-05-30,3735.5,3735.25,3740.5,3715.25,214380.0,11.4
2014-06-02,3727.5,3735.0,3741.5,3707.25,225590.0,11.58
2014-06-03,3730.75,3728.0,3735.75,3714.0,183990.0,11.87
2014-06-04,3743.25,3732.75,3749.25,3714.0,188800.0,12.08
2014-06-05,3776.25,3743.5,3782.0,3734.0,283290.0,11.68
2014-06-06,3798.0,3777.5,3800.25,3775.75,200420.0,10.73
2014-06-09,3793.75,3800.0,3803.0,3783.0,148830.0,11.15
2014-06-10,3800.5,3792.5,3803.0,3784.75,154780.0,10.99
2014-06-11,3798.25,3802.0,3804.75,3779.5,203580.0,11.6
2014-06-12,3771.25,3797.5,3806.5,3751.5,295540.0,12.56
2014-06-13,3775.75,3773.0,3785.75,3760.0,158900.0,12.18
2014-06-16,3779.25,3774.75,3790.5,3757.0,119710.0,12.65
2014-06-17,3779.5,3780.25,3792.25,3769.75,111340.0,12.06
2014-06-18,3803.5,3781.5,3807.5,3763.0,77780.0,10.61
2014-06-19,3797.25,3801.75,3811.25,3782.5,40590.0,10.62
2014-06-20,3810.67,3797.5,3807.5,3793.75,158920.0,10.85
2014-06-23,3794.5,3792.25,3807.25,3785.25,161440.0,10.98
2014-06-24,3794.5,3792.0,3828.0,3781.25,281590.0,12.13
2014-06-25,3814.75,3792.25,3823.5,3783.0,249820.0,11.59
2014-06-26,3817.5,3812.75,3822.0,3789.0,239390.0,11.63
2014-06-27,3831.5,3817.0,3837.75,3808.0,182900.0,11.26
2014-06-30,3840.5,3831.5,3851.25,3827.75,154830.0,11.57
2014-07-01,3884.75,3847.0,3894.5,3844.75,195640.0,11.15
2014-07-02,3889.75,3885.5,3896.5,3883.0,150120.0,10.82
2014-07-03,3915.75,3890.5,3918.0,3888.25,121420.0,10.32
2014-07-07,3904.25,3912.75,3916.75,3896.0,175430.0,11.33
2014-07-08,3863.25,3905.0,3906.75,3841.25,331380.0,11.98
2014-07-09,3885.5,3863.5,3890.75,3856.5,244550.0,11.65
2014-07-10,3873.75,3886.5,3889.5,3831.5,317250.0,12.59
2014-07-11,3897.5,3874.25,3899.0,3871.75,200880.0,12.08
2014-07-14,3919.25,3898.0,3930.75,3897.75,163880.0,11.82
2014-07-15,3912.5,3922.5,3933.5,3880.0,332220.0,11.96
2014-07-16,3922.5,3916.5,3941.0,3913.0,215290.0,11.0
2014-07-17,3876.0,3919.0,3927.5,3859.25,380380.0,14.54
2014-07-18,3930.25,3870.5,3935.75,3854.0,291930.0,12.06
2014-07-21,3925.75,3929.5,3934.25,3909.75,219800.0,12.81
2014-07-22,3950.5,3924.5,3959.5,3923.75,198840.0,12.24
2014-07-23,3975.5,3944.75,3983.25,3944.25,209510.0,11.52
2014-07-24,3971.75,3978.0,3991.25,3963.5,209690.0,11.84
2014-07-25,3955.5,3962.75,3965.5,3937.5,210230.0,12.69
2014-07-28,3960.0,3954.0,3970.25,3929.0,210320.0,12.56
2014-07-29,3952.25,3958.5,3977.5,3948.5,219910.0,13.28
2014-07-30,3968.5,3957.25,3983.0,3953.25,275030.0,13.33
2014-07-31,3884.75,3968.75,3970.25,3881.75,423440.0,16.95
2014-08-01,3873.25,3890.5,3901.25,3847.5,462510.0,17.03
2014-08-04,3896.75,3873.0,3915.75,3867.25,250760.0,15.12
2014-08-05,3871.75,3894.75,3900.25,3851.75,356540.0,16.87
2014-08-06,3868.75,3874.5,3891.25,3842.0,292470.0,16.37
2014-08-07,3856.75,3869.25,3892.5,3840.75,329600.0,16.66
2014-08-08,3873.5,3855.5,3886.75,3826.5,315420.0,15.77
2014-08-11,3905.0,3874.0,3917.75,3873.75,178450.0,14.23
2014-08-12,3903.5,3907.5,3917.25,3883.25,220590.0,14.13
2014-08-13,3945.75,3906.0,3949.5,3902.25,201980.0,12.9
2014-08-14,3968.0,3946.5,3974.75,3939.5,176300.0,12.42
2014-08-15,3985.0,3973.0,3994.5,3947.25,362620.0,13.15
2014-08-18,4013.25,3991.0,4019.5,3991.0,159350.0,12.32
2014-08-19,4034.25,4017.0,4040.5,4015.75,151280.0,12.21
2014-08-20,4039.5,4036.5,4046.5,4028.75,163160.0,11.78
2014-08-21,4047.5,4039.75,4049.0,4032.75,145150.0,11.76
2014-08-22,4054.75,4047.75,4061.0,4036.5,211670.0,11.47
2014-08-25,4063.5,4057.5,4078.5,4056.75,168700.0,11.7
2014-08-26,4072.25,4064.25,4075.75,4061.75,147210.0,11.63
2014-08-27,4072.75,4073.5,4077.0,4063.5,128380.0,11.78
2014-08-28,4069.75,4071.5,4076.25,4054.5,166450.0,12.05
2014-08-29,4082.0,4075.5,4086.0,4062.0,167840.0,11.98
2014-09-02,4092.0,4078.75,4096.0,4076.0,195210.0,12.25
2014-09-03,4071.75,4092.75,4113.75,4062.5,265480.0,12.36
2014-09-04,4069.25,4071.75,4101.0,4056.25,276120.0,12.64
2014-09-05,4086.5,4072.25,4091.5,4052.0,283620.0,12.09
2014-09-08,4093.0,4086.5,4105.0,4075.5,207650.0,12.66
2014-09-09,4066.0,4092.5,4110.5,4053.25,386110.0,13.5
2014-09-10,4093.0,4065.5,4096.25,4054.75,257240.0,12.88
2014-09-11,4091.0,4093.0,4097.0,4060.0,307250.0,12.8
2014-09-12,4069.75,4096.5,4096.5,4056.75,184360.0,13.31
2014-09-15,4033.5,4057.5,4076.25,4018.25,150020.0,14.12
2014-09-16,4066.0,4034.75,4074.0,4012.0,124810.0,12.73
2014-09-17,4072.5,4065.25,4091.25,4047.25,68880.0,12.65
2014-09-18,4103.75,4077.0,4106.75,4068.75,33220.0,12.03
2014-09-19,4124.2,4104.75,4127.75,4102.75,4730.0,12.11
2014-09-22,4052.75,4091.75,4092.0,4035.75,295630.0,13.69
2014-09-23,4037.0,4044.5,4061.0,4027.5,276930.0,14.93
2014-09-24,4087.75,4031.75,4090.0,4031.0,278360.0,13.27
2014-09-25,4007.5,4085.25,4088.5,3998.25,442900.0,15.64
2014-09-26,4045.75,4005.0,4050.5,4001.75,310000.0,14.85
2014-09-29,4035.5,4045.75,4051.25,3998.0,350310.0,15.98
2014-09-30,4044.75,4033.75,4064.75,4024.25,334470.0,16.31
2014-10-01,3982.5,4036.25,4046.0,3965.5,435750.0,16.71
2014-10-02,3978.0,3981.5,3995.0,3927.75,439790.0,16.16
2014-10-03,4016.0,3974.5,4034.75,3970.5,286080.0,14.55
2014-10-06,4007.0,4017.75,4040.5,3996.25,338250.0,15.46
2014-10-07,3956.25,4001.5,4010.25,3948.0,383800.0,17.2
2014-10-08,4030.5,3953.5,4041.75,3930.75,466940.0,15.11
2014-10-09,3970.25,4029.0,4047.75,3947.0,595700.0,18.76
2014-10-10,3853.0,3948.0,3967.0,3851.0,675540.0,21.24
2014-10-13,3798.5,3848.5,3885.75,3792.5,636050.0,24.64
2014-10-14,3811.75,3798.0,3852.75,3793.0,602320.0,22.79
2014-10-15,3752.0,3823.75,3831.5,3691.25,831110.0,26.25
2014-10-16,3741.5,3751.0,3786.5,3684.0,695840.0,25.2
2014-10-17,3804.0,3748.0,3840.5,3742.0,477900.0,21.99
2014-10-20,3866.0,3811.75,3883.0,3793.25,315480.0,18.57
2014-10-21,3971.5,3880.25,3976.0,3846.0,382280.0,16.08
2014-10-22,3949.25,3970.5,3983.0,3939.5,343470.0,17.87
2014-10-23,4005.25,3947.0,4024.75,3939.5,348130.0,16.53
2014-10-24,4034.75,3995.75,4038.5,3970.5,288630.0,16.11
2014-10-27,4038.25,4035.75,4049.75,4009.5,275990.0,16.04
2014-10-28,4094.0,4041.0,4099.75,4037.75,258880.0,14.39
2014-10-29,4072.25,4080.75,4096.25,4054.75,340710.0,15.15
2014-10-30,4089.5,4072.25,4102.5,4043.0,366990.0,14.52
2014-10-31,4150.5,4091.5,4163.5,4089.75,313260.0,14.03
2014-11-03,4157.25,4150.25,4173.75,4142.0,215040.0,14.73
2014-11-04,4143.5,4157.5,4164.25,4119.75,259950.0,14.89
2014-11-05,4142.5,4144.75,4176.25,4133.75,270150.0,14.17
2014-11-06,4162.75,4144.25,4167.0,4130.25,233280.0,13.67
2014-11-07,4150.75,4164.5,4179.75,4136.0,229700.0,13.12
2014-11-10,4170.25,4152.75,4178.5,4144.0,164940.0,12.67
2014-11-11,4183.25,4170.5,4186.25,4162.0,134500.0,12.92
2014-11-12,4196.0,4183.25,4198.75,4166.5,202720.0,13.02
2014-11-13,4205.0,4193.5,4227.0,4191.5,295020.0,13.79
2014-11-14,4222.0,4203.25,4225.75,4195.75,218490.0,13.31
2014-11-17,4212.25,4223.25,4224.5,4191.5,230970.0,13.99
2014-11-18,4238.0,4213.25,4248.75,4203.0,213480.0,13.86
2014-11-19,4223.75,4238.25,4242.5,4204.25,235760.0,13.96
2014-11-20,4245.0,4223.75,4248.25,4201.75,214470.0,13.58
2014-11-21,4249.25,4245.5,4284.5,4237.5,285750.0,12.9
2014-11-24,4282.0,4249.75,4286.75,4248.0,158380.0,12.62
2014-11-25,4292.5,4282.0,4303.25,4276.75,169150.0,12.25
2014-11-26,4317.75,4294.0,4323.75,4290.5,135750.0,12.07
2014-11-28,4338.25,4323.5,4348.0,4312.5,134100.0,13.33
2014-12-01,4286.5,4330.75,4335.5,4273.5,324370.0,14.29
2014-12-02,4305.5,4287.0,4314.75,4285.0,226500.0,12.85
2014-12-03,4310.5,4308.0,4320.0,4287.5,190810.0,12.47
2014-12-04,4313.5,4312.0,4328.5,4293.25,248730.0,12.38
2014-12-05,4313.25,4313.0,4326.75,4302.75,199230.0,11.82
2014-12-08,4279.0,4314.25,4320.25,4259.0,320420.0,14.21
2014-12-09,4290.75,4282.75,4298.5,4216.75,339490.0,14.89
2014-12-10,4227.0,4290.75,4298.25,4219.0,382190.0,18.53
2014-12-11,4236.5,4228.25,4298.0,4220.25,422620.0,20.08
2014-12-12,4189.5,4233.0,4254.75,4188.0,245580.0,21.08
2014-12-15,4163.75,4189.5,4237.75,4144.75,225300.0,20.42
2014-12-16,4086.5,4164.0,4192.75,4084.25,186210.0,23.57
2014-12-17,4162.75,4090.75,4176.0,4085.0,84870.0,19.44
2014-12-18,4265.0,4164.5,4274.75,4154.0,60280.0,16.81
2014-12-19,4258.2,4268.0,4307.0,4261.0,8200.0,16.49
2014-12-22,4291.75,4282.0,4301.25,4276.0,164830.0,15.25
2014-12-23,4278.0,4292.75,4312.0,4274.75,148400.0,14.8
2014-12-24,4282.5,4278.0,4298.5,4276.5,46180.0,14.37
2014-12-26,4310.25,4282.0,4322.0,4282.0,61110.0,14.5
2014-12-29,4311.0,4315.0,4320.75,4298.25,102430.0,15.06
2014-12-30,4282.75,4316.25,4318.0,4273.75,110090.0,15.92
2014-12-31,4232.75,4283.0,4305.0,4228.0,146910.0,19.2
2015-01-02,4214.25,4240.25,4272.75,4201.0,229560.0,17.79
2015-01-05,4161.75,4216.0,4220.75,4145.0,313770.0,19.92
2015-01-06,4102.25,4166.5,4172.5,4082.0,426150.0,21.12
2015-01-07,4151.5,4105.5,4163.25,4102.75,328180.0,19.31
2015-01-08,4232.25,4152.25,4242.75,4152.25,272060.0,17.01
2015-01-09,4200.75,4232.25,4252.5,4181.0,341970.0,17.55
2015-01-12,4166.5,4201.25,4227.5,4151.0,319440.0,19.6
2015-01-13,4158.5,4169.5,4247.75,4126.75,476650.0,20.56
2015-01-14,4145.5,4158.0,4169.25,4100.5,450810.0,21.48
2015-01-15,4089.0,4147.5,4190.0,4066.0,456040.0,22.39
2015-01-16,4134.0,4072.5,4138.5,4041.5,359020.0,20.95
2015-01-20,4167.0,4138.75,4175.25,4109.0,347450.0,19.89
2015-01-21,4182.75,4166.0,4205.25,4137.0,327200.0,18.85
2015-01-22,4264.75,4183.75,4269.0,4164.5,338350.0,16.4
2015-01-23,4267.0,4265.5,4286.25,4250.25,227200.0,16.66
2015-01-26,4269.25,4249.5,4278.25,4231.5,187610.0,15.52
2015-01-27,4177.5,4266.75,4271.0,4142.75,363820.0,17.22
2015-01-28,4124.25,4206.0,4234.5,4119.5,363120.0,20.44
2015-01-29,4185.75,4125.0,4199.75,4095.75,358570.0,18.76
2015-01-30,4141.25,4203.5,4208.0,4136.0,345600.0,20.97
2015-02-02,4185.5,4143.5,4188.0,4085.5,353850.0,19.43
2015-02-03,4216.25,4180.75,4222.75,4165.75,283370.0,17.33
2015-02-04,4204.0,4207.75,4243.0,4187.5,269500.0,18.33
2015-02-05,4247.5,4191.0,4254.75,4181.5,200570.0,16.85
2015-02-06,4227.5,4251.0,4268.25,4209.75,127700.0,17.29
2015-02-09,4214.25,4226.5,4232.0,4201.5,147080.0,18.55
2015-02-10,4276.0,4219.0,4284.0,4211.0,225790.0,17.23
2015-02-11,4296.5,4278.25,4322.0,4271.0,207030.0,16.96
2015-02-12,4344.75,4308.5,4346.5,4285.75,219350.0,15.34
2015-02-13,4377.0,4342.75,4382.0,4340.75,190390.0,14.69
2015-02-17,4381.75,4373.5,4388.5,4364.5,194620.0,15.8
2015-02-18,4386.0,4384.5,4393.5,4373.75,146470.0,15.45
2015-02-19,4413.25,4390.25,4417.25,4376.0,168240.0,15.29
2015-02-20,4438.0,4416.25,4445.0,4396.0,235150.0,14.3
2015-02-23,4444.5,4439.75,4449.25,4429.75,133130.0,14.56
2015-02-24,4450.25,4445.25,4455.75,4427.0,163050.0,13.69
2015-02-25,4436.75,4449.25,4461.0,4429.25,173940.0,13.84
2015-02-26,4461.75,4438.5,4464.75,4431.0,193610.0,13.91
2015-02-27,4442.5,4460.5,4462.75,4435.0,173300.0,13.34
2015-03-02,4477.0,4447.0,4483.25,4446.25,185330.0,13.04
2015-03-03,4456.5,4479.0,4479.0,4432.5,198590.0,13.86
2015-03-04,4444.25,4458.25,4458.25,4419.25,211000.0,14.23
2015-03-05,4449.5,4444.25,4464.75,4432.75,185180.0,14.04
2015-03-06,4405.0,4451.5,4460.5,4389.25,296610.0,15.2
2015-03-09,4413.5,4411.75,4424.75,4391.75,217760.0,15.06
2015-03-10,4331.25,4415.25,4415.75,4328.5,313250.0,16.69
2015-03-11,4307.5,4334.25,4347.5,4304.25,260959.99999999997,16.87
2015-03-12,4330.75,4312.5,4339.5,4298.75,269240.0,15.42
2015-03-13,4308.75,4331.75,4347.5,4288.25,218260.0,16.0
2015-03-16,4359.5,4313.5,4372.75,4299.5,119760.0,15.61
2015-03-17,4377.75,4355.5,4384.75,4348.75,118900.0,15.66
2015-03-18,4427.25,4377.25,4441.5,4343.25,75860.0,13.97
2015-03-19,4429.5,4427.5,4441.75,4419.5,39160.0,14.07
2015-03-20,4467.13,4426.25,4467.25,4424.0,210560.0,13.02
2015-03-23,4436.75,4448.5,4461.25,4436.0,149740.0,13.41
2015-03-24,4429.0,4436.5,4461.0,4424.25,184230.0,13.62
2015-03-25,4323.5,4429.25,4438.5,4320.0,320360.0,15.44
2015-03-26,4310.75,4327.0,4331.0,4270.0,356230.0,15.8
2015-03-27,4325.75,4313.0,4333.5,4297.25,209530.0,15.07
2015-03-30,4372.5,4327.5,4381.75,4315.75,202010.0,14.51
2015-03-31,4329.5,4370.0,4375.75,4320.75,224930.0,15.29
2015-04-01,4313.0,4321.75,4334.25,4259.0,311510.0,15.11
2015-04-02,4307.25,4316.75,4321.0,4288.5,168850.0,14.67
2015-04-06,4342.25,4265.0,4354.75,4264.5,154030.0,14.74
2015-04-07,4334.0,4339.75,4372.25,4330.25,171690.0,14.78
2015-04-08,4374.75,4335.25,4379.25,4327.5,225550.0,13.98
2015-04-09,4399.25,4378.0,4401.25,4352.75,201440.0,13.09
2015-04-10,4414.75,4399.0,4416.0,4385.75,126570.0,12.58
2015-04-13,4403.25,4415.0,4441.5,4399.5,171930.0,13.94
2015-04-14,4397.75,4405.5,4414.5,4366.75,220750.0,13.67
2015-04-15,4421.75,4400.25,4429.0,4388.75,170500.0,12.84
2015-04-16,4415.25,4426.25,4429.5,4398.0,162970.0,12.6
2015-04-17,4349.0,4416.25,4417.5,4324.0,302070.0,13.89
2015-04-20,4407.5,4356.75,4417.0,4352.25,218240.0,13.3
2015-04-21,4428.5,4402.75,4442.75,4402.75,190750.0,13.25
2015-04-22,4445.25,4433.0,4459.5,4398.5,196850.0,12.71
2015-04-23,4481.5,4438.5,4497.25,4418.0,252580.0,12.48
2015-04-24,4529.25,4492.5,4536.25,4489.5,204740.0,12.29
2015-04-27,4524.75,4533.0,4555.5,4509.25,224600.0,13.12
2015-04-28,4516.0,4524.25,4531.25,4471.75,283970.0,12.41
2015-04-29,4479.75,4512.25,4514.0,4456.25,290970.0,13.39
2015-04-30,4408.25,4474.0,4478.25,4386.5,353280.0,14.55
2015-05-01,4467.75,4414.0,4470.75,4409.75,197160.0,12.7
2015-05-04,4476.5,4471.75,4503.5,4457.0,191860.0,12.85
2015-05-05,4407.5,4474.0,4480.25,4399.5,306240.0,14.31
2015-05-06,4373.0,4409.0,4423.5,4341.5,335130.0,15.15
2015-05-07,4402.5,4371.5,4409.25,4332.5,249250.0,15.13
2015-05-08,4448.75,4404.0,4462.75,4401.0,216450.0,12.86
2015-05-11,4431.25,4452.5,4464.5,4426.75,170510.0,13.85
2015-05-12,4420.75,4431.5,4438.0,4374.5,257300.0,13.86
2015-05-13,4423.75,4423.0,4457.75,4417.5,200870.0,13.76
2015-05-14,4490.25,4425.75,4493.0,4412.75,184400.0,12.74
2015-05-15,4488.75,4489.0,4507.5,4477.75,140750.0,12.38
2015-05-18,4507.25,4491.25,4517.75,4470.5,128600.0,12.73
2015-05-19,4501.25,4509.75,4526.5,4496.5,127690.0,12.85
2015-05-20,4505.5,4501.75,4534.0,4482.25,170960.0,12.88
2015-05-21,4528.75,4500.0,4536.5,4486.5,123530.0,12.11
2015-05-22,4528.75,4530.5,4542.0,4522.0,100980.0,12.13
2015-05-26,4479.75,4527.5,4538.5,4455.0,228080.0,14.06
2015-05-27,4542.25,4481.5,4551.0,4473.0,198540.0,13.27
2015-05-28,4542.75,4540.5,4547.5,4521.75,152020.0,13.31
2015-05-29,4511.0,4542.0,4545.25,4497.25,197740.0,13.84
2015-06-01,4521.5,4514.0,4538.25,4486.0,216320.0,13.97
2015-06-02,4503.0,4525.75,4531.75,4480.75,222450.0,14.24
2015-06-03,4527.5,4503.25,4540.75,4501.25,190320.0,13.66
2015-06-04,4496.5,4526.75,4527.25,4473.25,285060.0,14.71
2015-06-05,4481.5,4494.75,4506.5,4449.25,232920.0,14.21
2015-06-08,4432.25,4479.5,4483.25,4422.0,237400.0,15.29
2015-06-09,4431.5,4435.75,4441.25,4390.25,226090.0,14.47
2015-06-10,4488.75,4431.5,4498.25,4430.5,238890.0,13.22
2015-06-11,4490.5,4486.25,4512.25,4479.25,186850.0,12.85
2015-06-12,4454.75,4489.25,4491.25,4447.75,153830.0,13.78
2015-06-15,4435.5,4443.5,4444.75,4394.25,145110.0,15.39
2015-06-16,4459.0,4432.5,4463.5,4403.0,108590.0,14.81
2015-06-17,4461.25,4459.25,4482.75,4440.0,67480.0,14.5
2015-06-18,4538.0,4459.75,4541.75,4447.5,66530.0,13.19
2015-06-19,4533.84,4536.5,4546.75,4526.75,162660.0,13.96
2015-06-22,4532.75,4512.5,4552.25,4512.25,157040.0,12.74
2015-06-23,4541.25,4538.75,4548.75,4522.75,116970.0,12.11
2015-06-24,4515.75,4543.5,4555.25,4514.5,165450.0,13.26
2015-06-25,4509.25,4520.25,4547.5,4500.0,175330.0,14.01
2015-06-26,4480.5,4506.5,4517.0,4459.75,226370.0,14.02
2015-06-29,4378.0,4429.75,4451.5,4368.25,334970.0,18.85
2015-06-30,4390.25,4386.25,4412.25,4372.0,304510.0,18.23
2015-07-01,4422.0,4392.75,4441.75,4392.0,191160.0,16.09
2015-07-02,4428.75,4423.75,4441.5,4408.25,155240.0,16.79
2015-07-06,4422.75,4366.0,4437.25,4344.0,285740.0,17.01
2015-07-07,4422.25,4429.5,4448.0,4334.5,384240.0,16.09
2015-07-08,4346.5,4422.5,4422.5,4336.5,335130.0,19.66
2015-07-09,4339.5,4347.75,4408.0,4331.75,260170.00000000003,19.97
2015-07-10,4408.25,4345.75,4426.5,4345.75,236770.0,16.83
2015-07-13,4488.0,4384.0,4491.75,4372.5,209770.0,13.9
2015-07-14,4517.5,4487.25,4529.75,4484.5,156250.0,13.37
2015-07-15,4536.5,4519.25,4539.5,4509.25,187310.0,13.23
2015-07-16,4597.75,4534.5,4612.5,4531.0,192220.0,12.11
2015-07-17,4650.0,4609.75,4654.0,4607.25,187930.0,11.95
2015-07-20,4671.25,4649.0,4686.0,4646.5,169780.0,12.25
2015-07-21,4666.5,4671.25,4683.0,4611.5,226220.0,12.22
2015-07-22,4617.0,4618.0,4636.5,4588.75,235340.0,12.12
2015-07-23,4620.0,4621.75,4634.75,4584.25,211220.0,12.64
2015-07-24,4561.75,4633.5,4638.75,4544.5,236180.0,13.74
2015-07-27,4522.5,4562.25,4568.25,4503.5,293740.0,15.6
2015-07-28,4556.0,4521.25,4561.25,4497.0,280670.0,13.44
2015-07-29,4565.0,4558.0,4579.5,4544.0,222560.0,12.5
2015-07-30,4595.25,4562.75,4598.75,4530.75,226290.0,12.13
2015-07-31,4585.0,4589.25,4608.75,4576.25,214680.0,12.12
2015-08-03,4573.0,4583.25,4599.25,4540.5,251560.0,12.56
2015-08-04,4551.75,4570.5,4581.25,4543.5,253010.0,13.0
2015-08-05,4593.5,4551.5,4629.0,4551.0,247800.0,12.51
2015-08-06,4524.75,4591.75,4608.75,4502.75,272060.0,13.77
2015-08-07,4519.0,4527.25,4533.75,4480.5,249230.0,13.39
2015-08-10,4566.0,4514.0,4580.0,4512.75,199350.0,12.23
2015-08-11,4510.75,4582.5,4584.75,4485.5,301820.0,13.71
2015-08-12,4533.5,4512.75,4535.5,4431.25,358450.0,13.61
2015-08-13,4517.25,4529.75,4557.0,4508.75,234830.0,13.49
2015-08-14,4531.75,4514.5,4534.0,4499.0,167710.0,12.83
2015-08-17,4564.75,4532.5,4567.75,4503.25,191980.0,13.02
2015-08-18,4544.0,4562.5,4573.5,4533.75,164760.0,13.79
2015-08-19,4503.75,4543.0,4552.25,4483.25,331470.0,15.25
2015-08-20,4366.25,4502.25,4513.0,4360.0,449730.0,19.14
2015-08-21,4200.75,4367.75,4368.25,4189.0,614570.0,28.03
2015-08-24,4003.25,4183.75,4196.25,3908.25,746530.0,40.74
2015-08-25,4028.5,3998.0,4204.25,3997.75,630060.0,36.02
2015-08-26,4214.5,4036.75,4229.5,3958.75,637930.0,30.32
2015-08-27,4328.0,4222.75,4332.75,4205.25,475380.0,26.1
2015-08-28,4333.0,4327.0,4340.75,4281.75,322070.0,26.05
2015-08-31,4271.75,4324.0,4330.25,4258.5,303200.0,28.43
2015-09-01,4158.25,4266.0,4268.0,4118.25,481010.0,31.4
2015-09-02,4260.0,4150.75,4263.75,4136.0,340630.0,26.09
2015-09-03,4229.5,4260.25,4304.25,4219.75,332570.0,25.61
2015-09-04,4194.0,4231.75,4237.5,4155.0,354120.0,27.8
2015-09-08,4298.5,4181.75,4305.5,4180.0,293910.0,24.9
2015-09-09,4255.0,4300.5,4369.5,4240.25,354130.0,26.23
2015-09-10,4295.0,4259.0,4327.25,4226.5,410490.0,24.37
2015-09-11,4325.25,4294.75,4330.0,4259.5,127470.0,23.2
2015-09-14,4310.0,4325.25,4357.0,4292.25,87550.0,24.25
2015-09-15,4361.0,4311.5,4373.5,4290.75,83370.0,22.54
2015-09-16,4391.5,4362.5,4393.0,4345.5,62010.0,21.35
2015-09-17,4380.25,4385.75,4451.5,4368.0,46680.0,21.14
2015-09-18,4331.15,4381.5,4392.75,4313.0,3670.0,22.28
2015-09-21,4341.25,4324.75,4361.5,4286.5,254500.0,20.14
2015-09-22,4267.25,4342.0,4345.0,4220.5,320030.0,22.44
2015-09-23,4262.75,4264.25,4292.75,4221.5,238550.0,22.13
2015-09-24,4246.0,4268.5,4278.75,4185.25,355070.0,23.47
2015-09-25,4213.5,4232.0,4315.75,4185.5,344910.0,23.62
2015-09-28,4094.75,4202.5,4239.0,4079.5,360680.0,27.63
2015-09-29,4074.75,4106.25,4144.25,4040.75,427260.0,26.83
2015-09-30,4163.0,4078.75,4169.0,4066.0,347070.0,24.5
2015-10-01,4187.5,4154.0,4225.75,4116.25,367790.0,22.55
2015-10-02,4261.25,4188.25,4263.75,4111.5,404890.0,20.94
2015-10-05,4311.25,4257.75,4329.75,4250.5,242310.0,19.54
2015-10-06,4290.25,4307.75,4322.0,4263.5,264370.0,19.4
2015-10-07,4323.75,4275.0,4333.75,4268.0,329990.0,18.4
2015-10-08,4344.75,4324.0,4348.25,4265.0,317020.0,17.42
2015-10-09,4359.5,4338.0,4369.25,4324.5,208830.0,17.08
2015-10-12,4375.0,4355.0,4381.5,4346.25,132680.0,16.17
2015-10-13,4341.25,4377.0,4390.75,4338.5,232730.0,17.67
2015-10-14,4326.5,4334.25,4365.25,4317.5,284810.0,18.03
2015-10-15,4411.75,4335.25,4412.0,4332.5,275990.0,16.05
2015-10-16,4434.75,4409.75,4439.0,4396.0,207250.0,15.05
2015-10-19,4454.5,4434.5,4455.5,4411.0,202410.0,14.98
2015-10-20,4424.75,4451.5,4456.0,4414.0,200210.0,15.75
2015-10-21,4399.25,4422.75,4456.25,4394.75,289770.0,16.7
2015-10-22,4552.75,4406.75,4565.5,4402.0,348490.0,14.45
2015-10-23,4611.5,4562.25,4637.5,4562.0,361590.0,14.46
2015-10-26,4616.25,4614.0,4630.0,4592.75,184130.0,15.29
2015-10-27,4632.25,4619.75,4651.75,4601.25,217940.0,15.43
2015-10-28,4673.75,4635.25,4678.25,4600.5,306880.0,14.33
2015-10-29,4661.75,4664.25,4670.25,4642.75,184530.0,14.61
2015-10-30,4643.25,4666.0,4690.25,4636.0,211240.0,15.07
2015-11-02,4694.0,4644.5,4699.5,4625.0,162660.0,14.15
2015-11-03,4712.0,4688.25,4727.5,4677.0,186760.0,14.54
2015-11-04,4709.5,4711.75,4729.75,4691.25,231000.0,15.51
2015-11-05,4695.25,4708.25,4727.5,4673.75,246170.0,15.05
2015-11-06,4703.0,4700.75,4708.75,4658.75,276680.0,14.33
2015-11-09,4652.75,4701.25,4712.75,4622.0,256940.0,16.52
2015-11-10,4643.0,4650.0,4662.25,4612.5,241860.0,15.29
2015-11-11,4631.75,4640.25,4674.75,4625.25,221700.0,16.06
2015-11-12,4585.25,4631.25,4653.25,4581.25,268160.0,18.37
2015-11-13,4502.0,4583.75,4590.5,4485.75,344230.0,20.08
2015-11-16,4559.75,4478.25,4565.5,4455.0,282190.0,18.16
2015-11-17,4569.5,4560.75,4597.75,4552.0,269680.0,18.84
2015-11-18,4652.5,4570.25,4656.75,4556.25,242820.0,16.85
2015-11-19,4660.0,4649.75,4677.0,4646.75,217270.0,16.99
2015-11-20,4689.5,4656.75,4691.5,4652.25,177130.0,15.47
2015-11-23,4675.75,4689.5,4706.75,4653.75,163320.0,15.62
2015-11-24,4666.0,4673.75,4684.5,4620.0,230130.0,15.93
2015-11-25,4677.25,4665.0,4684.5,4659.5,119710.0,15.19
2015-11-27,4682.5,4679.75,4703.25,4664.75,105380.0,15.12
2015-11-30,4668.75,4685.5,4700.5,4653.5,179770.0,16.13
2015-12-01,4716.25,4678.75,4716.75,4676.5,228430.0,14.67
2015-12-02,4694.5,4715.0,4739.5,4678.5,231810.0,15.91
2015-12-03,4611.0,4698.75,4730.25,4579.0,379530.0,18.11
2015-12-04,4713.25,4616.0,4723.25,4603.0,305070.0,14.81
2015-12-07,4701.0,4721.25,4730.0,4670.5,224660.0,15.84
2015-12-08,4687.25,4699.75,4709.0,4641.25,299290.0,17.6
2015-12-09,4616.0,4690.5,4707.5,4593.25,388710.0,19.61
2015-12-10,4644.0,4624.0,4674.5,4618.25,302770.0,19.34
2015-12-11,4539.25,4646.25,4659.0,4527.5,226520.0,24.39
2015-12-14,4566.5,4534.5,4579.5,4477.25,156220.0,22.73
2015-12-15,4606.0,4571.5,4639.0,4566.75,151200.0,20.95
2015-12-16,4663.0,4607.5,4674.5,4580.0,71660.0,17.86
2015-12-17,4577.75,4656.75,4689.5,4574.0,49750.0,18.94
2015-12-18,4576.08,4577.0,4597.0,4552.5,2270.0,20.7
2015-12-21,4563.0,4513.75,4571.75,4511.75,176610.0,18.7
2015-12-22,4591.0,4569.0,4594.5,4541.25,166650.0,16.6
2015-12-23,4606.75,4590.5,4620.25,4583.0,147740.0,15.57
2015-12-24,4611.0,4607.75,4630.0,4600.75,62050.0,15.74
2015-12-28,4613.75,4611.0,4619.5,4571.5,113570.0,16.91
2015-12-29,4690.5,4617.75,4697.75,4610.5,158100.0,16.08
2015-12-30,4646.0,4687.25,4695.0,4643.5,117430.0,17.29
2015-12-31,4587.75,4648.0,4655.0,4579.5,160710.0,18.21
2016-01-04,4504.5,4592.5,4606.75,4429.75,368670.0,20.7
2016-01-05,4483.75,4505.5,4523.0,4457.25,301180.0,19.34
2016-01-06,4446.75,4482.0,4487.5,4386.0,346780.0,20.59
2016-01-07,4289.25,4450.25,4458.5,4283.0,501320.0,24.99
2016-01-08,4261.5,4298.0,4370.0,4255.75,480510.0,27.01
2016-01-11,4273.0,4264.25,4304.5,4208.75,435580.0,24.3
2016-01-12,4312.75,4272.25,4345.75,4236.5,417580.0,22.47
2016-01-13,4175.75,4308.75,4365.0,4167.25,521070.00000000006,25.22
2016-01-14,4257.5,4181.5,4300.5,4124.0,526510.0,23.95
2016-01-15,4140.75,4255.0,4268.75,4075.75,567530.0,27.02
2016-01-19,4144.5,4126.75,4215.75,4091.25,475760.0,26.05
2016-01-20,4133.0,4141.0,4171.5,3983.5,628240.0,27.59
2016-01-21,4130.25,4130.75,4192.25,4085.75,554100.0,26.69
2016-01-22,4247.5,4126.25,4253.0,4119.0,328590.0,22.34
2016-01-25,4186.75,4247.5,4260.0,4179.25,287600.0,24.15
2016-01-26,4226.75,4190.0,4243.75,4133.0,327220.0,22.5
2016-01-27,4127.0,4195.25,4218.75,4102.0,408520.0,23.11
2016-01-28,4153.75,4150.25,4199.0,4106.75,414080.0,22.42
2016-01-29,4263.0,4135.0,4271.25,4129.0,328860.0,20.2
2016-02-01,4291.5,4263.25,4309.25,4228.5,263360.0,19.98
2016-02-02,4192.0,4286.5,4287.0,4170.75,314730.0,21.98
2016-02-03,4171.5,4186.0,4215.0,4090.5,484500.0,21.65
2016-02-04,4155.75,4169.75,4206.5,4113.5,383180.0,21.84
2016-02-05,4022.0,4146.5,4173.5,4001.0,443080.0,23.38
2016-02-08,3964.25,4027.25,4046.0,3883.0,542370.0,26.0
2016-02-09,3944.25,3958.5,4004.0,3897.5,499990.0,26.54
2016-02-10,3967.25,3954.5,4041.0,3922.25,426910.0,26.29
2016-02-11,3961.25,3963.0,3985.5,3862.25,504870.0,28.14
2016-02-12,4006.25,3963.25,4017.5,3953.0,307350.0,25.4
2016-02-16,4092.75,4021.5,4104.75,4021.5,320590.0,24.11
2016-02-17,4196.75,4089.75,4211.5,4068.25,291650.0,22.31
2016-02-18,4155.0,4208.25,4227.5,4144.0,254580.0,21.64
2016-02-19,4161.0,4156.25,4175.0,4120.25,229020.0,20.53
2016-02-22,4214.75,4155.25,4234.0,4146.5,189980.0,19.38
2016-02-23,4159.25,4207.25,4216.5,4154.5,227810.0,20.98
2016-02-24,4208.5,4156.5,4218.5,4084.75,336250.0,20.72
2016-02-25,4244.25,4214.5,4247.75,4170.25,265550.0,19.11
2016-02-26,4230.0,4243.0,4293.25,4225.0,272800.0,19.81
2016-02-29,4201.25,4225.25,4263.25,4184.5,250320.0,20.55
2016-03-01,4337.75,4199.25,4338.75,4180.25,295760.0,17.7
2016-03-02,4329.25,4334.5,4357.75,4299.25,265750.0,17.09
2016-03-03,4320.25,4326.75,4344.5,4293.5,202260.0,16.7
2016-03-04,4322.5,4323.0,4355.0,4298.0,289080.0,16.86
2016-03-07,4300.0,4321.0,4330.0,4268.75,246820.0,17.35
2016-03-08,4270.5,4301.0,4308.75,4251.5,293550.0,18.67
2016-03-09,4294.5,4271.0,4299.0,4256.75,238220.0,18.34
2016-03-10,4285.0,4295.25,4347.5,4229.75,392230.0,18.05
2016-03-11,4352.75,4287.25,4361.25,4282.5,156650.0,16.5
2016-03-14,4366.0,4352.75,4378.25,4340.5,106670.0,16.92
2016-03-15,4364.5,4364.75,4372.0,4338.0,71630.0,16.84
2016-03-16,4397.5,4366.25,4416.5,4349.0,65620.0,14.99
2016-03-17,4402.25,4396.75,4422.0,4369.0,51820.0,14.44
2016-03-18,4425.81,4404.75,4418.25,4394.0,5160.0,14.02
2016-03-21,4416.25,4394.75,4421.25,4376.75,169660.0,13.79
2016-03-22,4434.5,4416.0,4440.5,4383.75,189220.0,14.17
2016-03-23,4395.5,4434.75,4441.25,4383.25,211430.0,14.94
2016-03-24,4397.25,4395.0,4401.0,4365.0,192090.0,14.74
2016-03-28,4389.5,4401.5,4425.75,4381.5,133720.0,15.24
2016-03-29,4458.25,4389.75,4463.5,4374.0,224460.0,13.82
2016-03-30,4482.0,4460.75,4510.25,4456.5,222490.0,13.56
2016-03-31,4476.25,4480.25,4495.5,4462.25,190530.0,13.95
2016-04-01,4528.5,4477.75,4529.5,4441.5,245300.0,13.1
2016-04-04,4500.25,4526.75,4543.75,4495.25,186750.0,14.12
2016-04-05,4469.5,4499.75,4501.5,4456.5,218340.0,15.42
2016-04-06,4535.0,4476.0,4537.75,4467.25,239590.0,14.09
2016-04-07,4470.25,4533.5,4539.5,4450.75,260820.0,16.16
2016-04-08,4467.25,4467.5,4509.75,4451.5,232570.0,15.36
2016-04-11,4451.5,4470.0,4509.75,4446.0,242690.0,16.26
2016-04-12,4490.0,4447.0,4497.5,4426.5,249250.0,14.85
2016-04-13,4547.75,4489.0,4553.75,4486.75,226050.0,13.84
2016-04-14,4546.25,4546.5,4563.25,4530.5,163850.0,13.72
2016-04-15,4538.5,4548.75,4554.5,4523.0,171810.0,13.62
2016-04-18,4546.5,4518.75,4561.25,4501.0,179870.0,13.35
2016-04-19,4526.75,4545.5,4584.5,4506.75,247340.0,13.24
2016-04-20,4535.75,4528.25,4556.0,4509.0,192770.0,13.28
2016-04-21,4497.75,4533.25,4551.75,4488.0,239650.0,13.95
2016-04-22,4465.75,4488.25,4501.75,4431.0,276830.0,13.22
2016-04-25,4472.25,4477.0,4479.75,4436.0,172470.0,14.08
2016-04-26,4452.5,4472.25,4489.75,4407.0,210950.0,13.96
2016-04-27,4423.75,4405.0,4433.75,4372.25,303550.0,13.77
2016-04-28,4382.0,4432.0,4442.25,4346.25,306770.0,15.22
2016-04-29,4331.5,4383.5,4391.25,4296.75,383210.0,15.7
2016-05-02,4369.0,4337.0,4378.5,4318.0,218450.0,14.68
2016-05-03,4334.5,4372.0,4374.5,4319.5,264170.0,15.6
2016-05-04,4309.75,4335.5,4342.0,4292.25,230350.0,16.05
2016-05-05,4300.25,4308.25,4342.5,4292.5,221670.0,15.91
2016-05-06,4328.25,4299.25,4333.75,4271.0,257890.0,14.72
2016-05-09,4335.75,4329.75,4356.5,4318.0,204960.0,14.57
2016-05-10,4392.0,4334.75,4398.75,4323.75,202300.0,13.63
2016-05-11,4351.5,4394.25,4403.0,4350.75,207220.0,14.69
2016-05-12,4334.75,4352.5,4381.75,4305.75,262050.0,14.41
2016-05-13,4324.0,4337.25,4360.5,4303.75,248780.0,15.04
2016-05-16,4375.25,4316.0,4392.0,4305.5,197280.0,14.68
2016-05-17,4319.5,4372.75,4393.75,4308.0,250350.0,15.57
2016-05-18,4332.25,4321.0,4359.0,4301.0,304680.0,15.95
2016-05-19,4317.25,4337.75,4340.75,4280.75,272690.0,16.33
2016-05-20,4362.25,4317.0,4379.0,4314.5,239290.0,15.2
2016-05-23,4352.5,4367.75,4381.5,4348.25,166070.0,15.82
2016-05-24,4445.25,4351.5,4448.75,4341.75,232140.0,14.42
2016-05-25,4474.75,4445.5,4489.5,4443.0,235310.0,13.9
2016-05-26,4492.25,4473.5,4495.5,4463.5,163690.0,13.43
2016-05-27,4510.0,4494.0,4513.5,4490.25,148790.0,13.12
2016-05-31,4524.25,4518.25,4528.25,4497.5,201160.0,14.19
2016-06-01,4521.5,4522.0,4537.5,4502.75,190610.0,14.2
2016-06-02,4532.25,4520.5,4533.0,4486.25,179290.0,13.63
2016-06-03,4509.0,4530.25,4538.75,4478.75,225160.0,13.47
2016-06-06,4525.5,4511.0,4536.5,4504.0,164530.0,13.65
2016-06-07,4514.25,4524.5,4545.5,4511.25,155450.0,14.05
2016-06-08,4519.0,4512.5,4530.25,4504.0,171370.0,14.08
2016-06-09,4512.0,4518.25,4522.5,4493.5,236710.0,14.64
2016-06-10,4465.75,4513.0,4514.25,4446.25,139170.0,17.03
2016-06-13,4426.25,4458.75,4461.75,4419.25,112200.0,20.97
2016-06-14,4425.25,4419.25,4440.5,4391.75,93610.0,20.5
2016-06-15,4412.75,4424.0,4444.0,4404.25,61840.0,20.14
2016-06-16,4424.75,4409.75,4429.0,4361.0,49750.0,19.37
2016-06-17,4417.25,4423.25,4439.5,4410.0,250750.0,19.41
2016-06-20,4390.0,4383.0,4436.75,4383.0,193780.0,18.37
2016-06-21,4400.25,4398.5,4415.75,4388.25,193000.0,18.48
2016-06-22,4394.5,4397.25,4434.0,4391.0,188820.0,21.17
2016-06-23,4462.5,4409.75,4479.25,4408.0,194790.0,17.25
2016-06-24,4262.25,4482.75,4494.0,4234.5,487740.0,25.76
2016-06-27,4178.0,4250.0,4267.75,4167.75,409410.0,23.85
2016-06-28,4281.0,4176.25,4284.5,4176.0,257130.0,18.75
2016-06-29,4362.75,4281.25,4380.0,4268.25,258779.99999999997,16.64
2016-06-30,4407.0,4375.0,4410.5,4338.5,242970.0,15.63
2016-07-01,4433.25,4397.0,4446.25,4386.25,176590.0,14.77
2016-07-05,4404.0,4438.75,4451.5,4377.5,200640.0,15.58
2016-07-06,4439.5,4406.0,4440.5,4365.75,252770.0,14.96
2016-07-07,4452.25,4434.75,4461.25,4427.5,184870.0,14.76
2016-07-08,4517.25,4451.75,4523.25,4439.75,230850.0,13.2
2016-07-11,4549.5,4519.5,4563.5,4515.75,181190.0,13.54
2016-07-12,4569.75,4552.75,4582.0,4546.75,186980.0,13.55
2016-07-13,4561.25,4571.75,4584.5,4558.5,183870.0,13.04
2016-07-14,4590.0,4561.0,4608.25,4553.5,191870.0,12.82
2016-07-15,4579.25,4585.0,4603.5,4550.25,169370.0,12.67
2016-07-18,4608.25,4580.0,4621.75,4577.0,174580.0,12.44
2016-07-19,4606.5,4609.5,4611.25,4588.25,162370.0,11.97
2016-07-20,4650.5,4609.0,4659.0,4597.75,179220.0,11.77
2016-07-21,4638.25,4654.0,4662.25,4626.75,181960.0,12.74
2016-07-22,4657.25,4638.5,4664.5,4628.5,147970.0,12.02
2016-07-25,4653.75,4659.25,4669.5,4643.5,144760.0,12.87
2016-07-26,4663.75,4658.5,4688.25,4641.0,205850.0,13.05
2016-07-27,4707.75,4691.25,4714.0,4676.75,228530.0,12.83
2016-07-28,4719.75,4710.25,4732.0,4689.5,220000.0,12.72
2016-07-29,4726.75,4731.75,4736.5,4709.0,205930.0,11.87
2016-08-01,4744.5,4737.5,4760.25,4721.0,199520.0,12.44
2016-08-02,4714.25,4749.25,4759.5,4681.75,260930.0,13.37
2016-08-03,4728.25,4713.25,4729.25,4698.0,168460.0,12.86
2016-08-04,4743.75,4726.5,4747.0,4715.0,167880.0,12.42
2016-08-05,4783.0,4745.0,4797.75,4742.5,178010.0,11.39
2016-08-08,4779.25,4784.75,4800.75,4766.25,131560.0,11.5
2016-08-09,4791.75,4780.5,4807.75,4777.5,134340.0,11.66
2016-08-10,4781.5,4793.5,4800.25,4767.25,141480.0,12.05
2016-08-11,4800.0,4782.25,4811.0,4775.75,147600.0,11.68
2016-08-12,4804.25,4800.0,4806.75,4787.0,131960.0,11.55
2016-08-15,4822.75,4806.75,4835.25,4805.0,130169.99999999999,11.81
2016-08-16,4798.5,4822.75,4824.5,4796.5,156060.0,12.64
2016-08-17,4804.0,4800.75,4809.75,4772.0,197780.0,12.19
2016-08-18,4808.5,4808.25,4814.0,4792.75,149000.0,11.43
2016-08-19,4807.0,4808.0,4816.75,4785.0,194620.0,11.34
2016-08-22,4811.75,4809.25,4818.0,4789.5,196400.0,12.27
2016-08-23,4817.0,4809.25,4836.75,4807.75,160450.0,12.38
2016-08-24,4786.25,4818.5,4823.5,4770.75,190470.0,13.45
2016-08-25,4782.25,4786.5,4794.0,4768.25,194390.0,13.63
2016-08-26,4785.75,4783.5,4817.5,4757.25,281260.0,13.65
2016-08-29,4793.25,4786.0,4805.75,4774.0,146930.0,12.94
2016-08-30,4776.0,4795.0,4798.5,4759.75,186260.0,13.12
2016-08-31,4773.75,4778.25,4779.25,4751.5,198480.0,13.42
2016-09-01,4777.5,4774.0,4795.25,4749.5,248350.0,13.48
2016-09-02,4795.25,4777.5,4817.75,4774.25,227920.0,11.98
2016-09-06,4827.5,4801.25,4831.5,4782.25,208190.0,12.02
2016-09-07,4828.75,4830.25,4839.5,4812.5,193460.0,11.94
2016-09-08,4796.0,4827.75,4837.0,4789.5,251330.0,12.51
2016-09-09,4671.0,4796.0,4798.0,4665.0,265150.0,17.5
2016-09-12,4766.75,4671.0,4772.0,4629.0,178340.0,15.16
2016-09-13,4727.75,4763.25,4764.75,4699.25,142820.0,17.85
2016-09-14,4732.5,4732.75,4771.0,4724.0,77620.0,18.14
2016-09-15,4817.75,4734.0,4826.75,4720.5,61730.0,16.3
2016-09-16,4820.03,4813.25,4828.75,4799.0,5820.0,15.37
2016-09-19,4794.25,4814.75,4841.75,4782.5,235030.0,15.53
2016-09-20,4798.5,4796.75,4820.5,4790.0,195030.0,15.92
2016-09-21,4850.0,4800.0,4854.5,4788.5,291230.0,13.3
2016-09-22,4886.25,4849.0,4892.25,4842.75,196510.0,12.02
2016-09-23,4856.5,4887.25,4889.75,4848.25,197320.0,12.29
2016-09-26,4815.0,4852.0,4859.5,4807.5,209590.0,14.5
2016-09-27,4860.75,4813.75,4864.5,4800.75,227160.0,13.1
2016-09-28,4868.25,4857.5,4873.25,4844.75,208680.0,12.39
2016-09-29,4844.25,4866.75,4876.5,4812.5,306340.0,14.02
2016-09-30,4870.25,4839.25,4885.5,4811.75,248150.0,13.29
2016-10-03,4865.75,4867.25,4879.5,4842.75,177130.0,13.57
2016-10-04,4857.5,4866.75,4888.0,4836.25,276980.0,13.63
2016-10-05,4873.5,4856.5,4888.5,4849.25,182960.0,12.99
2016-10-06,4872.0,4874.0,4881.0,4845.5,187200.0,12.84
2016-10-07,4859.0,4870.25,4883.75,4834.75,281210.0,13.48
2016-10-10,4893.25,4868.0,4901.5,4862.25,159240.0,13.38
2016-10-11,4827.0,4892.0,4897.25,4798.0,316600.0,15.36
2016-10-12,4813.5,4822.25,4842.0,4800.25,234220.0,15.91
2016-10-13,4796.0,4804.75,4813.0,4754.5,297940.0,16.69
2016-10-14,4804.25,4796.0,4841.0,4786.25,237880.0,16.12
2016-10-17,4803.25,4803.5,4810.5,4781.0,179670.0,16.21
2016-10-18,4827.0,4802.25,4856.75,4799.75,205550.0,15.28
2016-10-19,4830.25,4823.75,4840.25,4811.0,148340.0,14.41
2016-10-20,4843.75,4828.25,4847.25,4798.75,248120.0,13.75
2016-10-21,4843.25,4844.25,4849.0,4814.75,188660.0,13.34
2016-10-24,4902.75,4847.25,4908.75,4842.75,182260.0,13.02
2016-10-25,4886.0,4906.25,4919.5,4873.5,184980.0,13.46
2016-10-26,4853.75,4874.0,4881.75,4839.5,234120.0,14.24
2016-10-27,4807.0,4852.0,4880.25,4804.25,261339.99999999997,15.36
2016-10-28,4806.0,4818.25,4843.25,4786.5,325150.0,16.19
2016-10-31,4796.75,4795.25,4830.0,4788.25,199170.0,17.06
2016-11-01,4757.25,4802.75,4817.0,4718.75,307810.0,18.56
2016-11-02,4716.75,4754.5,4768.5,4708.25,300310.0,19.32
2016-11-03,4674.5,4700.0,4729.5,4668.25,280600.0,22.08
2016-11-04,4657.75,4671.25,4695.5,4651.25,264050.0,22.51
2016-11-07,4775.75,4709.75,4781.75,4709.75,223770.0,18.71
2016-11-08,4802.25,4777.5,4822.5,4752.75,219990.0,18.74
2016-11-09,4820.5,4807.25,4837.5,4558.5,719500.0,14.38
2016-11-10,4743.75,4817.5,4879.75,4679.25,555100.0,14.74
2016-11-11,4748.0,4741.75,4758.0,4681.75,324940.0,14.17
2016-11-14,4694.5,4753.0,4784.5,4672.75,285040.0,14.48
2016-11-15,4766.0,4692.75,4779.25,4688.0,238490.0,13.37
2016-11-16,4783.25,4765.0,4794.75,4736.25,195710.0,13.72
2016-11-17,4828.5,4781.5,4831.5,4778.0,190170.0,13.35
2016-11-18,4808.5,4828.75,4840.5,4803.0,168800.0,12.85
2016-11-21,4854.0,4813.5,4862.0,4803.25,167540.0,12.42
2016-11-22,4874.75,4858.0,4884.75,4857.0,157470.0,12.41
2016-11-23,4849.5,4877.25,4882.5,4830.25,159650.0,12.43
2016-11-25,4868.5,4850.5,4870.0,4839.5,75490.0,12.34
2016-11-28,4861.0,4864.25,4879.75,4842.75,143190.0,13.15
2016-11-29,4875.0,4861.0,4897.75,4847.5,175920.0,12.9
2016-11-30,4816.0,4872.5,4885.5,4812.5,231490.0,13.33
2016-12-01,4736.5,4819.0,4827.5,4722.75,291380.0,14.07
2016-12-02,4738.5,4735.5,4759.0,4707.25,235330.0,14.12
2016-12-05,4780.5,4719.0,4795.75,4701.5,207430.0,12.14
2016-12-06,4786.75,4780.75,4796.5,4767.75,185120.0,11.79
2016-12-07,4841.75,4788.75,4854.75,4763.5,232690.0,12.22
2016-12-08,4863.0,4844.5,4869.5,4836.0,225780.0,12.64
2016-12-09,4893.75,4861.25,4897.5,4852.5,133170.0,11.75
2016-12-12,4867.75,4899.0,4917.0,4852.5,124200.0,12.64
2016-12-13,4937.75,4867.0,4962.0,4861.5,131860.0,12.72
2016-12-14,4931.75,4939.5,4956.5,4910.25,74020.0,13.19
2016-12-15,4934.5,4928.5,4960.75,4917.5,48310.0,12.79
2016-12-16,4954.19,4938.0,4948.25,4930.25,3750.0,12.2
2016-12-19,4938.75,4915.75,4966.25,4912.5,146140.0,11.71
2016-12-20,4956.0,4939.5,4963.25,4938.5,109980.0,11.45
2016-12-21,4949.5,4956.0,4960.0,4939.25,90650.0,11.27
2016-12-22,4936.5,4948.0,4953.0,4917.0,110520.0,11.43
2016-12-23,4942.25,4933.75,4943.75,4922.75,69060.0,11.44
2016-12-27,4961.25,4942.0,4994.5,4940.0,100370.0,11.99
2016-12-28,4923.75,4961.25,4979.25,4920.25,136660.0,12.95
2016-12-29,4918.5,4923.75,4933.5,4901.25,121560.0,13.37
2016-12-30,4864.0,4920.5,4940.0,4850.0,197660.0,14.04
2017-01-03,4906.25,4876.75,4927.5,4876.75,215980.0,12.85
2017-01-04,4933.5,4906.5,4942.5,4903.0,171950.0,11.85
2017-01-05,4962.0,4934.75,4964.25,4920.5,169570.0,11.67
2017-01-06,5004.0,4962.5,5017.5,4952.5,183320.0,11.32
2017-01-09,5022.0,5004.5,5029.5,5002.5,148110.0,11.56
2017-01-10,5031.25,5022.0,5047.0,5007.25,153770.0,11.49
2017-01-11,5046.5,5032.75,5048.25,5007.5,218750.0,11.26
2017-01-12,5034.75,5044.5,5044.75,4990.25,212320.0,11.54
2017-01-13,5061.25,5035.25,5063.25,5035.25,136610.0,11.23
2017-01-17,5040.25,5056.25,5059.0,5025.0,198100.0,11.87
2017-01-18,5054.5,5040.5,5057.25,5034.0,159690.0,12.48
2017-01-19,5053.5,5053.25,5074.75,5036.5,185600.0,12.78
2017-01-20,5058.25,5055.5,5083.0,5044.75,216180.0,11.54
2017-01-23,5063.5,5059.0,5069.75,5030.25,181150.0,11.77
2017-01-24,5096.25,5063.75,5104.0,5060.0,141580.0,11.07
2017-01-25,5146.5,5100.0,5150.0,5099.75,153210.0,10.81
2017-01-26,5147.75,5148.25,5168.5,5141.75,173380.0,10.63
2017-01-27,5162.5,5144.25,5167.5,5139.25,138340.0,10.58
2017-01-30,5124.5,5146.25,5154.5,5094.5,249340.0,11.88
2017-01-31,5112.75,5123.5,5135.0,5083.25,214700.0,11.99
2017-02-01,5148.5,5132.0,5158.25,5123.0,237360.0,11.81
2017-02-02,5131.0,5147.75,5157.5,5119.5,209880.0,11.93
2017-02-03,5155.0,5129.5,5162.25,5119.75,181440.0,10.97
2017-02-06,5157.75,5157.25,5163.5,5140.25,145400.0,11.37
2017-02-07,5176.75,5157.0,5192.0,5154.25,164420.0,11.29
2017-02-08,5191.25,5175.0,5197.0,5163.5,166260.0,11.45
2017-02-09,5212.25,5189.75,5219.25,5186.25,157900.0,10.88
2017-02-10,5226.75,5211.25,5232.5,5209.75,147030.0,10.85
2017-02-13,5259.25,5229.25,5261.5,5226.75,144520.0,11.07
2017-02-14,5276.0,5259.25,5278.0,5239.75,166900.0,10.74
2017-02-15,5310.0,5274.5,5313.5,5265.25,168260.0,11.97
2017-02-16,5300.5,5313.0,5317.0,5288.5,209930.0,11.76
2017-02-17,5325.75,5300.25,5328.75,5286.75,170810.0,11.49
2017-02-21,5343.75,5323.5,5353.75,5320.5,192760.0,11.57
2017-02-22,5351.0,5345.5,5355.5,5336.25,156580.0,11.74
2017-02-23,5332.0,5352.5,5361.25,5310.75,240390.0,11.71
2017-02-24,5343.25,5329.25,5344.5,5299.0,211940.0,11.47
2017-02-27,5347.5,5340.0,5352.5,5323.25,153780.0,12.09
2017-02-28,5332.25,5345.0,5350.0,5317.0,168040.0,12.92
2017-03-01,5386.0,5334.5,5400.0,5332.0,241770.0,12.54
2017-03-02,5364.75,5382.75,5393.75,5356.25,206020.0,11.81
2017-03-03,5372.0,5358.75,5373.5,5344.25,176730.0,10.96
2017-03-06,5361.0,5369.0,5374.5,5339.0,166730.0,11.24
2017-03-07,5349.75,5354.75,5374.25,5341.5,180790.0,11.45
2017-03-08,5363.0,5350.0,5377.25,5333.75,221620.0,11.86
2017-03-09,5366.75,5362.25,5372.0,5335.5,249230.0,12.3
2017-03-10,5382.0,5370.0,5395.25,5363.0,159750.0,11.66
2017-03-13,5395.5,5381.0,5396.5,5371.75,85360.0,11.35
2017-03-14,5381.5,5394.5,5396.75,5360.0,92070.0,12.3
2017-03-15,5415.25,5380.5,5427.25,5376.0,63830.0,11.63
2017-03-16,5413.0,5412.25,5440.0,5398.75,35580.0,11.21
2017-03-17,5425.34,5411.75,5423.0,5405.75,3800.0,11.28
2017-03-20,5418.5,5407.25,5428.0,5396.0,144690.0,11.34
2017-03-21,5338.25,5415.75,5441.0,5330.0,414740.0,12.47
2017-03-22,5365.75,5334.25,5376.25,5315.0,335870.0,12.81
2017-03-23,5354.5,5365.5,5378.5,5347.25,269770.0,13.12
2017-03-24,5378.75,5357.0,5395.0,5347.5,294980.0,12.96
2017-03-27,5379.0,5360.0,5385.75,5317.25,276500.0,12.5
2017-03-28,5405.0,5382.5,5424.75,5363.5,245030.0,11.53
2017-03-29,5436.0,5409.0,5437.5,5404.75,173940.0,11.42
2017-03-30,5437.5,5436.0,5451.0,5426.5,163120.0,11.54
2017-03-31,5438.5,5440.75,5452.75,5421.0,166660.0,12.37
2017-04-03,5434.5,5436.75,5455.0,5403.25,264740.0,12.38
2017-04-04,5444.0,5432.75,5448.0,5406.75,195120.0,11.79
2017-04-05,5416.25,5447.0,5481.25,5409.0,301130.0,12.89
2017-04-06,5422.75,5414.0,5437.25,5390.0,287870.0,12.39
2017-04-07,5421.25,5426.75,5436.0,5382.75,243810.0,12.87
2017-04-10,5422.25,5420.75,5443.75,5405.75,197530.0,14.05
2017-04-11,5401.75,5426.75,5429.25,5358.0,332140.0,15.07
2017-04-12,5372.75,5402.75,5412.75,5369.0,251110.0,15.77
2017-04-13,5359.0,5369.0,5399.5,5347.5,278780.0,15.96
2017-04-17,5395.25,5352.75,5399.5,5347.75,148630.0,14.66
2017-04-18,5389.25,5397.5,5405.25,5375.5,246220.0,14.42
2017-04-19,5397.75,5389.75,5430.75,5388.75,213580.0,14.93
2017-04-20,5442.75,5398.0,5454.75,5394.5,231390.0,14.15
2017-04-21,5442.0,5445.0,5454.75,5427.5,193760.0,14.63
2017-04-24,5504.0,5471.0,5512.75,5471.0,212520.0,10.84
2017-04-25,5548.25,5502.0,5557.25,5499.0,172850.0,10.76
2017-04-26,5536.25,5546.75,5562.5,5535.0,221750.0,10.85
2017-04-27,5591.0,5535.25,5599.0,5534.25,194730.0,10.36
2017-04-28,5580.5,5584.5,5597.75,5571.75,185940.0,10.82
2017-05-01,5630.75,5581.0,5637.25,5573.5,166030.0,10.11
2017-05-02,5639.75,5629.0,5641.75,5622.5,169050.0,10.59
2017-05-03,5613.25,5621.0,5631.0,5606.0,206430.0,10.68
2017-05-04,5625.75,5609.0,5634.0,5603.75,223460.0,10.46
2017-05-05,5648.25,5627.0,5649.5,5612.5,166260.0,10.57
2017-05-08,5655.5,5658.25,5660.5,5634.5,164350.0,9.77
2017-05-09,5676.25,5654.25,5687.75,5650.75,194000.0,9.96
2017-05-10,5675.5,5678.5,5679.75,5658.25,174080.0,10.21
2017-05-11,5670.75,5674.75,5676.25,5636.25,238810.0,10.6
2017-05-12,5689.0,5670.0,5689.75,5656.5,186830.0,10.4
2017-05-15,5701.25,5689.5,5706.5,5682.5,180920.0,10.42
2017-05-16,5724.25,5705.0,5727.25,5696.25,183420.0,10.65
2017-05-17,5578.75,5723.5,5724.0,5574.75,506880.0,15.59
2017-05-18,5630.5,5575.5,5648.5,5550.5,522260.0,14.66
2017-05-19,5653.25,5631.5,5676.5,5622.0,292200.0,12.04
2017-05-22,5702.0,5652.75,5704.25,5648.75,198200.0,10.93
2017-05-23,5711.5,5701.5,5718.5,5688.5,219010.0,10.72
2017-05-24,5731.25,5709.5,5734.5,5705.25,191510.0,10.02
2017-05-25,5782.0,5731.5,5795.5,5731.25,239940.0,9.99
2017-05-26,5792.25,5781.25,5796.5,5772.75,163400.0,9.81
2017-05-30,5792.0,5793.0,5803.5,5778.25,197720.0,10.38
2017-05-31,5793.25,5792.5,5819.25,5763.75,332650.0,10.41
2017-06-01,5822.0,5804.75,5824.0,5780.5,266070.0,9.89
2017-06-02,5886.0,5823.75,5886.75,5822.0,298210.0,9.75
2017-06-05,5880.75,5878.25,5891.25,5872.75,177410.0,10.07
2017-06-06,5863.25,5880.25,5893.25,5848.5,257089.99999999997,10.45
2017-06-07,5879.75,5862.25,5884.75,5845.75,274940.0,10.39
2017-06-08,5885.0,5877.75,5897.75,5853.5,266470.0,10.16
2017-06-09,5740.5,5872.5,5898.75,5660.25,425290.0,10.7
2017-06-12,5711.0,5740.5,5746.5,5634.5,260180.0,11.46
2017-06-13,5751.25,5713.25,5760.25,5706.75,144810.0,10.42
2017-06-14,5725.25,5752.25,5780.0,5680.0,120810.0,10.64
2017-06-15,5702.5,5722.75,5724.5,5633.75,64519.99999999999,10.9
2017-06-16,5702.27,5701.5,5720.0,5685.0,4940.0,10.38
2017-06-19,5766.0,5694.25,5782.5,5683.25,271970.0,10.37
2017-06-20,5732.75,5766.75,5784.0,5729.0,301240.0,10.86
2017-06-21,5796.0,5728.25,5796.5,5699.0,319200.0,10.75
2017-06-22,5785.75,5793.25,5814.5,5770.75,233020.0,10.48
2017-06-23,5812.25,5785.5,5815.5,5763.0,213550.0,10.02
2017-06-26,5778.25,5803.0,5852.0,5768.0,311740.0,9.9
2017-06-27,5676.5,5780.75,5784.0,5669.0,418000.0,11.06
2017-06-28,5763.5,5673.75,5768.75,5632.0,396600.0,10.03
2017-06-29,5653.0,5766.25,5776.0,5601.0,604720.0,11.44
2017-06-30,5652.75,5648.25,5686.5,5623.5,336510.0,11.18
2017-07-03,5589.25,5658.0,5690.75,5581.25,232660.0,11.22
2017-07-05,5651.5,5591.25,5667.75,5560.25,392300.0,11.07
2017-07-06,5596.75,5650.5,5652.75,5580.0,370740.0,12.54
2017-07-07,5655.75,5598.5,5676.5,5591.5,266770.0,11.19
2017-07-10,5694.0,5663.0,5711.5,5650.0,241360.0,11.11
2017-07-11,5720.0,5692.0,5722.5,5667.5,283450.0,10.89
2017-07-12,5785.75,5719.5,5790.0,5712.75,262330.0,10.3
2017-07-13,5797.5,5786.75,5812.0,5777.25,240960.0,9.9
2017-07-14,5843.25,5799.5,5847.75,5787.75,230870.0,9.51
2017-07-17,5855.0,5843.5,5863.75,5831.25,217890.0,9.82
2017-07-18,5882.75,5858.25,5898.5,5820.25,246040.0,9.89
2017-07-19,5918.25,5895.5,5925.0,5889.0,233290.0,9.79
2017-07-20,5925.25,5919.5,5938.5,5897.0,265350.0,9.58
2017-07-21,5918.75,5930.75,5931.25,5890.5,254480.0,9.36
2017-07-24,5934.0,5919.25,5954.75,5905.0,195020.0,9.43
2017-07-25,5933.75,5925.25,5946.25,5915.75,237100.0,9.43
2017-07-26,5948.0,5933.75,5958.0,5927.0,190190.0,9.6
2017-07-27,5909.5,5961.0,5995.75,5844.75,539450.0,10.11
2017-07-28,5910.25,5909.0,5918.25,5850.0,338480.0,10.29
2017-07-31,5882.5,5910.0,5933.5,5870.25,280480.0,10.26
2017-08-01,5889.25,5884.5,5931.25,5875.5,229010.0,10.09
2017-08-02,5910.75,5933.0,5947.5,5856.25,389620.0,10.28
2017-08-03,5890.0,5911.25,5924.5,5877.25,289420.0,10.44
2017-08-04,5898.0,5889.0,5912.0,5874.25,256730.00000000003,10.03
2017-08-07,5934.0,5900.0,5937.75,5898.0,165200.0,9.93
2017-08-08,5918.0,5935.0,5972.75,5907.5,305080.0,10.96
2017-08-09,5922.5,5913.25,5924.5,5861.75,377650.0,11.11
2017-08-10,5789.75,5922.5,5923.0,5767.25,548170.0,16.04
2017-08-11,5838.25,5769.0,5845.75,5761.0,394750.0,15.51
2017-08-14,5910.0,5837.25,5916.75,5837.25,261540.00000000003,12.33
2017-08-15,5912.0,5913.5,5945.0,5895.5,249830.0,12.04
2017-08-16,5923.5,5915.25,5949.5,5902.0,293910.0,11.74
2017-08-17,5800.25,5920.0,5923.75,5786.5,511900.0,15.55
2017-08-18,5801.25,5792.25,5835.0,5772.5,443310.0,14.26
2017-08-21,5794.0,5805.0,5816.75,5752.25,360380.0,13.19
2017-08-22,5878.5,5795.25,5882.25,5794.25,307900.0,11.35
2017-08-23,5848.0,5878.25,5884.0,5841.5,301680.0,12.25
2017-08-24,5840.5,5845.75,5874.25,5803.25,372770.0,12.23
2017-08-25,5825.0,5845.25,5874.0,5816.5,300170.0,11.28
2017-08-28,5844.75,5819.75,5856.0,5801.25,216420.0,11.32
2017-08-29,5869.75,5820.0,5875.5,5777.25,334340.0,11.7
2017-08-30,5935.0,5869.75,5944.0,5862.5,273970.0,11.22
2017-08-31,5990.75,5936.25,5998.0,5932.5,273830.0,10.59
2017-09-01,5988.25,5994.0,6019.75,5973.25,229860.0,10.13
2017-09-05,5939.25,5956.5,5984.75,5889.5,485650.0,12.23
2017-09-06,5955.0,5943.5,5965.75,5909.25,335780.0,11.63
2017-09-07,5970.0,5952.0,5981.5,5932.25,301530.0,11.55
2017-09-08,5916.25,5969.25,5972.0,5907.5,190960.0,12.12
2017-09-11,5982.5,5928.75,5991.75,5928.75,160000.0,10.73
2017-09-12,5996.5,5981.25,6004.0,5967.5,125610.0,10.58
2017-09-13,6002.0,5999.0,6005.25,5975.5,76180.0,10.5
2017-09-14,5966.25,6001.75,6002.5,5963.5,72480.0,10.44
2017-09-15,5973.85,5965.25,5978.25,5945.25,7730.0,10.17
2017-09-18,5986.75,5999.25,6018.25,5967.25,235720.0,10.15
2017-09-19,5997.0,5989.75,6004.75,5975.0,212480.0,10.18
2017-09-20,5978.5,5997.0,6000.5,5930.5,347500.0,9.78
2017-09-21,5945.25,5976.0,5980.25,5919.25,343400.0,9.67
2017-09-22,5935.75,5944.25,5945.5,5911.0,272650.0,9.59
2017-09-25,5876.5,5930.75,5954.25,5842.0,447830.0,10.21
2017-09-26,5892.5,5878.75,5912.5,5862.75,343470.0,10.17
2017-09-27,5941.0,5889.75,5963.0,5886.5,349280.0,9.87
2017-09-28,5938.5,5936.0,5948.25,5911.25,268100.0,9.55
2017-09-29,5982.5,5939.25,5985.5,5933.0,275660.0,9.51
2017-10-02,5980.5,5984.0,6009.75,5958.5,269520.0,9.45
2017-10-03,5998.0,5985.5,6004.75,5978.75,207900.0,9.51
2017-10-04,6004.0,5999.0,6015.5,5979.5,236710.0,9.63
2017-10-05,6065.75,6005.0,6068.0,6001.0,254720.0,9.19
2017-10-06,6064.25,6062.25,6071.5,6037.5,232610.0,9.65
2017-10-09,6064.5,6062.5,6084.0,6054.75,155750.0,10.33
2017-10-10,6065.25,6062.25,6088.5,6039.0,238960.0,10.08
2017-10-11,6082.5,6064.5,6086.0,6053.25,180900.0,9.85
2017-10-12,6074.75,6083.5,6097.0,6066.5,200080.0,9.91
2017-10-13,6099.75,6073.0,6104.0,6068.5,178530.0,9.61
2017-10-16,6120.25,6101.5,6121.5,6098.0,167590.0,9.91
2017-10-17,6123.75,6119.75,6125.5,6105.0,154430.0,10.31
2017-10-18,6119.25,6122.25,6132.75,6108.0,180410.0,10.07
2017-10-19,6097.75,6121.25,6121.75,6051.25,332210.0,10.05
2017-10-20,6111.0,6097.75,6129.5,6090.5,222220.0,9.97
2017-10-23,6064.75,6109.5,6128.0,6060.5,247880.0,11.07
2017-10-24,6079.5,6064.75,6092.5,6057.0,235530.0,11.16
2017-10-25,6064.5,6073.5,6087.5,6011.0,436670.0,11.23
2017-10-26,6084.75,6065.0,6096.25,6035.0,320280.0,11.3
2017-10-27,6215.25,6092.0,6225.75,6078.75,435840.0,9.8
2017-10-30,6224.25,6209.5,6251.5,6202.25,360340.0,10.5
2017-10-31,6249.75,6221.75,6258.75,6219.25,239130.0,10.18
2017-11-01,6240.75,6249.75,6284.5,6223.5,346060.0,10.2
2017-11-02,6235.75,6230.0,6263.0,6192.5,356530.0,9.93
2017-11-03,6290.5,6252.5,6296.75,6236.0,301690.0,9.14
2017-11-06,6313.5,6285.25,6317.5,6268.0,218390.0,9.4
2017-11-07,6316.0,6311.5,6331.5,6296.25,284160.0,9.89
2017-11-08,6341.5,6310.5,6345.5,6301.5,218250.0,9.78
2017-11-09,6314.5,6342.25,6351.5,6244.75,550270.0,10.5
2017-11-10,6309.25,6312.75,6321.0,6281.0,266730.0,11.29
2017-11-13,6312.0,6312.5,6325.0,6281.0,229370.0,11.5
2017-11-14,6293.5,6310.75,6318.25,6262.75,342800.0,11.59
2017-11-15,6266.25,6293.5,6294.75,6230.75,399620.0,13.13
2017-11-16,6341.0,6264.5,6358.5,6260.75,339690.0,11.76
2017-11-17,6313.25,6342.75,6351.75,6308.5,275850.0,11.43
2017-11-20,6316.0,6312.0,6329.25,6291.25,203720.0,10.65
2017-11-21,6379.5,6315.75,6385.25,6311.25,216030.0,9.73
2017-11-22,6389.5,6381.25,6395.25,6375.25,191140.0,9.88
2017-11-24,6413.5,6388.25,6416.0,6375.75,118440.0,9.67
2017-11-27,6413.25,6414.25,6424.5,6394.75,204120.0,9.87
2017-11-28,6420.25,6413.25,6429.5,6388.75,307330.0,10.03
2017-11-29,6305.5,6423.5,6428.5,6283.0,625760.0,10.7
2017-11-30,6369.0,6306.5,6377.5,6289.0,457770.0,11.28
2017-12-01,6346.25,6353.75,6369.0,6246.0,608010.0,11.43
2017-12-04,6265.25,6371.0,6391.75,6250.75,520740.0,11.68
2017-12-05,6271.75,6255.5,6339.75,6231.75,443790.0,11.33
2017-12-06,6293.0,6269.0,6307.0,6232.5,363680.0,11.02
2017-12-07,6323.0,6298.0,6335.5,6288.75,325350.0,10.16
2017-12-08,6340.0,6322.25,6379.0,6320.5,180080.0,9.58
2017-12-11,6397.5,6343.0,6409.75,6339.75,148290.0,9.34
2017-12-12,6384.25,6404.25,6407.75,6371.75,134500.0,9.92
2017-12-13,6398.5,6385.0,6418.75,6365.5,109050.0,10.18
2017-12-14,6391.75,6396.75,6425.0,6385.5,79400.0,10.49
2017-12-15,6436.94,6389.5,6500.0,6384.0,3860.0,9.42
2017-12-18,6535.25,6498.0,6542.0,6497.5,220350.0,9.53
2017-12-19,6500.75,6535.0,6545.75,6479.75,272970.0,10.03
2017-12-20,6489.0,6504.0,6529.0,6463.25,276120.0,9.72
2017-12-21,6492.25,6486.75,6520.75,6476.0,211560.0,9.62
2017-12-22,6483.75,6489.75,6501.75,6467.5,154620.0,9.9
2017-12-26,6460.0,6482.5,6492.0,6432.25,135130.0,10.25
2017-12-27,6454.0,6461.25,6475.5,6442.0,158480.0,10.47
2017-12-28,6446.25,6452.25,6477.5,6442.25,138250.0,10.18
2017-12-29,6408.75,6444.5,6467.75,6383.25,210110.0,11.04
2018-01-02,6514.75,6405.0,6523.25,6397.75,259589.99999999997,9.77
2018-01-03,6584.5,6513.25,6591.25,6511.25,223240.0,9.15
2018-01-04,6603.5,6583.75,6617.5,6580.0,254580.0,9.22
2018-01-05,6667.75,6608.0,6671.0,6599.75,214940.0,9.22
2018-01-08,6688.0,6667.75,6690.75,6653.25,198490.0,9.52
2018-01-09,6687.0,6687.25,6707.25,6667.25,272450.0,10.08
2018-01-10,6677.25,6679.75,6686.75,6628.25,320260.0,9.82
2018-01-11,6726.5,6676.5,6728.75,6664.25,228870.0,9.88
2018-01-12,6775.25,6725.5,6777.75,6703.25,288870.0,10.16
2018-01-16,6762.25,6781.5,6845.75,6729.25,516270.0,11.66
2018-01-17,6823.75,6762.75,6834.25,6744.75,357650.0,11.91
2018-01-18,6813.0,6818.0,6838.0,6796.0,314510.0,12.22
2018-01-19,6845.75,6816.5,6857.0,6801.5,324200.0,11.27
2018-01-22,6931.0,6830.75,6941.25,6824.25,262760.0,11.03
2018-01-23,6965.75,6929.75,6981.25,6919.75,336200.0,11.1
2018-01-24,6931.25,6956.5,7004.25,6888.25,526390.0,11.47
2018-01-25,6931.5,6933.5,6987.25,6902.0,415460.0,11.58
2018-01-26,7030.25,6938.0,7034.5,6934.25,326270.0,11.08
2018-01-29,6992.5,7030.0,7047.25,6980.0,407160.0,13.84
2018-01-30,6941.5,6991.5,7006.5,6902.75,524080.00000000006,14.79
2018-01-31,6962.5,6938.25,6991.0,6921.5,413800.0,13.54
2018-02-01,6898.5,6973.0,6987.75,6884.75,492860.0,13.47
2018-02-02,6755.75,6954.0,6963.5,6752.25,642480.0,17.31
2018-02-05,6429.25,6752.25,6813.5,6387.75,931680.0,37.32
2018-02-06,6653.75,6473.0,6677.5,6260.25,813420.0,29.98
2018-02-07,6555.75,6638.0,6717.75,6532.0,593450.0,27.73
2018-02-08,6317.25,6542.0,6618.5,6301.0,640590.0,33.46
2018-02-09,6417.75,6328.0,6455.5,6164.0,787500.0,29.06
2018-02-12,6531.75,6434.5,6567.5,6414.25,406080.0,25.61
2018-02-13,6560.5,6529.75,6571.0,6470.75,382330.0,24.97
2018-02-14,6687.0,6559.5,6692.75,6456.25,482300.0,19.26
2018-02-15,6816.0,6681.0,6827.5,6669.75,458420.0,19.13
2018-02-16,6786.75,6816.25,6859.75,6762.0,445960.0,19.46
2018-02-20,6790.5,6783.25,6843.75,6723.25,461890.0,20.6
2018-02-21,6760.5,6788.25,6885.5,6741.25,440210.0,20.02
2018-02-22,6788.75,6756.5,6831.5,6694.75,439680.0,18.72
2018-02-23,6909.75,6792.5,6913.75,6782.75,383730.0,16.49
2018-02-26,7000.0,6918.25,7007.5,6890.0,297830.0,15.8
2018-02-27,6915.75,7003.5,7009.0,6904.0,498390.0,18.59
2018-02-28,6865.0,6913.75,6970.5,6857.75,461820.0,19.85
2018-03-01,6760.75,6879.5,6898.75,6689.0,793740.0,22.47
2018-03-02,6804.75,6763.75,6823.25,6646.0,636240.0,19.59
2018-03-05,6877.5,6795.75,6904.5,6742.5,467870.0,18.73
2018-03-06,6907.75,6880.5,6939.25,6871.75,415230.0,18.36
2018-03-07,6924.5,6858.0,6937.0,6798.25,498160.0,17.76
2018-03-08,6974.25,6922.75,6977.25,6913.5,388690.0,16.54
2018-03-09,7098.25,6972.0,7103.75,6963.0,225670.0,14.64
2018-03-12,7139.5,7099.25,7158.75,7090.0,185870.0,15.78
2018-03-13,7058.25,7136.75,7188.5,7025.75,208520.0,16.35
2018-03-14,7033.5,7039.5,7098.0,7012.25,117330.0,17.23
2018-03-15,7046.5,7036.75,7076.75,7003.25,56180.0,16.59
2018-03-16,7052.61,7050.5,7059.25,7031.0,3380.0,15.8
2018-03-19,6914.25,7043.0,7043.0,6821.25,571980.0,19.02
2018-03-20,6917.5,6911.75,6927.75,6863.0,401040.0,18.2
2018-03-21,6884.0,6912.5,6951.0,6842.25,454570.0,17.86
2018-03-22,6692.0,6883.25,6915.0,6686.0,685490.0,23.34
2018-03-23,6554.25,6692.25,6721.25,6519.0,748100.0,24.87
2018-03-26,6773.5,6549.75,6779.0,6525.0,637180.0,21.03
2018-03-27,6561.25,6775.75,6849.25,6490.0,731550.0,22.5
2018-03-28,6477.25,6550.25,6582.25,6421.0,948120.0,22.87
2018-03-29,6594.0,6490.75,6653.75,6443.75,647980.0,19.97
2018-04-02,6393.25,6557.0,6588.5,6326.5,670690.0,23.62
2018-04-03,6469.25,6405.75,6496.75,6351.25,681280.0,21.1
2018-04-04,6582.5,6466.0,6591.75,6306.75,635560.0,20.06
2018-04-05,6600.25,6582.0,6654.5,6559.0,495020.0,18.94
2018-04-06,6454.75,6608.0,6611.25,6408.5,631810.0,21.49
2018-04-09,6497.0,6463.0,6618.0,6460.0,482070.0,21.77
2018-04-10,6624.25,6490.5,6651.75,6471.75,542220.0,20.47
2018-04-11,6592.75,6625.25,6663.25,6550.75,443620.0,20.24
2018-04-12,6670.75,6596.25,6693.75,6589.75,357180.0,18.49
2018-04-13,6640.75,6668.75,6713.0,6606.25,465370.0,17.41
2018-04-16,6712.0,6674.25,6722.0,6639.25,324490.0,16.56
2018-04-17,6828.75,6704.25,6844.75,6698.5,325720.0,15.25
2018-04-18,6843.5,6819.5,6867.0,6796.75,298180.0,15.6
2018-04-19,6780.0,6855.25,6866.25,6755.25,376430.0,15.96
2018-04-20,6676.25,6777.75,6790.25,6646.0,422340.0,16.88
2018-04-23,6667.0,6705.5,6728.0,6616.75,384310.0,16.34
2018-04-24,6526.75,6660.75,6717.75,6467.25,626790.0,18.02
2018-04-25,6555.75,6525.75,6576.25,6429.25,544880.0,17.84
2018-04-26,6734.75,6583.25,6749.0,6559.25,424980.0,16.24
2018-04-27,6669.75,6744.75,6772.0,6623.0,481730.0,15.41
2018-04-30,6613.0,6668.0,6718.0,6595.5,389470.0,15.93
2018-05-01,6692.0,6606.0,6740.0,6578.75,360810.0,15.49
2018-05-02,6633.5,6715.5,6729.5,6625.25,382530.0,15.97
2018-05-03,6664.5,6630.75,6671.5,6538.0,518809.99999999994,15.9
2018-05-04,6774.75,6666.5,6788.5,6610.5,408710.0,14.77
2018-05-07,6826.0,6779.0,6851.25,6772.25,323770.0,14.75
2018-05-08,6820.5,6817.0,6837.5,6771.0,370360.0,14.71
2018-05-09,6896.0,6822.0,6901.25,6808.25,316610.0,13.42
2018-05-10,6965.0,6896.0,6971.25,6888.75,292970.0,13.23
2018-05-11,6960.0,6949.5,6979.5,6928.25,263020.0,12.65
2018-05-14,6974.0,6958.25,7013.5,6955.5,255900.0,12.93
2018-05-15,6890.5,6969.0,6976.75,6854.25,432920.0,14.63
2018-05-16,6937.25,6895.5,6953.5,6875.5,274260.0,13.42
2018-05-17,6905.75,6935.25,6962.0,6875.0,325160.0,13.43
2018-05-18,6874.0,6908.5,6936.25,6862.25,314570.0,13.42
2018-05-21,6915.75,6919.0,6957.0,6881.5,293370.0,13.08
2018-05-22,6909.25,6914.0,6954.75,6890.0,269990.0,13.22
2018-05-23,6957.0,6905.5,6961.5,6829.75,390900.0,12.58
2018-05-24,6957.25,6956.75,6975.0,6885.25,379490.0,12.53
2018-05-25,6960.25,6955.0,7003.75,6942.5,317340.0,13.22
2018-05-29,6944.5,6989.0,7007.0,6890.5,487640.0,17.02
2018-05-30,6987.25,6948.0,6994.75,6918.5,303800.0,14.94
2018-05-31,6977.0,6978.5,7023.5,6958.25,389140.0,15.43
2018-06-01,7083.0,6982.5,7090.5,6977.25,335020.0,13.46
2018-06-04,7148.25,7079.75,7151.5,7071.75,247830.0,12.74
2018-06-05,7179.25,7147.5,7187.5,7137.5,256209.99999999997,12.4
2018-06-06,7215.0,7181.75,7222.25,7142.25,300300.0,11.64
2018-06-07,7161.0,7217.5,7234.25,7116.75,410240.0,12.13
2018-06-08,7151.5,7160.0,7163.0,7077.75,215660.0,12.18
2018-06-11,7170.25,7135.0,7189.0,7125.0,173770.0,12.35
2018-06-12,7199.5,7165.0,7219.25,7155.5,113000.0,12.34
2018-06-13,7204.25,7213.75,7262.75,7192.0,94300.0,12.94
2018-06-14,7283.75,7203.25,7292.25,7178.25,68900.0,12.12
2018-06-15,7265.4,7283.5,7291.75,7229.25,6520.0,11.98
2018-06-18,7276.0,7276.0,7289.25,7208.75,291950.0,12.31
2018-06-19,7252.25,7275.0,7279.0,7157.5,450280.0,13.35
2018-06-20,7313.25,7253.75,7336.5,7226.75,320650.0,12.79
2018-06-21,7237.75,7315.25,7358.5,7226.25,424010.0,14.64
2018-06-22,7222.75,7228.0,7274.0,7198.25,322920.0,13.77
2018-06-25,7073.5,7222.75,7222.75,6995.5,598960.0,17.33
2018-06-26,7104.0,7064.25,7130.0,7040.5,399010.0,15.92
2018-06-27,6998.25,7098.25,7151.5,6988.0,546250.0,17.91
2018-06-28,7060.5,6998.75,7076.5,6956.0,483220.0,16.85
2018-06-29,7066.75,7055.25,7123.75,7045.0,396080.0,16.09
2018-07-02,7116.5,7068.25,7119.75,6987.5,379570.0,15.6
2018-07-03,7023.75,7113.75,7165.0,7022.25,300230.0,16.14
2018-07-05,7125.75,7023.0,7128.0,7015.0,378280.0,14.97
2018-07-06,7233.5,7118.75,7237.75,7101.25,320300.0,13.37
2018-07-09,7300.25,7232.5,7303.5,7232.25,269930.0,12.69
2018-07-10,7301.5,7300.75,7335.5,7259.5,286750.0,12.64
2018-07-11,7253.75,7263.5,7290.0,7204.5,373370.0,13.63
2018-07-12,7382.75,7259.75,7387.0,7249.5,304340.0,12.58
2018-07-13,7393.0,7382.0,7414.25,7367.0,279820.0,12.18
2018-07-16,7325.0,7399.5,7413.75,7316.0,246000.0,12.83
2018-07-17,7421.75,7320.0,7436.0,7292.5,343270.0,12.06
2018-07-18,7404.5,7424.25,7437.75,7381.5,267800.0,12.1
2018-07-19,7367.75,7400.0,7416.0,7354.75,321510.0,12.87
2018-07-20,7360.0,7380.25,7413.75,7350.75,302840.0,12.86
2018-07-23,7430.5,7368.0,7432.75,7311.5,287210.0,12.62
2018-07-24,7416.25,7420.25,7489.75,7386.75,406770.0,12.41
2018-07-25,7469.5,7410.5,7530.0,7397.0,351370.0,12.29
2018-07-26,7430.75,7412.25,7450.0,7362.0,392490.0,12.14
2018-07-27,7301.25,7429.5,7467.0,7263.5,534680.0,13.03
2018-07-30,7200.5,7293.0,7309.25,7166.75,497540.0,14.26
2018-07-31,7244.75,7210.0,7298.0,7189.25,430190.0,12.83
2018-08-01,7277.0,7293.0,7303.75,7241.0,370600.0,13.15
2018-08-02,7385.75,7284.25,7395.25,7214.25,441070.0,12.19
2018-08-03,7402.0,7392.0,7415.0,7362.25,298360.0,11.64
2018-08-06,7444.0,7404.25,7449.75,7387.5,250170.0,11.27
2018-08-07,7477.25,7442.5,7486.75,7440.25,260630.0,10.93
2018-08-08,7471.5,7478.25,7496.0,7442.5,250480.0,10.85
2018-08-09,7475.5,7463.5,7505.5,7458.75,236830.0,11.27
2018-08-10,7427.0,7472.25,7472.75,7390.75,389780.0,13.16
2018-08-13,7417.0,7425.5,7479.0,7378.25,377940.0,14.78
2018-08-14,7457.75,7420.5,7465.0,7397.0,305390.0,13.31
2018-08-15,7374.0,7460.5,7464.75,7316.5,521159.99999999994,14.64
2018-08-16,7389.0,7380.0,7434.5,7363.25,348400.0,13.45
2018-08-17,7387.75,7382.5,7407.0,7321.75,366860.0,12.64
2018-08-20,7387.0,7390.5,7420.75,7351.5,286070.0,12.49
2018-08-21,7397.5,7381.25,7452.25,7369.0,320660.0,12.86
2018-08-22,7433.25,7374.25,7444.75,7352.0,309490.0,12.25
2018-08-23,7424.5,7433.5,7475.0,7411.25,356370.0,12.41
2018-08-24,7495.75,7427.0,7499.5,7422.75,278680.0,11.99
2018-08-27,7568.0,7499.0,7569.0,7498.75,280530.0,12.16
2018-08-28,7578.0,7568.25,7597.25,7564.25,273330.0,12.5
2018-08-29,7668.75,7581.0,7674.5,7581.0,311620.0,12.25
2018-08-30,7649.0,7672.75,7697.0,7626.25,390930.0,13.53
2018-08-31,7661.25,7641.75,7682.25,7633.25,346900.0,12.86
2018-09-04,7638.75,7670.0,7693.75,7586.75,470670.0,13.16
2018-09-05,7531.75,7642.25,7643.25,7503.25,522309.99999999994,13.91
2018-09-06,7457.5,7530.0,7544.5,7407.75,650890.0,14.65
2018-09-07,7438.5,7454.75,7494.75,7393.0,606520.0,14.88
2018-09-10,7460.25,7433.0,7483.5,7414.0,418800.0,14.16
2018-09-11,7512.0,7460.5,7524.75,7404.5,467700.0,13.22
2018-09-12,7485.75,7515.25,7541.0,7425.0,586140.0,13.14
2018-09-13,7564.5,7483.25,7583.25,7470.0,459820.0,12.37
2018-09-14,7544.75,7563.5,7598.75,7515.25,237770.0,12.07
2018-09-17,7436.25,7534.0,7547.25,7429.5,197770.0,13.68
2018-09-18,7495.25,7434.25,7535.25,7393.5,171310.0,12.79
2018-09-19,7497.5,7499.25,7517.25,7442.5,95710.0,11.75
2018-09-20,7579.75,7500.5,7587.5,7485.25,74390.0,11.8
2018-09-21,7599.98,7581.5,7619.25,7571.0,5320.0,11.68
2018-09-24,7586.0,7539.75,7594.0,7473.75,390760.0,12.2
2018-09-25,7595.25,7591.0,7603.25,7550.5,318330.0,12.42
2018-09-26,7590.25,7598.0,7668.0,7577.5,405830.0,12.89
2018-09-27,7657.25,7590.25,7686.25,7586.0,377690.0,12.41
2018-09-28,7655.25,7663.5,7677.0,7617.0,381500.0,12.12
2018-10-01,7675.5,7672.0,7728.75,7652.0,358160.0,12.0
2018-10-02,7652.75,7675.0,7712.75,7630.25,392580.0,12.05
2018-10-03,7664.75,7656.25,7703.75,7641.5,394540.0,11.61
2018-10-04,7514.25,7651.0,7651.0,7456.5,704910.0,14.22
2018-10-05,7436.0,7521.0,7540.0,7347.0,735020.0,14.82
2018-10-08,7391.75,7443.25,7453.25,7286.5,615690.0,15.69
2018-10-09,7399.0,7391.0,7455.75,7337.0,583400.0,15.95
2018-10-10,7032.0,7394.75,7412.0,7000.0,924200.0,22.96
2018-10-11,7031.0,7010.25,7138.0,6907.75,1150000.0,24.98
2018-10-12,7172.25,7040.75,7197.75,7034.25,772620.0,21.31
2018-10-15,7076.5,7176.75,7179.0,7060.75,641770.0,21.3
2018-10-16,7353.75,7068.25,7357.5,7063.5,614360.0,17.62
2018-10-17,7313.25,7339.75,7368.5,7221.5,663300.0,17.4
2018-10-18,7137.75,7307.75,7309.5,7094.5,705910.0,20.06
2018-10-19,7106.5,7154.0,7244.25,7092.75,661050.0,19.89
2018-10-22,7155.25,7085.75,7210.5,7057.0,650330.0,19.64
2018-10-23,7140.25,7155.0,7164.0,6944.0,825810.0,20.71
2018-10-24,6836.25,7136.25,7175.0,6785.75,895420.0,25.23
2018-10-25,6926.5,6878.5,7075.75,6816.75,793500.0,24.22
2018-10-26,6893.25,6882.0,6986.5,6734.25,1070000.0,24.16
2018-10-29,6736.25,6898.0,6991.5,6580.5,905330.0,24.7
2018-10-30,6815.25,6719.25,6849.25,6661.0,832550.0,23.35
2018-10-31,6975.5,6857.0,7039.25,6816.75,755200.0,21.23
2018-11-01,7077.75,6960.0,7079.75,6936.75,589070.0,19.34
2018-11-02,6980.25,6987.25,7143.25,6911.25,793340.0,19.51
2018-11-05,6949.5,6972.75,6998.5,6865.0,506050.0,19.96
2018-11-06,7016.5,6947.25,7034.75,6906.75,514299.99999999994,19.91
2018-11-07,7218.5,7011.5,7225.0,6971.5,621600.0,16.36
2018-11-08,7166.0,7212.75,7231.0,7132.0,477830.0,16.72
2018-11-09,7031.25,7145.75,7166.25,6989.0,596700.0,17.36
2018-11-12,6835.0,7026.25,7103.75,6825.75,702950.0,20.45
2018-11-13,6853.0,6847.0,6962.0,6801.25,711520.0,20.02
2018-11-14,6768.25,6861.75,6929.5,6746.0,731310.0,21.25
2018-11-15,6915.5,6780.0,6920.5,6712.25,793460.0,19.98
2018-11-16,6895.25,6874.5,6915.0,6806.25,691500.0,18.14
2018-11-19,6672.0,6875.0,6934.5,6632.25,743940.0,20.1
2018-11-20,6532.5,6668.5,6670.0,6449.5,910470.0,22.48
2018-11-21,6576.25,6527.75,6647.75,6509.0,569300.0,20.8
2018-11-23,6531.0,6584.25,6601.5,6495.0,362540.0,21.52
2018-11-26,6673.25,6537.5,6696.5,6530.5,503370.0,18.9
2018-11-27,6712.5,6639.5,6723.0,6613.25,577170.0,19.02
2018-11-28,6918.25,6722.25,6923.5,6709.25,639400.0,18.49
2018-11-29,6913.25,6907.0,6943.75,6843.0,530610.0,18.79
2018-11-30,6949.5,6902.25,6967.25,6871.5,485580.0,18.07
2018-12-03,7058.25,7041.0,7139.0,7015.25,575960.0,16.44
2018-12-04,6803.25,7055.25,7055.25,6783.0,811930.0,20.74
2018-12-06,6824.5,6834.5,6854.25,6630.25,986100.0,21.19
2018-12-07,6623.5,6835.5,6856.5,6594.75,854200.0,23.23
2018-12-10,6699.25,6596.25,6714.5,6535.25,778330.0,22.64
2018-12-11,6717.0,6695.0,6808.75,6651.25,734370.0,21.76
2018-12-12,6769.0,6686.5,6872.0,6683.5,663380.0,21.46
2018-12-13,6752.0,6769.0,6838.5,6723.0,626810.0,20.65
2018-12-14,6599.5,6752.0,6760.75,6583.25,351780.0,21.63
2018-12-17,6466.25,6580.0,6635.25,6401.25,323400.0,24.52
2018-12-18,6462.75,6471.25,6555.75,6435.75,229060.0,25.58
2018-12-19,6334.75,6441.75,6594.0,6282.25,174400.0,25.58
2018-12-20,6308.5,6331.75,6385.25,6161.75,95450.0,28.38
2018-12-21,6244.47,6307.5,6317.75,6242.0,8189.999999999999,30.11
2018-12-24,5892.0,6049.75,6123.0,5888.75,449590.0,36.07
2018-12-26,6285.5,5902.0,6310.0,5820.5,642440.0,30.41
2018-12-27,6323.5,6283.0,6333.0,6053.25,740130.0,29.96
2018-12-28,6293.25,6309.0,6402.5,6243.75,644740.0,28.34
2018-12-31,6333.25,6312.25,6376.75,6283.0,386060.0,25.42
2019-01-02,6371.0,6349.5,6409.25,6154.0,659320.0,23.22
2019-01-03,6162.0,6242.75,6304.25,6148.5,714540.0,25.45
2019-01-04,6434.0,6168.75,6462.0,6136.5,696540.0,21.38
2019-01-07,6496.5,6451.25,6535.75,6402.5,516600.0,21.4
2019-01-08,6557.25,6506.0,6586.25,6467.25,539050.0,20.47
2019-01-09,6604.75,6546.75,6645.0,6546.75,496790.0,19.98
2019-01-10,6625.25,6597.25,6641.75,6527.5,496360.0,19.5
2019-01-11,6612.75,6622.5,6632.5,6572.0,364790.0,18.19
2019-01-14,6545.0,6599.0,6602.5,6521.5,364990.0,19.07
2019-01-15,6676.75,6543.0,6689.0,6542.25,492320.0,18.6
2019-01-16,6666.25,6674.5,6737.25,6664.0,443740.0,19.04
2019-01-17,6720.0,6670.0,6760.0,6612.25,472760.0,18.06
2019-01-18,6792.75,6722.75,6828.25,6712.0,499880.0,17.8
2019-01-22,6653.0,6794.5,6794.5,6611.5,651260.0,20.8
2019-01-23,6665.25,6652.0,6724.25,6592.25,515039.99999999994,19.52
2019-01-24,6675.0,6663.0,6718.5,6653.0,449020.0,18.89
2019-01-25,6791.25,6684.5,6810.5,6676.75,446820.0,17.42
2019-01-28,6701.75,6784.25,6791.0,6648.25,490050.0,18.87
2019-01-29,6638.75,6695.25,6721.0,6616.75,441620.0,19.13
2019-01-30,6837.25,6690.25,6845.25,6657.75,526130.0,17.66
2019-01-31,6914.75,6844.25,6943.0,6839.25,557020.0,16.57
2019-02-01,6877.75,6911.0,6927.5,6860.5,461400.0,16.14
2019-02-04,6937.5,6863.75,6983.0,6858.25,353660.0,15.73
2019-02-05,7008.0,6937.5,7033.75,6928.25,369760.0,15.57
2019-02-06,6995.75,7009.25,7038.75,6972.25,376560.0,15.38
2019-02-07,6905.5,6988.0,6994.75,6856.25,595400.0,16.37
2019-02-08,6916.75,6902.0,6926.25,6841.0,464340.0,15.72
2019-02-11,6914.25,6921.75,6969.5,6896.25,384590.0,15.97
2019-02-12,7018.5,6908.5,7028.5,6903.0,363950.0,15.43
2019-02-13,7016.25,7017.25,7069.75,7012.0,359970.0,15.65
2019-02-14,7019.75,7017.25,7057.5,6972.0,490160.0,16.22
2019-02-15,7063.75,7017.5,7095.25,6975.25,430940.0,14.91
2019-02-19,7068.25,7063.75,7094.75,7035.25,386610.0,14.88
2019-02-20,7073.25,7068.75,7105.0,7032.25,418270.0,14.02
2019-02-21,7034.5,7070.75,7113.75,7005.0,432870.0,14.46
2019-02-22,7088.25,7031.25,7101.25,7019.25,367500.0,13.51
2019-02-25,7125.75,7108.5,7168.5,7102.0,346620.0,14.85
2019-02-26,7117.75,7122.0,7151.0,7073.25,362740.0,15.17
2019-02-27,7121.75,7109.25,7131.75,7048.0,367940.0,14.7
2019-02-28,7102.5,7121.25,7130.75,7072.5,360880.0,14.78
2019-03-01,7156.0,7106.5,7164.5,7098.25,383200.0,13.57
2019-03-04,7145.75,7177.0,7211.5,7074.5,556660.0,14.63
2019-03-05,7165.5,7144.5,7182.0,7124.25,364930.0,14.74
2019-03-06,7111.25,7156.0,7171.25,7107.0,444300.0,15.74
2019-03-07,7027.5,7109.0,7123.25,7003.25,556540.0,16.59
2019-03-08,7026.75,7025.5,7034.0,6939.0,312130.0,16.05
2019-03-11,7164.75,7022.25,7176.75,6997.5,203730.0,14.33
2019-03-12,7206.5,7176.0,7223.0,7163.25,167990.0,13.77
2019-03-13,7267.75,7209.25,7295.5,7183.75,127110.0,13.41
2019-03-14,7239.75,7273.25,7293.5,7237.75,82280.0,13.5
2019-03-15,7270.35,7245.75,7288.0,7243.0,4540.0,12.88
2019-03-18,7360.75,7338.0,7379.5,7321.75,366870.0,13.1
2019-03-19,7376.5,7362.25,7421.25,7351.25,427130.0,13.56
2019-03-20,7409.5,7378.0,7458.0,7349.5,550620.0,13.91
2019-03-21,7534.5,7400.5,7541.0,7367.75,523250.0,13.63
2019-03-22,7368.75,7526.75,7544.75,7353.0,694560.0,16.48
2019-03-25,7355.25,7372.25,7390.5,7290.0,596900.0,16.33
2019-03-26,7376.75,7363.0,7447.5,7340.5,557410.0,14.68
2019-03-27,7334.5,7383.5,7404.75,7276.0,592980.0,15.15
2019-03-28,7352.0,7323.5,7372.5,7289.5,446380.0,14.43
2019-03-29,7400.5,7350.25,7414.5,7350.25,395580.0,13.71
2019-04-01,7498.5,7430.0,7506.5,7428.5,412910.0,13.4
2019-04-02,7519.25,7495.25,7532.5,7483.75,359190.0,13.36
2019-04-03,7582.25,7517.0,7616.25,7513.25,483550.0,13.74
2019-04-04,7561.5,7581.25,7598.0,7522.0,432440.0,13.58
2019-04-05,7604.25,7565.0,7612.75,7556.0,358710.0,12.82
2019-04-08,7623.5,7607.75,7629.25,7561.25,333330.0,13.18
2019-04-09,7593.25,7625.75,7633.75,7578.75,389520.0,14.28
2019-04-10,7641.25,7590.5,7646.0,7575.75,332700.0,13.3
2019-04-11,7617.25,7644.0,7661.0,7601.5,340950.0,13.02
2019-04-12,7652.25,7617.0,7665.0,7611.0,346210.0,12.01
2019-04-15,7647.75,7654.0,7659.0,7598.75,322480.0,12.32
2019-04-16,7679.5,7650.75,7695.0,7648.75,373200.0,12.18
2019-04-17,7689.75,7676.5,7733.5,7668.5,463940.0,12.6
2019-04-18,7712.5,7691.5,7723.0,7660.25,393590.0,12.09
2019-04-22,7734.75,7715.25,7746.75,7669.75,253670.0,12.42
2019-04-23,7838.0,7738.0,7843.75,7724.5,427150.0,12.28
2019-04-24,7847.75,7833.5,7852.75,7802.25,387630.0,13.14
2019-04-25,7798.5,7855.25,7879.5,7792.0,488330.0,13.25
2019-04-26,7840.25,7799.25,7845.5,7755.5,467050.0,12.73
2019-04-29,7813.75,7837.25,7867.75,7805.5,320320.0,13.11
2019-04-30,7800.0,7805.25,7857.0,7740.0,463830.0,13.12
2019-05-01,7756.5,7848.75,7867.25,7736.0,484410.0,14.8
2019-05-02,7734.25,7737.75,7805.0,7682.25,592820.0,14.42
2019-05-03,7865.0,7739.0,7872.5,7734.75,454090.0,12.87
2019-05-06,7803.5,7810.0,7817.5,7667.5,630200.0,15.44
2019-05-07,7674.0,7744.75,7804.0,7581.25,838950.0,19.32
2019-05-08,7647.5,7663.75,7698.0,7600.0,621510.0,19.4
2019-05-09,7595.25,7639.75,7644.5,7481.0,741220.0,19.1
2019-05-10,7610.25,7591.0,7654.5,7435.75,802650.0,16.04
2019-05-13,7314.75,7534.25,7551.5,7305.0,773470.0,20.55
2019-05-14,7421.0,7315.25,7459.5,7290.0,547770.0,18.06
2019-05-15,7529.25,7429.25,7538.5,7353.75,535920.0,16.44
2019-05-16,7600.25,7524.25,7641.0,7473.5,525590.0,15.29
2019-05-17,7511.5,7600.75,7620.0,7506.5,626780.0,15.96
2019-05-20,7391.75,7514.75,7559.25,7361.5,634290.0,16.31
2019-05-21,7464.0,7408.25,7485.25,7400.75,436740.0,14.95
2019-05-22,7430.0,7462.75,7475.0,7391.25,455680.0,14.75
2019-05-23,7311.0,7430.75,7434.75,7268.0,640170.0,16.92
2019-05-24,7315.5,7316.75,7379.75,7300.5,407810.0,15.85
2019-05-28,7295.25,7315.5,7371.75,7280.25,528980.0,17.5
2019-05-29,7216.0,7291.5,7296.0,7183.25,568050.0,17.9
2019-05-30,7255.25,7214.75,7271.25,7208.5,403480.0,17.3
2019-05-31,7133.5,7251.75,7256.0,7129.25,540430.0,18.71
2019-06-03,6993.75,7110.0,7132.5,6941.25,771720.0,18.86
2019-06-04,7179.25,7008.75,7186.5,6981.75,565400.0,16.97
2019-06-05,7228.5,7189.0,7245.25,7150.25,534800.0,16.09
2019-06-06,7282.25,7213.75,7299.25,7181.0,433920.0,15.93
2019-06-07,7419.5,7266.5,7453.0,7257.75,484840.0,16.3
2019-06-10,7515.5,7469.0,7578.5,7431.25,463880.0,15.94
2019-06-11,7518.25,7519.5,7600.75,7492.75,461730.0,15.99
2019-06-12,7473.25,7517.75,7531.0,7461.0,388860.0,15.91
2019-06-13,7522.75,7476.0,7536.0,7421.0,396170.0,15.82
2019-06-14,7478.25,7503.25,7520.75,7451.5,254820.0,15.28
2019-06-17,7534.25,7481.0,7550.75,7476.0,184040.0,15.35
2019-06-18,7645.25,7542.25,7693.5,7514.75,209970.0,15.15
2019-06-19,7674.25,7641.0,7685.75,7601.75,112590.0,14.33
2019-06-20,7745.25,7668.0,7793.0,7660.0,101510.0,14.75
2019-06-21,7723.61,7737.0,7743.25,7701.5,5560.0,15.4
2019-06-24,7758.75,7744.5,7794.25,7731.75,260980.00000000003,15.26
2019-06-25,7628.75,7753.0,7779.5,7609.5,424810.0,16.28
2019-06-26,7650.0,7633.0,7719.0,7616.25,376980.0,16.21
2019-06-27,7690.5,7641.0,7716.5,7640.75,300150.0,15.82
2019-06-28,7693.75,7685.25,7726.0,7664.0,310130.0,15.08
2019-07-01,7790.0,7781.5,7849.75,7759.0,406590.0,14.06
2019-07-02,7838.25,7792.5,7843.25,7763.0,297570.0,12.93
2019-07-03,7887.5,7840.25,7892.75,7824.5,209600.0,12.57
2019-07-05,7851.5,7887.75,7909.75,7797.25,375290.0,13.28
2019-07-08,7801.0,7855.0,7863.5,7777.5,342230.0,13.96
2019-07-09,7845.25,7802.25,7858.75,7743.0,346310.0,14.09
2019-07-10,7928.75,7848.0,7949.5,7811.25,442840.0,13.03
2019-07-11,7918.75,7924.25,7963.25,7894.25,407890.0,12.93
2019-07-12,7960.0,7917.25,7967.5,7911.75,299820.0,12.39
2019-07-15,7986.75,7958.25,7992.0,7941.25,247180.0,12.68
2019-07-16,7942.75,7982.75,8001.5,7924.0,303700.0,12.86
2019-07-17,7885.5,7939.75,7966.25,7868.0,303890.0,13.97
2019-07-18,7933.5,7868.0,7954.75,7833.0,413720.0,13.53
2019-07-19,7842.75,7950.5,7980.75,7815.25,438470.0,14.45
2019-07-22,7924.75,7830.0,7936.5,7826.25,355210.0,13.53
2019-07-23,7983.75,7926.5,7985.75,7908.0,357770.0,12.61
2019-07-24,8038.0,7944.0,8051.75,7925.25,356160.0,12.07
2019-07-25,7981.75,8004.5,8034.5,7917.25,433950.0,12.74
2019-07-26,8019.75,7992.0,8040.75,7987.5,322310.0,12.16
2019-07-29,8001.25,8017.5,8031.75,7951.75,301210.0,12.83
2019-07-30,7963.25,8004.25,8020.0,7928.25,394700.0,13.94
2019-07-31,7866.75,7992.5,8001.25,7782.25,556440.0,16.12
2019-08-01,7808.25,7834.0,8014.5,7776.75,772960.0,17.87
2019-08-02,7702.25,7797.0,7806.0,7650.25,736450.0,17.61
2019-08-05,7385.25,7701.75,7705.5,7359.75,848400.0,24.59
2019-08-06,7515.5,7349.0,7549.0,7224.5,845240.0,20.17
2019-08-07,7553.25,7512.75,7577.5,7387.5,851280.0,19.49
2019-08-08,7735.75,7553.5,7738.5,7526.0,553670.0,16.91
2019-08-09,7660.25,7699.5,7724.0,7596.75,619040.0,17.97
2019-08-12,7566.75,7654.5,7710.0,7534.75,552720.0,21.09
2019-08-13,7748.0,7570.25,7789.5,7514.0,674980.0,17.52
2019-08-14,7488.75,7746.5,7767.5,7477.0,825230.0,22.1
2019-08-15,7496.25,7469.0,7572.75,7388.25,705040.0,21.18
2019-08-16,7611.75,7509.25,7632.5,7502.5,449470.0,18.47
2019-08-19,7727.5,7617.25,7750.0,7616.0,401480.0,16.88
2019-08-20,7668.0,7717.25,7752.0,7655.5,414180.0,17.5
2019-08-21,7750.25,7655.0,7765.75,7652.25,344350.0,15.8
2019-08-22,7711.25,7756.0,7782.25,7654.0,487620.0,16.68
2019-08-23,7504.5,7705.75,7762.0,7447.75,763860.0,19.87
2019-08-26,7590.5,7435.0,7626.0,7353.25,617910.0,19.32
2019-08-27,7562.75,7591.5,7648.5,7537.0,520970.0,20.31
2019-08-28,7599.25,7564.0,7605.75,7504.25,480980.0,19.35
2019-08-29,7712.0,7582.25,7730.25,7548.5,447670.0,17.88
2019-08-30,7690.75,7704.25,7770.5,7646.0,450750.0,18.98
2019-09-03,7617.5,7628.25,7695.5,7580.75,643040.0,19.66
2019-09-04,7722.75,7614.25,7730.0,7608.5,399670.0,17.33
2019-09-05,7855.5,7722.0,7886.75,7717.25,478410.0,16.27
2019-09-06,7857.75,7853.5,7895.0,7838.25,356480.0,15.0
2019-09-09,7830.75,7857.0,7887.0,7798.5,372950.0,15.27
2019-09-10,7815.0,7834.0,7857.75,7744.25,446530.0,15.2
2019-09-11,7889.75,7818.5,7905.0,7786.5,383870.0,14.61
2019-09-12,7921.5,7893.25,7982.75,7886.75,448980.0,14.22
2019-09-13,7886.0,7916.25,7958.5,7881.75,243850.0,13.74
2019-09-16,7856.5,7856.75,7873.25,7776.25,199320.0,14.67
2019-09-17,7890.25,7864.0,7897.5,7828.0,147540.0,14.44
2019-09-18,7894.25,7890.75,7906.75,7790.0,122280.0,13.95
2019-09-19,7896.25,7898.75,7951.0,7830.5,69140.0,14.05
2019-09-20,7899.48,7899.5,7932.75,7890.75,3930.0,15.32
2019-09-23,7850.5,7839.25,7897.5,7807.75,348180.0,14.91
2019-09-24,7735.25,7869.0,7904.75,7701.75,609260.0,17.05
2019-09-25,7820.25,7738.25,7844.25,7663.0,540080.0,15.96
2019-09-26,7787.25,7822.5,7842.75,7734.75,489320.0,16.07
2019-09-27,7701.25,7787.0,7822.0,7641.0,598170.0,17.22
2019-09-30,7770.5,7735.5,7788.75,7705.75,337870.0,16.24
2019-10-01,7695.5,7784.0,7841.5,7691.0,478760.0,18.56
2019-10-02,7546.25,7711.0,7730.5,7525.5,586570.0,20.56
2019-10-03,7658.5,7551.5,7661.5,7474.25,582820.0,19.12
2019-10-04,7767.25,7656.75,7773.75,7624.0,420540.0,17.04
2019-10-07,7740.0,7712.5,7799.75,7682.5,381260.0,17.86
2019-10-08,7622.0,7736.0,7784.5,7613.5,552150.0,20.28
2019-10-09,7699.75,7621.0,7732.0,7604.5,404170.0,18.64
2019-10-10,7760.25,7702.25,7798.75,7583.25,535040.0,17.57
2019-10-11,7859.0,7783.25,7918.5,7767.0,490520.0,15.58
2019-10-14,7857.5,7850.25,7894.75,7807.0,311100.0,14.57
2019-10-15,7959.75,7862.25,7971.75,7859.75,347660.0,13.54
2019-10-16,7948.5,7960.0,7960.25,7907.5,347550.0,13.68
2019-10-17,7952.75,7954.25,7994.75,7922.0,368620.0,13.79
2019-10-18,7880.75,7953.75,7958.5,7835.75,437750.0,14.25
2019-10-21,7948.25,7874.25,7951.75,7865.75,275030.0,14.0
2019-10-22,7858.75,7949.25,7988.75,7837.25,377550.0,14.46
2019-10-23,7901.5,7846.25,7918.25,7810.25,348670.0,14.01
2019-10-24,7928.25,7922.75,7984.0,7913.25,380970.0,13.71
2019-10-25,8035.75,7928.5,8041.5,7918.5,348320.0,12.65
2019-10-28,8094.75,8048.0,8127.5,8048.0,309110.0,13.11
2019-10-29,8055.25,8109.25,8118.75,8050.75,351250.0,13.2
2019-10-30,8111.25,8057.25,8141.0,8020.5,381310.0,12.33
2019-10-31,8090.25,8128.5,8139.0,8046.0,448460.0,13.22
2019-11-01,8160.25,8094.25,8168.0,8084.5,348330.0,12.3
2019-11-04,8215.75,8165.0,8233.75,8164.0,325480.0,12.83
2019-11-05,8210.75,8221.5,8248.0,8193.25,305800.0,13.1
2019-11-06,8207.25,8208.0,8228.25,8161.0,314410.0,12.62
2019-11-07,8230.5,8213.75,8282.25,8190.0,366400.0,12.73
2019-11-08,8257.25,8230.0,8264.25,8190.0,326870.0,12.07
2019-11-11,8249.75,8257.25,8261.75,8206.5,229840.0,12.69
2019-11-12,8275.0,8253.25,8300.25,8228.5,316730.0,12.68
2019-11-13,8265.75,8273.0,8281.5,8220.0,382040.0,13.0
2019-11-14,8265.5,8269.0,8285.5,8216.25,381590.0,13.05
2019-11-15,8318.75,8267.5,8324.0,8261.25,367150.0,12.05
2019-11-18,8333.5,8318.75,8367.0,8279.25,370610.0,12.46
2019-11-19,8341.5,8335.0,8379.0,8312.5,373940.0,12.86
2019-11-20,8291.75,8333.0,8348.0,8231.0,526980.0,12.78
2019-11-21,8274.5,8261.5,8308.0,8240.0,411830.0,13.13
2019-11-22,8280.5,8280.25,8313.5,8233.25,344500.0,12.34
2019-11-25,8376.5,8303.25,8379.25,8296.5,259490.0,11.87
2019-11-26,8400.75,8374.25,8422.0,8366.25,285730.0,11.54
2019-11-27,8454.75,8402.75,8458.75,8397.0,240870.0,11.75
2019-11-29,8417.5,8456.75,8458.25,8406.5,242600.0,12.62
2019-12-02,8316.0,8424.5,8457.25,8276.5,559470.0,14.91
2019-12-03,8251.25,8313.75,8337.5,8168.25,614320.0,15.96
2019-12-04,8295.25,8258.75,8319.25,8220.5,413650.0,14.8
2019-12-05,8309.25,8296.25,8340.0,8273.25,370990.0,14.52
2019-12-06,8400.25,8311.0,8409.5,8307.75,302780.0,13.62
2019-12-09,8356.0,8401.5,8427.25,8347.0,292420.0,15.86
2019-12-10,8363.75,8354.5,8398.0,8297.0,403360.0,15.68
2019-12-11,8405.5,8366.25,8411.0,8345.0,304180.0,14.99
2019-12-12,8465.25,8407.5,8497.0,8381.0,554340.0,13.94
2019-12-13,8494.0,8485.0,8523.75,8435.5,335040.0,12.63
2019-12-16,8576.0,8507.0,8587.75,8503.25,192050.0,12.14
2019-12-17,8576.25,8576.0,8596.75,8563.25,145050.0,12.29
2019-12-18,8590.25,8569.75,8612.0,8567.75,98300.0,12.58
2019-12-19,8642.5,8598.0,8655.5,8580.25,65780.0,12.5
2019-12-20,8707.46,8651.0,8700.0,8638.25,5700.0,12.51
2019-12-23,8726.5,8710.75,8743.25,8707.5,194920.0,12.61
2019-12-24,8729.5,8728.25,8736.0,8707.0,106030.0,12.67
2019-12-26,8804.25,8730.25,8805.0,8729.0,170680.0,12.65
2019-12-27,8783.25,8801.0,8843.5,8769.0,322890.0,13.43
2019-12-30,8733.75,8783.5,8809.75,8691.25,404050.0,14.82
2019-12-31,8752.25,8731.75,8772.25,8692.25,284520.0,13.78
2020-01-02,8891.75,8776.75,8901.5,8769.5,416640.0,12.47
2020-01-03,8810.0,8895.5,8907.25,8735.25,599890.0,14.02
2020-01-06,8847.5,8772.25,8873.0,8723.0,469510.0,13.85
2020-01-07,8853.0,8853.25,8894.75,8825.75,510000.0,13.79
2020-01-08,8944.5,8841.5,8972.25,8678.0,723090.0,13.45
2020-01-09,9009.0,8948.75,9022.25,8932.5,457260.0,12.54
2020-01-10,8978.25,9010.0,9055.5,8966.25,472170.0,12.56
2020-01-13,9088.25,8979.0,9095.5,8979.0,380440.0,12.32
2020-01-14,9062.5,9087.75,9114.75,9035.0,553340.0,12.39
2020-01-15,9060.0,9062.0,9096.0,9023.0,497100.0,12.42
2020-01-16,9133.5,9061.75,9140.25,9061.5,397880.0,12.32
2020-01-17,9174.5,9137.0,9189.25,9130.0,438670.0,12.1
2020-01-21,9169.75,9174.0,9199.75,9114.75,532160.0,12.85
2020-01-22,9195.75,9179.5,9254.0,9174.25,519020.0,12.91
2020-01-23,9248.25,9190.0,9253.5,9151.75,616950.0,12.98
2020-01-24,9144.5,9252.0,9287.25,9109.5,758800.0,14.56
2020-01-27,8954.5,9077.0,9077.0,8925.5,792710.0,18.23
2020-01-28,9105.25,8952.5,9136.25,8952.5,632550.0,16.28
2020-01-29,9098.5,9119.5,9158.75,9072.25,578410.0,16.39
2020-01-30,9216.25,9111.25,9240.0,9003.5,846590.0,15.49
2020-01-31,8997.75,9226.5,9248.75,8966.0,898380.0,18.84
2020-02-03,9114.25,8982.75,9155.75,8975.0,680730.0,17.97
2020-02-04,9355.0,9099.0,9369.25,9073.0,563910.0,16.05
2020-02-05,9381.5,9357.0,9462.75,9317.75,729550.0,15.15
2020-02-06,9455.5,9390.0,9464.0,9362.5,545050.0,14.96
2020-02-07,9409.5,9467.0,9471.0,9385.0,592700.0,15.47
2020-02-10,9527.5,9401.5,9531.5,9330.75,500150.0,15.04
2020-02-11,9527.25,9525.0,9609.5,9501.25,589570.0,15.18
2020-02-12,9625.75,9536.25,9628.25,9523.75,454470.0,13.74
2020-02-13,9613.0,9621.5,9644.75,9511.25,613580.0,14.15
2020-02-14,9632.25,9626.25,9659.25,9588.0,489390.0,13.68
2020-02-18,9636.0,9635.0,9687.5,9534.25,668510.0,14.83
2020-02-19,9733.5,9643.25,9748.75,9641.25,419130.0,14.38
2020-02-20,9624.25,9744.75,9763.0,9517.0,802420.0,15.56
2020-02-21,9458.0,9617.25,9623.75,9411.5,911840.0,17.08
2020-02-24,9091.0,9355.25,9365.0,9041.25,1170000.0,25.03
2020-02-25,8854.25,9091.0,9224.25,8810.0,1340000.0,27.85
2020-02-26,8850.25,8868.25,9037.5,8709.5,1250000.0,27.56
2020-02-27,8382.75,8811.5,8878.5,8334.25,1580000.0,39.16
2020-02-28,8454.0,8347.0,8574.75,8126.25,1530000.0,40.11
2020-03-02,8791.25,8349.25,8883.25,8224.25,1370000.0,33.42
2020-03-03,8582.5,8830.5,9002.5,8511.0,1300000.0,36.82
2020-03-04,8896.5,8557.5,8950.0,8508.25,939030.0,31.99
2020-03-05,8648.75,8889.0,8899.75,8610.75,954100.0,39.62
2020-03-06,8503.25,8677.0,8726.5,8310.5,1100000.0,41.94
2020-03-09,7951.5,8369.0,8375.0,7820.0,560910.0,54.46
2020-03-10,8331.5,7893.75,8378.75,7814.25,982070.0,47.3
2020-03-11,8003.5,8317.0,8334.25,7892.75,990240.0,53.9
2020-03-12,7215.25,7998.75,8108.0,7128.5,876290.0,75.47
2020-03-13,7915.75,7100.0,7978.0,6942.5,584270.0,57.83
2020-03-16,7057.5,7903.0,7905.25,6927.0,307370.0,82.69
2020-03-17,7405.25,7053.0,7552.25,6948.75,317500.0,75.91
2020-03-18,7225.25,7386.0,7392.25,6830.0,156280.0,76.45
2020-03-19,7293.5,7251.75,7521.5,6894.25,115520.0,72.0
2020-03-20,7417.98,7195.0,7649.0,7153.5,11670.0,66.04
2020-03-23,6984.5,6798.0,7316.25,6628.75,633240.0,61.59
2020-03-24,7554.75,7005.75,7572.25,7005.75,556550.0,61.67
2020-03-25,7467.75,7544.75,7761.0,7371.5,656700.0,63.95
2020-03-26,7844.0,7483.5,7893.5,7310.25,567710.0,61.0
2020-03-27,7568.5,7882.75,7893.25,7551.25,443320.0,65.54
2020-03-30,7854.75,7395.75,7884.0,7365.0,419580.0,57.08
2020-03-31,7786.25,7856.75,7995.0,7747.5,424390.0,53.54
2020-04-01,7438.75,7772.5,7773.5,7404.25,411360.0,57.06
2020-04-02,7627.25,7473.5,7656.25,7376.0,436830.0,50.91
2020-04-03,7522.75,7623.0,7660.25,7423.5,351870.0,46.8
2020-04-06,8029.75,7535.75,8099.0,7535.5,396870.0,45.24
2020-04-07,8012.0,8034.25,8303.25,7948.0,531040.0,46.7
2020-04-08,8189.75,8015.0,8242.0,7953.25,424380.0,43.35
2020-04-09,8227.5,8195.25,8326.25,8101.75,522650.0,41.67
2020-04-13,8327.25,8296.0,8338.75,8073.25,385070.0,41.17
2020-04-14,8692.5,8337.0,8710.0,8319.0,431920.0,37.76
2020-04-15,8594.0,8706.25,8707.5,8486.5,407750.0,40.84
2020-04-16,8734.25,8576.0,8842.5,8500.5,539160.0,40.11
2020-04-17,8809.0,8909.75,8966.75,8689.5,509560.0,38.15
2020-04-20,8692.0,8799.5,8846.0,8687.0,427980.0,43.83
2020-04-21,8431.75,8695.0,8763.0,8342.0,582450.0,45.41
2020-04-22,8638.0,8447.0,8700.0,8400.0,373070.0,41.98
2020-04-23,8598.75,8636.25,8786.5,8580.5,435110.0,41.38
2020-04-24,8769.0,8588.25,8780.25,8498.25,380230.0,35.93
2020-04-27,8824.25,8766.0,8898.0,8730.0,355550.0,33.29
2020-04-28,8719.75,8819.0,8945.75,8654.5,440940.0,33.57
2020-04-29,9036.5,8759.25,9118.75,8733.75,432410.0,31.23
2020-04-30,8988.5,9109.5,9144.75,8856.5,462960.0,34.15
2020-05-01,8718.0,8847.0,8879.0,8672.0,414560.0,37.19
2020-05-04,8795.5,8624.0,8828.0,8556.25,381910.0,35.97
2020-05-05,8924.25,8806.25,9020.0,8798.5,367230.0,33.61
2020-05-06,8952.0,8928.5,9056.5,8877.75,414050.0,34.12
2020-05-07,9107.75,8947.5,9126.0,8930.25,383880.0,31.44
2020-05-08,9218.25,9115.0,9238.0,9103.25,362320.0,27.98
2020-05-11,9279.0,9194.75,9339.0,9118.5,398140.0,27.57
2020-05-12,9078.25,9282.0,9345.5,9040.5,500540.0,33.04
2020-05-13,8992.25,9045.75,9202.75,8878.25,703290.0,35.28
2020-05-14,9079.5,9012.75,9104.0,8847.0,639070.0,32.61
2020-05-15,9096.5,9085.5,9148.5,8925.5,537250.0,31.89
2020-05-18,9325.5,9135.0,9361.5,9110.25,398560.0,29.3
2020-05-19,9300.75,9316.25,9417.25,9283.75,392500.0,30.53
2020-05-20,9485.5,9289.75,9498.0,9273.0,369920.0,27.99
2020-05-21,9355.75,9494.75,9510.75,9352.0,429220.0,29.53
2020-05-22,9406.25,9360.5,9422.5,9241.5,365380.0,28.16
2020-05-26,9406.5,9396.25,9604.0,9373.0,486550.0,28.01
2020-05-27,9432.5,9409.0,9508.0,9172.5,560520.0,27.62
2020-05-28,9460.25,9436.5,9565.5,9320.5,510620.0,28.59
2020-05-29,9560.25,9453.5,9590.5,9372.0,529700.0,27.51
2020-06-01,9595.0,9513.0,9605.75,9450.25,345590.0,28.23
2020-06-02,9647.75,9590.0,9670.0,9504.75,389910.0,26.84
2020-06-03,9684.75,9657.5,9728.25,9635.5,376690.0,25.66
2020-06-04,9626.25,9685.5,9742.5,9572.25,462360.0,25.81
2020-06-05,9808.5,9643.5,9846.25,9601.75,513659.99999999994,24.52
2020-06-08,9884.75,9819.0,9901.0,9747.0,391650.0,25.81
2020-06-09,9951.0,9887.25,10005.25,9811.5,437440.0,27.57
2020-06-10,10087.25,9960.0,10155.5,9958.5,557710.0,27.57
2020-06-11,9616.75,10086.25,10107.0,9584.5,828940.0,40.79
2020-06-12,9645.0,9616.0,9849.25,9494.75,508840.0,36.09
2020-06-15,9800.5,9536.75,9815.5,9381.75,319210.0,34.4
2020-06-16,9972.5,9812.5,10013.75,9797.75,216310.0,33.67
2020-06-17,9994.5,9961.75,10059.0,9927.0,100470.0,33.47
2020-06-18,9995.75,9995.25,10040.75,9879.5,67460.0,32.94
2020-06-19,10120.84,9997.25,10123.25,9997.25,4460.0,35.12
2020-06-22,10124.75,9868.0,10134.5,9843.5,354770.0,31.77
2020-06-23,10196.0,10121.5,10296.25,9972.25,406480.0,31.37
2020-06-24,10010.75,10183.0,10242.0,9927.25,661650.0,33.84
2020-06-25,10088.25,10005.25,10107.0,9885.5,514250.0,32.22
2020-06-26,9865.5,10087.0,10120.5,9824.25,576150.0,34.73
2020-06-29,9973.75,9785.5,9997.0,9728.75,479540.0,31.78
2020-06-30,10147.25,9983.0,10171.5,9940.25,422350.0,30.43
2020-07-01,10268.75,10141.0,10310.0,10076.0,402790.0,28.62
2020-07-02,10355.75,10258.5,10422.25,10246.5,404760.0,27.68
2020-07-06,10598.5,10347.25,10614.5,10341.5,486370.0,27.94
2020-07-07,10532.25,10600.0,10694.5,10505.75,465210.0,29.43
2020-07-08,10662.25,10526.0,10673.0,10505.25,481020.0,28.08
2020-07-09,10727.5,10674.25,10774.25,10560.0,607390.0,29.26
2020-07-10,10837.25,10727.0,10847.5,10625.5,527570.0,27.29
2020-07-13,10600.0,10848.25,11058.5,10561.5,736180.0,32.19
2020-07-14,10646.25,10602.0,10693.0,10358.75,915010.0,29.52
2020-07-15,10683.25,10706.0,10766.5,10551.25,719950.0,27.76
2020-07-16,10511.75,10693.0,10698.25,10475.5,628900.0,28.0
2020-07-17,10622.5,10532.25,10669.75,10523.75,443140.0,25.68
2020-07-20,10951.0,10621.25,10964.5,10546.25,496400.0,24.46
2020-07-21,10851.0,10952.25,11058.0,10784.75,587990.0,24.84
2020-07-22,10804.25,10850.75,10916.25,10761.25,483850.0,24.32
2020-07-23,10548.25,10850.0,10938.5,10514.5,644190.0,26.08
2020-07-24,10459.0,10565.5,10597.0,10301.0,652480.0,25.84
2020-07-27,10675.25,10490.0,10684.0,10401.0,444800.0,24.74
2020-07-28,10540.0,10682.5,10758.5,10514.0,445250.0,25.44
2020-07-29,10674.25,10558.0,10699.75,10512.25,368010.0,24.1
2020-07-30,10794.0,10700.0,10897.25,10502.75,521159.99999999994,24.76
2020-07-31,10890.5,10906.5,10939.0,10691.0,631550.0,24.46
2020-08-03,11044.25,10933.25,11073.0,10876.25,389620.0,24.28
2020-08-04,11086.0,11054.0,11094.75,10983.0,395700.0,23.76
2020-08-05,11091.75,11080.5,11144.0,11055.75,348820.0,22.99
2020-08-06,11261.25,11094.0,11271.75,11051.25,420440.0,22.65
2020-08-07,11122.75,11260.5,11283.25,11035.25,532550.0,22.21
2020-08-10,11072.0,11140.25,11156.5,10928.25,485730.0,22.13
2020-08-11,10878.5,11072.25,11157.75,10845.5,561750.0,24.03
2020-08-12,11126.0,10928.5,11185.75,10878.5,434240.0,22.28
2020-08-13,11175.25,11115.5,11266.0,11094.25,413660.0,22.13
2020-08-14,11133.75,11180.5,11237.75,11096.0,398620.0,22.05
2020-08-17,11286.75,11145.0,11300.5,11142.25,246400.0,21.35
2020-08-18,11409.25,11285.5,11415.25,11268.0,326820.0,21.51
2020-08-19,11332.0,11414.25,11438.0,11299.0,410890.0,22.54
2020-08-20,11477.25,11327.0,11496.5,11221.5,401140.0,22.72
2020-08-21,11562.0,11480.0,11573.5,11407.0,414230.0,22.54
2020-08-24,11636.25,11581.0,11722.5,11528.25,617000.0,22.37
2020-08-25,11726.25,11636.0,11742.25,11574.75,495890.0,22.03
2020-08-26,11991.25,11739.5,12001.5,11726.75,578800.0,23.27
2020-08-27,11952.75,11984.5,12046.0,11834.75,709350.0,24.47
2020-08-28,11991.75,11953.25,12018.25,11920.5,489070.0,22.96
2020-08-31,12114.0,12002.75,12165.0,11988.25,480980.0,26.41
2020-09-01,12312.5,12109.75,12328.75,12093.0,519000.0,26.12
2020-09-02,12411.5,12325.5,12465.25,12172.25,725400.0,26.57
2020-09-03,11800.5,12408.5,12438.75,11658.5,931580.0,33.6
2020-09-04,11548.75,11745.0,11843.0,11142.0,1200000.0,30.75
2020-09-08,11060.5,11531.0,11585.0,11040.5,1010000.0,31.46
2020-09-09,11392.75,11006.0,11478.75,10935.25,720950.0,28.81
2020-09-10,11178.25,11377.75,11566.75,11088.0,885270.0,29.71
2020-09-11,11061.5,11187.0,11356.25,10937.5,495800.0,26.87
2020-09-14,11280.5,11104.0,11362.75,11104.0,322360.0,25.85
2020-09-15,11464.25,11278.5,11495.5,11247.75,224400.0,25.59
2020-09-16,11268.75,11467.5,11550.0,11237.5,167830.0,26.04
2020-09-17,11090.0,11269.5,11302.5,10918.75,157390.0,26.46
2020-09-18,11144.81,11082.0,11179.25,11037.25,800270.0,25.83
2020-09-21,10989.0,10920.0,11009.75,10656.5,727980.0,27.78
2020-09-22,11149.5,10966.25,11191.0,10897.5,573570.0,26.86
2020-09-23,10829.0,11160.5,11222.0,10786.0,656110.0,28.58
2020-09-24,10891.75,10803.5,11011.75,10660.25,791930.0,28.51
2020-09-25,11136.5,10914.25,11166.25,10813.75,600730.0,26.38
2020-09-28,11394.75,11145.0,11404.0,11140.25,568220.0,26.19
2020-09-29,11337.75,11388.0,11448.75,11289.5,444170.0,26.27
2020-09-30,11407.25,11321.0,11526.0,11167.0,647970.0,26.37
2020-10-01,11574.75,11375.0,11599.25,11375.0,580590.0,26.7
2020-10-02,11233.25,11566.75,11604.75,11204.5,806630.0,27.63
2020-10-05,11469.25,11308.5,11497.5,11267.5,398440.0,27.96
2020-10-06,11273.75,11473.0,11524.5,11197.5,612280.0,29.48
2020-10-07,11470.0,11220.5,11506.5,11208.0,443050.0,28.06
2020-10-08,11539.0,11473.25,11578.75,11469.75,403380.0,26.36
2020-10-09,11724.75,11562.0,11739.0,11552.5,408450.0,25.0
2020-10-12,12098.25,11722.75,12197.0,11687.75,756440.0,25.07
2020-10-13,12094.0,12100.0,12249.0,12019.0,754740.0,26.07
2020-10-14,11974.25,12079.75,12178.0,11901.75,597200.0,26.4
2020-10-15,11874.0,11950.0,11983.25,11736.5,595930.0,26.97
2020-10-16,11798.0,11891.0,12022.0,11792.0,527030.0,27.41
2020-10-19,11650.25,11816.75,11950.5,11591.25,623200.0,29.18
2020-10-20,11660.75,11697.5,11792.0,11598.5,622700.0,29.35
2020-10-21,11691.25,11675.25,11779.25,11585.0,599850.0,28.65
2020-10-22,11649.75,11683.5,11724.0,11511.0,583670.0,28.11
2020-10-23,11663.5,11669.25,11691.75,11551.0,501240.0,27.55
2020-10-26,11492.25,11634.0,11695.5,11343.25,674140.0,32.46
2020-10-27,11588.0,11499.5,11623.0,11478.25,551640.0,33.35
2020-10-28,11132.75,11558.5,11566.75,11123.75,749420.0,40.28
2020-10-29,11342.75,11180.5,11457.75,11145.0,606330.0,37.59
2020-10-30,11046.25,11213.25,11281.25,10944.5,801980.0,38.02
2020-11-02,11063.25,11034.5,11212.0,10942.25,602650.0,37.13
2020-11-03,11265.75,11074.75,11347.0,11064.5,509500.0,35.55
2020-11-04,11763.0,11264.0,11843.75,11230.25,842620.0,29.57
2020-11-05,12076.5,11830.0,12119.5,11771.25,578440.0,27.58
2020-11-06,12075.0,12088.5,12109.0,11868.25,552480.0,24.86
2020-11-09,11820.5,12139.25,12408.75,11812.25,731880.0,25.75
2020-11-10,11618.25,11863.5,11901.5,11503.25,834530.0,24.8
2020-11-11,11886.0,11632.25,11917.75,11575.25,546220.0,23.45
2020-11-12,11820.0,11898.5,11975.75,11775.75,554930.0,25.35
2020-11-13,11933.5,11857.0,11952.75,11801.75,445510.0,23.1
2020-11-16,12005.0,11957.25,12065.0,11851.75,471100.0,22.45
2020-11-17,11975.0,12061.25,12096.25,11953.75,401510.0,22.71
2020-11-18,11897.0,11972.0,12027.5,11861.5,475830.0,23.84
2020-11-19,11987.25,11876.0,12000.0,11804.5,421690.0,23.11
2020-11-20,11905.75,11960.0,12021.0,11873.5,358180.0,23.7
2020-11-23,11905.25,11894.0,12001.75,11808.25,425780.0,22.66
2020-11-24,12076.0,11909.75,12104.5,11872.75,401640.0,21.64
2020-11-25,12152.25,12098.5,12177.75,12077.5,386230.0,21.25
2020-11-27,12257.5,12168.25,12307.5,12127.0,296830.0,20.84
2020-11-30,12277.0,12286.5,12337.25,12086.0,493060.0,20.57
2020-12-01,12452.25,12336.0,12512.25,12312.0,464020.0,20.77
2020-12-02,12454.25,12456.25,12473.5,12312.5,400410.0,21.17
2020-12-03,12462.25,12472.0,12540.25,12444.0,376880.0,21.28
2020-12-04,12526.0,12487.0,12535.75,12448.5,321800.0,20.79
2020-12-07,12596.0,12525.0,12612.25,12474.75,323770.0,21.3
2020-12-08,12637.5,12574.0,12652.5,12502.0,365420.0,20.68
2020-12-09,12367.0,12657.25,12675.0,12306.75,635770.0,22.27
2020-12-10,12402.0,12342.75,12449.0,12218.25,529840.0,22.52
2020-12-11,12368.0,12391.0,12414.25,12234.25,361860.0,23.31
2020-12-14,12456.5,12405.5,12545.0,12386.5,296140.0,24.72
2020-12-15,12591.75,12460.5,12604.75,12417.0,223260.0,22.89
2020-12-16,12665.25,12599.5,12699.75,12567.75,153920.0,22.5
2020-12-17,12751.0,12677.0,12766.25,12667.5,84470.0,21.93
2020-12-18,12800.06,12744.25,12823.0,12708.0,5940.0,21.57
2020-12-21,12683.5,12760.0,12782.5,12461.0,606580.0,25.16
2020-12-22,12710.0,12698.25,12760.0,12593.5,457270.0,24.23
2020-12-23,12651.25,12704.75,12738.75,12623.5,358010.0,23.31
2020-12-24,12704.5,12660.75,12724.0,12631.5,173460.0,21.53
2020-12-28,12832.75,12676.25,12855.5,12655.25,346690.0,21.7
2020-12-29,12841.0,12845.25,12918.25,12808.25,394000.0,23.08
2020-12-30,12841.5,12860.75,12909.75,12820.5,334300.0,22.77
2020-12-31,12885.5,12840.0,12896.0,12796.5,280570.0,22.75
2021-01-04,12685.5,12889.0,12959.75,12522.5,650470.0,26.97
2021-01-05,12793.5,12682.75,12809.0,12612.0,483170.0,25.34
2021-01-06,12616.75,12800.25,12844.25,12491.25,755620.0,25.07
2021-01-07,12928.0,12658.5,12959.0,12646.5,435940.0,22.37
2021-01-08,13097.25,12927.0,13125.0,12919.0,508110.0,21.56
2021-01-11,12897.0,13093.25,13105.25,12871.75,454750.0,24.08
2021-01-12,12890.25,12910.75,12959.0,12767.25,461730.0,23.33
2021-01-13,12972.25,12882.5,13003.0,12820.75,416300.0,22.21
2021-01-14,12901.0,12975.5,13028.75,12881.0,417580.0,23.25
2021-01-15,12802.25,12909.0,12931.25,12743.5,539770.0,24.34
2021-01-19,12985.5,12774.25,13032.75,12727.0,481600.0,23.24
2021-01-20,13294.25,13030.0,13327.0,13017.0,438770.0,21.58
2021-01-21,13395.5,13288.5,13423.5,13283.25,421920.0,21.32
2021-01-22,13361.5,13394.0,13402.25,13300.25,407710.0,21.91
2021-01-25,13475.5,13370.0,13554.5,13189.0,663840.0,23.19
2021-01-26,13485.5,13459.75,13599.75,13380.25,502390.0,23.02
2021-01-27,13105.5,13551.0,13586.5,12884.75,786470.0,37.21
2021-01-28,13186.0,13052.5,13394.0,12906.25,623570.0,30.21
2021-01-29,12911.25,13156.0,13188.0,12829.0,738850.0,33.09
2021-02-01,13236.5,12849.0,13271.5,12727.25,549550.0,30.24
2021-02-02,13449.0,13232.5,13509.75,13230.5,491670.0,25.56
2021-02-03,13394.25,13506.0,13584.5,13386.75,499100.0,22.91
2021-02-04,13547.5,13429.5,13568.75,13345.25,408020.0,21.77
2021-02-05,13598.0,13560.0,13638.5,13519.5,431940.0,20.87
2021-02-08,13683.0,13623.75,13693.0,13596.0,393930.0,21.24
2021-02-09,13680.25,13683.5,13735.25,13634.0,367120.0,21.63
2021-02-10,13643.5,13698.0,13769.25,13516.75,552640.0,21.99
2021-02-11,13729.0,13662.0,13743.75,13612.5,495130.0,21.25
2021-02-12,13804.75,13711.25,13820.75,13646.0,392930.0,19.97
2021-02-16,13767.75,13829.5,13900.5,13716.0,604660.0,21.46
2021-02-17,13699.75,13758.25,13785.0,13543.0,583570.0,21.5
2021-02-18,13633.0,13699.5,13723.25,13468.0,574580.0,22.49
2021-02-19,13576.0,13638.25,13729.0,13534.75,535190.0,22.05
2021-02-22,13224.25,13585.0,13629.0,13215.0,648530.0,23.45
2021-02-23,13192.0,13227.0,13335.75,12757.25,873270.0,23.11
2021-02-24,13302.0,13170.75,13334.0,12958.0,673350.0,21.34
2021-02-25,12831.75,13304.75,13353.75,12764.0,894520.0,28.89
2021-02-26,12911.0,12802.5,13089.5,12662.25,841910.0,27.95
2021-03-01,13279.75,12957.5,13318.0,12946.25,513850.0,23.35
2021-03-02,13055.25,13312.25,13328.25,13048.25,563140.0,24.1
2021-03-03,12681.75,13061.25,13192.0,12663.25,756450.0,26.67
2021-03-04,12455.0,12682.0,12797.0,12306.5,1050000.0,28.57
2021-03-05,12663.75,12435.0,12697.75,12207.25,1020000.0,24.66
2021-03-08,12297.25,12715.0,12761.25,12281.75,749030.0,25.47
2021-03-09,12788.75,12345.75,12867.5,12326.0,644020.0,24.03
2021-03-10,12749.25,12812.0,12993.25,12703.0,715960.0,22.56
2021-03-11,13048.25,12795.25,13119.25,12724.25,526140.0,21.91
2021-03-12,12933.5,13055.0,13095.0,12768.25,476350.0,20.69
2021-03-15,13078.5,12950.0,13099.0,12872.0,297630.0,20.03
2021-03-16,13151.5,13084.75,13298.0,13056.5,240940.0,19.79
2021-03-17,13201.5,13174.75,13283.25,12946.5,202700.0,19.23
2021-03-18,12795.5,13200.5,13279.0,12777.5,121110.0,21.58
2021-03-19,12808.76,12818.25,12919.0,12732.75,9020.0,20.95
2021-03-22,13071.75,12807.0,13157.0,12788.5,478670.0,18.88
2021-03-23,13006.25,13069.0,13172.0,12979.0,604250.0,20.3
2021-03-24,12794.0,13050.25,13145.25,12784.0,626540.0,21.2
2021-03-25,12770.5,12803.0,12859.5,12609.75,745800.0,19.81
2021-03-26,12966.75,12799.75,12988.5,12676.25,622210.0,18.86
2021-03-29,12944.5,12975.75,13003.0,12807.5,574190.0,20.74
2021-03-30,12878.25,12975.0,12984.0,12776.5,516409.99999999994,19.61
2021-03-31,13089.75,12894.75,13158.0,12858.25,478400.0,19.4
2021-04-01,13316.0,13094.5,13332.5,13090.25,436490.0,17.33
2021-04-02,13316.0,13330.5,13393.0,13325.5,41620.0,17.33
2021-04-05,13585.5,13339.0,13615.0,13304.25,356730.0,17.91
2021-04-06,13570.0,13603.75,13655.0,13524.25,457220.0,18.12
2021-04-07,13604.75,13580.5,13641.0,13512.5,434830.0,17.16
2021-04-08,13747.75,13620.75,13789.75,13615.5,435060.0,16.95
2021-04-09,13829.5,13786.5,13841.75,13648.25,494770.0,16.69
2021-04-12,13808.75,13817.75,13832.25,13732.0,453970.0,16.91
2021-04-13,13975.75,13825.0,13994.0,13772.75,485940.0,16.65
2021-04-14,13798.75,13977.75,14029.0,13772.75,662200.0,16.99
2021-04-15,14014.0,13827.0,14034.25,13789.25,524810.0,16.57
2021-04-16,14029.5,14002.0,14059.5,13952.75,500610.0,16.25
2021-04-19,13897.25,13989.0,14052.25,13821.0,613720.0,17.29
2021-04-20,13794.25,13900.0,13933.75,13719.25,606020.0,18.68
2021-04-21,13919.25,13740.0,13926.5,13700.5,510090.0,17.5
2021-04-22,13750.25,13896.5,13944.75,13701.75,623940.0,18.71
2021-04-23,13927.0,13757.0,13981.0,13737.0,450890.0,17.33
2021-04-26,14011.5,13919.75,14039.25,13865.5,403660.0,17.64
2021-04-27,13953.0,14024.75,14050.0,13912.5,412800.0,17.56
2021-04-28,13892.25,13955.5,13993.5,13878.0,501600.0,17.28
2021-04-29,13953.5,13973.5,14064.0,13818.5,595560.0,17.61
2021-04-30,13850.0,13948.25,13956.75,13819.75,555240.0,18.61
2021-05-03,13790.0,13880.25,13947.5,13772.0,473910.0,18.31
2021-05-04,13536.0,13785.0,13792.5,13380.75,667320.0,19.48
2021-05-05,13491.0,13525.75,13665.5,13462.75,520690.00000000006,19.15
2021-05-06,13597.75,13484.0,13611.5,13388.75,567450.0,18.39
2021-05-07,13709.75,13614.5,13818.0,13588.25,550630.0,16.69
2021-05-10,13356.75,13718.0,13752.0,13305.5,603730.0,19.66
2021-05-11,13346.0,13316.5,13375.75,13065.25,787640.0,21.84
2021-05-12,12998.5,13321.25,13351.75,12959.75,760920.0,27.59
2021-05-13,13100.25,12968.75,13223.75,12915.0,727350.0,23.13
2021-05-14,13387.0,13095.0,13426.25,13071.0,468760.0,18.81
2021-05-17,13303.5,13380.25,13448.5,13182.75,488300.0,19.72
2021-05-18,13212.0,13308.5,13432.25,13178.5,442090.0,21.34
2021-05-19,13233.5,13182.0,13243.0,12954.25,669350.0,22.18
2021-05-20,13486.5,13220.5,13522.75,13150.75,465780.0,20.67
2021-05-21,13405.0,13492.5,13570.0,13395.75,457740.0,20.15
2021-05-24,13635.25,13383.25,13686.0,13356.5,368610.0,18.4
2021-05-25,13656.25,13656.5,13738.75,13606.75,436160.0,18.84
2021-05-26,13700.25,13670.25,13728.5,13656.0,343070.0,17.36
2021-05-27,13665.5,13702.5,13720.75,13620.25,388600.0,16.74
2021-05-28,13686.5,13694.75,13763.5,13662.75,366220.0,16.76
2021-06-01,13648.75,13699.0,13773.0,13592.25,448000.0,17.9
2021-06-02,13673.75,13653.25,13712.75,13603.25,371450.0,17.48
2021-06-03,13529.25,13679.5,13707.75,13462.25,552990.0,18.04
2021-06-04,13766.75,13531.75,13783.75,13467.75,446990.0,16.42
2021-06-07,13804.25,13773.25,13824.0,13691.5,397550.0,16.42
2021-06-08,13811.5,13823.0,13917.25,13741.75,482550.0,17.07
2021-06-09,13814.25,13813.0,13904.25,13803.5,376890.0,17.89
2021-06-10,13959.75,13817.0,13976.5,13726.0,492340.0,16.1
2021-06-11,13994.25,13975.5,13997.75,13932.25,257730.00000000003,15.65
2021-06-14,14124.75,13999.0,14133.5,13965.25,229730.0,16.39
2021-06-15,14030.25,14119.5,14163.0,14009.25,178160.0,17.02
2021-06-16,13981.25,14046.75,14103.75,13840.0,124320.0,18.15
2021-06-17,14165.5,13948.5,14217.75,13850.25,113880.0,17.75
2021-06-18,14107.43,14183.75,14214.25,14063.5,8580.0,20.7
2021-06-21,14130.0,14022.75,14144.0,13958.5,503660.0,17.89
2021-06-22,14258.25,14136.75,14279.25,14066.5,420970.0,16.66
2021-06-23,14263.0,14274.0,14315.75,14231.75,366490.0,16.32
2021-06-24,14354.25,14275.25,14422.0,14270.0,409860.0,15.97
2021-06-25,14339.0,14365.75,14394.25,14313.25,379760.0,15.62
2021-06-28,14512.5,14350.0,14519.75,14333.25,376860.0,15.76
2021-06-29,14563.0,14504.5,14584.75,14468.75,360170.0,16.02
2021-06-30,14549.0,14584.75,14598.5,14518.25,384460.0,15.83
2021-07-01,14548.5,14558.5,14606.25,14471.0,436420.0,15.48
2021-07-02,14713.75,14543.75,14729.0,14513.25,392170.0,15.07
2021-07-06,14775.5,14704.25,14790.0,14625.25,557680.0,16.44
2021-07-07,14802.25,14764.5,14883.75,14726.25,471450.0,16.2
2021-07-08,14712.25,14812.0,14822.0,14540.5,631210.0,19.0
2021-07-09,14810.5,14710.25,14832.0,14640.75,424770.0,16.18
2021-07-12,14869.25,14824.0,14888.5,14785.0,362610.0,16.17
2021-07-13,14865.0,14880.0,14994.75,14794.5,506390.0,17.12
2021-07-14,14891.75,14869.75,14996.0,14841.25,499190.0,16.33
2021-07-15,14787.5,14895.0,14962.75,14708.25,634790.0,17.01
2021-07-16,14670.5,14778.5,14869.5,14656.0,539010.0,18.45
2021-07-19,14540.75,14675.0,14682.5,14445.0,720290.0,22.5
2021-07-20,14722.75,14593.75,14782.5,14516.75,529360.0,19.73
2021-07-21,14827.75,14729.75,14839.5,14668.25,404350.0,17.91
2021-07-22,14928.5,14836.75,14982.75,14826.75,425430.0,17.69
2021-07-23,15098.0,14979.5,15117.25,14934.25,449260.0,17.2
2021-07-26,15117.75,15098.0,15134.0,15038.75,391520.0,17.58
2021-07-27,14947.75,15125.25,15131.5,14774.25,671790.0,19.36
2021-07-28,15011.5,14875.75,15074.5,14866.0,577190.0,18.31
2021-07-29,15037.75,14984.75,15084.0,14905.0,412590.0,17.7
2021-07-30,14955.75,14905.25,14980.0,14811.25,505630.0,18.24
2021-08-02,14952.75,14972.75,15056.25,14932.25,446140.0,19.46
2021-08-03,15046.25,14962.25,15050.0,14849.0,520380.0,18.04
2021-08-04,15073.5,15038.0,15108.0,14997.0,445700.0,17.97
2021-08-05,15167.75,15081.75,15172.5,15069.25,341550.0,17.28
2021-08-06,15095.5,15167.75,15169.75,15047.25,425070.0,16.15
2021-08-09,15125.25,15090.25,15145.5,15003.25,361390.0,16.72
2021-08-10,15044.5,15128.75,15157.25,14994.5,475300.0,16.79
2021-08-11,15019.5,15045.0,15119.0,14963.0,479700.0,16.06
2021-08-12,15078.5,15008.5,15090.5,14941.25,384240.0,15.59
2021-08-13,15125.75,15079.75,15141.75,15055.25,364520.0,15.45
2021-08-16,15134.0,15119.25,15139.0,14917.25,590790.0,16.12
2021-08-17,14997.5,15131.5,15133.75,14897.0,687900.0,17.91
2021-08-18,14849.25,14970.25,15037.25,14806.5,568850.0,21.57
2021-08-19,14928.0,14840.0,14999.0,14710.5,734180.0,21.67
2021-08-20,15086.75,14943.25,15100.0,14851.0,504460.0,18.56
2021-08-23,15304.5,15090.0,15337.5,15086.5,412590.0,17.15
2021-08-24,15355.5,15327.0,15384.0,15309.5,365580.0,17.22
2021-08-25,15364.25,15362.25,15397.0,15333.0,405230.0,16.79
2021-08-26,15274.75,15367.25,15368.25,15255.25,564380.0,18.84
2021-08-27,15426.5,15286.0,15443.75,15265.5,441050.0,16.39
2021-08-30,15597.5,15432.75,15617.75,15420.0,417560.0,16.19
2021-08-31,15582.5,15605.5,15677.25,15517.75,521130.0,16.48
2021-09-01,15609.25,15599.5,15699.0,15578.5,465490.0,16.11
2021-09-02,15601.0,15610.0,15682.0,15551.75,463640.0,16.41
2021-09-03,15651.5,15601.0,15677.5,15552.25,462870.0,16.41
2021-09-07,15674.75,15656.0,15708.75,15606.75,542060.0,18.14
2021-09-08,15620.0,15671.0,15691.0,15523.75,559400.0,17.96
2021-09-09,15558.75,15610.0,15675.75,15545.75,531290.0,18.8
2021-09-10,15441.5,15561.0,15668.0,15433.5,402820.0,20.95
2021-09-13,15436.75,15452.5,15565.0,15350.25,363280.0,19.37
2021-09-14,15387.0,15452.25,15530.75,15351.25,237820.0,19.46
2021-09-15,15504.0,15395.5,15521.75,15315.25,156770.0,18.18
2021-09-16,15517.75,15516.5,15542.0,15369.5,105430.0,18.69
2021-09-17,15486.67,15502.75,15547.0,15474.0,7470.0,20.81
2021-09-20,15009.5,15284.0,15338.25,14807.5,845910.0,25.71
2021-09-21,15024.0,14992.0,15163.25,14963.25,659780.0,24.36
2021-09-22,15163.5,14992.75,15227.0,14930.5,601010.0,20.87
2021-09-23,15303.5,15178.25,15347.0,15175.25,514539.99999999994,18.63
2021-09-24,15318.75,15300.25,15334.25,15176.75,470510.0,17.75
2021-09-27,15194.75,15319.0,15399.25,15084.0,543380.0,18.76
2021-09-28,14764.75,15172.25,15192.25,14740.75,836790.0,23.25
2021-09-29,14739.75,14769.25,14926.0,14711.0,649550.0,22.56
2021-09-30,14682.5,14769.75,14883.5,14670.25,699370.0,23.14
2021-10-01,14761.75,14702.25,14818.0,14537.0,663410.0,21.15
2021-10-04,14462.25,14785.0,14835.0,14367.75,802850.0,22.96
2021-10-05,14655.25,14493.75,14754.75,14410.5,574640.0,21.3
2021-10-06,14759.0,14662.0,14770.0,14422.5,756880.0,21.0
2021-10-07,14881.25,14768.0,15001.25,14767.0,492760.0,19.54
2021-10-08,14808.25,14891.25,14996.0,14790.75,550610.0,18.77
2021-10-11,14700.5,14810.25,14897.25,14677.0,510490.0,20.0
2021-10-12,14653.25,14688.5,14783.25,14585.5,599370.0,19.85
2021-10-13,14764.25,14594.0,14795.75,14591.0,556060.0,18.64
2021-10-14,15037.25,14770.25,15071.5,14767.5,425060.0,16.86
2021-10-15,15134.5,15063.75,15145.0,15020.75,442890.0,16.3
2021-10-18,15290.5,15145.0,15297.25,15038.75,423420.0,16.31
2021-10-19,15398.5,15289.75,15428.25,15269.0,384790.0,15.7
2021-10-20,15377.5,15411.0,15446.5,15319.0,451740.0,15.49
2021-10-21,15478.75,15357.5,15483.75,15301.0,436640.0,15.01
2021-10-22,15341.0,15383.0,15463.5,15273.75,545390.0,15.43
2021-10-25,15495.75,15324.25,15546.0,15295.75,456010.0,15.24
2021-10-26,15545.0,15543.0,15701.0,15503.0,586100.0,15.98
2021-10-27,15587.25,15532.25,15717.5,15507.25,534470.0,16.98
2021-10-28,15764.75,15595.0,15777.0,15591.75,498210.0,16.53
2021-10-29,15838.5,15679.75,15864.75,15595.5,484690.0,16.26
2021-11-01,15894.25,15885.25,15914.75,15768.5,411510.0,16.41
2021-11-02,15961.25,15891.0,15980.25,15849.5,418550.0,16.03
2021-11-03,16129.75,15957.75,16145.75,15935.25,448140.0,15.1
2021-11-04,16330.75,16129.5,16376.0,16129.5,524360.0,15.44
2021-11-05,16351.75,16335.0,16448.5,16292.0,525820.0,16.48
2021-11-08,16327.75,16293.0,16394.0,16256.0,414330.0,17.22
2021-11-09,16212.75,16315.5,16391.75,16160.0,560750.0,17.78
2021-11-10,15980.5,16201.25,16243.0,15896.5,658270.0,18.73
2021-11-11,16022.75,15989.0,16114.0,15976.0,434780.0,17.66
2021-11-12,16192.75,16043.75,16213.25,16001.75,422490.0,16.29
2021-11-15,16187.75,16212.25,16276.5,16082.25,483870.0,16.49
2021-11-16,16300.75,16198.5,16323.75,16142.0,424380.0,16.37
2021-11-17,16311.5,16297.75,16396.5,16270.0,455990.0,17.11
2021-11-18,16481.25,16322.5,16508.0,16303.5,602240.0,17.59
2021-11-19,16575.0,16503.25,16628.5,16490.25,549030.0,17.91
2021-11-22,16382.0,16600.25,16767.5,16364.5,770670.0,19.17
2021-11-23,16312.0,16399.0,16418.75,16118.5,901450.0,19.38
2021-11-24,16366.0,16300.25,16368.5,16102.0,656270.0,18.58
2021-11-25,16370.75,16392.25,16396.0,16359.5,74730.0,18.58
2021-11-26,16051.0,16360.0,16436.0,15988.0,680750.0,28.62
2021-11-29,16390.75,16046.5,16437.75,16038.0,597940.0,22.96
2021-11-30,16150.5,16419.0,16456.25,16068.75,854650.0,27.19
2021-12-01,15869.75,16238.75,16427.5,15825.25,861890.0,31.12
2021-12-02,15988.5,15891.75,16066.25,15762.75,853710.0,27.95
2021-12-03,15717.75,16020.0,16121.75,15538.0,898850.0,30.67
2021-12-06,15842.75,15716.25,15897.25,15559.25,695520.0,27.18
2021-12-07,16318.0,15848.75,16374.5,15824.5,594630.0,21.89
2021-12-08,16392.25,16360.5,16436.75,16251.5,494850.0,19.9
2021-12-09,16148.75,16380.5,16420.0,16120.25,612580.0,21.58
2021-12-10,16329.75,16158.5,16335.75,16133.75,395290.0,18.69
2021-12-13,16082.0,16321.75,16411.25,16064.25,286180.0,20.31
2021-12-14,15924.75,16085.0,16133.75,15738.5,274760.0,21.89
2021-12-15,16288.0,15928.5,16302.5,15744.5,161710.0,19.29
2021-12-16,15870.5,16288.5,16459.25,15800.25,143260.0,20.57
2021-12-17,15717.32,15873.0,15902.0,15668.0,9390.0,21.57
2021-12-20,15621.25,15809.5,15851.75,15492.0,676200.0,22.87
2021-12-21,15980.0,15674.25,15987.25,15605.0,530230.0,21.01
2021-12-22,16169.75,15979.0,16183.0,15881.5,476670.0,18.63
2021-12-23,16299.0,16180.0,16356.0,16145.25,349180.0,17.96
2021-12-27,16560.0,16304.25,16580.75,16304.25,351310.0,17.68
2021-12-28,16488.0,16565.75,16659.5,16452.25,454630.0,17.54
2021-12-29,16490.5,16513.5,16564.25,16387.5,354990.0,16.95
2021-12-30,16430.25,16484.5,16567.5,16411.25,304260.0,17.33
2021-12-31,16320.75,16431.0,16464.0,16313.75,363720.0,17.22
2022-01-03,16485.5,16356.0,16508.0,16292.0,513549.99999999994,16.6
2022-01-04,16275.75,16497.75,16564.0,16139.5,669530.0,16.91
2022-01-05,15766.5,16265.0,16269.0,15752.75,769790.0,19.73
2022-01-06,15759.0,15763.75,15895.75,15598.5,802950.0,19.61
2022-01-07,15581.0,15801.75,15852.75,15510.0,704410.0,18.76
2022-01-10,15608.0,15590.0,15669.0,15152.5,888780.0,19.4
2022-01-11,15831.0,15622.25,15839.5,15475.0,709360.0,18.41
2022-01-12,15887.25,15826.0,16009.25,15762.5,671270.0,17.62
2022-01-13,15490.25,15901.0,15979.75,15458.25,763020.0,20.31
2022-01-14,15595.75,15505.0,15621.0,15312.5,795900.0,19.19
2022-01-18,15206.0,15616.75,15653.25,15170.75,868070.0,22.79
2022-01-19,15033.5,15238.75,15372.0,15011.25,776610.0,23.85
2022-01-20,14841.0,15042.25,15340.25,14646.75,771410.0,25.59
2022-01-21,14426.5,14722.0,14858.5,14408.5,1040000.0,28.85
2022-01-24,14501.0,14410.0,14582.0,13706.0,1320000.0,29.9
2022-01-25,14140.75,14495.0,14499.0,13890.0,957800.0,31.16
2022-01-26,14158.5,13945.5,14639.75,13945.5,908550.0,31.96
2022-01-27,13986.75,14194.0,14409.25,13844.5,866650.0,30.49
2022-01-28,14433.0,14167.75,14442.0,13831.0,878240.0,27.66
2022-01-31,14905.0,14454.0,14914.75,14353.25,654280.0,24.83
2022-02-01,14994.75,14868.75,15137.0,14729.25,597310.0,21.96
2022-02-02,15114.5,15129.0,15260.0,14825.0,645400.0,22.09
2022-02-03,14492.25,14852.5,14870.0,14456.25,731580.0,24.35
2022-02-04,14685.5,14770.0,14825.75,14362.75,763740.0,23.22
2022-02-07,14559.75,14682.5,14806.25,14511.5,562310.0,22.86
2022-02-08,14734.5,14600.0,14776.0,14467.5,611860.0,21.44
2022-02-09,15038.25,14746.25,15068.0,14741.0,529890.0,19.96
2022-02-10,14701.0,15062.25,15062.25,14622.0,834480.0,23.91
2022-02-11,14240.5,14698.25,14766.75,14181.0,835980.0,27.36
2022-02-14,14253.0,14250.0,14394.0,14031.0,734220.0,28.33
2022-02-15,14609.5,14257.0,14614.75,14223.25,558470.0,25.7
2022-02-16,14600.0,14588.0,14668.5,14381.0,594300.0,24.29
2022-02-17,14164.75,14592.25,14619.5,14131.5,631080.0,28.11
2022-02-18,13996.0,14156.25,14299.0,13906.25,760910.0,27.75
2022-02-22,13862.75,13952.75,14157.5,13580.25,1110000.0,28.81
2022-02-23,13507.5,13928.25,14068.75,13471.25,713190.0,31.02
2022-02-24,13966.5,13484.25,13983.25,13025.75,1120000.0,30.32
2022-02-25,14180.5,13909.5,14196.25,13760.25,785000.0,27.59
2022-02-28,14228.0,13900.25,14292.25,13683.0,753710.0,30.15
2022-03-01,14005.5,14219.25,14327.75,13900.0,645170.0,33.32
2022-03-02,14239.25,14026.25,14290.0,13911.5,629020.0,30.74
2022-03-03,14030.5,14196.5,14391.0,13955.0,596930.0,30.48
2022-03-04,13839.75,14069.25,14086.5,13733.75,725770.0,31.98
2022-03-07,13320.75,13763.5,13879.75,13265.0,717850.0,36.45
2022-03-08,13267.0,13283.0,13666.0,13103.25,841410.0,35.13
2022-03-09,13734.75,13192.25,13821.75,13189.75,650830.0,32.45
2022-03-10,13586.0,13778.0,13778.0,13396.25,611080.0,30.23
2022-03-11,13292.0,13577.25,13860.75,13281.75,439890.0,30.75
2022-03-14,13045.5,13362.0,13447.5,13015.5,402610.0,31.77
2022-03-15,13451.75,13082.0,13489.0,12944.0,284960.0,29.83
2022-03-16,13953.0,13451.75,14029.25,13420.5,274500.0,26.67
2022-03-17,14111.75,13999.0,14136.25,13822.75,125160.0,25.67
2022-03-18,14095.31,14060.0,14081.5,13970.5,7540.0,23.87
2022-03-21,14370.5,14404.0,14466.75,14183.75,589630.0,23.53
2022-03-22,14654.0,14390.0,14690.75,14293.5,509920.0,22.94
2022-03-23,14447.0,14654.0,14682.25,14441.0,555130.0,23.57
2022-03-24,14763.75,14462.75,14769.75,14433.5,512270.0,21.67
2022-03-25,14755.75,14765.0,14840.5,14572.5,553930.0,20.81
2022-03-28,14985.25,14756.0,14997.0,14658.75,532130.0,19.63
2022-03-29,15237.75,14981.0,15268.75,14956.5,552950.0,18.9
2022-03-30,15071.5,15222.0,15262.25,15012.25,513520.0,19.33
2022-03-31,14868.75,15100.5,15180.75,14855.5,560790.0,20.56
2022-04-01,14863.75,14918.75,14960.0,14725.0,539030.0,19.63
2022-04-04,15164.25,14846.0,15174.5,14801.0,460170.0,18.57
2022-04-05,14828.0,15155.5,15198.0,14780.25,563200.0,21.03
2022-04-06,14505.25,14861.0,14861.25,14394.75,783210.0,22.1
2022-04-07,14536.0,14496.25,14633.75,14317.0,645740.0,21.55
2022-04-08,14327.0,14536.25,14642.25,14310.5,640160.0,21.16
2022-04-11,14000.0,14345.0,14382.0,13984.75,577480.0,24.37
2022-04-12,13945.0,14006.25,14284.25,13881.25,704350.0,24.26
2022-04-13,14221.5,13952.75,14266.5,13921.0,530160.0,21.82
2022-04-14,13893.75,14211.5,14296.25,13876.5,548400.0,22.7
2022-04-18,13907.75,13892.0,14002.5,13729.5,492100.0,22.17
2022-04-19,14217.25,13962.75,14242.0,13828.0,556360.0,21.37
2022-04-20,14004.75,14104.75,14298.0,13956.5,604340.0,20.32
2022-04-21,13728.25,14070.0,14283.0,13667.5,685790.0,22.68
2022-04-22,13353.5,13720.0,13781.0,13297.0,732260.0,28.21
2022-04-25,13535.75,13334.25,13549.75,13184.0,749650.0,27.02
2022-04-26,13016.0,13523.5,13583.75,12801.5,755330.0,33.52
2022-04-27,13009.0,12881.0,13255.25,12878.25,817200.0,31.6
2022-04-28,13454.75,13191.0,13542.0,13033.0,756360.0,29.99
2022-04-29,12852.0,13219.5,13433.0,12831.75,723390.0,33.4
2022-05-02,13073.0,12892.25,13084.5,12709.75,763820.0,32.34
2022-05-03,13087.5,13051.75,13183.75,12968.5,662220.0,29.25
2022-05-04,13531.25,13121.0,13555.25,12883.0,703190.0,25.42
2022-05-05,12858.0,13500.25,13548.0,12705.25,877800.0,31.2
2022-05-06,12695.75,12883.25,12928.75,12519.0,852230.0,30.19
2022-05-09,12193.75,12605.0,12637.25,12135.25,816030.0,34.75
2022-05-10,12349.0,12206.0,12547.0,12102.25,853860.0,32.99
2022-05-11,11969.75,12328.75,12553.25,11938.5,865890.0,32.56
2022-05-12,11947.25,12004.5,12132.75,11689.0,878240.0,31.77
2022-05-13,12382.75,11891.5,12432.0,11891.5,663520.0,28.87
2022-05-16,12244.75,12409.0,12498.75,12190.25,623720.0,27.47
2022-05-17,12560.25,12235.5,12578.0,12234.0,653220.0,26.1
2022-05-18,11935.5,12572.0,12594.0,11862.75,735390.0,30.96
2022-05-19,11878.25,11907.0,12076.75,11704.0,827740.0,29.35
2022-05-20,11840.75,11898.0,12096.75,11491.25,806780.0,29.43
2022-05-23,12035.25,11866.0,12075.5,11783.75,660210.0,28.48
2022-05-24,11771.0,11915.0,11918.0,11576.25,717430.0,29.45
2022-05-25,11942.25,11808.0,12036.0,11672.0,671100.0,28.37
2022-05-26,12279.25,11887.5,12343.0,11848.25,611880.0,27.5
2022-05-27,12677.75,12250.0,12720.25,12222.0,615990.0,25.72
2022-05-31,12646.5,12705.25,12883.0,12480.0,832390.0,26.19
2022-06-01,12551.0,12662.5,12823.5,12454.75,682210.0,25.69
2022-06-02,12893.75,12549.75,12903.75,12442.5,620010.0,24.72
2022-06-03,12551.0,12896.0,12945.25,12503.0,652960.0,24.79
2022-06-06,12605.0,12549.75,12810.0,12527.0,536940.0,25.07
2022-06-07,12711.5,12605.25,12740.25,12412.5,577970.0,24.02
2022-06-08,12615.75,12680.5,12783.0,12579.25,583650.0,23.96
2022-06-09,12275.0,12625.0,12726.0,12255.25,690160.0,26.09
2022-06-10,11840.0,12301.5,12338.75,11823.0,617400.0,27.75
2022-06-13,11296.5,11768.0,11772.5,11254.5,530220.0,34.02
2022-06-14,11314.25,11334.25,11505.5,11205.0,378130.0,32.69
2022-06-15,11593.75,11329.75,11759.25,11327.75,265810.0,29.62
2022-06-16,11124.75,11608.5,11737.75,11036.75,146540.0,32.95
2022-06-17,11130.39,11178.5,11290.0,11130.25,14060.0,31.13
2022-06-21,11577.25,11332.5,11678.25,11273.75,657210.0,30.19
2022-06-22,11565.75,11579.75,11745.75,11320.5,638960.0,28.95
2022-06-23,11737.5,11542.75,11766.75,11460.5,630130.0,29.05
2022-06-24,12140.5,11687.75,12148.5,11684.75,563300.0,27.23
2022-06-27,12040.5,12137.5,12262.0,11994.25,565800.0,26.95
2022-06-28,11674.25,12076.25,12174.25,11661.5,634690.0,28.36
2022-06-29,11691.0,11680.5,11749.0,11564.5,590170.0,28.16
2022-06-30,11529.5,11691.5,11696.75,11351.0,738070.0,28.71
2022-07-01,11611.25,11507.5,11629.75,11381.75,605400.0,26.7
2022-07-05,11808.5,11606.0,11815.75,11389.25,790940.0,27.54
2022-07-06,11880.25,11820.25,11974.25,11727.75,649910.0,26.73
2022-07-07,12138.5,11901.25,12168.5,11836.5,550460.0,26.08
2022-07-08,12152.0,12115.0,12211.0,11952.5,640450.0,24.64
2022-07-11,11884.25,12149.75,12149.75,11853.0,578340.0,26.17
2022-07-12,11779.0,11900.5,12025.5,11712.0,607950.0,27.29
2022-07-13,11762.25,11780.0,11970.0,11479.25,732270.0,26.82
2022-07-14,11797.5,11729.5,11835.0,11511.25,654560.0,26.4
2022-07-15,12007.5,11810.5,12021.5,11740.25,560980.0,24.23
2022-07-18,11907.0,12043.5,12186.5,11857.0,553680.0,25.3
2022-07-19,12274.0,11909.5,12328.5,11889.5,585590.0,24.5
2022-07-20,12465.25,12330.5,12517.5,12235.75,643610.0,23.88
2022-07-21,12640.0,12440.0,12655.25,12373.5,605070.0,23.11
2022-07-22,12423.5,12559.25,12698.5,12343.75,634550.0,23.03
2022-07-25,12354.5,12444.5,12498.5,12266.5,491610.0,23.36
2022-07-26,12112.5,12311.25,12334.0,12072.0,536290.0,24.69
2022-07-27,12619.0,12192.0,12690.0,12191.75,634890.0,23.24
2022-07-28,12737.5,12580.0,12948.0,12449.0,645260.0,22.33
2022-07-29,12971.5,12920.25,13012.0,12744.25,592420.0,21.33
2022-08-01,12962.5,12981.0,13108.75,12851.75,622510.0,22.84
2022-08-02,12924.5,12974.25,13097.0,12814.75,674560.0,23.93
2022-08-03,13271.5,12921.0,13310.25,12867.25,690060.0,21.95
2022-08-04,13327.0,13247.0,13356.0,13184.75,542680.0,21.44
2022-08-05,13228.75,13327.25,13384.5,13085.0,687790.0,21.15
2022-08-08,13183.25,13227.75,13419.25,13120.5,597180.0,21.29
2022-08-09,13031.5,13206.25,13233.75,12963.25,553700.0,21.77
2022-08-10,13392.0,13050.0,13408.0,12982.0,602070.0,19.74
2022-08-11,13311.25,13380.5,13575.0,13285.0,614820.0,20.2
2022-08-12,13577.75,13344.25,13583.25,13312.0,500650.0,19.53
2022-08-15,13681.25,13571.5,13706.0,13495.25,463770.0,19.95
2022-08-16,13658.25,13674.75,13740.75,13522.75,555980.0,19.69
2022-08-17,13493.25,13658.0,13672.0,13406.25,610670.0,19.9
2022-08-18,13523.25,13503.0,13575.5,13410.75,530510.0,19.56
2022-08-19,13268.5,13534.25,13534.5,13228.75,618760.0,20.6
2022-08-22,12909.75,13226.5,13226.5,12874.5,599950.0,23.8
2022-08-23,12896.5,12933.75,13018.5,12823.5,570280.0,24.11
2022-08-24,12929.75,12892.0,13011.25,12825.75,503230.0,22.82
2022-08-25,13156.0,12944.0,13161.5,12925.0,543670.0,21.78
2022-08-26,12620.5,13153.75,13220.0,12557.5,753860.0,25.56
2022-08-29,12492.75,12485.0,12610.25,12401.5,693090.0,26.21
2022-08-30,12358.75,12503.5,12658.25,12247.5,797460.0,26.21
2022-08-31,12285.25,12366.0,12513.0,12276.25,672070.0,25.87
2022-09-01,12292.25,12284.75,12299.5,12017.75,820610.0,25.56
2022-09-02,12104.25,12297.75,12461.5,12040.25,835870.0,25.47
2022-09-06,12019.0,12110.5,12244.5,11930.0,895450.0,26.91
2022-09-07,12263.25,12019.75,12306.25,11921.5,677160.0,24.64
2022-09-08,12321.75,12267.75,12379.5,12115.75,737020.0,23.61
2022-09-09,12592.5,12345.25,12613.75,12329.5,535980.0,22.79
2022-09-12,12740.75,12626.0,12773.75,12573.25,444260.0,23.87
2022-09-13,12036.5,12769.5,12889.0,12003.25,463840.0,27.27
2022-09-14,12142.0,12050.25,12173.0,12001.75,270230.0,26.16
2022-09-15,11934.75,12159.0,12187.75,11866.5,169930.0,26.27
2022-09-16,11814.58,11880.0,11880.0,11750.5,10330.0,26.3
2022-09-19,12024.0,11920.0,12066.25,11792.25,632660.0,25.76
2022-09-20,11922.25,12045.75,12092.5,11828.25,704880.0,27.16
2022-09-21,11710.0,11946.0,12140.5,11647.5,822970.0,27.99
2022-09-22,11565.5,11661.25,11796.0,11510.0,786180.0,27.35
2022-09-23,11376.75,11583.75,11600.25,11229.0,799380.0,29.92
2022-09-26,11316.25,11362.5,11537.75,11256.5,809850.0,32.26
2022-09-27,11333.75,11315.5,11568.25,11233.5,841070.0,32.6
2022-09-28,11555.75,11361.0,11613.5,11141.5,897740.0,30.18
2022-09-29,11228.25,11544.0,11567.25,11091.5,891820.0,31.84
2022-09-30,11035.5,11220.0,11357.25,11024.25,878170.0,31.62
2022-10-03,11285.75,11030.0,11358.25,10890.75,757580.0,30.1
2022-10-04,11640.75,11314.5,11675.0,11281.5,772890.0,29.07
2022-10-05,11623.75,11630.25,11711.0,11366.5,700890.0,28.55
2022-10-06,11541.75,11628.0,11729.75,11505.25,773910.0,30.52
2022-10-07,11101.5,11494.5,11564.5,11043.25,759140.0,31.36
2022-10-10,10984.5,11067.75,11136.5,10876.75,757730.0,32.45
2022-10-11,10845.0,10987.0,11039.5,10767.25,833910.0,33.63
2022-10-12,10840.5,10875.0,10976.75,10805.5,731210.0,33.57
2022-10-13,11083.75,10859.0,11142.75,10484.75,1050000.0,31.94
2022-10-14,10744.0,11064.75,11253.5,10726.75,843530.0,32.02
2022-10-17,11110.25,10720.0,11146.25,10713.0,638720.0,31.37
2022-10-18,11198.75,11161.25,11431.75,11081.5,832220.0,30.5
2022-10-19,11153.25,11320.25,11382.75,11049.0,733780.0,30.76
2022-10-20,11090.75,11134.0,11328.75,11008.0,739670.0,29.98
2022-10-21,11358.5,11061.25,11386.25,10935.5,840950.0,29.69
2022-10-24,11478.75,11393.75,11530.25,11207.75,715020.0,29.85
2022-10-25,11713.5,11453.75,11734.0,11430.25,660210.0,28.46
2022-10-26,11446.0,11510.0,11703.5,11415.0,784640.0,27.28
2022-10-27,11235.25,11417.75,11537.5,10921.5,769070.0,27.39
2022-10-28,11587.0,11122.75,11626.0,11062.0,728260.0,25.75
2022-10-31,11447.25,11592.5,11595.0,11367.25,607680.0,25.88
2022-11-01,11332.0,11455.0,11619.0,11288.75,605360.0,25.81
2022-11-02,10944.5,11320.25,11460.0,10909.0,770980.0,25.86
2022-11-03,10728.0,10938.0,10996.0,10708.0,705050.0,25.3
2022-11-04,10890.25,10712.0,10974.25,10636.0,881130.0,24.55
2022-11-07,11014.25,10786.5,11038.5,10751.0,554690.0,24.35
2022-11-08,11094.25,11016.0,11231.25,10928.75,728870.0,25.54
2022-11-09,10830.75,11089.25,11164.25,10822.25,669070.0,26.09
2022-11-10,11632.25,10841.0,11677.0,10808.0,862150.0,23.53
2022-11-11,11848.0,11669.75,11876.75,11569.25,682260.0,22.52
2022-11-14,11734.75,11791.0,11898.5,11702.0,576680.0,23.73
2022-11-15,11904.25,11768.5,12118.75,11761.75,771820.0,24.54
2022-11-16,11739.5,11882.0,11963.0,11706.5,577860.0,24.11
2022-11-17,11710.5,11777.75,11827.5,11528.25,658470.0,23.93
2022-11-18,11708.0,11747.75,11843.0,11607.0,585870.0,23.12
2022-11-21,11588.0,11723.0,11756.0,11553.0,477970.0,22.36
2022-11-22,11754.5,11588.0,11759.25,11526.5,531090.0,21.29
2022-11-23,11862.75,11741.5,11892.75,11720.0,474650.0,20.35
2022-11-25,11782.75,11878.0,11933.0,11766.25,252370.0,20.5
2022-11-28,11616.25,11731.25,11788.5,11575.25,506250.0,22.21
2022-11-29,11524.75,11625.0,11704.5,11465.0,555860.0,21.89
2022-11-30,12042.25,11520.0,12078.5,11497.75,769080.0,20.58
2022-12-01,12062.75,12079.25,12145.0,11943.25,629300.0,19.84
2022-12-02,12010.25,12039.75,12067.75,11740.5,588300.0,19.06
2022-12-05,11805.75,12000.5,12015.75,11745.5,537920.0,20.75
2022-12-06,11566.0,11812.0,11846.25,11502.0,657270.0,22.17
2022-12-07,11509.5,11566.0,11596.25,11422.5,634690.0,22.68
2022-12-08,11645.5,11500.0,11685.75,11433.0,600830.0,22.29
2022-12-09,11569.75,11641.5,11748.0,11517.0,504050.0,22.83
2022-12-12,11711.75,11553.0,11716.0,11522.75,354890.0,25.0
2022-12-13,11839.75,11691.25,12229.5,11680.5,407610.0,22.55
2022-12-14,11750.75,11839.0,11948.5,11613.75,197120.0,21.14
2022-12-15,11347.25,11758.75,11779.5,11298.25,182840.0,22.83
2022-12-16,11327.04,11340.25,11381.25,11206.5,9630.0,22.62
2022-12-19,11193.25,11328.75,11411.0,11131.75,562530.0,22.42
2022-12-20,11175.75,11182.5,11247.0,11043.5,625090.0,21.48
2022-12-21,11334.5,11206.5,11389.75,11181.0,631320.0,20.07
2022-12-22,11054.25,11357.0,11384.75,10870.5,714500.0,21.97
2022-12-23,11075.25,11061.0,11143.0,10916.25,534530.0,20.87
2022-12-27,10915.5,11104.0,11183.75,10896.0,499800.0,21.65
2022-12-28,10772.75,10915.75,10996.5,10758.75,635570.0,22.14
2022-12-29,11032.75,10785.75,11071.5,10777.5,470000.0,21.44
2022-12-30,11022.25,11033.5,11051.5,10855.5,462480.0,21.67
2023-01-03,10945.5,11122.5,11182.0,10844.75,657680.0,22.9
2023-01-04,10999.25,10941.25,11068.5,10863.5,758000.0,22.01
2023-01-05,10820.25,10988.5,11046.75,10805.0,694450.0,22.46
2023-01-06,11113.5,10838.75,11165.75,10751.0,736330.0,21.13
2023-01-09,11185.5,11126.5,11385.5,11120.25,646320.0,21.97
2023-01-10,11282.0,11184.75,11288.75,11094.0,559280.0,20.58
2023-01-11,11476.5,11282.5,11479.5,11239.75,500150.0,21.09
2023-01-12,11534.25,11474.5,11579.75,11291.0,754570.0,18.83
2023-01-13,11608.0,11528.5,11619.5,11389.0,482000.0,18.35
2023-01-17,11624.5,11613.5,11685.0,11510.25,576140.0,19.36
2023-01-18,11475.75,11619.75,11759.5,11468.0,619610.0,20.34
2023-01-19,11356.5,11470.5,11487.0,11308.5,594770.0,20.52
2023-01-20,11677.0,11401.0,11686.75,11365.25,577770.0,19.85
2023-01-23,11934.0,11676.75,11983.0,11650.5,593980.0,19.81
2023-01-24,11909.5,11933.0,12010.5,11835.75,511370.0,19.2
2023-01-25,11873.25,11970.5,11976.5,11604.5,633470.0,19.08
2023-01-26,12106.75,11874.75,12113.0,11867.25,621430.0,18.73
2023-01-27,12222.25,12049.0,12308.5,12016.0,588070.0,18.51
2023-01-30,11968.0,12212.5,12252.0,11960.0,634670.0,19.94
2023-01-31,12152.0,11984.0,12156.0,11871.0,585200.0,19.4
2023-02-01,12414.25,12116.0,12524.5,12055.25,668520.0,17.87
2023-02-02,12846.75,12520.0,12949.75,12501.75,817820.0,18.73
2023-02-03,12624.0,12748.25,12878.0,12551.25,824210.0,18.33
2023-02-06,12515.5,12572.0,12608.5,12455.75,535150.0,19.43
2023-02-07,12776.75,12513.0,12818.5,12459.25,745000.0,18.66
2023-02-08,12545.25,12747.0,12808.5,12512.75,590360.0,19.63
2023-02-09,12425.5,12555.0,12728.5,12366.5,612400.0,20.71
2023-02-10,12346.25,12448.75,12451.5,12243.25,600240.0,20.53
2023-02-13,12540.5,12357.5,12567.0,12265.25,467840.0,20.34
2023-02-14,12631.0,12547.25,12687.0,12390.5,719200.0,18.91
2023-02-15,12730.0,12620.75,12756.5,12524.25,568580.0,18.23
2023-02-16,12482.5,12740.0,12792.75,12455.25,682330.0,20.17
2023-02-17,12390.0,12462.5,12466.25,12265.75,629360.0,20.02
2023-02-21,12096.75,12380.0,12417.75,12090.25,609490.0,22.87
2023-02-22,12097.5,12108.0,12190.5,12034.0,640710.0,22.29
2023-02-23,12207.5,12176.25,12261.0,12028.5,640960.0,21.14
2023-02-24,11997.0,12190.0,12214.5,11923.0,643620.0,21.67
2023-02-27,12083.25,12003.0,12189.5,11990.0,578950.0,20.95
2023-02-28,12072.25,12093.5,12172.75,12025.75,646030.0,20.7
2023-03-01,11961.75,12041.25,12141.75,11924.75,759650.0,20.58
2023-03-02,12062.0,11967.0,12096.25,11832.5,752010.0,19.59
2023-03-03,12311.25,12049.0,12329.0,12012.0,675470.0,18.49
2023-03-06,12323.5,12306.25,12486.25,12276.25,612510.0,18.61
2023-03-07,12169.0,12320.25,12381.25,12142.25,685010.0,19.59
2023-03-08,12228.25,12170.0,12254.5,12108.25,633420.0,19.11
2023-03-09,12007.25,12231.0,12353.5,11977.5,816840.0,22.61
2023-03-10,11840.25,12005.0,12109.0,11795.0,871210.0,24.8
2023-03-13,11931.75,11894.75,12095.75,11674.25,694440.0,26.52
2023-03-14,12207.0,11960.0,12223.0,11921.75,364400.0,23.73
2023-03-15,12247.75,12200.75,12280.0,11972.0,261339.99999999997,26.14
2023-03-16,12583.0,12264.5,12600.5,12189.25,181750.0,22.99
2023-03-17,12594.65,12575.75,12636.5,12531.75,8150.0,25.51
2023-03-20,12688.5,12690.0,12750.0,12525.25,694470.0,24.15
2023-03-21,12867.25,12699.75,12898.25,12676.5,565860.0,21.38
2023-03-22,12707.0,12873.25,13082.0,12678.0,713080.0,22.26
2023-03-23,12854.0,12695.0,13031.0,12694.25,838390.0,22.61
2023-03-24,12890.25,12871.5,12924.75,12728.0,676550.0,21.74
2023-03-27,12788.5,12916.0,12984.5,12765.5,562630.0,20.6
2023-03-28,12732.5,12810.5,12833.5,12634.25,537970.0,19.97
2023-03-29,12965.0,12745.5,12994.0,12742.0,566320.0,19.12
2023-03-30,13082.0,12962.5,13111.75,12931.5,583150.0,19.02
2023-03-31,13301.75,13084.25,13311.5,13057.5,624960.0,18.7
2023-04-03,13270.0,13262.0,13278.75,13154.0,542900.0,18.55
2023-04-04,13219.0,13259.0,13348.75,13168.25,577030.0,19.0
2023-04-05,13079.75,13230.0,13247.25,13006.0,594610.0,19.08
2023-04-06,13170.75,13072.75,13191.0,12953.25,598220.0,18.4
2023-04-07,13170.75,13162.75,13192.25,13122.0,41220.0,18.4
2023-04-10,13158.0,13179.75,13203.25,12967.5,553000.0,18.97
2023-04-11,13074.75,13163.25,13208.75,13053.5,549050.0,19.1
2023-04-12,12952.25,13073.75,13241.75,12937.75,684780.0,19.09
2023-04-13,13209.75,12957.0,13228.0,12925.5,558230.0,17.8
2023-04-14,13181.25,13183.0,13255.0,13058.0,627820.0,17.07
2023-04-17,13186.5,13212.5,13218.0,13076.75,540740.0,16.95
2023-04-18,13193.0,13184.0,13298.75,13138.0,576670.0,16.83
2023-04-19,13183.0,13170.5,13226.75,13065.0,529510.0,16.46
2023-04-20,13074.25,13162.0,13200.0,13021.75,680300.0,17.17
2023-04-21,13090.5,13089.0,13122.0,12982.5,593980.0,16.77
2023-04-24,13056.5,13070.0,13134.0,12967.25,582290.0,16.89
2023-04-25,12809.5,13050.25,13059.5,12800.0,694270.0,18.76
2023-04-26,12887.75,12940.0,13012.25,12863.75,755120.0,18.84
2023-04-27,13231.25,12965.0,13333.0,12936.0,728240.0,17.03
2023-04-28,13320.25,13215.0,13336.0,13169.0,671060.0,15.78
2023-05-01,13306.75,13317.0,13370.25,13258.75,487910.0,16.08
2023-05-02,13184.5,13290.0,13334.75,13110.25,664860.0,17.78
2023-05-03,13100.75,13162.0,13314.0,13080.0,648750.0,18.34
2023-05-04,13043.75,13064.0,13173.0,13001.75,656440.0,20.09
2023-05-05,13317.75,13060.0,13359.0,13055.75,573290.0,17.19
2023-05-08,13352.25,13316.0,13368.0,13254.5,506050.0,16.98
2023-05-09,13264.75,13338.5,13347.0,13250.5,552250.0,17.71
2023-05-10,13409.5,13258.75,13446.75,13202.75,839700.0,16.94
2023-05-11,13446.5,13410.0,13470.25,13361.5,653400.0,16.93
2023-05-12,13396.25,13446.0,13494.25,13310.5,628040.0,17.03
2023-05-15,13468.0,13378.75,13480.0,13350.0,495940.0,17.12
2023-05-16,13483.25,13461.0,13554.5,13426.25,561830.0,17.99
2023-05-17,13643.5,13498.5,13669.0,13474.25,621140.0,16.87
2023-05-18,13894.0,13640.5,13913.0,13628.25,749500.0,16.05
2023-05-19,13858.0,13908.5,13960.25,13814.25,659820.0,16.81
2023-05-22,13902.5,13805.5,13946.75,13794.25,538200.0,17.21
2023-05-23,13728.75,13913.25,13979.25,13710.0,658680.0,18.53
2023-05-24,13650.25,13729.0,13845.75,13566.5,704800.0,20.03
2023-05-25,13976.5,13877.0,14031.25,13803.0,819150.0,19.14
2023-05-26,14332.5,13977.75,14369.0,13924.5,729050.0,17.95
2023-05-30,14396.75,14437.5,14570.0,14336.75,882200.0,17.46
2023-05-31,14300.5,14397.25,14429.0,14251.25,680430.0,17.94
2023-06-01,14472.25,14289.5,14528.25,14248.25,622330.0,15.65
2023-06-02,14575.25,14494.0,14627.75,14468.25,623290.0,14.6
2023-06-05,14588.75,14577.0,14694.75,14512.75,619090.0,14.73
2023-06-06,14586.5,14582.0,14623.75,14504.5,572810.0,13.96
2023-06-07,14331.5,14594.5,14675.0,14305.5,770560.0,13.94
2023-06-08,14503.0,14316.0,14526.75,14256.75,631770.0,13.65
2023-06-09,14556.25,14517.0,14687.5,14460.25,581390.0,13.83
2023-06-12,14800.5,14560.25,14827.0,14554.25,397390.0,15.01
2023-06-13,14914.25,14824.0,14967.75,14779.5,347120.0,14.61
2023-06-14,15012.75,14925.0,15061.5,14793.0,204100.0,13.88
2023-06-15,15188.0,15038.0,15252.0,14878.0,139780.0,14.5
2023-06-16,15316.61,15181.25,15324.0,15130.5,10200.0,13.54
2023-06-20,15256.5,15303.25,15322.5,15126.5,652880.0,13.88
2023-06-21,15044.0,15247.5,15273.25,15002.25,640700.0,13.2
2023-06-22,15214.75,15038.75,15238.0,14964.0,611020.0,12.91
2023-06-23,15058.25,15236.0,15236.0,14985.25,620590.0,13.44
2023-06-26,14856.5,15057.75,15152.5,14853.5,649990.0,14.25
2023-06-27,15111.5,14875.0,15139.25,14862.25,569200.0,13.74
2023-06-28,15130.0,15088.25,15219.0,15021.25,662150.0,13.43
2023-06-29,15100.25,15161.0,15202.75,15028.5,594130.0,13.54
2023-06-30,15337.0,15106.0,15376.75,15099.0,529460.0,13.59
2023-07-03,15364.75,15331.0,15392.0,15308.0,265060.0,13.57
2023-07-05,15360.75,15357.0,15432.0,15255.25,519860.0,14.18
2023-07-06,15238.0,15353.75,15366.0,15111.5,574680.0,15.44
2023-07-07,15181.75,15211.75,15359.75,15172.25,555120.0,14.83
2023-07-10,15187.0,15198.5,15218.25,15063.25,609950.0,15.07
2023-07-11,15260.0,15195.75,15278.75,15109.5,552640.0,14.84
2023-07-12,15444.75,15258.0,15507.75,15254.5,649430.0,13.54
2023-07-13,15711.5,15457.75,15741.25,15456.5,563940.0,13.61
2023-07-14,15694.25,15699.0,15857.25,15663.0,629940.0,13.34
2023-07-17,15840.75,15690.0,15882.75,15661.5,522130.0,13.48
2023-07-18,15974.75,15832.0,16029.75,15733.0,633270.0,13.3
2023-07-19,15959.25,15949.25,16062.75,15911.25,682280.0,13.76
2023-07-20,15592.25,15922.75,15925.75,15547.0,810480.0,13.99
2023-07-21,15540.0,15590.75,15719.25,15522.25,704410.0,13.6
2023-07-24,15561.25,15556.0,15618.75,15483.75,561880.0,13.91
2023-07-25,15673.0,15570.0,15736.25,15549.25,554880.0,13.86
2023-07-26,15610.75,15730.25,15739.25,15515.0,683830.0,13.19
2023-07-27,15571.0,15638.75,15904.0,15511.25,846440.0,14.41
2023-07-28,15847.5,15580.0,15896.0,15546.25,689390.0,13.33
2023-07-31,15857.5,15850.0,15917.0,15791.25,523900.0,13.63
2023-08-01,15817.25,15869.25,15889.25,15728.25,529660.0,13.93
2023-08-02,15473.0,15757.0,15789.75,15414.0,773500.0,16.09
2023-08-03,15438.75,15455.75,15551.75,15339.5,658840.0,15.92
2023-08-04,15354.0,15441.0,15610.25,15336.5,773230.0,17.1
2023-08-07,15485.5,15370.5,15495.5,15334.25,578300.0,15.77
2023-08-08,15354.25,15495.0,15497.75,15218.0,638810.0,15.99
2023-08-09,15178.25,15351.75,15432.5,15146.5,652730.0,15.96
2023-08-10,15201.25,15202.5,15442.25,15136.0,807100.0,15.85
2023-08-11,15095.75,15219.0,15266.75,15037.25,613960.0,14.84
2023-08-14,15270.25,15104.0,15282.0,15020.75,554630.0,14.82
2023-08-15,15106.5,15279.0,15335.0,15074.75,593600.0,16.46
2023-08-16,14942.25,15110.75,15166.0,14921.5,641610.0,16.78
2023-08-17,14778.0,14940.25,15018.25,14738.25,681400.0,17.89
2023-08-18,14744.0,14748.0,14802.75,14609.25,731240.0,17.3
2023-08-21,14985.75,14762.5,15013.75,14720.5,641690.0,17.13
2023-08-22,14958.5,14974.5,15118.25,14932.0,623730.0,16.97
2023-08-23,15195.5,14959.75,15356.75,14957.25,606170.0,15.98
2023-08-24,14862.0,15333.0,15418.0,14817.0,847310.0,17.2
2023-08-25,14979.25,14833.0,15048.75,14751.75,823890.0,15.68
2023-08-28,15092.5,14991.0,15126.5,14973.5,586340.0,15.08
2023-08-29,15415.75,15098.75,15430.5,15049.75,616220.0,14.45
2023-08-30,15501.25,15427.5,15522.75,15361.5,590190.0,13.88
2023-08-31,15538.5,15513.75,15606.75,15460.0,584740.0,13.57
2023-09-01,15516.25,15534.0,15661.25,15454.0,572690.0,13.09
2023-09-05,15534.5,15517.0,15586.75,15418.25,604890.0,14.01
2023-09-06,15399.5,15511.25,15533.0,15310.5,596500.0,14.45
2023-09-07,15282.25,15385.0,15395.75,15157.5,644890.0,14.4
2023-09-08,15297.5,15286.25,15390.75,15223.0,598480.0,13.84
2023-09-11,15475.75,15308.0,15497.5,15298.0,411390.0,13.8
2023-09-12,15304.75,15466.5,15480.75,15288.75,253050.0,14.23
2023-09-13,15356.25,15308.5,15424.25,15212.75,190170.0,13.48
2023-09-14,15478.0,15372.75,15517.75,15337.25,110440.0,12.82
2023-09-15,15435.2,15480.25,15524.0,15401.25,9270.0,13.79
2023-09-18,15414.5,15382.25,15461.0,15330.5,509750.0,14.0
2023-09-19,15375.25,15424.25,15442.25,15248.5,552070.0,14.11
2023-09-20,15152.0,15375.25,15436.25,15127.0,605260.0,15.14
2023-09-21,14862.75,15133.25,15149.0,14841.0,702740.0,17.54
2023-09-22,14869.5,14854.5,15027.5,14836.25,624060.0,17.2
2023-09-25,14935.25,14880.25,14955.75,14782.25,568860.0,16.9
2023-09-26,14715.0,14949.0,14949.0,14666.25,667620.0,18.94
2023-09-27,14739.0,14725.25,14821.5,14586.0,716200.0,18.22
2023-09-28,14859.75,14772.5,14947.5,14658.0,734470.0,17.34
2023-09-29,14866.5,14876.5,15060.75,14811.0,745540.0,17.52
2023-10-02,14984.75,14965.0,15046.0,14826.0,762900.0,17.61
2023-10-03,14714.5,14989.5,15031.0,14651.5,762960.0,19.78
2023-10-04,14923.75,14713.75,14956.0,14589.0,803260.0,18.58
2023-10-05,14861.75,14903.0,14958.75,14716.25,676460.0,18.49
2023-10-06,15112.0,14853.75,15160.25,14660.0,840600.0,17.45
2023-10-09,15187.0,15040.25,15212.75,14949.5,617070.0,17.7
2023-10-10,15270.75,15196.5,15383.5,15171.75,648610.0,17.03
2023-10-11,15380.0,15282.25,15416.75,15253.0,614970.0,16.09
2023-10-12,15315.0,15407.5,15468.75,15216.25,747490.0,16.69
2023-10-13,15120.25,15324.0,15366.75,15062.25,777010.0,19.32
2023-10-16,15289.5,15120.0,15336.75,15083.0,641290.0,17.21
2023-10-17,15240.75,15305.75,15309.25,15050.25,781600.0,17.88
2023-10-18,15025.25,15236.5,15238.25,14979.25,853600.0,19.22
2023-10-19,14890.0,15045.0,15138.25,14839.5,1020000.0,21.4
2023-10-20,14664.0,14850.0,14887.5,14645.0,846680.0,21.71
2023-10-23,14712.0,14680.0,14853.75,14514.25,765730.0,20.37
2023-10-24,14846.5,14744.0,14948.75,14706.0,703060.0,18.97
2023-10-25,14478.25,14828.0,14855.0,14444.0,820680.0,20.19
2023-10-26,14194.0,14425.0,14459.0,14140.25,987600.0,20.68
2023-10-27,14265.25,14248.25,14407.75,14209.75,782100.0,21.27
2023-10-30,14416.5,14336.0,14476.5,14303.0,704860.0,19.75
2023-10-31,14490.25,14410.5,14503.75,14311.25,712610.0,18.14
2023-11-01,14744.5,14460.0,14762.0,14410.75,741820.0,16.87
2023-11-02,14998.0,14761.25,15017.25,14760.0,652480.0,15.66
2023-11-03,15178.75,14928.0,15228.5,14925.5,633840.0,14.91
2023-11-06,15232.5,15187.0,15257.5,15138.0,496130.0,14.89
2023-11-07,15374.25,15215.0,15412.25,15176.0,585120.0,14.81
2023-11-08,15386.5,15373.0,15417.5,15286.75,547840.0,14.45
2023-11-09,15256.0,15356.25,15453.75,15236.75,710430.0,15.29
2023-11-10,15596.25,15254.75,15612.75,15207.25,679630.0,14.17
2023-11-13,15547.0,15586.25,15601.25,15465.25,532940.0,14.76
2023-11-14,15879.75,15558.0,15918.75,15552.0,656100.0,14.16
2023-11-15,15889.25,15895.0,16049.5,15832.25,685070.0,14.18
2023-11-16,15897.5,15846.75,15906.75,15796.75,634460.0,14.32
2023-11-17,15895.75,15897.75,15940.0,15825.0,562420.0,13.8
2023-11-20,16086.5,15895.0,16116.75,15837.25,559490.0,13.41
2023-11-21,15990.25,16087.5,16122.5,15912.0,575450.0,13.35
2023-11-22,16049.25,15967.25,16173.5,15942.75,624550.0,12.85
2023-11-24,16021.0,16036.75,16086.5,15981.75,296600.0,12.46
2023-11-27,16008.75,16008.0,16089.25,15938.75,502560.0,12.69
2023-11-28,16048.0,16005.25,16071.5,15945.25,598220.0,12.69
2023-11-29,16023.75,16055.5,16208.5,16013.5,634330.0,12.98
2023-11-30,15985.5,16040.25,16098.5,15856.0,694120.0,12.92
2023-12-01,16023.75,15955.0,16050.0,15864.0,621710.0,12.63
2023-12-04,15869.0,16022.0,16026.0,15721.25,721020.0,13.08
2023-12-05,15908.75,15863.25,15961.0,15761.25,683590.0,12.85
2023-12-06,15815.25,15897.0,16037.75,15802.0,675480.0,12.97
2023-12-07,16038.75,15814.5,16066.0,15791.0,632330.0,13.06
2023-12-08,16098.25,16017.5,16118.75,15888.25,588930.0,12.35
2023-12-11,16237.0,16093.0,16248.0,16045.5,394180.0,12.63
2023-12-12,16362.75,16240.0,16389.5,16185.25,253670.0,12.07
2023-12-13,16563.75,16383.0,16593.0,16365.5,155140.0,12.19
2023-12-14,16541.5,16561.5,16674.5,16418.75,131880.0,12.48
2023-12-15,16530.23,16532.5,16612.5,16521.5,12650.0,12.28
2023-12-18,16939.75,16820.25,16974.0,16802.25,463440.0,12.56
2023-12-19,17023.0,16917.0,17029.5,16910.75,496520.0,12.53
2023-12-20,16766.25,17024.0,17073.5,16758.5,654330.0,13.67
2023-12-21,16956.5,16790.25,16970.25,16790.25,639820.0,13.65
2023-12-22,16980.0,16956.0,17041.5,16891.5,486850.0,13.03
2023-12-26,17083.5,16964.5,17111.25,16964.5,292090.0,12.99
2023-12-27,17113.25,17090.25,17133.0,17055.5,424300.0,12.43
2023-12-28,17090.5,17127.0,17165.25,17077.75,357700.0,12.47
2023-12-29,17023.5,17090.25,17131.0,16938.25,470860.0,12.45
2024-01-02,16720.0,17019.0,17038.5,16622.5,652710.0,13.2
2024-01-03,16538.0,16736.75,16737.25,16522.0,677220.0,14.04
2024-01-04,16445.0,16545.25,16587.25,16436.0,559460.0,14.13
2024-01-05,16460.25,16455.0,16577.25,16334.25,627480.0,13.35
2024-01-08,16803.75,16470.0,16811.25,16378.25,549900.0,13.08
2024-01-09,16830.25,16788.0,16868.5,16657.75,605920.0,12.76
2024-01-10,16945.25,16829.5,16983.0,16801.5,550700.0,12.69
2024-01-11,16966.25,16955.0,17057.0,16753.0,756440.0,12.44
2024-01-12,16969.25,16957.75,17042.5,16866.5,593450.0,12.7
2024-01-16,16966.5,16961.75,17033.75,16811.75,816020.0,13.84
2024-01-17,16869.75,16978.0,16982.0,16689.25,722780.0,14.79
2024-01-18,17110.0,16854.5,17125.75,16834.25,852230.0,14.13
2024-01-19,17438.5,17116.0,17471.25,17107.25,758130.0,13.3
2024-01-22,17458.5,17466.0,17585.0,17434.0,637250.0,13.19
2024-01-23,17531.25,17461.0,17558.25,17409.5,508080.0,12.55
2024-01-24,17621.0,17554.0,17793.5,17552.25,721610.0,13.14
2024-01-25,17634.5,17614.75,17752.0,17542.0,710820.0,13.45
2024-01-26,17527.0,17571.25,17632.0,17466.0,631480.0,13.26
2024-01-29,17706.0,17502.0,17716.25,17457.5,568740.0,13.6
2024-01-30,17588.5,17711.75,17735.75,17467.0,554150.0,13.31
2024-01-31,17242.25,17415.5,17484.0,17221.5,816120.0,14.35
2024-02-01,17436.75,17273.25,17646.75,17262.75,705240.0,13.88
2024-02-02,17732.75,17588.0,17775.5,17465.5,761170.0,13.85
2024-02-05,17700.0,17696.0,17745.5,17554.25,621650.0,13.67
2024-02-06,17660.0,17698.5,17769.0,17560.75,623170.0,13.06
2024-02-07,17841.75,17645.75,17875.5,17629.75,613340.0,12.83
2024-02-08,17868.25,17856.25,17896.5,17792.25,471370.0,12.79
2024-02-09,18039.25,17854.25,18071.0,17852.25,499280.0,12.93
2024-02-12,17965.0,18040.0,18121.5,17911.25,538130.0,13.93
2024-02-13,17676.75,17928.5,17963.25,17542.0,858230.0,15.85
2024-02-14,17881.0,17703.0,17887.0,17669.25,688090.0,14.38
2024-02-15,17912.75,17870.0,17968.25,17780.5,657770.0,14.01
2024-02-16,17744.0,17952.0,18026.0,17715.0,744630.0,14.24
2024-02-20,17607.25,17729.25,17807.5,17452.5,889290.0,15.42
2024-02-21,17536.75,17573.0,17723.0,17372.75,731450.0,15.34
2024-02-22,18047.5,17702.5,18087.0,17676.0,759230.0,14.54
2024-02-23,17991.0,18023.25,18144.75,17946.0,659730.0,13.75
2024-02-26,17977.0,17961.5,18059.5,17922.0,526170.0,13.74
2024-02-27,18021.0,17951.0,18040.25,17908.75,567820.0,13.43
2024-02-28,17915.25,18017.5,18019.75,17846.25,553730.0,13.84
2024-02-29,18082.75,17870.0,18109.5,17826.0,680150.0,13.4
2024-03-01,18338.25,18075.0,18372.75,18029.5,639150.0,13.11
2024-03-04,18262.0,18336.0,18377.75,18234.25,569340.0,13.49
2024-03-05,17930.25,18246.0,18252.0,17832.5,803860.0,14.46
2024-03-06,18044.25,17981.0,18174.25,17942.5,806130.0,14.5
2024-03-07,18316.25,18041.0,18360.0,17915.75,758500.0,14.44
2024-03-08,18046.75,18279.0,18436.5,18012.5,1050000.0,14.74
2024-03-11,17971.0,18056.0,18068.25,17890.5,472520.0,15.22
2024-03-12,18227.75,18010.5,18241.75,17930.0,281270.0,13.84
2024-03-13,18078.5,18218.0,18256.5,18033.25,179710.0,13.75
2024-03-14,18024.5,18094.25,18177.75,17915.5,110280.0,14.4
2024-03-15,17854.75,18006.0,18074.75,17831.75,9840.0,14.41
2024-03-18,18231.5,18073.5,18381.0,18062.25,656630.0,14.33
2024-03-19,18270.0,18222.0,18289.25,18053.25,660390.0,13.82
2024-03-20,18479.75,18274.0,18545.0,18227.5,618810.0,13.04
2024-03-21,18561.75,18539.75,18709.0,18526.75,606960.0,12.92
2024-03-22,18574.75,18580.5,18626.0,18492.0,511960.0,13.06
2024-03-25,18513.5,18567.0,18601.25,18414.75,456250.0,13.19
2024-03-26,18449.0,18531.25,18619.0,18439.25,516510.0,13.24
2024-03-27,18503.75,18477.5,18571.75,18378.5,605630.0,12.78
2024-03-28,18475.0,18505.0,18538.75,18447.5,515190.00000000006,13.01
2024-04-01,18497.25,18503.0,18612.0,18414.5,572130.0,13.65
2024-04-02,18330.0,18497.25,18511.0,18201.5,618980.0,14.61
2024-04-03,18373.25,18345.0,18451.75,18232.5,597990.0,14.33
2024-04-04,18076.75,18388.5,18568.0,18055.25,777140.0,16.35
2024-04-05,18300.75,18086.25,18408.25,18051.5,809190.0,16.03
2024-04-08,18295.0,18348.25,18376.0,18237.5,524200.00000000006,15.19
2024-04-09,18359.75,18314.75,18407.25,18160.75,696070.0,14.98
2024-04-10,18196.75,18381.0,18474.25,18053.5,880500.0,15.8
2024-04-11,18485.0,18184.0,18518.75,18088.0,728800.0,14.91
2024-04-12,18179.25,18486.25,18507.75,18120.25,787330.0,17.31
2024-04-15,17876.25,18151.0,18350.75,17841.5,797320.0,19.23
2024-04-16,17881.25,17879.0,17988.0,17792.0,766360.0,18.4
2024-04-17,17658.5,17897.0,17968.5,17615.25,844750.0,18.21
2024-04-18,17547.25,17669.75,17770.75,17506.25,756160.0,18.0
2024-04-19,17180.75,17530.75,17553.25,17113.25,1020000.0,18.71
2024-04-22,17350.0,17228.25,17448.0,17148.5,646130.0,16.94
2024-04-23,17606.75,17352.25,17666.0,17286.25,601830.0,15.69
2024-04-24,17664.5,17682.0,17795.5,17481.75,667400.0,15.97
2024-04-25,17567.5,17450.0,17827.5,17308.25,820010.0,15.37
2024-04-26,17845.75,17808.25,17901.5,17668.25,628230.0,15.03
2024-04-29,17904.25,17864.75,17949.0,17791.25,528890.0,14.67
2024-04-30,17571.25,17918.5,17920.25,17473.5,677700.0,15.65
2024-05-01,17438.25,17462.5,17793.25,17399.25,791170.0,15.39
2024-05-02,17649.75,17487.0,17755.25,17386.25,635300.0,14.68
2024-05-03,18000.75,17744.25,18050.25,17719.5,556950.0,13.49
2024-05-06,18195.5,18047.5,18201.25,17983.75,395490.0,13.49
2024-05-07,18199.5,18189.5,18266.25,18151.0,469720.0,13.23
2024-05-08,18186.5,18194.0,18242.25,18072.5,453710.0,13.0
2024-05-09,18214.5,18160.75,18240.25,18103.75,471200.0,12.69
2024-05-10,18255.0,18226.0,18348.0,18188.5,473880.0,12.55
2024-05-13,18295.5,18238.0,18336.25,18228.75,411040.0,13.6
2024-05-14,18415.0,18282.0,18433.0,18165.5,555370.0,13.42
2024-05-15,18691.75,18409.75,18707.0,18393.0,605870.0,12.45
2024-05-16,18650.0,18693.25,18760.75,18633.25,548580.0,12.42
2024-05-17,18635.25,18642.0,18686.75,18545.0,489230.0,11.99
2024-05-20,18763.0,18633.5,18794.5,18633.0,470380.0,12.15
2024-05-21,18799.25,18746.0,18808.75,18678.0,426120.0,11.86
2024-05-22,18786.75,18798.25,18891.0,18684.25,578440.0,12.29
2024-05-23,18696.25,18860.5,19023.25,18621.5,851580.0,12.77
2024-05-24,18876.0,18684.0,18926.0,18680.0,552080.0,11.93
2024-05-28,18940.5,18874.75,18980.5,18819.5,642950.0,12.92
2024-05-29,18802.75,18949.5,18949.75,18740.0,573940.0,14.28
2024-05-30,18606.5,18753.0,18787.0,18546.25,619550.0,14.47
2024-05-31,18591.0,18590.75,18668.25,18241.25,834000.0,12.92
2024-06-03,18646.25,18590.25,18755.5,18435.75,669100.0,13.11
2024-06-04,18701.0,18662.5,18753.25,18511.25,616700.0,13.16
2024-06-05,19074.25,18711.0,19090.5,18696.25,575230.0,12.63
2024-06-06,19060.25,19089.5,19124.5,19017.25,524900.0,12.58
2024-06-07,19037.75,19064.0,19155.0,18940.0,612030.0,12.22
2024-06-10,19109.75,19025.0,19129.75,18974.25,571670.0,12.74
2024-06-11,19242.25,19107.25,19257.5,18994.5,564710.0,12.85
2024-06-12,19496.5,19248.0,19612.25,19233.5,691080.0,12.04
2024-06-13,19602.5,19602.0,19691.0,19500.0,584730.0,11.94
2024-06-14,19685.5,19602.75,19699.5,19501.5,584290.0,12.66
2024-06-17,19921.25,19695.0,20001.0,19640.5,423230.0,12.75
2024-06-18,19919.25,19918.5,19996.5,19851.75,201830.0,12.3
2024-06-20,19763.25,19930.25,20095.0,19694.25,157050.0,13.28
2024-06-21,19747.29,19781.25,19819.25,19687.5,8050.000000000001,13.2
2024-06-24,19750.75,20014.75,20030.25,19728.0,683900.0,13.33
2024-06-25,19972.25,19756.0,19981.25,19726.0,574520.0,12.84
2024-06-26,20012.5,19973.0,20070.5,19901.0,590180.0,12.55
2024-06-27,20039.5,19946.0,20116.75,19874.25,589650.0,12.24
2024-06-28,19927.25,20063.25,20273.25,19906.25,750320.0,12.44
2024-07-01,20052.0,19970.0,20074.0,19811.75,639340.0,12.22
2024-07-02,20255.25,20045.75,20259.25,19910.0,621480.0,12.03
2024-07-03,20411.5,20241.0,20435.25,20205.0,395130.0,12.09
2024-07-05,20620.75,20419.25,20639.5,20361.0,600210.0,12.48
2024-07-08,20659.75,20591.5,20688.0,20579.25,497110.0,12.37
2024-07-09,20678.5,20681.0,20771.75,20615.75,569690.0,12.51
2024-07-10,20899.75,20686.0,20916.75,20684.5,576690.0,12.85
2024-07-11,20441.75,20895.5,20983.75,20377.25,906130.0,12.92
2024-07-12,20524.0,20432.75,20741.0,20335.0,724340.0,12.46
2024-07-15,20583.75,20580.0,20797.0,20506.25,703410.0,13.12
2024-07-16,20598.0,20628.0,20684.5,20464.5,629750.0,13.19
2024-07-17,19997.5,20591.0,20597.75,19965.75,854320.0,14.48
2024-07-18,19899.25,20024.25,20162.5,19758.75,964290.0,15.93
2024-07-19,19713.0,19955.0,19979.75,19654.0,774110.0,16.52
2024-07-22,20001.0,19749.0,20044.75,19718.75,657850.0,14.91
2024-07-23,19925.0,19982.0,20084.75,19868.25,601990.0,14.72
2024-07-24,19203.25,19883.0,19883.0,19168.75,846810.0,18.04
2024-07-25,18992.25,19260.0,19390.5,18883.25,992020.0,18.46
2024-07-26,19174.5,19003.0,19297.75,18995.0,694700.0,16.39
2024-07-29,19209.25,19171.75,19377.25,19113.25,600020.0,16.6
2024-07-30,18936.25,19217.0,19319.75,18725.0,745000.0,17.69
2024-07-31,19505.25,18865.75,19648.0,18861.75,762250.0,16.36
2024-08-01,19023.25,19593.25,19717.0,18854.0,920620.0,18.59
2024-08-02,18556.25,18956.5,18979.75,18385.75,842230.0,23.39
2024-08-05,18013.25,18390.0,18390.0,17351.0,937140.0,38.57
2024-08-06,18179.0,18165.75,18483.25,17966.0,697090.0,27.71
2024-08-07,17966.5,18033.0,18558.5,17836.25,725240.0,27.85
2024-08-08,18525.25,17873.0,18593.5,17741.75,663960.0,23.79
2024-08-09,18616.0,18550.25,18674.5,18383.0,501760.0,20.37
2024-08-12,18639.5,18590.0,18765.25,18515.0,469890.0,20.71
2024-08-13,19104.25,18648.25,19122.5,18628.5,497670.0,18.12
2024-08-14,19115.0,19099.25,19203.5,18925.5,554000.0,16.19
2024-08-15,19581.25,19142.5,19603.25,19100.5,522320.00000000006,15.23
2024-08-16,19605.75,19570.25,19683.0,19447.5,458930.0,14.8
2024-08-19,19857.75,19629.0,19871.75,19525.25,429310.0,14.65
2024-08-20,19809.5,19857.75,19931.0,19743.0,485440.0,15.88
2024-08-21,19909.5,19803.0,19981.75,19771.5,479080.0,16.27
2024-08-22,19578.25,19921.25,20025.25,19542.0,630180.0,17.55
2024-08-23,19790.75,19621.5,19904.25,19591.75,581200.0,15.86
2024-08-26,19591.25,19787.75,19846.25,19505.5,473540.0,16.15
2024-08-27,19653.75,19558.75,19694.25,19441.5,441150.0,15.43
2024-08-28,19415.75,19635.5,19691.0,19227.25,537280.0,17.11
2024-08-29,19393.25,19217.0,19693.5,19140.25,669710.0,15.65
2024-08-30,19623.0,19445.75,19632.75,19370.5,495610.0,15.0
2024-09-03,19006.5,19599.0,19683.0,18911.0,698440.0,20.72
2024-09-04,18962.5,18993.75,19114.75,18825.75,582120.0,21.32
2024-09-05,18963.5,18965.75,19150.5,18827.25,585130.0,19.9
2024-09-06,18458.25,18921.0,18972.25,18339.75,726350.0,22.38
2024-09-09,18692.25,18400.0,18734.5,18386.0,536240.0,19.45
2024-09-10,18864.0,18727.0,18878.5,18582.25,536220.0,19.08
2024-09-11,19271.0,18837.75,19293.5,18547.0,729340.0,17.69
2024-09-12,19447.25,19241.5,19483.5,19185.0,581030.0,17.07
2024-09-13,19530.25,19419.5,19577.25,19398.25,467950.0,16.56
2024-09-16,19433.0,19498.0,19546.5,19299.25,339780.0,17.14
2024-09-17,19439.25,19426.5,19615.5,19341.0,254060.0,17.61
2024-09-18,19349.25,19451.0,19660.0,19331.0,138850.0,18.23
2024-09-19,19850.25,19420.5,19966.25,19408.75,134920.0,16.33
2024-09-20,19808.01,19831.25,19838.25,19746.5,4960.0,16.15
2024-09-23,20080.0,20040.0,20164.0,19955.25,394950.0,15.89
2024-09-24,20167.75,20063.25,20214.75,19953.0,457130.0,15.39
2024-09-25,20192.0,20183.75,20271.0,20064.25,405050.0,15.41
2024-09-26,20346.25,20242.0,20538.0,20188.0,509760.0,15.37
2024-09-27,20221.5,20345.0,20395.75,20173.0,435630.0,16.96
2024-09-30,20261.25,20198.5,20287.0,20056.0,510430.0,16.73
2024-10-01,19975.0,20234.25,20331.75,19818.0,662780.0,19.26
2024-10-02,20009.75,19975.25,20090.25,19833.5,475600.0,18.9
2024-10-03,19990.25,20055.5,20113.75,19852.0,526770.0,20.49
2024-10-04,20227.25,19965.5,20263.75,19941.5,560070.0,19.21
2024-10-07,19992.75,20220.0,20267.25,19948.0,450370.0,22.64
2024-10-08,20298.5,20025.75,20329.5,19902.5,444750.0,21.42
2024-10-09,20463.5,20294.25,20482.75,20196.0,421250.0,20.86
2024-10-10,20429.75,20445.25,20508.25,20301.5,450570.0,20.93
2024-10-11,20450.0,20435.0,20494.25,20314.75,385310.0,20.46
2024-10-14,20619.25,20432.5,20680.0,20383.25,395760.0,19.7
2024-10-15,20342.0,20638.75,20659.25,20254.0,522390.0,20.64
2024-10-16,20349.5,20334.5,20398.5,20206.25,417570.0,19.58
2024-10-17,20368.0,20328.0,20594.75,20276.75,535490.0,19.11
2024-10-18,20483.5,20384.0,20529.75,20320.75,385570.0,18.03
2024-10-21,20519.5,20496.25,20554.5,20343.75,456080.0,18.37
2024-10-22,20542.0,20536.5,20602.25,20360.25,476320.0,18.2
2024-10-23,20220.5,20521.0,20542.5,20079.0,619160.0,19.24
2024-10-24,20380.25,20294.25,20428.5,20261.75,462550.0,19.08
2024-10-25,20498.75,20388.5,20707.25,20364.0,585930.0,20.33
2024-10-28,20497.0,20525.5,20676.5,20486.0,430120.0,19.8
2024-10-29,20696.5,20513.0,20760.25,20432.25,498020.0,19.34
2024-10-30,20534.75,20734.0,20788.5,20472.5,519409.99999999994,20.35
2024-10-31,20021.75,20482.0,20495.75,20008.5,686680.0,23.16
2024-11-01,20153.25,20071.0,20288.0,20017.0,554030.0,21.88
2024-11-04,20086.0,20138.0,20248.5,20013.0,520520.0,21.98
2024-11-05,20341.75,20130.75,20385.5,20041.75,450120.0,20.49
2024-11-06,20894.0,20360.5,20935.25,20323.5,632410.0,16.27
2024-11-07,21224.75,20923.5,21253.0,20861.5,462810.0,15.2
2024-11-08,21231.25,21224.25,21265.0,21121.75,401940.0,14.94
2024-11-11,21217.75,21249.75,21340.75,21098.25,456010.0,14.97
2024-11-12,21189.5,21221.0,21251.75,21054.75,511370.0,14.71
2024-11-13,21159.5,21178.0,21268.5,21056.5,533740.0,14.02
2024-11-14,21011.75,21167.0,21190.25,20950.5,561950.0,14.31
2024-11-15,20493.75,20977.5,20981.5,20405.25,691850.0,16.14
2024-11-18,20633.5,20504.0,20724.25,20476.0,525470.0,15.58
2024-11-19,20767.75,20633.25,20792.5,20382.5,553620.0,16.35
2024-11-20,20749.0,20762.25,20843.25,20477.0,619490.0,17.16
2024-11-21,20829.5,20738.0,20905.75,20514.25,698340.0,16.87
2024-11-22,20849.75,20794.0,20880.0,20693.25,541550.0,15.24
2024-11-25,20880.25,20935.0,21081.0,20780.25,544570.0,14.6
2024-11-26,20993.5,20906.25,21024.75,20755.0,505250.0,14.1
2024-11-27,20813.0,20990.75,21019.0,20675.0,520030.0,14.1
2024-11-29,20993.5,20813.0,21017.5,20805.5,339960.0,13.51
2024-12-02,21218.0,20995.25,21259.75,20940.0,475460.0,13.34
2024-12-03,21281.5,21220.0,21329.0,21134.25,444140.0,13.3
2024-12-04,21536.5,21323.0,21548.5,21305.75,461920.0,13.45
2024-12-05,21473.25,21513.25,21567.25,21437.5,421040.0,13.54
2024-12-06,21656.75,21450.0,21669.25,21424.75,459880.0,12.77
2024-12-09,21483.75,21649.0,21706.25,21436.0,517120.0,14.19
2024-12-10,21405.25,21479.25,21606.75,21352.75,544410.0,14.18
2024-12-11,21793.5,21436.0,21820.0,21405.75,547210.0,13.58
2024-12-12,21651.25,21756.75,21772.5,21604.25,510310.0,13.92
2024-12-13,21795.75,21720.75,21908.0,21666.5,639400.0,13.81
2024-12-16,22110.25,21780.25,22152.5,21762.0,482430.0,14.69
2024-12-17,22014.75,22115.0,22124.5,21942.25,277300.0,15.87
2024-12-18,21218.75,22010.0,22083.75,21034.25,209590.0,27.62
2024-12-19,21112.75,21218.5,21424.25,21080.0,124730.0,24.09
2024-12-20,20947.98,21151.5,21151.5,20745.0,9010.0,18.36
2024-12-23,21753.25,21566.0,21776.75,21476.75,508600.0,16.78
2024-12-24,22028.5,21743.25,22049.75,21709.0,261200.0,14.27
2024-12-26,22008.0,22049.5,22111.25,21870.25,407120.0,14.73
2024-12-27,21698.5,21990.75,22008.0,21498.75,572600.0,15.95
2024-12-30,21416.25,21711.0,21742.75,21253.0,530980.0,17.4
2024-12-31,21226.5,21390.25,21524.75,21182.0,477280.0,17.35
