date,close,open,high,low,volume,vix_close
2005-01-03,1206.25,1213.5,1221.25,1201.75,672360.0,14.08
2005-01-04,1191.0,1206.25,1209.5,1186.75,869560.0,13.98
2005-01-05,1183.25,1190.75,1195.0,1182.75,855690.0,14.09
2005-01-06,1188.25,1183.25,1193.75,1182.75,678410.0,13.58
2005-01-07,1186.25,1188.5,1194.5,1183.5,766200.0,13.49
2005-01-10,1191.75,1187.0,1196.75,1185.25,727780.0,13.23
2005-01-11,1184.0,1191.25,1192.75,1181.75,759230.0,13.19
2005-01-12,1187.5,1186.0,1189.75,1176.75,948460.0,12.56
2005-01-13,1178.0,1187.75,1190.25,1176.25,727580.0,12.84
2005-01-14,1183.75,1178.25,1186.75,1176.75,518750.0,12.43
2005-01-18,1195.75,1185.0,1197.75,1180.5,777660.0,12.47
2005-01-19,1183.5,1196.0,1197.25,1183.25,730230.0,13.18
2005-01-20,1176.5,1181.5,1183.0,1174.0,929790.0,13.83
2005-01-21,1168.5,1177.25,1180.75,1167.25,900210.0,14.36
2005-01-24,1166.25,1170.0,1174.25,1164.25,854720.0,14.65
2005-01-25,1169.75,1166.25,1175.5,1166.0,739850.0,14.06
2005-01-26,1173.25,1169.75,1176.75,1169.5,751460.0,13.44
2005-01-27,1174.75,1173.0,1178.0,1170.25,732660.0,13.24
2005-01-28,1174.75,1175.25,1177.5,1166.25,829910.0,13.24
2005-01-31,1181.75,1176.75,1183.0,1176.75,669880.0,12.82
2005-02-01,1189.25,1181.75,1191.0,1179.5,651760.0,12.03
2005-02-02,1193.25,1189.75,1196.0,1189.0,587230.0,11.66
2005-02-03,1189.5,1192.25,1193.5,1185.75,569600.0,11.79
2005-02-04,1202.0,1189.75,1204.5,1188.25,654590.0,11.21
2005-02-07,1200.75,1202.75,1205.0,1199.5,441330.0,11.73
2005-02-08,1202.25,1201.0,1206.25,1200.0,458470.0,11.6
2005-02-09,1193.0,1201.75,1204.5,1191.75,674520.0,12.0
2005-02-10,1196.5,1192.5,1199.5,1191.75,624510.0,11.51
2005-02-11,1207.0,1196.75,1210.0,1193.75,807300.0,11.43
2005-02-14,1206.25,1207.75,1208.5,1204.0,417610.0,11.52
2005-02-15,1210.75,1206.25,1213.5,1205.5,677150.0,11.27
2005-02-16,1210.5,1210.5,1213.5,1203.5,659400.0,11.1
2005-02-17,1201.0,1210.75,1212.0,1200.75,807620.0,11.77
2005-02-18,1202.25,1201.25,1203.75,1197.5,600300.0,11.18
2005-02-22,1184.75,1203.0,1203.25,1184.0,949860.0,13.14
2005-02-23,1192.75,1185.0,1194.0,1183.5,761310.0,12.39
2005-02-24,1200.75,1192.75,1201.5,1188.0,749930.0,11.57
2005-02-25,1212.0,1200.75,1213.25,1199.75,657700.0,11.49
2005-02-28,1204.0,1212.0,1214.75,1198.25,746260.0,12.08
2005-03-01,1210.0,1205.0,1213.25,1203.0,646300.0,12.04
2005-03-02,1209.5,1210.25,1217.0,1204.0,864800.0,12.5
2005-03-03,1210.0,1209.75,1216.75,1204.5,802230.0,12.93
2005-03-04,1224.25,1210.0,1225.75,1209.25,709420.0,11.94
2005-03-07,1225.25,1225.75,1229.75,1223.25,590190.0,12.26
2005-03-08,1220.5,1225.75,1226.5,1218.5,678480.0,12.4
2005-03-09,1207.0,1220.75,1224.0,1206.5,1060000.0,12.7
2005-03-10,1209.5,1206.75,1211.75,1201.0,352650.0,12.49
2005-03-11,1201.0,1210.75,1214.0,1198.0,243600.0,12.8
2005-03-14,1207.75,1201.5,1208.25,1199.25,131340.0,12.39
2005-03-15,1198.5,1207.75,1211.75,1197.25,118440.0,13.15
2005-03-16,1187.75,1198.75,1202.0,1185.5,85250.0,13.49
2005-03-17,1190.0,1188.5,1193.5,1186.25,53630.0,13.29
2005-03-18,1190.7,1190.0,1192.5,1189.25,5980.0,13.14
2005-03-21,1186.25,1191.5,1193.5,1182.5,664650.0,13.61
2005-03-22,1174.25,1186.25,1193.75,1172.0,859050.0,14.27
2005-03-23,1174.5,1173.0,1180.25,1168.75,865510.0,14.06
2005-03-24,1175.5,1174.75,1184.25,1174.5,658010.0,13.42
2005-03-28,1177.5,1176.0,1183.5,1176.0,519130.0,13.75
2005-03-29,1170.0,1177.75,1183.25,1166.75,975050.0,14.49
2005-03-30,1185.5,1170.0,1185.75,1169.0,811570.0,13.64
2005-03-31,1184.0,1185.5,1188.25,1182.0,717300.0,14.02
2005-04-01,1177.75,1183.75,1193.5,1172.5,1090000.0,14.09
2005-04-04,1179.75,1177.25,1182.0,1170.75,810130.0,14.11
2005-04-05,1185.25,1180.0,1187.0,1178.5,665880.0,13.68
2005-04-06,1189.25,1184.75,1193.0,1184.0,779290.0,13.15
2005-04-07,1195.25,1189.25,1195.75,1186.25,811330.0,12.33
2005-04-08,1183.5,1195.25,1195.5,1182.75,732350.0,12.62
2005-04-11,1183.75,1182.75,1187.25,1181.25,623060.0,11.98
2005-04-12,1190.0,1183.75,1193.25,1173.0,1240000.0,11.3
2005-04-13,1176.0,1189.75,1190.5,1173.5,1010000.0,13.31
2005-04-14,1160.5,1175.75,1178.5,1160.0,1270000.0,14.53
2005-04-15,1143.5,1160.25,1164.0,1143.0,1430000.0,17.74
2005-04-18,1146.75,1144.0,1151.5,1135.75,1110000.0,16.56
2005-04-19,1155.75,1147.0,1157.0,1146.5,909980.0,14.96
2005-04-20,1139.75,1157.75,1159.75,1136.75,1330000.0,16.92
2005-04-21,1161.5,1139.25,1163.75,1137.75,1040000.0,14.41
2005-04-22,1157.25,1161.0,1161.25,1143.75,960070.0,15.38
2005-04-25,1164.0,1157.0,1166.25,1155.5,722200.0,14.62
2005-04-26,1153.75,1164.25,1166.0,1152.5,648710.0,14.91
2005-04-27,1157.25,1153.0,1161.5,1145.25,930850.0,14.87
2005-04-28,1143.0,1144.0,1159.5,1140.25,910470.0,16.86
2005-04-29,1158.5,1144.0,1159.5,1140.25,1150000.0,15.31
2005-05-02,1163.5,1157.75,1164.5,1155.5,655690.0,15.12
2005-05-03,1166.0,1164.0,1168.75,1157.25,945780.0,14.53
2005-05-04,1175.25,1165.75,1177.75,1162.75,916230.0,13.85
2005-05-05,1175.0,1175.5,1180.0,1167.5,995990.0,13.98
2005-05-06,1171.25,1174.5,1182.25,1171.0,786500.0,14.05
2005-05-09,1178.25,1172.5,1180.75,1170.0,643470.0,13.75
2005-05-10,1166.25,1178.25,1178.5,1163.5,969040.0,14.91
2005-05-11,1172.5,1166.0,1173.5,1158.0,1090000.0,14.45
2005-05-12,1159.25,1172.0,1175.25,1158.5,1080000.0,16.12
2005-05-13,1156.75,1160.25,1165.5,1146.75,1170000.0,16.32
2005-05-16,1167.0,1156.75,1167.75,1154.75,765420.0,15.68
2005-05-17,1175.25,1167.0,1176.25,1160.75,885390.0,14.57
2005-05-18,1186.75,1175.0,1189.5,1172.25,924980.0,13.63
2005-05-19,1191.25,1186.75,1192.75,1185.25,776520.0,13.32
2005-05-20,1190.25,1191.5,1193.0,1186.0,549420.0,13.14
2005-05-23,1196.25,1190.75,1199.0,1189.25,637240.0,12.95
2005-05-24,1193.75,1196.25,1196.75,1190.5,628160.0,12.69
2005-05-25,1192.5,1192.25,1193.75,1186.25,590210.0,12.58
2005-05-26,1198.0,1192.25,1200.25,1191.75,549680.0,12.24
2005-05-27,1200.25,1198.0,1200.5,1196.0,278450.0,12.15
2005-05-31,1192.25,1200.0,1202.0,1191.5,691300.0,13.29
2005-06-01,1201.25,1192.5,1207.0,1191.75,1060000.0,12.36
2005-06-02,1205.25,1201.5,1205.75,1198.5,549040.0,11.84
2005-06-03,1198.5,1205.0,1207.0,1194.75,858230.0,12.15
2005-06-06,1198.0,1198.25,1199.5,1193.0,521960.00000000006,12.28
2005-06-07,1199.0,1198.0,1209.75,1197.5,1020000.0,12.39
2005-06-08,1196.0,1199.25,1203.5,1193.5,759670.0,12.7
2005-06-09,1201.0,1195.75,1202.75,1191.25,345660.0,12.08
2005-06-10,1199.0,1201.0,1203.75,1192.5,210230.0,11.96
2005-06-13,1202.5,1199.0,1207.25,1194.75,167710.0,11.65
2005-06-14,1205.0,1202.25,1208.25,1200.0,100310.0,11.79
2005-06-15,1206.5,1205.0,1209.0,1198.5,101040.0,11.46
2005-06-16,1210.5,1206.5,1212.25,1205.25,98070.0,11.15
2005-06-17,1222.68,1210.5,1217.5,1210.0,6610.0,11.48
2005-06-20,1220.0,1220.5,1224.5,1215.25,490350.0,11.47
2005-06-21,1221.0,1220.0,1222.5,1216.25,586450.0,11.08
2005-06-22,1221.0,1221.0,1225.0,1216.0,571230.0,11.05
2005-06-23,1204.0,1221.25,1222.5,1203.75,888430.0,12.13
2005-06-24,1195.75,1204.0,1206.25,1193.25,806440.0,12.18
2005-06-27,1196.25,1195.5,1199.25,1192.5,660710.0,12.52
2005-06-28,1206.75,1196.0,1207.25,1195.75,672910.0,11.58
2005-06-29,1203.0,1206.75,1208.75,1202.0,525910.0,11.77
2005-06-30,1195.5,1203.0,1207.75,1194.0,805570.0,12.04
2005-07-01,1200.0,1196.0,1202.25,1195.25,616160.0,11.4
2005-07-05,1209.0,1200.0,1210.75,1195.5,713520.0,11.68
2005-07-06,1198.5,1208.75,1210.75,1198.0,802300.0,12.27
2005-07-07,1202.75,1198.25,1203.25,1170.75,1330000.0,12.49
2005-07-08,1216.5,1202.75,1217.25,1200.75,841620.0,11.45
2005-07-11,1223.5,1216.5,1224.75,1215.5,660770.0,11.28
2005-07-12,1225.5,1223.25,1229.75,1219.75,731030.0,10.95
2005-07-13,1228.0,1225.75,1228.5,1222.75,589630.0,10.84
2005-07-14,1231.75,1227.75,1237.5,1227.0,880010.0,10.81
2005-07-15,1231.25,1231.25,1233.5,1226.5,554680.0,10.33
2005-07-18,1226.5,1230.5,1231.5,1224.0,445750.0,10.77
2005-07-19,1233.25,1226.5,1234.0,1226.5,613900.0,10.45
2005-07-20,1236.5,1231.75,1240.0,1225.5,923310.0,10.23
2005-07-21,1230.0,1238.25,1246.0,1227.0,1090000.0,10.97
2005-07-22,1237.0,1229.25,1238.0,1227.25,542790.0,10.52
2005-07-25,1234.0,1236.75,1241.75,1230.5,576980.0,11.1
2005-07-26,1235.0,1234.0,1237.5,1231.5,560860.0,10.99
2005-07-27,1239.75,1235.0,1240.5,1232.25,553800.0,10.36
2005-07-28,1247.0,1239.5,1248.25,1238.25,676330.0,10.52
2005-07-29,1236.75,1247.0,1248.75,1236.5,691730.0,11.57
2005-08-01,1237.5,1239.25,1242.0,1235.75,562110.0,12.08
2005-08-02,1245.0,1237.25,1247.5,1237.0,672060.0,11.75
2005-08-03,1247.75,1244.75,1248.5,1242.25,531910.0,11.83
2005-08-04,1238.0,1247.75,1248.5,1236.5,622050.0,12.52
2005-08-05,1229.75,1238.25,1241.0,1227.25,688750.0,12.48
2005-08-08,1227.25,1229.75,1234.5,1224.25,653180.0,13.21
2005-08-09,1234.25,1226.75,1236.25,1225.5,683730.0,12.4
2005-08-10,1233.75,1234.0,1245.25,1228.25,932530.0,12.38
2005-08-11,1238.5,1233.5,1240.5,1230.0,744610.0,12.42
2005-08-12,1231.0,1238.25,1238.5,1227.25,683620.0,12.74
2005-08-15,1237.5,1230.75,1238.5,1227.75,597900.0,12.26
2005-08-16,1221.5,1237.25,1239.0,1220.0,853950.0,13.52
2005-08-17,1221.5,1221.5,1227.75,1218.25,808260.0,13.3
2005-08-18,1221.0,1221.5,1224.75,1216.75,659580.0,13.42
2005-08-19,1223.75,1220.75,1227.25,1220.0,546470.0,13.42
2005-08-22,1224.0,1223.25,1231.0,1217.5,844990.0,13.42
2005-08-23,1221.5,1223.25,1225.0,1215.5,685580.0,13.34
2005-08-24,1210.0,1221.0,1225.75,1209.0,1030000.0,14.17
2005-08-25,1213.5,1209.25,1215.0,1208.5,576260.0,13.73
2005-08-26,1206.0,1213.75,1215.25,1204.75,803310.0,13.72
2005-08-29,1214.5,1203.5,1215.75,1194.0,933740.0,13.52
2005-08-30,1208.5,1214.5,1215.0,1201.5,1280000.0,13.65
2005-08-31,1221.5,1208.5,1224.25,1204.75,1260000.0,12.6
2005-09-01,1221.75,1222.5,1228.75,1216.5,992540.0,13.15
2005-09-02,1219.75,1221.75,1226.25,1217.5,648620.0,13.57
2005-09-06,1234.25,1219.5,1235.0,1219.25,802130.0,12.93
2005-09-07,1235.5,1234.25,1238.0,1231.25,741440.0,12.52
2005-09-08,1232.0,1235.25,1236.25,1229.5,365100.0,12.93
2005-09-09,1242.0,1232.0,1243.75,1231.25,224180.0,11.98
2005-09-12,1240.25,1242.25,1244.5,1239.0,179730.0,11.65
2005-09-13,1232.5,1239.75,1240.5,1231.5,207170.0,12.39
2005-09-14,1228.5,1232.5,1235.75,1225.75,88820.0,12.91
2005-09-15,1227.25,1228.0,1232.25,1224.75,93230.0,12.49
2005-09-16,1232.79,1227.5,1235.5,1227.0,9180.0,11.22
2005-09-19,1238.0,1242.5,1243.0,1233.25,634910.0,12.14
2005-09-20,1227.5,1238.0,1243.0,1225.5,898980.0,12.64
2005-09-21,1216.0,1227.5,1229.5,1214.25,1050000.0,13.79
2005-09-22,1219.75,1216.0,1222.75,1210.75,1090000.0,13.33
2005-09-23,1220.5,1219.5,1224.75,1215.0,648660.0,12.96
2005-09-26,1221.5,1224.0,1229.0,1216.75,856120.0,13.04
2005-09-27,1221.75,1221.5,1226.0,1216.0,805800.0,12.76
2005-09-28,1222.75,1221.75,1227.0,1217.5,820110.0,12.63
2005-09-29,1231.75,1222.5,1234.5,1216.25,1180000.0,12.24
2005-09-30,1234.25,1231.5,1236.0,1230.0,659840.0,11.92
2005-10-03,1231.75,1235.25,1239.0,1229.75,772270.0,12.46
2005-10-04,1216.75,1231.5,1235.5,1216.5,985820.0,13.2
2005-10-05,1200.75,1216.75,1218.5,1200.0,1400000.0,14.55
2005-10-06,1197.0,1200.75,1207.0,1185.75,1600000.0,14.96
2005-10-07,1200.0,1196.75,1204.75,1195.0,872170.0,14.59
2005-10-10,1190.0,1199.5,1204.5,1189.5,785970.0,15.55
2005-10-11,1188.5,1190.25,1198.0,1187.0,963500.0,15.63
2005-10-12,1178.5,1189.25,1195.0,1177.25,1380000.0,16.22
2005-10-13,1178.0,1179.0,1184.5,1171.75,1210000.0,16.47
2005-10-14,1190.0,1178.5,1191.5,1178.5,1050000.0,14.87
2005-10-17,1194.25,1189.75,1195.75,1186.25,758750.0,14.67
2005-10-18,1181.5,1194.25,1196.75,1180.75,992430.0,15.33
2005-10-19,1200.5,1182.25,1201.0,1173.75,1510000.0,13.5
2005-10-20,1179.5,1199.0,1201.0,1175.25,1500000.0,16.11
2005-10-21,1183.75,1179.75,1190.0,1175.75,1140000.0,16.13
2005-10-24,1202.5,1183.75,1203.25,1183.25,968810.0,14.74
2005-10-25,1199.0,1202.0,1204.75,1191.75,976450.0,14.53
2005-10-26,1196.0,1198.75,1207.25,1193.75,1020000.0,14.59
2005-10-27,1182.5,1195.5,1196.0,1180.75,955560.0,16.02
2005-10-28,1199.75,1181.5,1201.25,1179.5,1030000.0,14.25
2005-10-31,1209.75,1199.75,1214.5,1199.5,1040000.0,15.32
2005-11-01,1206.25,1204.0,1210.5,1203.0,795870.0,14.85
2005-11-02,1218.0,1206.25,1218.5,1202.5,994560.0,13.48
2005-11-03,1223.75,1218.0,1227.75,1216.0,1010000.0,13.0
2005-11-04,1222.0,1223.5,1225.75,1216.5,743550.0,13.17
2005-11-07,1222.75,1222.5,1227.0,1219.25,667650.0,13.1
2005-11-08,1222.75,1222.5,1224.5,1218.5,629540.0,13.08
2005-11-09,1223.75,1222.5,1229.5,1218.75,847130.0,12.8
2005-11-10,1233.75,1223.5,1235.5,1217.25,1080000.0,11.9
2005-11-11,1238.0,1233.75,1238.75,1232.5,362330.0,11.63
2005-11-14,1237.25,1238.0,1240.25,1234.0,553320.0,12.18
2005-11-15,1232.5,1237.0,1241.0,1228.5,921500.0,12.23
2005-11-16,1234.75,1232.5,1235.25,1229.25,635770.0,12.26
2005-11-17,1245.25,1234.5,1246.25,1233.75,802410.0,11.25
2005-11-18,1250.25,1245.0,1252.25,1242.5,938940.0,11.12
2005-11-21,1257.0,1250.25,1258.25,1248.5,686190.0,10.82
2005-11-22,1262.0,1256.75,1264.0,1253.0,809150.0,10.6
2005-11-23,1268.5,1261.75,1273.0,1260.75,635530.0,10.96
2005-11-25,1270.0,1268.5,1270.75,1265.75,189180.0,10.88
2005-11-28,1261.0,1269.75,1273.0,1258.75,795240.0,11.84
2005-11-29,1259.25,1260.75,1268.0,1258.75,845050.0,11.89
2005-11-30,1251.0,1259.25,1263.0,1250.5,1040000.0,12.06
2005-12-01,1264.5,1252.5,1268.0,1251.75,880390.0,11.24
2005-12-02,1266.0,1265.0,1268.25,1262.5,691900.0,11.01
2005-12-05,1263.5,1266.0,1267.0,1259.0,674930.0,11.6
2005-12-06,1265.5,1263.5,1274.5,1263.0,937850.0,11.52
2005-12-07,1258.0,1265.75,1267.25,1253.5,1050000.0,12.18
2005-12-08,1256.75,1257.75,1264.75,1251.25,418250.0,12.21
2005-12-09,1259.25,1255.75,1264.5,1254.25,245030.0,11.69
2005-12-12,1261.0,1260.0,1266.0,1255.75,222860.0,11.47
2005-12-13,1269.0,1261.25,1273.25,1259.25,193800.0,11.11
2005-12-14,1273.75,1269.25,1276.5,1265.25,131030.0,10.48
2005-12-15,1269.5,1273.5,1275.5,1267.5,107860.0,10.73
2005-12-16,1274.84,1269.5,1277.0,1269.25,15800.0,10.68
2005-12-19,1267.5,1275.25,1279.75,1266.75,667910.0,11.38
2005-12-20,1268.0,1267.75,1272.0,1264.75,625300.0,11.19
2005-12-21,1270.0,1268.0,1277.0,1266.75,764030.0,10.81
2005-12-22,1275.5,1269.25,1276.0,1269.0,424150.0,10.29
2005-12-23,1276.5,1275.75,1277.75,1273.0,274190.0,10.27
2005-12-27,1264.0,1277.0,1281.0,1262.5,595890.0,11.57
2005-12-28,1265.25,1263.5,1268.25,1263.0,391510.0,11.35
2005-12-29,1260.0,1265.25,1267.75,1258.5,367200.0,11.61
2005-12-30,1254.75,1260.25,1261.5,1251.25,465730.0,12.07
2006-01-03,1274.75,1255.25,1277.5,1251.5,1150000.0,11.14
2006-01-04,1280.5,1274.5,1282.25,1270.75,902220.0,11.37
2006-01-05,1281.25,1280.5,1283.25,1275.75,761180.0,11.31
2006-01-06,1291.75,1281.25,1293.0,1280.25,899360.0,11.0
2006-01-09,1295.0,1291.25,1297.5,1290.25,774670.0,11.13
2006-01-10,1296.0,1294.25,1296.75,1289.25,895510.0,10.86
2006-01-11,1299.75,1295.75,1301.0,1293.5,837000.0,10.94
2006-01-12,1293.5,1299.5,1299.75,1290.5,761250.0,11.2
2006-01-13,1292.75,1293.5,1295.75,1287.75,716680.0,11.23
2006-01-17,1289.5,1292.75,1295.25,1283.5,782530.0,11.91
2006-01-18,1283.75,1286.75,1287.75,1275.25,1170000.0,12.25
2006-01-19,1288.25,1282.5,1293.0,1280.25,949590.0,11.98
2006-01-20,1264.75,1288.0,1289.25,1264.25,1590000.0,14.56
2006-01-23,1269.25,1265.25,1272.75,1263.75,892100.0,13.93
2006-01-24,1270.5,1269.25,1276.25,1267.25,950410.0,13.31
2006-01-25,1271.0,1270.5,1276.0,1262.25,1260000.0,12.87
2006-01-26,1277.75,1270.25,1280.75,1269.75,968940.0,12.42
2006-01-27,1289.25,1278.25,1290.5,1277.25,889310.0,11.97
2006-01-30,1288.5,1289.0,1291.75,1286.75,523830.00000000006,12.39
2006-01-31,1283.5,1288.25,1290.5,1278.5,1030000.0,12.95
2006-02-01,1287.25,1279.5,1287.5,1276.25,997500.0,12.36
2006-02-02,1272.0,1286.75,1287.25,1270.5,1110000.0,13.23
2006-02-03,1265.5,1271.75,1276.5,1263.5,1010000.0,12.96
2006-02-06,1268.75,1265.75,1270.5,1264.0,526190.0,13.04
2006-02-07,1257.5,1268.5,1270.0,1256.0,978810.0,13.59
2006-02-08,1268.25,1257.5,1269.75,1255.75,861720.0,12.83
2006-02-09,1265.75,1268.0,1277.75,1265.25,935030.0,13.12
2006-02-10,1268.25,1266.0,1273.0,1257.0,999630.0,12.87
2006-02-13,1265.75,1268.25,1269.25,1260.5,651480.0,13.35
2006-02-14,1278.25,1265.75,1281.5,1263.0,1120000.0,12.25
2006-02-15,1282.25,1278.25,1283.75,1272.75,965300.0,12.31
2006-02-16,1291.75,1282.0,1292.75,1281.0,798750.0,11.48
2006-02-17,1289.0,1291.75,1292.25,1286.0,553720.0,12.01
2006-02-21,1285.25,1288.25,1294.25,1283.0,715880.0,12.41
2006-02-22,1292.25,1285.25,1296.25,1283.75,771940.0,11.88
2006-02-23,1290.25,1292.25,1296.0,1286.5,738250.0,11.87
2006-02-24,1293.0,1290.0,1294.25,1287.0,549000.0,11.46
2006-02-27,1294.0,1293.0,1299.75,1292.0,586820.0,11.59
2006-02-28,1282.5,1294.25,1295.0,1280.0,1140000.0,12.34
2006-03-01,1292.0,1281.75,1293.5,1281.5,717800.0,11.54
2006-03-02,1291.5,1291.75,1293.0,1284.25,958000.0,11.72
2006-03-03,1286.5,1291.5,1299.0,1280.0,1120000.0,11.96
2006-03-06,1279.5,1286.75,1291.25,1276.25,875560.0,12.74
2006-03-07,1277.5,1279.5,1279.5,1271.75,927690.0,12.66
2006-03-08,1279.5,1277.75,1281.75,1268.75,1060000.0,12.32
2006-03-09,1272.0,1279.75,1283.75,1271.5,440700.0,12.68
2006-03-10,1283.0,1271.75,1285.25,1270.75,274830.0,11.85
2006-03-13,1285.5,1282.25,1288.5,1282.25,256310.0,11.37
2006-03-14,1298.5,1285.5,1299.25,1282.5,150510.0,10.74
2006-03-15,1303.75,1298.5,1305.0,1295.0,122140.0,11.35
2006-03-16,1306.25,1303.5,1311.0,1301.0,96220.0,11.98
2006-03-17,1310.16,1303.5,1309.0,1303.5,15000.0,12.12
2006-03-20,1315.5,1317.5,1321.0,1313.5,507980.0,11.79
2006-03-21,1307.5,1315.25,1321.5,1305.5,1030000.0,11.62
2006-03-22,1314.5,1307.25,1316.0,1304.75,737200.0,11.21
2006-03-23,1311.75,1314.75,1316.0,1307.0,675370.0,11.17
2006-03-24,1312.75,1311.75,1316.25,1307.5,596150.0,11.19
2006-03-27,1311.0,1313.0,1314.5,1307.75,462840.0,11.46
2006-03-28,1302.5,1310.75,1315.5,1300.25,929470.0,11.58
2006-03-29,1310.0,1302.25,1315.0,1300.75,896640.0,10.95
2006-03-30,1307.5,1310.5,1319.25,1304.75,991070.0,11.57
2006-03-31,1303.25,1307.75,1311.75,1302.75,846850.0,11.39
2006-04-03,1305.75,1307.0,1318.0,1304.25,965200.0,11.57
2006-04-04,1314.75,1306.0,1316.25,1302.25,1040000.0,11.14
2006-04-05,1319.0,1314.75,1321.25,1312.25,838860.0,11.13
2006-04-06,1317.5,1319.0,1320.5,1310.0,888390.0,11.45
2006-04-07,1304.0,1317.0,1324.0,1301.25,1340000.0,12.26
2006-04-10,1305.5,1303.75,1308.75,1300.25,727290.0,12.19
2006-04-11,1294.0,1305.75,1307.75,1289.25,1110000.0,13.0
2006-04-12,1295.5,1294.0,1298.25,1292.5,637520.0,12.76
2006-04-13,1294.25,1295.5,1299.25,1289.5,699150.0,12.38
2006-04-17,1293.0,1294.25,1299.25,1286.5,736450.0,12.58
2006-04-18,1313.5,1292.75,1316.0,1292.5,1460000.0,11.4
2006-04-19,1315.25,1313.5,1318.75,1308.25,951130.0,11.32
2006-04-20,1317.0,1314.75,1324.75,1311.75,1050000.0,11.64
2006-04-21,1317.0,1317.25,1324.0,1312.0,858600.0,11.59
2006-04-24,1314.5,1316.25,1318.5,1309.0,656520.0,11.75
2006-04-25,1309.5,1314.5,1316.75,1304.25,1060000.0,11.75
2006-04-26,1309.0,1309.25,1316.5,1307.75,902690.0,11.76
2006-04-27,1315.0,1309.0,1321.0,1300.25,1470000.0,11.84
2006-04-28,1316.0,1314.75,1322.0,1310.75,771180.0,11.59
2006-05-01,1308.25,1318.5,1322.5,1307.0,944780.0,12.54
2006-05-02,1318.0,1308.25,1319.0,1308.25,801920.0,11.99
2006-05-03,1312.25,1318.0,1318.75,1308.0,775550.0,11.99
2006-05-04,1317.0,1312.0,1320.0,1311.25,757900.0,11.86
2006-05-05,1329.0,1317.0,1331.25,1316.25,919500.0,11.62
2006-05-08,1327.25,1329.25,1331.0,1326.75,425180.0,12.0
2006-05-09,1329.25,1327.5,1331.0,1325.75,376940.0,11.99
2006-05-10,1327.75,1329.25,1330.0,1320.75,762810.0,11.78
2006-05-11,1311.75,1327.5,1330.5,1307.25,1290000.0,12.49
2006-05-12,1294.25,1311.25,1312.75,1293.5,1340000.0,14.19
2006-05-15,1297.25,1289.0,1299.0,1285.25,1320000.0,13.57
2006-05-16,1295.0,1297.0,1301.5,1291.75,985050.0,13.35
2006-05-17,1269.0,1295.25,1299.75,1268.25,1870000.0,16.26
2006-05-18,1263.0,1269.75,1278.0,1261.5,1460000.0,16.99
2006-05-19,1270.75,1263.75,1275.5,1258.25,1590000.0,17.18
2006-05-22,1262.0,1270.75,1274.0,1255.25,1600000.0,17.72
2006-05-23,1252.5,1262.75,1276.5,1252.0,1350000.0,18.26
2006-05-24,1261.0,1253.0,1267.0,1246.75,1910000.0,17.36
2006-05-25,1276.0,1261.25,1276.5,1257.75,1100000.0,15.5
2006-05-26,1282.75,1276.0,1283.25,1274.0,785010.0,14.26
2006-05-30,1260.0,1282.25,1283.25,1259.25,1050000.0,18.66
2006-05-31,1272.0,1260.5,1273.25,1256.0,1230000.0,16.44
2006-06-01,1285.75,1273.0,1287.75,1266.25,1060000.0,14.52
2006-06-02,1288.25,1285.75,1294.0,1281.25,1110000.0,14.32
2006-06-05,1269.5,1287.75,1288.5,1265.75,1170000.0,16.65
2006-06-06,1265.75,1269.25,1273.75,1255.25,1570000.0,17.34
2006-06-07,1256.0,1266.0,1273.75,1254.75,1410000.0,17.8
2006-06-08,1255.5,1256.75,1261.25,1235.25,908950.0,18.35
2006-06-09,1251.0,1255.0,1263.75,1250.0,361030.0,18.12
2006-06-12,1236.5,1251.0,1258.0,1235.0,299760.0,20.96
2006-06-13,1222.0,1237.5,1244.75,1221.5,372050.0,23.81
2006-06-14,1230.75,1222.5,1232.0,1218.75,237640.0,21.46
2006-06-15,1257.0,1231.0,1259.75,1230.5,189150.0,15.9
2006-06-16,1252.09,1257.25,1257.5,1251.5,21790.0,17.25
2006-06-19,1248.5,1261.0,1267.0,1247.25,1190000.0,17.83
2006-06-20,1252.5,1248.75,1260.0,1247.5,1140000.0,16.69
2006-06-21,1261.75,1252.5,1268.5,1249.0,1180000.0,15.52
2006-06-22,1256.0,1262.25,1266.75,1251.0,974790.0,15.88
2006-06-23,1255.5,1255.5,1264.0,1251.0,749070.0,15.89
2006-06-26,1260.25,1255.75,1261.25,1253.25,630570.0,15.62
2006-06-27,1249.75,1260.75,1263.25,1248.0,1050000.0,16.4
2006-06-28,1257.75,1249.75,1258.0,1246.5,875880.0,15.79
2006-06-29,1282.5,1257.75,1283.75,1257.0,1200000.0,13.03
2006-06-30,1279.5,1282.0,1287.25,1279.25,808680.0,13.08
2006-07-03,1288.25,1281.75,1289.75,1281.5,270100.0,13.05
2006-07-05,1279.75,1288.0,1288.25,1274.0,781100.0,14.15
2006-07-06,1282.75,1279.75,1287.5,1278.0,659980.0,13.65
2006-07-07,1275.0,1282.75,1290.0,1271.0,997930.0,13.97
2006-07-10,1277.0,1274.5,1282.75,1272.5,810570.0,14.02
2006-07-11,1282.25,1276.5,1282.5,1267.5,1080000.0,13.14
2006-07-12,1268.25,1282.0,1283.75,1264.5,1120000.0,14.49
2006-07-13,1247.5,1268.5,1269.75,1246.75,1550000.0,17.79
2006-07-14,1242.25,1248.0,1251.5,1235.0,1450000.0,18.05
2006-07-17,1240.5,1243.0,1247.5,1234.75,1110000.0,18.64
2006-07-18,1245.75,1240.25,1246.75,1231.0,1580000.0,17.74
2006-07-19,1262.5,1246.0,1269.0,1244.0,1570000.0,15.55
2006-07-20,1254.25,1262.5,1269.0,1252.5,1280000.0,16.21
2006-07-21,1244.75,1256.0,1260.25,1243.5,1230000.0,17.4
2006-07-24,1267.5,1244.5,1269.0,1243.5,1230000.0,14.98
2006-07-25,1271.5,1267.25,1278.75,1262.5,1270000.0,14.85
2006-07-26,1273.25,1271.25,1279.75,1266.75,985630.0,14.62
2006-07-27,1272.25,1273.5,1281.75,1266.75,1010000.0,14.94
2006-07-28,1284.25,1271.75,1286.0,1270.5,938450.0,14.33
2006-07-31,1281.75,1283.75,1284.25,1279.0,671540.0,14.95
2006-08-01,1276.75,1282.75,1283.0,1270.25,866530.0,15.05
2006-08-02,1284.25,1276.5,1288.25,1275.75,857700.0,14.34
2006-08-03,1287.25,1284.0,1289.0,1274.75,886700.0,14.46
2006-08-04,1286.0,1287.25,1297.75,1278.0,1150000.0,14.34
2006-08-07,1282.25,1285.75,1285.75,1277.0,601460.0,15.23
2006-08-08,1276.75,1282.0,1287.75,1272.0,994520.0,15.23
2006-08-09,1271.5,1276.5,1288.25,1268.25,1160000.0,15.2
2006-08-10,1275.5,1271.5,1277.0,1262.5,1110000.0,14.46
2006-08-11,1272.25,1275.25,1277.0,1265.75,645010.0,14.3
2006-08-14,1273.25,1274.25,1283.25,1270.75,815510.0,14.26
2006-08-15,1287.75,1273.0,1290.5,1273.0,1080000.0,13.42
2006-08-16,1299.0,1287.75,1300.25,1286.75,916070.0,12.41
2006-08-17,1301.0,1298.75,1304.75,1295.5,882910.0,12.24
2006-08-18,1307.0,1300.75,1307.75,1296.75,782210.0,11.64
2006-08-21,1302.25,1306.5,1306.75,1298.5,554180.0,12.22
2006-08-22,1302.0,1301.5,1305.75,1297.25,771250.0,12.19
2006-08-23,1297.75,1301.75,1304.25,1291.5,851750.0,12.4
2006-08-24,1296.0,1297.5,1300.75,1293.5,684520.0,12.4
2006-08-25,1297.5,1296.75,1301.75,1294.75,527280.0,12.31
2006-08-28,1303.75,1297.75,1307.5,1294.5,703130.0,12.18
2006-08-29,1305.0,1303.75,1307.5,1297.0,927980.0,12.28
2006-08-30,1305.0,1305.0,1308.75,1303.75,667130.0,12.22
2006-08-31,1305.5,1305.0,1308.25,1303.0,551530.0,12.31
2006-09-01,1312.5,1305.0,1314.0,1304.75,626670.0,11.96
2006-09-05,1314.5,1311.75,1316.75,1310.0,772900.0,12.63
2006-09-06,1302.75,1314.25,1314.25,1300.25,1130000.0,13.74
2006-09-07,1296.25,1302.25,1302.5,1293.0,601030.0,13.88
2006-09-08,1299.25,1296.25,1301.25,1295.0,227860.0,13.16
2006-09-11,1300.5,1300.0,1303.5,1291.5,329390.0,12.99
2006-09-12,1313.75,1300.5,1314.75,1296.75,291010.0,11.92
2006-09-13,1317.5,1313.0,1320.5,1311.0,194810.0,11.18
2006-09-14,1318.0,1317.75,1319.5,1313.25,135330.0,11.55
2006-09-15,1323.12,1318.0,1327.0,1317.0,19070.0,11.76
2006-09-18,1334.25,1331.5,1336.5,1329.0,799320.0,11.78
2006-09-19,1330.5,1333.75,1334.5,1322.75,1180000.0,11.98
2006-09-20,1336.5,1330.75,1339.75,1329.5,970250.0,11.39
2006-09-21,1330.25,1336.5,1340.0,1325.5,1250000.0,12.25
2006-09-22,1326.0,1330.0,1331.5,1321.0,892980.0,12.59
2006-09-25,1335.75,1335.75,1340.0,1321.5,1280000.0,12.12
2006-09-26,1346.75,1335.75,1347.25,1333.5,1150000.0,11.53
2006-09-27,1347.75,1346.5,1350.25,1343.0,981560.0,11.58
2006-09-28,1347.25,1347.5,1350.5,1343.0,784850.0,11.72
2006-09-29,1345.4,1347.25,1350.5,1344.75,683820.0,11.98
2006-10-02,1340.5,1345.75,1348.75,1339.25,735500.0,12.57
2006-10-03,1343.25,1340.5,1347.75,1336.0,1160000.0,12.24
2006-10-04,1358.25,1343.5,1359.0,1339.75,1310000.0,11.86
2006-10-05,1360.75,1358.0,1363.25,1356.5,831690.0,11.98
2006-10-06,1358.75,1360.5,1361.5,1352.5,917230.0,11.56
2006-10-09,1359.25,1359.25,1361.75,1354.25,493340.0,11.68
2006-10-10,1360.75,1359.25,1363.25,1357.0,943130.0,11.52
2006-10-11,1359.0,1360.75,1362.5,1351.0,1270000.0,11.62
2006-10-12,1370.75,1359.0,1372.0,1358.5,1010000.0,11.09
2006-10-13,1373.5,1370.75,1374.75,1368.0,842540.0,10.75
2006-10-16,1376.0,1373.25,1378.25,1371.5,688020.0,11.09
2006-10-17,1371.75,1376.0,1376.0,1364.0,1310000.0,11.73
2006-10-18,1372.5,1372.25,1380.25,1367.75,1450000.0,11.34
2006-10-19,1374.25,1372.75,1375.5,1369.0,994320.0,10.9
2006-10-20,1375.0,1374.5,1376.75,1369.75,816060.0,10.63
2006-10-23,1380.75,1374.75,1398.0,1370.0,1240000.0,11.08
2006-10-24,1384.75,1380.75,1385.5,1378.0,899770.0,10.78
2006-10-25,1389.25,1384.0,1389.75,1381.25,969810.0,10.66
2006-10-26,1393.0,1389.0,1395.25,1385.0,1100000.0,10.56
2006-10-27,1384.75,1392.5,1393.5,1381.0,1190000.0,10.8
2006-10-30,1383.25,1384.25,1387.0,1378.75,890260.0,11.2
2006-10-31,1383.25,1383.25,1387.25,1377.0,1300000.0,11.1
2006-11-01,1373.0,1382.75,1387.5,1370.75,1450000.0,11.51
2006-11-02,1371.25,1372.5,1376.0,1367.25,1030000.0,11.42
2006-11-03,1368.5,1371.25,1377.25,1365.5,1200000.0,11.16
2006-11-06,1383.75,1369.0,1386.5,1367.25,950800.0,11.16
2006-11-07,1389.0,1383.75,1393.0,1382.5,1180000.0,11.09
2006-11-08,1391.5,1389.0,1393.25,1380.25,1370000.0,10.75
2006-11-09,1384.0,1391.0,1393.75,1381.25,1240000.0,11.01
2006-11-10,1384.75,1384.0,1386.25,1379.25,849320.0,10.79
2006-11-13,1388.0,1385.0,1392.25,1382.5,897470.0,10.86
2006-11-14,1397.75,1388.0,1399.25,1383.0,1490000.0,10.5
2006-11-15,1401.5,1397.5,1405.75,1396.25,1120000.0,10.31
2006-11-16,1405.0,1401.25,1408.0,1399.25,1120000.0,10.16
2006-11-17,1404.75,1404.25,1405.25,1398.0,955820.0,10.05
2006-11-20,1405.25,1405.0,1408.0,1399.0,952800.0,9.97
2006-11-21,1406.25,1405.0,1407.0,1402.75,769510.0,9.9
2006-11-22,1408.5,1406.5,1411.25,1404.5,590680.0,10.14
2006-11-24,1403.0,1408.5,1408.75,1400.0,364730.0,10.73
2006-11-27,1383.5,1402.75,1406.25,1382.75,1550000.0,12.3
2006-11-28,1388.5,1383.75,1390.5,1378.5,1470000.0,11.62
2006-11-29,1402.25,1388.5,1403.5,1388.5,1330000.0,10.83
2006-11-30,1403.0,1402.0,1408.75,1395.5,1570000.0,10.91
2006-12-01,1400.5,1403.0,1406.5,1387.5,1740000.0,11.66
2006-12-04,1410.75,1399.25,1413.5,1397.75,1170000.0,11.23
2006-12-05,1416.75,1410.25,1417.5,1409.5,1140000.0,11.27
2006-12-06,1414.75,1416.75,1417.75,1412.0,832800.0,11.33
2006-12-07,1408.75,1414.25,1420.0,1407.75,637630.0,12.67
2006-12-08,1410.0,1408.75,1415.5,1404.25,348030.0,12.07
2006-12-11,1414.5,1409.75,1417.0,1409.5,294740.0,10.71
2006-12-12,1412.75,1414.75,1414.75,1405.0,333950.0,10.65
2006-12-13,1414.25,1413.0,1418.5,1410.75,219370.0,10.18
2006-12-14,1426.0,1414.0,1427.5,1412.0,216490.0,9.97
2006-12-15,1428.74,1426.0,1432.75,1425.25,27950.0,10.05
2006-12-18,1434.75,1438.25,1444.0,1432.25,690260.0,10.6
2006-12-19,1436.25,1434.75,1440.5,1426.5,987740.0,10.3
2006-12-20,1435.25,1436.5,1440.5,1434.0,497820.0,10.26
2006-12-21,1429.75,1435.5,1439.5,1426.75,627270.0,10.53
2006-12-22,1420.25,1430.0,1431.75,1419.75,599000.0,11.36
2006-12-26,1428.75,1421.0,1429.5,1420.5,267520.0,11.26
2006-12-27,1437.0,1428.75,1438.75,1428.5,429430.0,10.64
2006-12-28,1433.75,1437.0,1438.0,1432.0,416780.0,10.99
2006-12-29,1428.5,1434.25,1437.5,1425.5,527680.0,11.56
2007-01-03,1424.75,1437.75,1440.0,1416.5,1220000.0,12.04
2007-01-04,1427.5,1425.25,1431.5,1416.75,1030000.0,11.51
2007-01-05,1416.5,1427.75,1428.5,1414.25,1060000.0,12.14
2007-01-08,1422.5,1417.25,1424.5,1413.0,1040000.0,12.0
2007-01-09,1420.5,1422.5,1427.0,1414.0,1270000.0,11.91
2007-01-10,1424.5,1420.75,1424.75,1412.25,1150000.0,11.47
2007-01-11,1431.0,1424.5,1435.75,1420.75,1230000.0,10.87
2007-01-12,1440.75,1431.25,1441.5,1428.25,865570.0,10.15
2007-01-16,1438.75,1441.0,1444.5,1436.25,744160.0,10.74
2007-01-17,1438.75,1438.5,1443.0,1435.25,930440.0,10.59
2007-01-18,1433.25,1438.5,1442.25,1431.0,1120000.0,10.85
2007-01-19,1436.75,1432.25,1439.0,1431.25,984890.0,10.4
2007-01-22,1431.0,1437.25,1439.25,1426.75,1040000.0,10.77
2007-01-23,1435.5,1431.25,1438.0,1427.75,1050000.0,10.34
2007-01-24,1446.25,1435.0,1446.5,1434.75,1040000.0,9.89
2007-01-25,1429.25,1446.25,1447.25,1427.5,1420000.0,11.22
2007-01-26,1427.5,1430.25,1433.0,1422.0,1260000.0,11.13
2007-01-29,1426.25,1428.0,1432.5,1423.25,943490.0,11.45
2007-01-30,1434.0,1426.25,1434.5,1425.5,914770.0,10.96
2007-01-31,1443.0,1434.0,1446.75,1429.0,1260000.0,10.42
2007-02-01,1450.75,1442.25,1451.75,1441.0,1120000.0,10.31
2007-02-02,1453.0,1450.75,1454.75,1448.75,820590.0,10.08
2007-02-05,1453.75,1452.5,1454.25,1448.0,625990.0,10.55
2007-02-06,1453.25,1453.25,1455.75,1447.5,822810.0,10.65
2007-02-07,1455.75,1453.0,1457.75,1450.5,894780.0,10.32
2007-02-08,1454.0,1455.5,1455.75,1446.75,970080.0,10.44
2007-02-09,1443.0,1453.75,1457.0,1437.0,1410000.0,11.1
2007-02-12,1438.0,1442.75,1444.75,1435.0,947280.0,11.61
2007-02-13,1449.5,1438.25,1449.75,1437.5,967120.0,10.34
2007-02-14,1458.5,1449.0,1461.5,1448.75,1070000.0,10.23
2007-02-15,1459.5,1458.5,1459.5,1456.25,713130.0,10.22
2007-02-16,1459.0,1459.5,1459.75,1454.5,670090.0,10.02
2007-02-20,1461.75,1459.75,1464.0,1452.25,927780.0,10.24
2007-02-21,1460.5,1461.75,1463.0,1454.25,987780.0,10.2
2007-02-22,1459.25,1460.25,1464.75,1452.75,1140000.0,10.18
2007-02-23,1453.75,1458.75,1459.25,1450.5,1060000.0,10.58
2007-02-26,1452.5,1454.0,1459.75,1447.75,1200000.0,11.15
2007-02-27,1395.25,1452.75,1452.75,1389.0,3530000.0,18.31
2007-02-28,1409.0,1395.75,1418.75,1390.5,2500000.0,15.42
2007-03-01,1405.0,1408.75,1413.5,1380.75,2730000.0,15.82
2007-03-02,1385.75,1404.75,1410.0,1385.0,1990000.0,18.61
2007-03-05,1372.25,1387.0,1393.75,1371.0,2340000.0,19.63
2007-03-06,1395.5,1373.0,1399.5,1368.75,1670000.0,15.96
2007-03-07,1393.25,1395.25,1402.5,1391.0,1530000.0,15.24
2007-03-08,1404.75,1392.75,1409.25,1390.25,884470.0,14.29
2007-03-09,1405.0,1404.75,1413.75,1397.75,494610.0,14.09
2007-03-12,1407.0,1404.75,1410.5,1398.5,379030.0,13.99
2007-03-13,1379.75,1407.0,1407.5,1377.0,572330.0,18.13
2007-03-14,1389.5,1379.5,1389.75,1363.75,577620.0,17.27
2007-03-15,1391.5,1389.75,1395.25,1384.75,273200.0,16.43
2007-03-16,1396.12,1391.75,1397.0,1385.75,22850.0,16.79
2007-03-19,1415.75,1397.75,1416.0,1394.75,1080000.0,14.59
2007-03-20,1423.5,1415.5,1424.0,1412.5,1060000.0,13.27
2007-03-21,1445.0,1423.5,1449.75,1421.0,1610000.0,12.19
2007-03-22,1445.0,1445.0,1451.0,1441.0,1140000.0,12.93
2007-03-23,1447.0,1444.75,1451.0,1443.5,785020.0,12.95
2007-03-26,1445.25,1446.25,1449.25,1433.75,1150000.0,13.16
2007-03-27,1440.5,1445.0,1446.0,1436.0,911000.0,13.48
2007-03-28,1429.5,1440.5,1440.75,1424.25,1450000.0,14.98
2007-03-29,1431.5,1429.75,1438.25,1423.25,1330000.0,15.14
2007-03-30,1431.25,1431.75,1439.75,1418.0,1400000.0,14.64
2007-04-02,1433.25,1431.75,1436.0,1425.75,904540.0,14.53
2007-04-03,1447.25,1433.5,1450.5,1433.25,1010000.0,13.46
2007-04-04,1448.5,1447.0,1450.0,1444.25,753210.0,13.24
2007-04-05,1452.75,1448.0,1454.75,1446.25,520580.00000000006,13.23
2007-04-09,1454.5,1457.25,1459.0,1452.5,576690.0,13.14
2007-04-10,1456.0,1454.5,1458.25,1451.25,712440.0,12.68
2007-04-11,1448.5,1455.75,1458.25,1444.5,1160000.0,13.49
2007-04-12,1455.5,1448.5,1457.0,1442.25,1170000.0,12.71
2007-04-13,1461.25,1455.25,1461.75,1452.25,975400.0,12.2
2007-04-16,1475.5,1461.5,1477.25,1461.0,1200000.0,11.98
2007-04-17,1479.0,1474.75,1482.75,1471.25,1300000.0,12.14
2007-04-18,1480.25,1478.75,1484.5,1473.0,1100000.0,12.42
2007-04-19,1480.25,1480.5,1481.75,1468.25,1200000.0,12.54
2007-04-20,1493.0,1479.75,1493.5,1478.75,1350000.0,12.07
2007-04-23,1488.25,1492.75,1494.75,1487.0,847910.0,13.04
2007-04-24,1488.5,1488.0,1491.5,1480.25,1200000.0,13.12
2007-04-25,1500.75,1488.75,1503.5,1486.75,1220000.0,13.21
2007-04-26,1502.75,1500.75,1505.0,1497.25,972310.0,12.79
2007-04-27,1502.0,1502.0,1503.75,1494.5,980640.0,12.45
2007-04-30,1488.5,1501.0,1505.0,1488.0,1190000.0,14.22
2007-05-01,1492.75,1489.25,1493.0,1482.25,1240000.0,13.51
2007-05-02,1501.0,1492.5,1504.75,1492.0,984770.0,13.08
2007-05-03,1508.25,1500.75,1509.25,1498.75,965290.0,13.09
2007-05-04,1514.25,1507.75,1517.0,1507.0,1130000.0,12.91
2007-05-07,1514.25,1513.25,1516.75,1512.25,522510.0,13.15
2007-05-08,1512.25,1514.0,1514.0,1505.75,880950.0,13.21
2007-05-09,1515.5,1511.75,1519.0,1507.75,1120000.0,12.88
2007-05-10,1499.25,1515.5,1515.75,1496.0,1660000.0,13.6
2007-05-11,1512.25,1499.0,1512.75,1496.0,1220000.0,12.95
2007-05-14,1508.75,1512.0,1516.25,1502.75,1120000.0,13.96
2007-05-15,1508.5,1508.25,1519.75,1503.0,1720000.0,14.01
2007-05-16,1518.0,1508.0,1518.5,1506.0,1260000.0,13.5
2007-05-17,1515.25,1517.75,1521.75,1513.0,1120000.0,13.51
2007-05-18,1528.0,1515.5,1528.25,1513.75,1200000.0,12.76
2007-05-21,1528.0,1527.5,1534.0,1526.25,1020000.0,13.3
2007-05-22,1525.25,1527.5,1533.25,1525.0,969950.0,13.06
2007-05-23,1525.5,1525.5,1535.75,1524.0,1310000.0,13.24
2007-05-24,1511.5,1525.25,1532.5,1507.75,1930000.0,14.08
2007-05-25,1517.25,1511.25,1520.5,1510.25,888320.0,13.34
2007-05-29,1522.5,1518.0,1524.5,1514.25,1130000.0,13.53
2007-05-30,1534.0,1521.75,1534.75,1512.5,1580000.0,12.83
2007-05-31,1533.0,1533.25,1538.0,1530.25,1200000.0,13.05
2007-06-01,1539.5,1533.0,1543.0,1532.75,1290000.0,12.78
2007-06-04,1540.25,1539.25,1542.75,1533.25,1010000.0,13.29
2007-06-05,1533.75,1539.75,1541.25,1527.0,1640000.0,13.63
2007-06-06,1516.5,1533.5,1536.0,1515.0,1830000.0,14.87
2007-06-07,1489.25,1516.75,1523.75,1487.75,1500000.0,17.06
2007-06-08,1508.0,1490.25,1509.25,1480.5,676790.0,14.84
2007-06-11,1510.5,1507.0,1516.75,1504.0,470020.0,14.71
2007-06-12,1493.0,1510.5,1512.25,1492.25,572100.0,16.67
2007-06-13,1515.5,1493.25,1517.0,1489.25,414870.0,14.73
2007-06-14,1524.75,1514.75,1527.0,1514.0,340030.0,13.64
2007-06-15,1534.09,1525.0,1535.5,1524.0,25150.0,13.94
2007-06-18,1546.0,1547.0,1553.0,1543.75,852560.0,13.42
2007-06-19,1549.0,1545.5,1550.75,1540.5,1070000.0,12.85
2007-06-20,1527.0,1548.75,1554.25,1525.25,1830000.0,14.67
2007-06-21,1535.75,1527.25,1537.0,1518.0,1920000.0,14.21
2007-06-22,1520.5,1535.5,1536.0,1513.5,1680000.0,15.75
2007-06-25,1513.5,1519.25,1528.0,1505.0,1910000.0,16.65
2007-06-26,1497.75,1513.75,1519.5,1497.25,1920000.0,18.89
2007-06-27,1519.0,1498.5,1520.0,1492.0,1790000.0,15.53
2007-06-28,1517.25,1518.5,1528.0,1515.5,1380000.0,15.54
2007-06-29,1515.5,1517.75,1530.25,1504.5,1770000.0,16.23
2007-07-02,1531.0,1515.25,1532.75,1514.75,913060.0,15.4
2007-07-03,1536.25,1531.0,1537.75,1530.75,546290.0,14.92
2007-07-05,1534.5,1535.75,1540.75,1528.5,861670.0,15.48
2007-07-06,1542.5,1534.25,1544.0,1531.25,882980.0,14.72
2007-07-09,1542.5,1542.25,1546.0,1538.0,797180.0,15.16
2007-07-10,1520.0,1542.25,1544.0,1519.0,1740000.0,17.57
2007-07-11,1531.0,1520.25,1531.75,1515.25,1610000.0,16.64
2007-07-12,1555.75,1531.25,1559.0,1529.75,1650000.0,15.54
2007-07-13,1560.0,1555.25,1565.75,1553.5,1140000.0,15.15
2007-07-16,1559.75,1560.25,1566.25,1556.5,1080000.0,15.59
2007-07-17,1558.75,1559.25,1565.5,1555.0,1270000.0,15.63
2007-07-18,1554.75,1557.5,1558.0,1542.5,2110000.0,16.0
2007-07-19,1559.75,1555.5,1565.0,1548.5,1340000.0,15.23
2007-07-20,1545.0,1559.0,1561.75,1537.25,2190000.0,16.95
2007-07-23,1549.0,1543.75,1556.25,1543.5,1150000.0,16.81
2007-07-24,1522.5,1549.25,1551.75,1516.5,2100000.0,18.55
2007-07-25,1524.75,1522.5,1532.25,1510.5,2390000.0,18.1
2007-07-26,1488.0,1523.5,1529.5,1471.0,3650000.0,20.74
2007-07-27,1458.0,1489.75,1496.5,1457.25,3040000.0,24.17
2007-07-30,1480.75,1460.0,1484.75,1455.0,2210000.0,20.87
2007-07-31,1462.0,1480.5,1495.75,1456.25,2590000.0,23.52
2007-08-01,1470.0,1462.5,1475.0,1442.25,3410000.0,23.67
2007-08-02,1481.75,1469.5,1483.0,1464.5,2210000.0,21.22
2007-08-03,1443.0,1481.25,1484.25,1436.25,2670000.0,25.16
2007-08-06,1467.75,1439.5,1473.5,1432.25,2860000.0,22.94
2007-08-07,1482.5,1468.25,1494.75,1460.75,2610000.0,21.56
2007-08-08,1504.0,1482.0,1510.5,1480.5,2710000.0,21.45
2007-08-09,1458.0,1502.25,1504.5,1456.5,3210000.0,26.48
2007-08-10,1451.0,1458.0,1468.5,1433.0,3630000.0,28.3
2007-08-13,1455.0,1454.5,1472.5,1453.5,1800000.0,26.57
2007-08-14,1434.25,1455.25,1462.75,1430.25,2600000.0,27.68
2007-08-15,1414.5,1433.0,1447.0,1408.75,2960000.0,30.67
2007-08-16,1424.5,1414.5,1433.0,1374.5,4820000.0,30.83
2007-08-17,1450.0,1424.75,1471.5,1399.5,3320000.0,29.99
2007-08-20,1449.0,1448.75,1457.0,1434.5,1750000.0,26.33
2007-08-21,1450.25,1448.75,1460.0,1440.25,1790000.0,25.25
2007-08-22,1468.75,1450.25,1469.5,1448.75,1580000.0,22.89
2007-08-23,1466.5,1468.0,1483.75,1457.0,1640000.0,22.62
2007-08-24,1483.5,1466.5,1484.0,1460.0,1190000.0,20.72
2007-08-27,1469.75,1483.25,1483.5,1468.0,911860.0,22.72
2007-08-28,1438.25,1469.5,1470.5,1434.75,1970000.0,26.3
2007-08-29,1465.5,1438.5,1467.25,1435.0,2009999.9999999998,23.81
2007-08-30,1461.5,1465.25,1471.5,1452.5,1860000.0,25.06
2007-08-31,1476.75,1461.5,1484.75,1461.25,1720000.0,23.38
2007-09-04,1489.5,1476.0,1499.25,1468.5,1610000.0,22.78
2007-09-05,1476.5,1488.75,1489.5,1468.25,1940000.0,24.58
2007-09-06,1479.5,1476.25,1484.5,1469.5,1520000.0,23.99
2007-09-07,1459.75,1479.25,1480.25,1450.25,2460000.0,26.23
2007-09-10,1455.25,1458.5,1465.5,1440.75,2089999.9999999998,27.38
2007-09-11,1472.75,1454.75,1474.5,1453.25,1860000.0,25.27
2007-09-12,1476.25,1472.0,1481.25,1465.75,1800000.0,24.96
2007-09-13,1485.0,1475.75,1491.0,1471.0,865140.0,24.76
2007-09-14,1485.0,1484.75,1487.0,1473.25,560740.0,24.92
2007-09-17,1477.0,1484.5,1484.5,1472.25,399120.0,26.48
2007-09-18,1520.0,1477.5,1521.0,1472.25,671590.0,20.35
2007-09-19,1528.75,1519.0,1539.0,1518.75,580290.0,20.03
2007-09-20,1519.75,1528.25,1529.5,1516.75,369680.0,20.45
2007-09-21,1533.38,1519.75,1532.25,1516.5,38940.0,19.0
2007-09-24,1531.75,1533.25,1542.75,1528.0,1500000.0,19.37
2007-09-25,1529.0,1531.25,1531.5,1518.75,1580000.0,18.6
2007-09-26,1536.25,1529.0,1541.75,1528.5,1690000.0,17.63
2007-09-27,1544.5,1536.0,1545.0,1535.75,1310000.0,17.0
2007-09-28,1538.0,1544.0,1545.5,1533.0,1460000.0,18.0
2007-10-01,1556.5,1540.5,1561.0,1535.25,1700000.0,17.84
2007-10-02,1554.5,1556.5,1560.0,1551.25,1270000.0,18.49
2007-10-03,1550.75,1554.25,1556.5,1546.5,1390000.0,18.8
2007-10-04,1552.25,1550.75,1554.75,1548.0,925290.0,18.44
2007-10-05,1570.75,1552.5,1573.5,1550.5,1700000.0,16.91
2007-10-08,1562.75,1570.5,1570.5,1559.75,718340.0,17.46
2007-10-09,1576.25,1563.0,1577.5,1560.5,1280000.0,16.12
2007-10-10,1573.25,1576.0,1576.25,1565.25,1310000.0,16.67
2007-10-11,1565.25,1573.0,1586.75,1556.25,2280000.0,18.88
2007-10-12,1574.5,1565.0,1575.0,1559.0,1410000.0,17.73
2007-10-15,1560.25,1574.5,1576.0,1550.0,1950000.0,19.25
2007-10-16,1547.5,1560.25,1561.75,1545.25,1840000.0,20.02
2007-10-17,1552.5,1549.0,1561.25,1534.0,2240000.0,18.54
2007-10-18,1546.75,1553.5,1555.0,1540.0,1560000.0,18.5
2007-10-19,1505.75,1547.0,1549.5,1505.0,2690000.0,22.96
2007-10-22,1513.5,1505.25,1515.75,1492.5,2400000.0,21.64
2007-10-23,1525.5,1513.5,1527.5,1510.25,1750000.0,20.41
2007-10-24,1522.0,1523.25,1524.5,1495.25,2690000.0,20.8
2007-10-25,1525.0,1522.25,1529.75,1505.5,1950000.0,21.17
2007-10-26,1542.5,1528.0,1543.25,1521.75,1550000.0,19.56
2007-10-29,1547.0,1542.0,1551.0,1540.75,1020000.0,19.87
2007-10-30,1536.0,1547.25,1548.0,1534.75,1020000.0,21.07
2007-10-31,1554.9,1536.25,1558.75,1533.75,1960000.0,18.53
2007-11-01,1515.75,1552.5,1555.0,1510.5,2520000.0,23.21
2007-11-02,1517.5,1515.75,1525.0,1496.75,2780000.0,23.01
2007-11-05,1505.5,1515.75,1516.25,1494.25,2089999.9999999998,24.31
2007-11-06,1525.0,1505.5,1526.0,1503.5,1720000.0,21.39
2007-11-07,1482.75,1524.75,1525.0,1478.75,2620000.0,26.49
2007-11-08,1475.5,1482.0,1491.0,1454.0,3100000.0,26.16
2007-11-09,1455.0,1476.5,1480.25,1451.75,2530000.0,28.5
2007-11-12,1440.25,1453.75,1469.25,1439.5,1950000.0,31.09
2007-11-13,1483.25,1441.0,1486.25,1437.25,2060000.0,24.1
2007-11-14,1478.0,1483.0,1496.75,1470.0,1890000.0,25.94
2007-11-15,1458.0,1478.0,1482.0,1446.75,2260000.0,28.06
2007-11-16,1460.25,1457.75,1466.75,1447.5,2140000.0,25.49
2007-11-19,1437.5,1460.25,1465.75,1433.25,2100000.0,26.01
2007-11-20,1446.0,1438.5,1456.4,1422.0,2970000.0,24.88
2007-11-21,1417.75,1446.75,1448.0,1417.0,2000000.0,26.84
2007-11-23,1442.0,1418.5,1444.0,1417.5,693710.0,25.61
2007-11-26,1409.25,1442.0,1454.25,1406.75,2320000.0,28.91
2007-11-27,1426.5,1409.5,1432.75,1406.25,2560000.0,26.28
2007-11-28,1470.5,1426.5,1475.0,1420.5,2420000.0,24.11
2007-11-29,1471.5,1471.0,1477.0,1460.75,1820000.0,23.97
2007-11-30,1483.75,1470.5,1492.25,1468.5,2020000.0,22.87
2007-12-03,1475.5,1484.0,1486.25,1472.0,1470000.0,23.61
2007-12-04,1463.25,1475.5,1476.0,1462.5,1380000.0,23.79
2007-12-05,1487.0,1463.5,1489.0,1463.0,1730000.0,22.53
2007-12-06,1507.5,1487.25,1510.75,1482.0,1720000.0,20.96
2007-12-07,1507.25,1507.5,1515.25,1500.75,1280000.0,20.85
2007-12-10,1518.75,1506.5,1520.75,1501.0,1150000.0,20.74
2007-12-11,1478.0,1518.5,1527.0,1475.5,2330000.0,23.59
2007-12-12,1490.25,1477.25,1517.0,1468.75,3010000.0,22.47
2007-12-13,1488.0,1490.0,1492.25,1469.75,1400000.0,22.56
2007-12-14,1468.0,1488.25,1494.0,1467.5,658530.0,23.27
2007-12-17,1446.5,1468.0,1468.0,1444.75,630340.0,24.52
2007-12-18,1455.75,1447.0,1461.75,1435.5,570950.0,22.64
2007-12-19,1454.0,1455.5,1464.5,1445.0,411030.0,21.68
2007-12-20,1464.0,1453.0,1464.5,1447.0,278400.0,20.58
2007-12-21,1474.95,1463.0,1478.5,1461.0,44610.0,18.47
2007-12-24,1506.5,1497.0,1509.75,1495.0,253390.0,18.6
2007-12-26,1509.75,1506.5,1511.0,1499.25,363600.0,18.66
2007-12-27,1489.75,1509.75,1511.0,1485.0,901030.0,20.26
2007-12-28,1485.5,1489.75,1503.0,1481.0,792590.0,20.74
2007-12-31,1477.25,1485.25,1489.0,1471.0,671360.0,22.5
2008-01-02,1458.5,1478.75,1482.75,1449.0,1620000.0,23.17
2008-01-03,1458.75,1458.5,1464.75,1451.0,1270000.0,22.49
2008-01-04,1423.0,1458.75,1463.25,1417.5,2200000.0,23.94
2008-01-07,1421.5,1422.5,1432.25,1410.0,2440000.0,23.79
2008-01-08,1397.0,1421.75,1437.75,1393.0,2900000.0,25.43
2008-01-09,1411.5,1397.25,1416.5,1385.0,2810000.0,24.12
2008-01-10,1421.0,1412.5,1436.25,1401.5,2740000.0,23.45
2008-01-11,1407.75,1420.5,1423.75,1400.25,2190000.0,23.68
2008-01-14,1420.25,1408.5,1424.5,1398.0,1460000.0,22.9
2008-01-15,1388.0,1421.0,1422.5,1385.25,2440000.0,23.34
2008-01-16,1376.0,1381.75,1397.5,1368.5,3220000.0,24.38
2008-01-17,1339.75,1377.25,1389.25,1334.0,3400000.0,28.46
2008-01-18,1325.25,1340.75,1360.5,1315.75,3220000.0,27.18
2008-01-22,1309.25,1327.75,1331.5,1255.5,4730000.0,31.01
2008-01-23,1341.5,1311.75,1344.5,1261.0,4120000.0,29.02
2008-01-24,1352.25,1342.25,1357.25,1333.25,2430000.0,27.78
2008-01-25,1334.0,1356.0,1370.75,1328.25,2540000.0,29.08
2008-01-28,1354.5,1336.0,1358.25,1310.25,2009999.9999999998,27.78
2008-01-29,1362.0,1353.75,1367.0,1350.25,1580000.0,27.32
2008-01-30,1350.5,1361.5,1387.5,1347.25,2610000.0,27.62
2008-01-31,1379.5,1349.75,1387.25,1331.5,3190000.0,26.2
2008-02-01,1397.0,1373.0,1398.0,1371.5,2290000.0,24.02
2008-02-04,1378.75,1396.75,1400.0,1378.0,1220000.0,25.99
2008-02-05,1343.25,1379.25,1381.25,1337.5,2520000.0,28.24
2008-02-06,1330.0,1343.25,1353.25,1324.75,2160000.0,28.97
2008-02-07,1340.25,1331.75,1348.5,1312.75,2930000.0,27.66
2008-02-08,1330.25,1340.5,1348.5,1312.75,1710000.0,28.01
2008-02-11,1338.25,1329.5,1342.5,1320.25,1840000.0,27.6
2008-02-12,1349.75,1337.75,1363.5,1332.75,2250000.0,26.33
2008-02-13,1363.75,1349.5,1370.5,1343.5,1840000.0,24.88
2008-02-14,1351.0,1364.0,1371.5,1347.25,1900000.0,25.54
2008-02-15,1351.25,1350.25,1357.25,1337.0,1470000.0,25.02
2008-02-19,1355.5,1350.0,1369.75,1345.25,1720000.0,25.59
2008-02-20,1359.0,1355.0,1369.75,1332.75,2210000.0,24.4
2008-02-21,1347.0,1358.25,1369.25,1339.25,2029999.9999999998,25.12
2008-02-22,1355.5,1346.5,1357.5,1327.0,2020000.0,24.06
2008-02-25,1371.5,1354.5,1375.5,1346.25,2040000.0,23.03
2008-02-26,1382.75,1371.0,1388.5,1363.75,2100000.0,21.9
2008-02-27,1380.5,1381.75,1390.0,1371.0,1840000.0,22.69
2008-02-28,1365.75,1380.0,1381.5,1363.5,1800000.0,23.53
2008-02-29,1331.25,1366.0,1367.0,1325.25,2300000.0,26.54
2008-03-03,1332.0,1329.5,1335.75,1320.0,1940000.0,26.28
2008-03-04,1327.0,1332.5,1337.5,1307.0,2760000.0,25.52
2008-03-05,1335.5,1328.0,1345.0,1320.25,2470000.0,24.6
2008-03-06,1308.0,1335.75,1345.0,1302.25,2520000.0,27.55
2008-03-07,1292.75,1307.0,1318.5,1282.25,3080000.0,27.49
2008-03-10,1275.5,1292.0,1299.5,1272.5,2380000.0,29.38
2008-03-11,1324.0,1276.5,1324.25,1272.25,3220000.0,26.36
2008-03-12,1309.5,1323.0,1334.25,1308.0,2550000.0,27.22
2008-03-13,1313.25,1310.0,1322.5,1282.0,1850000.0,27.29
2008-03-14,1291.5,1312.75,1333.75,1274.25,1350000.0,31.16
2008-03-17,1278.5,1291.0,1315.0,1253.0,975570.0,32.24
2008-03-18,1332.5,1279.75,1332.75,1278.0,753290.0,25.79
2008-03-19,1298.5,1331.0,1342.25,1296.0,534140.0,29.84
2008-03-20,1302.64,1300.0,1306.5,1288.25,49100.0,26.62
2008-03-24,1351.5,1326.25,1361.5,1325.25,1430000.0,25.73
2008-03-25,1351.5,1351.5,1359.5,1342.0,1730000.0,25.72
2008-03-26,1335.5,1351.25,1351.75,1334.0,1600000.0,26.08
2008-03-27,1329.75,1335.0,1348.0,1326.5,2020000.0,25.88
2008-03-28,1319.0,1330.25,1340.5,1313.75,1530000.0,25.71
2008-03-31,1324.0,1319.0,1330.5,1309.5,1620000.0,25.61
2008-04-01,1370.5,1321.25,1372.5,1315.75,2330000.0,22.68
2008-04-02,1371.0,1370.25,1380.0,1363.0,1840000.0,23.43
2008-04-03,1373.5,1370.0,1377.75,1359.5,1600000.0,23.21
2008-04-04,1372.0,1373.5,1388.0,1364.25,1920000.0,22.45
2008-04-07,1372.25,1372.5,1389.0,1369.75,1480000.0,22.42
2008-04-08,1371.0,1371.25,1372.25,1362.25,1410000.0,22.36
2008-04-09,1360.25,1370.75,1377.5,1351.25,1830000.0,22.81
2008-04-10,1362.75,1359.25,1369.25,1351.25,1790000.0,21.98
2008-04-11,1335.5,1362.5,1369.0,1331.75,2020000.0,23.46
2008-04-14,1331.25,1335.25,1337.25,1325.75,1460000.0,23.82
2008-04-15,1336.0,1331.0,1338.75,1325.0,1750000.0,22.78
2008-04-16,1371.0,1342.75,1371.5,1337.25,2089999.9999999998,20.53
2008-04-17,1372.25,1371.0,1374.5,1358.5,1790000.0,20.37
2008-04-18,1388.0,1374.5,1398.25,1370.0,1990000.0,20.13
2008-04-21,1388.25,1389.0,1394.0,1380.75,1260000.0,20.5
2008-04-22,1380.75,1384.75,1390.75,1370.75,1750000.0,20.87
2008-04-23,1378.5,1380.5,1389.75,1372.75,1830000.0,20.26
2008-04-24,1386.0,1379.75,1399.25,1368.0,2150000.0,20.06
2008-04-25,1397.0,1386.5,1400.75,1380.5,1570000.0,19.59
2008-04-28,1397.5,1398.75,1404.75,1393.5,1160000.0,19.64
2008-04-29,1391.25,1397.25,1399.0,1387.0,1450000.0,20.24
2008-04-30,1386.0,1388.0,1407.0,1383.5,1920000.0,20.79
2008-05-01,1411.5,1383.0,1412.25,1382.25,1900000.0,18.88
2008-05-02,1415.75,1411.25,1427.0,1406.0,1920000.0,18.18
2008-05-05,1408.25,1413.5,1417.25,1400.75,1250000.0,18.9
2008-05-06,1420.75,1409.0,1422.25,1397.0,1890000.0,18.21
2008-05-07,1395.25,1421.25,1424.0,1390.5,1940000.0,19.73
2008-05-08,1392.0,1394.0,1403.0,1389.25,1700000.0,19.4
2008-05-09,1389.0,1391.25,1393.25,1381.75,1630000.0,19.41
2008-05-12,1404.75,1387.5,1405.0,1386.25,1570000.0,17.79
2008-05-13,1404.75,1403.5,1410.75,1396.5,1530000.0,17.98
2008-05-14,1407.75,1404.0,1421.5,1398.75,1740000.0,17.66
2008-05-15,1424.5,1407.5,1425.5,1405.0,1750000.0,16.3
2008-05-16,1425.75,1424.25,1429.5,1414.75,1790000.0,16.47
2008-05-19,1429.75,1425.25,1441.0,1421.75,1790000.0,17.01
2008-05-20,1417.5,1428.75,1429.25,1409.0,1870000.0,17.58
2008-05-21,1393.0,1417.0,1421.0,1388.0,2370000.0,18.59
2008-05-22,1393.25,1393.0,1399.75,1390.25,1730000.0,18.05
2008-05-23,1373.5,1393.75,1395.0,1372.75,1520000.0,19.55
2008-05-27,1384.75,1374.25,1387.75,1370.5,1570000.0,19.64
2008-05-28,1391.5,1385.0,1393.25,1377.75,1700000.0,19.07
2008-05-29,1397.75,1390.0,1407.0,1386.75,1720000.0,18.14
2008-05-30,1400.5,1397.75,1405.0,1395.0,1180000.0,17.83
2008-06-02,1385.5,1400.75,1401.0,1377.5,1710000.0,19.83
2008-06-03,1378.5,1385.75,1393.5,1369.25,2160000.0,20.24
2008-06-04,1377.5,1378.25,1388.5,1371.0,2089999.9999999998,20.8
2008-06-05,1405.25,1376.75,1405.75,1375.5,1990000.0,18.63
2008-06-06,1359.5,1404.5,1411.0,1358.5,2770000.0,23.56
2008-06-09,1363.5,1358.75,1371.5,1350.5,2140000.0,23.12
2008-06-10,1356.25,1362.0,1367.25,1347.25,2210000.0,23.18
2008-06-11,1335.75,1356.25,1363.5,1335.0,2600000.0,24.12
2008-06-12,1341.0,1335.25,1353.5,1331.0,1420000.0,23.33
2008-06-13,1357.5,1340.75,1361.5,1337.0,746590.0,21.22
2008-06-16,1357.75,1357.0,1365.0,1349.25,552320.0,20.95
2008-06-17,1351.0,1357.75,1370.25,1349.0,523289.99999999994,21.13
2008-06-18,1337.0,1350.75,1353.25,1332.75,437320.0,22.24
2008-06-19,1340.0,1336.75,1348.0,1330.5,357090.0,21.58
2008-06-20,1339.28,1341.0,1341.5,1329.0,32619.999999999996,22.87
2008-06-23,1318.25,1320.75,1327.75,1316.25,1450000.0,22.64
2008-06-24,1315.5,1317.75,1328.0,1305.25,2120000.0,22.42
2008-06-25,1322.5,1315.0,1337.75,1314.5,2069999.9999999998,21.14
2008-06-26,1284.5,1322.25,1322.25,1283.0,2640000.0,23.93
2008-06-27,1280.0,1285.0,1291.75,1272.75,2340000.0,23.44
2008-06-30,1281.0,1281.75,1292.0,1275.25,2170000.0,23.95
2008-07-01,1286.25,1283.0,1286.75,1261.0,3200000.0,23.65
2008-07-02,1262.75,1286.25,1294.75,1261.0,2430000.0,25.92
2008-07-03,1265.0,1263.5,1273.75,1251.75,1850000.0,24.78
2008-07-07,1251.75,1258.5,1275.0,1240.75,2580000.0,25.78
2008-07-08,1273.75,1252.0,1275.75,1236.5,2750000.0,23.15
2008-07-09,1248.0,1274.5,1278.75,1244.75,2410000.0,25.23
2008-07-10,1254.5,1249.0,1259.25,1237.0,3030000.0,25.59
2008-07-11,1239.75,1254.75,1261.75,1225.5,3250000.0,27.49
2008-07-14,1228.25,1240.0,1260.5,1224.75,2660000.0,28.48
2008-07-15,1211.5,1229.0,1235.75,1200.75,3660000.0,28.54
2008-07-16,1241.0,1212.75,1246.25,1202.5,2890000.0,25.1
2008-07-17,1253.5,1240.0,1263.0,1238.0,2890000.0,25.01
2008-07-18,1260.5,1250.25,1263.0,1241.0,1920000.0,24.05
2008-07-21,1261.5,1259.25,1269.0,1255.0,1540000.0,23.05
2008-07-22,1274.25,1258.0,1278.0,1247.25,2100000.0,21.18
2008-07-23,1282.5,1275.0,1291.25,1272.75,2130000.0,21.31
2008-07-24,1253.75,1281.25,1285.0,1251.0,1990000.0,23.44
2008-07-25,1253.75,1253.25,1262.75,1249.25,1610000.0,22.91
2008-07-28,1235.0,1255.25,1260.0,1233.0,1620000.0,24.23
2008-07-29,1261.75,1234.75,1263.25,1231.5,2100000.0,22.03
2008-07-30,1284.75,1261.5,1285.0,1259.75,2350000.0,21.21
2008-07-31,1267.0,1284.5,1290.0,1265.0,2330000.0,22.94
2008-08-01,1260.25,1266.5,1275.0,1253.0,1860000.0,22.57
2008-08-04,1248.75,1261.25,1263.25,1246.25,1520000.0,23.49
2008-08-05,1283.0,1249.25,1284.5,1247.25,2000000.0,21.14
2008-08-06,1287.75,1282.75,1291.75,1275.25,1730000.0,20.23
2008-08-07,1268.0,1288.25,1289.0,1263.5,1990000.0,21.15
2008-08-08,1292.25,1268.0,1298.0,1262.0,2180000.0,20.66
2008-08-11,1305.0,1291.5,1313.5,1288.0,2100000.0,20.12
2008-08-12,1291.5,1303.75,1307.75,1285.25,1740000.0,21.17
2008-08-13,1284.5,1291.25,1294.5,1274.5,2180000.0,21.55
2008-08-14,1293.75,1284.75,1300.75,1275.25,1880000.0,20.34
2008-08-15,1299.75,1293.5,1302.5,1290.5,1470000.0,19.58
2008-08-18,1282.0,1299.5,1306.0,1274.0,1700000.0,20.98
2008-08-19,1268.5,1282.0,1283.0,1262.75,1720000.0,21.28
2008-08-20,1273.75,1268.0,1276.75,1260.5,1770000.0,20.42
2008-08-21,1275.5,1273.75,1281.75,1263.25,1600000.0,19.82
2008-08-22,1292.25,1275.25,1294.0,1271.5,1380000.0,18.81
2008-08-25,1266.5,1291.0,1292.25,1264.25,1640000.0,20.97
2008-08-26,1271.75,1266.75,1275.75,1262.5,1460000.0,20.49
2008-08-27,1282.0,1271.5,1285.25,1265.5,1440000.0,19.76
2008-08-28,1298.0,1281.75,1300.0,1275.5,1510000.0,19.43
2008-08-29,1282.5,1297.0,1298.0,1281.5,1350000.0,20.65
2008-09-02,1276.5,1282.0,1303.5,1271.5,2290000.0,21.99
2008-09-03,1275.25,1276.25,1281.0,1265.25,2160000.0,21.43
2008-09-04,1236.5,1275.5,1277.0,1235.0,2840000.0,24.03
2008-09-05,1241.0,1236.5,1245.25,1216.5,2960000.0,23.06
2008-09-08,1267.0,1263.5,1282.0,1246.75,3230000.0,22.64
2008-09-09,1226.5,1267.0,1275.0,1223.5,3350000.0,25.47
2008-09-10,1233.25,1228.0,1244.75,1220.25,3010000.0,24.52
2008-09-11,1251.0,1232.25,1252.75,1211.25,2060000.0,24.39
2008-09-12,1257.25,1251.0,1257.75,1233.5,1090000.0,25.66
2008-09-15,1195.0,1230.25,1237.75,1194.5,1200000.0,31.7
2008-09-16,1214.25,1196.75,1219.0,1161.75,1160000.0,30.3
2008-09-17,1160.75,1215.5,1227.75,1154.5,880530.0,36.22
2008-09-18,1198.25,1163.75,1213.25,1133.0,913550.0,33.1
2008-09-19,1279.31,1201.0,1263.0,1197.25,134020.0,32.07
2008-09-22,1213.75,1244.0,1250.25,1205.25,2760000.0,33.85
2008-09-23,1187.0,1215.75,1222.75,1185.5,3100000.0,35.72
2008-09-24,1193.0,1188.0,1210.25,1180.25,2400000.0,35.19
2008-09-25,1213.5,1192.25,1224.75,1186.0,2740000.0,32.82
2008-09-26,1214.5,1212.25,1221.25,1184.75,2230000.0,34.74
2008-09-29,1118.75,1220.0,1221.25,1113.5,3950000.0,46.72
2008-09-30,1169.0,1118.25,1175.75,1112.0,2930000.0,39.39
2008-10-01,1168.5,1167.5,1173.0,1143.75,2500000.0,39.81
2008-10-02,1124.5,1168.25,1174.0,1115.25,2740000.0,45.26
2008-10-03,1108.25,1124.75,1161.0,1102.5,3190000.0,45.14
2008-10-06,1053.25,1103.75,1104.0,1009.0,4480000.0,52.05
2008-10-07,1005.75,1054.0,1078.0,999.5,4300000.0,53.68
2008-10-08,981.0,1004.0,1045.0,963.0,5310000.0,57.53
2008-10-09,912.5,981.25,1010.0,905.5,4170000.0,63.92
2008-10-10,891.0,913.5,943.0,837.0,5900000.0,69.95
2008-10-13,1016.75,909.5,1017.5,909.25,3360000.0,54.99
2008-10-14,1002.25,1012.0,1067.0,974.25,4090000.0,55.13
2008-10-15,903.25,1004.0,1008.5,897.25,3830000.0,69.25
2008-10-16,941.0,903.5,950.0,865.25,5070000.0,67.61
2008-10-17,933.5,941.0,987.75,908.0,3820000.0,70.33
2008-10-20,990.5,937.5,992.75,925.5,2440000.0,52.97
2008-10-21,959.25,992.75,992.75,951.0,2640000.0,53.11
2008-10-22,902.75,958.5,969.25,872.5,3290000.0,69.65
2008-10-23,915.25,904.5,923.25,856.0,4059999.9999999995,67.8
2008-10-24,866.0,914.5,917.25,840.25,3320000.0,79.13
2008-10-27,834.75,864.25,894.0,825.0,2930000.0,80.06
2008-10-28,938.75,836.5,942.75,827.25,3770000.0,66.96
2008-10-29,927.0,938.75,971.25,914.25,3240000.0,69.96
2008-10-30,961.5,927.75,968.5,926.75,2930000.0,62.9
2008-10-31,967.25,959.75,984.0,940.0,2760000.0,59.89
2008-11-03,969.5,965.75,979.75,957.0,1520000.0,53.68
2008-11-04,1003.25,969.5,1006.75,964.0,2330000.0,47.73
2008-11-05,958.0,1002.5,1008.5,947.0,2740000.0,54.56
2008-11-06,904.5,957.5,958.0,897.0,3510000.0,63.68
2008-11-07,936.25,903.5,937.5,901.0,2700000.0,56.1
2008-11-10,921.5,941.0,962.5,905.5,2130000.0,59.98
2008-11-11,893.0,919.5,927.25,882.75,2680000.0,61.44
2008-11-12,853.5,893.5,911.0,848.5,3000000.0,66.46
2008-11-13,907.75,854.0,913.75,816.75,4450000.0,59.83
2008-11-14,861.5,907.5,918.0,860.25,3370000.0,66.31
2008-11-17,851.0,862.0,881.75,847.0,2800000.0,69.15
2008-11-18,866.5,850.75,869.0,824.75,3280000.0,67.64
2008-11-19,812.5,865.25,866.0,804.25,3430000.0,74.26
2008-11-20,748.25,810.5,820.75,745.0,4470000.0,80.86
2008-11-21,792.0,749.75,802.25,739.0,4280000.0,72.67
2008-11-24,848.0,801.0,866.25,783.25,3410000.0,64.7
2008-11-25,853.25,847.25,874.0,833.5,3120000.0,60.9
2008-11-26,886.25,853.0,887.75,829.5,2180000.0,54.92
2008-11-28,895.25,886.5,897.0,875.0,889730.0,55.28
2008-12-01,815.75,897.5,897.5,813.0,2630000.0,68.51
2008-12-02,849.0,816.0,850.75,813.0,3240000.0,62.98
2008-12-03,868.5,848.5,873.75,826.0,3330000.0,60.72
2008-12-04,847.5,869.0,875.5,832.0,2830000.0,63.64
2008-12-05,872.5,847.5,879.5,817.0,3220000.0,59.93
2008-12-08,904.75,872.25,919.25,867.5,2650000.0,58.49
2008-12-09,889.5,906.25,916.25,884.5,2630000.0,58.91
2008-12-10,895.75,890.5,908.75,884.5,2580000.0,55.73
2008-12-11,875.0,898.25,905.0,868.25,1700000.0,55.78
2008-12-12,886.0,873.0,887.25,829.0,1220000.0,54.28
2008-12-15,873.25,883.5,894.0,857.25,846060.0,56.76
2008-12-16,913.5,873.5,916.0,869.5,770140.0,52.37
2008-12-17,904.25,913.75,919.25,887.5,598510.0,49.84
2008-12-18,895.5,908.0,912.75,876.25,442540.0,47.34
2008-12-19,889.74,894.25,901.0,885.5,56290.0,44.93
2008-12-22,871.25,884.25,891.5,852.75,1180000.0,44.56
2008-12-23,858.5,871.25,878.0,855.25,995890.0,45.02
2008-12-24,865.0,859.25,866.5,856.0,239100.0,44.21
2008-12-26,869.0,866.5,871.75,862.75,201650.0,43.38
2008-12-29,870.5,869.0,873.5,853.25,614650.0,43.9
2008-12-30,888.25,870.25,889.0,868.75,777050.0,41.63
2008-12-31,900.0,888.0,908.0,886.5,920260.0,40.0
2009-01-02,925.5,900.0,932.75,896.5,1100000.0,39.19
2009-01-05,927.5,924.75,934.25,916.5,1610000.0,39.08
2009-01-06,930.5,927.25,942.75,923.5,1910000.0,38.56
2009-01-07,905.25,930.25,931.75,898.75,1960000.0,43.39
2009-01-08,906.75,905.0,907.75,891.5,1780000.0,42.56
2009-01-09,885.5,906.75,914.75,882.75,2049999.9999999998,42.82
2009-01-12,868.0,885.0,885.5,860.25,1650000.0,45.84
2009-01-13,868.5,868.5,874.0,857.0,2280000.0,43.27
2009-01-14,839.75,868.75,875.0,832.5,2750000.0,49.14
2009-01-15,839.25,839.5,848.5,812.75,3370000.0,51.0
2009-01-16,848.5,841.75,857.75,826.25,2820000.0,46.11
2009-01-20,806.0,851.75,865.75,797.5,2840000.0,56.65
2009-01-21,836.75,806.75,838.5,800.5,2860000.0,46.42
2009-01-22,825.5,837.0,844.0,807.5,3060000.0,47.29
2009-01-23,823.5,824.25,836.0,799.5,2600000.0,47.27
2009-01-26,830.75,823.5,849.5,810.75,2250000.0,45.69
2009-01-27,839.25,833.5,847.5,831.25,1930000.0,42.25
2009-01-28,871.5,840.25,876.0,837.75,2310000.0,39.66
2009-01-29,842.75,871.5,871.75,840.25,2040000.0,42.63
2009-01-30,822.5,843.0,849.0,817.5,2470000.0,44.84
2009-02-02,821.25,823.75,827.5,806.25,1970000.0,45.52
2009-02-03,831.5,821.75,839.75,816.0,2089999.9999999998,43.06
2009-02-04,829.75,831.75,849.5,826.0,2210000.0,43.85
2009-02-05,840.5,830.5,849.0,816.75,2620000.0,43.73
2009-02-06,867.75,841.25,869.25,836.75,2420000.0,43.37
2009-02-09,865.0,868.0,873.0,852.75,1760000.0,43.64
2009-02-10,827.0,864.25,866.0,819.5,3210000.0,46.67
2009-02-11,831.5,826.5,836.25,819.5,2290000.0,44.53
2009-02-12,835.5,831.0,836.75,805.5,3190000.0,41.25
2009-02-13,820.0,835.0,840.5,818.75,2029999.9999999998,42.93
2009-02-17,785.5,814.0,818.75,785.5,3000000.0,48.66
2009-02-18,779.5,786.75,796.25,776.5,2730000.0,48.46
2009-02-19,779.5,780.25,796.75,775.0,2410000.0,47.08
2009-02-20,769.5,778.5,779.5,752.5,3140000.0,49.3
2009-02-23,745.0,770.0,786.5,739.75,2740000.0,52.62
2009-02-24,768.75,745.0,774.75,743.25,2750000.0,45.49
2009-02-25,761.5,769.0,779.5,751.25,3200000.0,44.67
2009-02-26,752.0,761.0,779.0,750.25,2500000.0,44.66
2009-02-27,734.25,752.25,756.0,729.5,3020000.0,46.35
2009-03-02,705.5,731.25,733.75,698.75,2890000.0,52.65
2009-03-03,689.5,705.0,715.25,688.75,3130000.0,50.93
2009-03-04,708.5,690.5,723.75,681.5,3170000.0,47.56
2009-03-05,686.0,709.5,711.75,676.25,3340000.0,50.17
2009-03-06,687.75,686.25,699.25,665.75,3330000.0,49.33
2009-03-09,676.0,688.75,694.75,670.75,2720000.0,49.68
2009-03-10,716.0,674.75,721.75,673.25,3290000.0,44.37
2009-03-11,720.5,715.75,732.5,712.0,3210000.0,43.61
2009-03-12,751.5,721.25,753.0,711.25,1980000.0,41.18
2009-03-13,757.75,750.75,761.25,742.25,1080000.0,42.36
2009-03-16,757.25,754.75,774.75,750.0,827060.0,43.74
2009-03-17,778.75,756.5,780.75,749.5,700060.0,40.8
2009-03-18,795.5,779.0,804.0,765.5,561490.0,40.06
2009-03-19,784.25,794.5,805.5,781.5,380780.0,43.68
2009-03-20,789.4,784.25,789.75,775.0,36840.0,45.89
2009-03-23,817.25,766.75,821.0,765.5,2920000.0,43.23
2009-03-24,803.5,818.0,821.0,765.5,2430000.0,42.93
2009-03-25,808.25,803.25,823.5,787.0,3120000.0,42.25
2009-03-26,827.25,807.5,830.5,807.25,2730000.0,40.36
2009-03-27,816.0,826.75,830.0,809.5,2210000.0,41.04
2009-03-30,784.25,812.5,815.25,775.5,2260000.0,45.54
2009-03-31,794.75,784.5,807.0,784.0,2690000.0,44.14
2009-04-01,809.25,790.5,810.25,779.0,2610000.0,42.28
2009-04-02,835.5,809.0,842.25,807.25,2980000.0,42.04
2009-04-03,840.5,835.25,844.5,822.75,2170000.0,39.7
2009-04-06,830.5,840.0,848.0,818.75,2000000.0,40.93
2009-04-07,814.0,831.0,833.75,810.75,2100000.0,40.39
2009-04-08,822.5,815.0,825.25,802.25,2089999.9999999998,38.85
2009-04-09,852.5,823.25,854.5,822.25,2080000.0,36.53
2009-04-13,854.0,848.75,861.25,841.5,1640000.0,37.81
2009-04-14,840.25,853.0,857.5,836.25,2350000.0,37.67
2009-04-15,848.5,837.75,850.5,831.5,2180000.0,36.17
2009-04-16,861.5,848.5,867.0,840.25,2590000.0,35.79
2009-04-17,866.75,861.5,872.0,853.75,1870000.0,33.94
2009-04-20,833.0,865.5,865.5,828.75,2220000.0,39.18
2009-04-21,847.75,831.5,848.75,823.0,2690000.0,37.14
2009-04-22,837.0,847.75,858.75,835.25,2930000.0,38.1
2009-04-23,848.75,836.0,850.0,831.25,2490000.0,37.15
2009-04-24,866.5,848.5,868.75,841.5,2410000.0,36.82
2009-04-27,856.75,863.25,865.75,846.75,2460000.0,38.32
2009-04-28,851.75,855.0,861.5,838.5,2220000.0,37.95
2009-04-29,869.0,850.25,879.25,849.25,2420000.0,36.08
2009-04-30,870.0,868.5,887.0,864.5,2710000.0,36.5
2009-05-01,876.0,866.0,878.25,862.5,1800000.0,35.3
2009-05-04,902.75,876.0,904.75,876.0,2170000.0,34.53
2009-05-05,903.5,902.75,905.0,893.5,2000000.0,33.36
2009-05-06,917.25,903.0,918.0,891.0,2650000.0,32.45
2009-05-07,907.0,916.75,929.5,898.0,2740000.0,33.44
2009-05-08,924.75,907.25,927.75,903.0,2640000.0,32.05
2009-05-11,909.0,921.0,923.0,905.75,2060000.0,32.87
2009-05-12,906.75,908.75,915.25,894.0,2530000.0,31.8
2009-05-13,885.25,907.5,911.25,880.0,2460000.0,33.65
2009-05-14,889.5,885.0,896.75,878.75,2200000.0,31.37
2009-05-15,883.0,890.0,895.5,876.75,2200000.0,33.12
2009-05-18,907.0,882.25,908.75,875.25,1930000.0,30.24
2009-05-19,906.5,907.75,915.75,903.5,1980000.0,28.8
2009-05-20,900.0,905.75,923.5,899.25,2780000.0,29.03
2009-05-21,888.75,900.0,901.0,877.75,2390000.0,31.35
2009-05-22,885.0,888.75,896.0,882.0,1650000.0,32.63
2009-05-26,908.75,885.0,911.0,876.75,2590000.0,30.62
2009-05-27,892.5,908.0,914.0,890.5,2400000.0,32.36
2009-05-28,905.0,892.25,908.75,886.25,2690000.0,31.67
2009-05-29,918.0,905.0,927.75,902.25,2009999.9999999998,28.92
2009-06-01,939.0,920.25,947.25,916.5,2200000.0,30.04
2009-06-02,942.5,939.0,949.0,934.5,1950000.0,29.63
2009-06-03,931.75,942.75,945.75,922.5,1980000.0,31.02
2009-06-04,940.5,931.0,942.0,928.0,1790000.0,30.18
2009-06-05,940.5,941.0,957.5,933.25,2400000.0,29.62
2009-06-08,938.75,939.5,946.5,925.5,1980000.0,29.77
2009-06-09,939.5,938.75,947.0,934.25,1930000.0,28.27
2009-06-10,940.5,939.25,955.0,927.0,2640000.0,28.46
2009-06-11,942.0,939.75,956.5,936.75,1570000.0,28.11
2009-06-12,944.75,941.0,946.75,935.25,761320.0,28.15
2009-06-15,923.5,942.75,942.75,919.25,747400.0,30.81
2009-06-16,912.0,923.75,928.75,910.75,651370.0,32.68
2009-06-17,909.75,912.5,918.5,903.5,398540.0,31.54
2009-06-18,917.75,910.25,922.0,907.5,308170.0,30.03
2009-06-19,926.15,917.25,927.25,916.25,40080.0,27.99
2009-06-22,888.5,914.5,919.25,887.75,2040000.0,31.17
2009-06-23,890.25,888.75,894.5,884.25,1830000.0,30.58
2009-06-24,898.0,890.5,906.5,888.25,1750000.0,29.05
2009-06-25,916.5,898.0,917.75,891.0,2280000.0,26.36
2009-06-26,914.0,917.0,919.0,908.5,1410000.0,25.93
2009-06-29,921.25,913.0,924.0,907.25,1350000.0,25.35
2009-06-30,915.5,921.5,926.25,908.25,2060000.0,26.35
2009-07-01,919.25,915.75,928.25,913.5,1530000.0,26.22
2009-07-02,893.25,919.25,919.75,892.75,1850000.0,27.95
2009-07-06,895.5,892.0,896.25,882.0,1740000.0,29.0
2009-07-07,879.25,895.75,898.25,875.25,1930000.0,30.85
2009-07-08,873.75,879.5,883.5,865.25,2500000.0,31.3
2009-07-09,879.0,874.0,884.5,873.75,1780000.0,29.78
2009-07-10,874.25,878.75,880.25,868.75,1830000.0,29.02
2009-07-13,895.5,874.75,897.75,865.5,2049999.9999999998,26.31
2009-07-14,901.5,895.5,904.0,892.5,2009999.9999999998,25.02
2009-07-15,927.25,906.75,930.75,906.5,2190000.0,25.89
2009-07-16,935.75,925.75,940.75,921.0,2190000.0,25.42
2009-07-17,937.0,935.25,938.75,928.0,1530000.0,24.34
2009-07-20,949.0,937.0,949.25,933.75,1570000.0,24.4
2009-07-21,953.5,947.75,956.25,939.5,1890000.0,23.87
2009-07-22,949.5,951.75,956.75,943.5,2049999.9999999998,23.47
2009-07-23,969.0,950.25,976.5,948.75,2300000.0,23.43
2009-07-24,977.75,965.0,979.0,962.5,1680000.0,23.09
2009-07-27,980.0,977.0,984.0,969.0,1520000.0,24.28
2009-07-28,976.0,978.5,981.5,966.0,1930000.0,25.01
2009-07-29,975.0,975.25,976.0,964.0,1870000.0,25.61
2009-07-30,982.25,974.0,994.0,973.5,2200000.0,25.4
2009-07-31,984.5,982.25,990.5,978.25,2080000.0,25.92
2009-08-03,1000.75,982.75,1001.25,982.0,1750000.0,25.56
2009-08-04,1004.75,1000.25,1005.0,992.0,1870000.0,24.89
2009-08-05,1000.75,1004.5,1006.5,991.25,1860000.0,24.9
2009-08-06,995.0,1000.25,1007.75,989.75,1730000.0,25.67
2009-08-07,1006.5,994.75,1016.0,990.0,1980000.0,24.76
2009-08-10,1007.5,1005.75,1007.75,998.25,1190000.0,24.99
2009-08-11,993.0,1007.0,1010.75,990.0,1610000.0,25.99
2009-08-12,1002.25,992.5,1011.25,985.75,2040000.0,25.45
2009-08-13,1013.5,1002.25,1015.25,998.0,1830000.0,24.71
2009-08-14,1005.75,1013.0,1015.75,992.25,1840000.0,24.27
2009-08-17,978.25,1004.25,1004.25,975.5,2200000.0,27.89
2009-08-18,989.5,978.25,990.0,976.25,1750000.0,26.18
2009-08-19,997.0,989.5,998.75,976.75,2130000.0,26.26
2009-08-20,1004.75,996.75,1007.75,994.25,1640000.0,25.09
2009-08-21,1025.25,1004.5,1027.0,996.5,1930000.0,25.01
2009-08-24,1024.5,1025.0,1035.0,1021.25,1730000.0,25.14
2009-08-25,1026.0,1024.25,1038.0,1018.25,2069999.9999999998,24.92
2009-08-26,1026.75,1025.75,1032.0,1020.25,1890000.0,24.95
2009-08-27,1029.25,1026.25,1032.75,1014.75,2069999.9999999998,24.68
2009-08-28,1027.5,1029.25,1038.75,1022.0,1570000.0,24.76
2009-08-31,1019.75,1026.5,1031.0,1013.25,1650000.0,26.01
2009-09-01,996.5,1021.0,1027.75,995.25,3210000.0,29.15
2009-09-02,994.25,996.25,1001.0,991.0,1920000.0,28.9
2009-09-03,1001.75,994.0,1004.25,991.25,1400000.0,27.1
2009-09-04,1014.0,1001.5,1016.25,1000.0,1630000.0,25.26
2009-09-08,1025.0,1013.5,1027.0,1012.25,1530000.0,25.62
2009-09-09,1032.5,1024.5,1036.25,1018.75,2089999.9999999998,24.32
2009-09-10,1041.75,1032.5,1044.0,1027.5,1450000.0,23.55
2009-09-11,1041.5,1041.25,1048.25,1038.0,827070.0,24.15
2009-09-14,1048.0,1040.5,1049.75,1030.0,640190.0,23.86
2009-09-15,1050.25,1047.5,1056.5,1042.75,610390.0,23.42
2009-09-16,1068.0,1050.25,1068.75,1048.75,431770.0,23.69
2009-09-17,1067.5,1067.75,1076.5,1061.0,345000.0,23.65
2009-09-18,1071.57,1067.25,1073.0,1060.75,45280.0,23.92
2009-09-21,1060.5,1059.25,1062.75,1051.5,1700000.0,24.06
2009-09-22,1067.25,1060.0,1069.25,1059.5,1410000.0,23.08
2009-09-23,1059.0,1067.25,1075.75,1055.25,2130000.0,23.49
2009-09-24,1044.25,1058.5,1064.0,1041.0,2320000.0,24.95
2009-09-25,1041.0,1044.0,1049.5,1036.25,1890000.0,25.61
2009-09-28,1059.0,1042.25,1061.0,1035.75,1520000.0,24.88
2009-09-29,1054.75,1059.25,1065.75,1053.25,1650000.0,25.19
2009-09-30,1053.0,1054.75,1063.25,1041.5,2850000.0,25.61
2009-10-01,1027.5,1053.5,1056.0,1024.5,2760000.0,28.27
2009-10-02,1021.75,1027.0,1027.75,1012.0,2560000.0,28.68
2009-10-05,1036.5,1021.75,1038.5,1019.5,1680000.0,26.84
2009-10-06,1048.5,1036.75,1056.75,1035.5,2160000.0,25.7
2009-10-07,1053.5,1048.25,1054.75,1045.25,1690000.0,24.68
2009-10-08,1063.75,1053.5,1067.25,1053.25,1870000.0,24.18
2009-10-09,1068.0,1063.25,1068.5,1058.5,1330000.0,23.12
2009-10-12,1071.5,1067.75,1076.75,1067.0,1060000.0,23.01
2009-10-13,1068.75,1071.0,1074.25,1063.0,1520000.0,22.99
2009-10-14,1087.75,1072.75,1089.75,1072.75,1970000.0,22.86
2009-10-15,1089.75,1087.5,1093.25,1080.5,1840000.0,21.72
2009-10-16,1082.0,1090.25,1095.5,1077.5,2020000.0,21.43
2009-10-19,1091.0,1080.25,1096.75,1076.25,1560000.0,21.49
2009-10-20,1089.5,1089.75,1099.0,1082.0,1990000.0,20.9
2009-10-21,1078.0,1089.0,1098.5,1072.5,2420000.0,22.22
2009-10-22,1090.75,1076.5,1092.25,1070.25,2180000.0,20.69
2009-10-23,1077.0,1090.5,1095.25,1071.5,2350000.0,22.27
2009-10-26,1066.5,1076.5,1088.5,1061.25,2340000.0,24.31
2009-10-27,1060.5,1066.25,1069.75,1057.0,2460000.0,24.83
2009-10-28,1038.5,1061.0,1063.0,1038.0,2840000.0,27.91
2009-10-29,1061.5,1038.75,1064.0,1037.25,2300000.0,24.76
2009-10-30,1033.0,1061.25,1062.75,1029.5,3380000.0,30.69
2009-11-02,1039.0,1031.25,1049.5,1026.0,2780000.0,29.78
2009-11-03,1041.75,1039.25,1044.0,1026.5,2320000.0,28.81
2009-11-04,1047.0,1041.75,1058.5,1040.75,2360000.0,27.72
2009-11-05,1063.25,1046.75,1064.0,1039.0,1950000.0,25.43
2009-11-06,1066.25,1063.25,1069.5,1053.5,2080000.0,24.19
2009-11-09,1091.75,1065.75,1092.0,1065.0,1830000.0,23.15
2009-11-10,1092.0,1091.5,1094.5,1085.0,1810000.0,22.84
2009-11-11,1096.25,1091.75,1103.25,1091.25,1800000.0,23.04
2009-11-12,1087.25,1096.0,1101.0,1082.5,2020000.0,24.24
2009-11-13,1091.5,1087.5,1096.0,1082.75,1480000.0,23.36
2009-11-16,1106.25,1092.0,1112.25,1091.0,1990000.0,22.89
2009-11-17,1107.5,1106.25,1109.0,1100.0,1520000.0,22.41
2009-11-18,1108.5,1107.5,1110.75,1100.75,1480000.0,21.63
2009-11-19,1094.25,1108.5,1109.5,1086.5,2049999.9999999998,22.63
2009-11-20,1090.0,1094.0,1095.0,1083.5,1450000.0,22.19
2009-11-23,1103.75,1089.75,1111.5,1089.0,1550000.0,21.16
2009-11-24,1103.0,1103.0,1111.5,1089.0,1580000.0,20.47
2009-11-25,1109.0,1103.25,1111.25,1102.25,1080000.0,20.48
2009-11-27,1089.5,1108.75,1111.25,1067.0,1700000.0,24.74
2009-11-30,1094.75,1091.5,1098.0,1084.5,2020000.0,24.51
2009-12-01,1108.5,1092.75,1111.75,1092.25,1840000.0,21.92
2009-12-02,1108.0,1108.25,1115.5,1104.25,1670000.0,21.12
2009-12-03,1098.0,1107.75,1117.0,1097.5,2049999.9999999998,22.46
2009-12-04,1108.0,1097.75,1119.0,1095.25,2930000.0,21.25
2009-12-07,1103.75,1108.0,1110.75,1098.75,1570000.0,22.1
2009-12-08,1090.0,1104.75,1107.5,1087.75,2250000.0,23.69
2009-12-09,1095.5,1090.0,1097.5,1085.0,2240000.0,22.66
2009-12-10,1102.0,1095.0,1106.25,1092.5,1330000.0,22.32
2009-12-11,1108.0,1102.5,1110.5,1101.25,798580.0,21.59
2009-12-14,1113.5,1107.5,1118.0,1104.5,757740.0,21.15
2009-12-15,1108.75,1112.75,1115.75,1105.25,629380.0,21.49
2009-12-16,1110.5,1108.5,1116.75,1107.75,401780.0,20.54
2009-12-17,1099.0,1110.25,1111.0,1095.75,346530.0,22.51
2009-12-18,1102.38,1099.25,1107.5,1098.5,58320.0,21.68
2009-12-21,1108.25,1098.75,1113.25,1096.5,1160000.0,20.49
2009-12-22,1113.5,1108.0,1115.75,1107.25,930910.0,19.54
2009-12-23,1115.5,1113.25,1120.0,1111.25,727760.0,19.71
2009-12-24,1122.0,1115.25,1122.5,1114.75,248980.0,19.47
2009-12-28,1123.0,1120.5,1126.25,1117.5,474290.0,19.93
2009-12-29,1121.75,1122.75,1128.5,1120.5,579340.0,20.01
2009-12-30,1122.0,1121.25,1122.5,1113.0,596890.0,19.96
2009-12-31,1110.75,1121.75,1125.25,1109.75,638860.0,21.68
2010-01-04,1128.75,1113.75,1129.75,1113.25,1290000.0,20.04
2010-01-05,1132.25,1128.25,1133.0,1125.0,1380000.0,19.35
2010-01-06,1133.0,1131.5,1135.5,1127.25,1260000.0,19.16
2010-01-07,1137.5,1133.0,1138.75,1127.0,1570000.0,19.06
2010-01-08,1141.5,1137.25,1141.75,1131.0,1530000.0,18.13
2010-01-11,1142.5,1141.75,1148.0,1137.75,1460000.0,17.55
2010-01-12,1134.0,1141.25,1143.0,1127.75,2120000.0,18.25
2010-01-13,1141.5,1134.25,1145.25,1129.25,2130000.0,17.85
2010-01-14,1145.25,1141.5,1147.0,1138.25,1360000.0,17.63
2010-01-15,1132.25,1146.75,1147.25,1127.5,2060000.0,17.91
2010-01-19,1145.75,1131.75,1147.0,1126.25,1930000.0,17.58
2010-01-20,1134.0,1145.0,1146.5,1125.25,2390000.0,18.68
2010-01-21,1111.0,1134.5,1139.25,1110.25,3440000.0,22.27
2010-01-22,1091.0,1109.75,1115.75,1086.25,3540000.0,27.31
2010-01-25,1092.5,1094.0,1103.0,1089.75,2080000.0,25.41
2010-01-26,1087.25,1094.0,1100.0,1081.0,2450000.0,24.55
2010-01-27,1094.5,1087.5,1096.25,1078.5,2630000.0,23.14
2010-01-28,1079.25,1094.5,1103.5,1074.25,3050000.0,23.73
2010-01-29,1070.5,1081.0,1093.25,1066.5,3070000.0,24.62
2010-02-01,1086.25,1070.0,1086.5,1068.0,1900000.0,22.59
2010-02-02,1097.25,1086.0,1101.5,1082.0,2100000.0,21.48
2010-02-03,1096.5,1097.0,1100.25,1090.5,1880000.0,21.6
2010-02-04,1061.75,1096.25,1098.25,1059.25,3300000.0,26.08
2010-02-05,1059.75,1061.75,1065.0,1040.75,3980000.0,26.11
2010-02-08,1056.0,1062.0,1068.5,1053.0,2060000.0,26.51
2010-02-09,1066.25,1055.5,1077.0,1054.0,3010000.0,26.0
2010-02-10,1063.25,1066.5,1072.5,1056.25,2200000.0,25.4
2010-02-11,1076.6,1063.5,1078.0,1057.5,2260000.0,23.96
2010-02-12,1079.0,1076.25,1079.75,1060.0,2750000.0,22.73
2010-02-16,1093.25,1077.5,1094.0,1073.5,1760000.0,22.25
2010-02-17,1099.5,1093.25,1100.0,1092.5,1670000.0,21.72
2010-02-18,1105.5,1099.75,1106.75,1093.0,1830000.0,20.63
2010-02-19,1106.25,1105.5,1111.0,1092.5,2100000.0,20.02
2010-02-22,1107.5,1106.0,1112.75,1103.5,1320000.0,19.94
2010-02-23,1097.25,1107.0,1112.75,1090.25,2220000.0,21.37
2010-02-24,1103.5,1096.75,1105.5,1092.5,1880000.0,20.27
2010-02-25,1102.25,1103.0,1103.5,1084.5,2700000.0,20.1
2010-02-26,1103.5,1102.0,1107.75,1096.25,1940000.0,19.5
2010-03-01,1114.5,1105.5,1115.5,1104.25,1620000.0,19.26
2010-03-02,1117.5,1114.25,1122.75,1112.75,1500000.0,19.06
2010-03-03,1118.5,1117.5,1125.0,1115.0,1580000.0,18.83
2010-03-04,1122.25,1118.25,1123.5,1114.0,1490000.0,18.72
2010-03-05,1136.5,1122.0,1138.75,1121.5,1870000.0,17.42
2010-03-08,1137.0,1136.25,1140.5,1135.0,1180000.0,17.79
2010-03-09,1140.5,1137.25,1145.25,1131.5,1760000.0,17.92
2010-03-10,1145.75,1140.0,1148.0,1137.75,2110000.0,18.57
2010-03-11,1150.5,1145.25,1151.0,1138.5,1640000.0,18.06
2010-03-12,1151.25,1150.75,1159.5,1146.75,542220.0,17.58
2010-03-15,1150.25,1151.0,1151.0,1141.25,542820.0,18.0
2010-03-16,1159.5,1150.25,1160.5,1149.0,534350.0,17.69
2010-03-17,1165.75,1159.5,1170.0,1158.75,382980.0,16.91
2010-03-18,1166.0,1165.25,1169.25,1161.0,323110.0,16.62
2010-03-19,1172.95,1166.25,1170.0,1164.75,58070.0,16.97
2010-03-22,1162.0,1153.25,1163.25,1146.75,1920000.0,16.87
2010-03-23,1169.5,1161.75,1170.5,1159.0,1860000.0,16.35
2010-03-24,1164.5,1169.25,1170.0,1161.0,1990000.0,17.55
2010-03-25,1162.75,1164.25,1176.5,1160.25,2360000.0,18.4
2010-03-26,1163.5,1162.25,1169.75,1156.5,2160000.0,17.77
2010-03-29,1168.75,1164.75,1171.0,1164.0,1450000.0,17.59
2010-03-30,1169.5,1168.5,1173.75,1164.25,1640000.0,17.13
2010-03-31,1165.25,1169.0,1170.5,1161.25,2110000.0,17.59
2010-04-01,1173.75,1167.0,1177.5,1165.75,1940000.0,17.47
2010-04-05,1183.0,1178.75,1183.75,1174.5,1030000.0,17.02
2010-04-06,1185.75,1183.0,1188.0,1177.25,1400000.0,16.23
2010-04-07,1179.0,1185.75,1186.25,1173.25,2170000.0,16.62
2010-04-08,1183.75,1178.5,1185.0,1171.0,1910000.0,16.48
2010-04-09,1192.5,1183.5,1193.0,1183.0,1450000.0,16.14
2010-04-12,1192.5,1194.75,1198.5,1190.75,1250000.0,15.58
2010-04-13,1193.0,1192.25,1195.75,1185.0,1550000.0,16.2
2010-04-14,1206.5,1195.5,1207.25,1194.5,1730000.0,15.59
2010-04-15,1208.5,1206.5,1210.5,1201.0,1730000.0,15.89
2010-04-16,1190.25,1208.0,1208.5,1182.75,3580000.0,18.36
2010-04-19,1195.5,1186.0,1196.5,1179.75,2480000.0,17.34
2010-04-20,1205.5,1195.75,1205.75,1194.0,1530000.0,15.73
2010-04-21,1200.5,1205.0,1209.5,1195.0,2170000.0,16.32
2010-04-22,1201.75,1198.5,1207.0,1186.25,2670000.0,16.47
2010-04-23,1212.25,1201.25,1213.75,1197.5,1860000.0,16.62
2010-04-26,1208.25,1211.25,1216.75,1207.5,1620000.0,17.47
2010-04-27,1181.0,1207.75,1210.0,1177.5,3590000.0,22.81
2010-04-28,1190.0,1181.5,1192.0,1176.75,2860000.0,21.08
2010-04-29,1205.25,1190.0,1206.25,1188.0,1980000.0,18.44
2010-04-30,1183.5,1205.5,1208.0,1182.75,2900000.0,22.05
2010-05-03,1198.5,1184.5,1202.0,1183.75,1800000.0,20.19
2010-05-04,1172.5,1198.25,1199.75,1164.25,3550000.0,23.84
2010-05-05,1164.0,1171.75,1175.0,1154.75,3060000.0,24.91
2010-05-06,1122.5,1163.75,1168.75,1056.0,5680000.0,32.8
2010-05-07,1107.0,1123.75,1135.5,1090.75,5010000.0,40.95
2010-05-10,1156.5,1125.25,1162.0,1121.5,3640000.0,28.84
2010-05-11,1152.25,1156.0,1169.0,1140.5,2660000.0,28.32
2010-05-12,1169.75,1151.75,1171.25,1141.0,2110000.0,25.52
2010-05-13,1156.75,1169.0,1174.75,1153.75,1960000.0,26.68
2010-05-14,1135.25,1155.5,1159.5,1123.75,2980000.0,31.24
2010-05-17,1134.5,1133.75,1140.25,1112.75,3050000.0,30.84
2010-05-18,1118.75,1135.5,1147.5,1115.25,3090000.0,33.55
2010-05-19,1110.0,1118.0,1122.75,1098.75,3590000.0,35.32
2010-05-20,1070.0,1110.0,1116.5,1067.25,4380000.0,45.79
2010-05-21,1084.5,1069.25,1088.75,1051.25,4019999.9999999995,40.1
2010-05-24,1071.0,1085.5,1088.75,1070.0,2230000.0,38.32
2010-05-25,1073.0,1069.5,1074.75,1036.75,3430000.0,34.61
2010-05-26,1061.25,1072.5,1089.5,1060.5,2930000.0,35.02
2010-05-27,1101.0,1060.0,1103.0,1055.5,2610000.0,29.68
2010-05-28,1088.5,1100.25,1106.75,1083.25,2370000.0,32.07
2010-06-01,1069.5,1088.5,1096.0,1068.5,2590000.0,35.54
2010-06-02,1096.75,1069.25,1098.25,1067.25,2210000.0,30.17
2010-06-03,1103.5,1097.0,1105.25,1090.75,2029999.9999999998,29.46
2010-06-04,1066.0,1104.0,1107.75,1059.25,3210000.0,35.48
2010-06-07,1048.0,1064.0,1070.75,1047.0,2390000.0,36.57
2010-06-08,1059.25,1048.25,1063.25,1041.25,3400000.0,33.7
2010-06-09,1055.5,1059.0,1077.75,1051.25,2970000.0,33.73
2010-06-10,1083.75,1055.0,1087.75,1052.25,2420000.0,30.57
2010-06-11,1089.25,1084.0,1092.25,1074.5,1180000.0,28.79
2010-06-14,1090.5,1090.5,1106.0,1088.75,887310.0,28.58
2010-06-15,1113.5,1090.25,1115.75,1088.5,796630.0,25.87
2010-06-16,1114.0,1113.5,1119.0,1104.25,589440.0,25.92
2010-06-17,1116.25,1114.0,1122.5,1105.5,469610.0,25.05
2010-06-18,1118.83,1116.0,1119.0,1113.0,61150.0,23.95
2010-06-21,1110.5,1116.0,1129.5,1103.25,2160000.0,24.88
2010-06-22,1090.5,1110.5,1117.0,1089.5,2290000.0,27.05
2010-06-23,1087.5,1090.75,1097.75,1080.25,2240000.0,26.91
2010-06-24,1070.5,1086.5,1091.0,1066.5,2550000.0,29.74
2010-06-25,1074.75,1070.25,1079.5,1062.75,2450000.0,28.53
2010-06-28,1071.0,1074.25,1079.75,1066.5,1690000.0,29.0
2010-06-29,1035.25,1070.5,1074.75,1030.25,3110000.0,34.13
2010-06-30,1026.5,1035.25,1044.5,1023.0,2620000.0,34.54
2010-07-01,1021.75,1024.5,1029.75,1006.0,3350000.0,32.86
2010-07-02,1014.25,1022.25,1032.5,1010.75,2140000.0,30.12
2010-07-06,1024.25,1015.0,1038.5,1002.75,2430000.0,29.65
2010-07-07,1059.25,1024.0,1059.75,1016.25,2560000.0,26.84
2010-07-08,1067.0,1058.75,1068.5,1054.0,2110000.0,25.71
2010-07-09,1072.5,1066.75,1075.0,1063.25,1420000.0,24.98
2010-07-12,1076.5,1071.5,1077.25,1065.5,1380000.0,24.43
2010-07-13,1089.75,1076.0,1096.0,1073.0,2000000.0,24.56
2010-07-14,1091.0,1095.0,1099.0,1083.5,1940000.0,24.89
2010-07-15,1090.5,1091.25,1099.25,1076.25,2420000.0,25.14
2010-07-16,1063.0,1090.5,1094.75,1059.0,2500000.0,26.25
2010-07-19,1063.75,1061.75,1071.0,1057.0,1760000.0,25.97
2010-07-20,1080.0,1063.25,1080.75,1050.75,2280000.0,23.93
2010-07-21,1064.0,1079.5,1087.75,1061.0,2440000.0,25.64
2010-07-22,1087.75,1063.25,1094.5,1061.25,2180000.0,24.63
2010-07-23,1100.5,1087.25,1101.5,1084.0,2089999.9999999998,23.47
2010-07-26,1109.5,1101.25,1111.75,1097.0,1540000.0,22.73
2010-07-27,1111.0,1109.25,1118.75,1106.0,1820000.0,23.19
2010-07-28,1102.0,1110.5,1115.75,1099.25,1640000.0,24.25
2010-07-29,1097.0,1102.5,1113.0,1088.75,2250000.0,24.13
2010-07-30,1098.25,1096.25,1103.5,1083.5,2130000.0,23.5
2010-08-02,1121.75,1104.5,1124.25,1101.75,1610000.0,22.01
2010-08-03,1118.25,1121.75,1122.75,1113.25,1490000.0,22.63
2010-08-04,1124.5,1118.0,1126.0,1112.25,1590000.0,22.21
2010-08-05,1123.5,1124.75,1127.75,1115.5,1340000.0,22.1
2010-08-06,1119.5,1123.5,1127.0,1103.75,2180000.0,21.74
2010-08-09,1125.5,1120.0,1126.75,1116.5,998910.0,22.14
2010-08-10,1119.75,1125.25,1125.75,1108.25,2029999.9999999998,22.37
2010-08-11,1085.0,1119.25,1119.75,1084.5,2640000.0,25.39
2010-08-12,1079.25,1085.0,1087.5,1070.5,2180000.0,25.73
2010-08-13,1076.0,1079.5,1089.0,1072.5,1480000.0,26.24
2010-08-16,1077.0,1077.5,1081.5,1066.25,1610000.0,26.1
2010-08-17,1089.0,1077.25,1098.5,1074.5,1780000.0,24.33
2010-08-18,1086.75,1089.0,1098.5,1083.75,1810000.0,24.59
2010-08-19,1071.25,1087.0,1095.0,1068.5,2430000.0,26.44
2010-08-20,1070.25,1070.75,1076.0,1061.75,1810000.0,25.49
2010-08-23,1065.5,1070.0,1080.25,1064.25,1570000.0,25.66
2010-08-24,1049.75,1065.5,1065.75,1044.0,2470000.0,27.46
2010-08-25,1054.5,1050.0,1057.75,1037.0,2480000.0,26.7
2010-08-26,1044.75,1055.25,1061.75,1043.0,1990000.0,27.37
2010-08-27,1063.75,1043.75,1064.5,1037.25,2540000.0,24.45
2010-08-30,1045.0,1064.5,1072.75,1044.5,1510000.0,27.21
2010-08-31,1048.25,1045.0,1054.25,1037.5,2520000.0,26.05
2010-09-01,1081.75,1051.75,1082.5,1050.75,2360000.0,23.89
2010-09-02,1089.5,1081.5,1090.5,1076.5,1600000.0,23.19
2010-09-03,1103.5,1089.75,1104.5,1086.25,2020000.0,21.31
2010-09-07,1091.25,1103.75,1107.25,1089.75,1750000.0,23.8
2010-09-08,1099.25,1091.5,1103.0,1086.25,2000000.0,23.25
2010-09-09,1102.5,1099.25,1112.0,1096.75,1610000.0,22.81
2010-09-10,1109.75,1103.0,1110.5,1100.5,892730.0,21.99
2010-09-13,1121.25,1112.5,1124.0,1112.0,891530.0,21.21
2010-09-14,1120.75,1120.75,1127.5,1115.0,652410.0,21.56
2010-09-15,1125.75,1120.75,1126.5,1114.0,540330.0,22.1
2010-09-16,1127.75,1126.25,1129.0,1118.0,375120.0,21.72
2010-09-17,1131.15,1128.0,1137.75,1127.75,76930.0,22.01
2010-09-20,1136.5,1118.5,1140.25,1117.0,1790000.0,21.5
2010-09-21,1134.75,1136.5,1144.0,1130.25,2100000.0,22.35
2010-09-22,1129.75,1135.0,1140.25,1126.5,1960000.0,22.51
2010-09-23,1120.5,1130.0,1134.5,1117.25,2190000.0,23.87
2010-09-24,1143.25,1120.5,1144.5,1118.5,1850000.0,21.71
2010-09-27,1137.75,1144.0,1149.75,1137.0,1340000.0,22.54
2010-09-28,1141.75,1137.75,1146.0,1127.25,2310000.0,22.6
2010-09-29,1141.0,1141.75,1146.75,1135.5,1860000.0,23.25
2010-09-30,1136.75,1141.0,1153.5,1131.25,2830000.0,23.7
2010-10-01,1142.25,1135.75,1146.5,1134.5,2069999.9999999998,22.5
2010-10-04,1134.75,1143.25,1144.0,1127.0,1850000.0,23.53
2010-10-05,1154.75,1134.75,1158.75,1132.75,2200000.0,21.76
2010-10-06,1155.75,1155.0,1160.0,1151.0,1720000.0,21.49
2010-10-07,1156.5,1155.75,1163.75,1147.25,1990000.0,21.56
2010-10-08,1160.5,1156.5,1164.0,1145.5,1970000.0,20.71
2010-10-11,1162.25,1161.5,1165.0,1157.75,1010000.0,18.96
2010-10-12,1164.5,1162.5,1169.0,1151.75,1940000.0,18.93
2010-10-13,1174.25,1165.25,1181.0,1164.25,2160000.0,19.07
2010-10-14,1173.5,1174.75,1180.75,1162.5,2400000.0,19.88
2010-10-15,1175.0,1174.0,1180.0,1163.0,2640000.0,19.03
2010-10-18,1178.25,1174.25,1182.25,1164.75,1470000.0,19.09
2010-10-19,1163.75,1178.75,1179.5,1155.5,3070000.0,20.63
2010-10-20,1174.7,1164.0,1180.0,1160.5,2290000.0,19.79
2010-10-21,1175.75,1174.75,1186.25,1167.25,2410000.0,19.27
2010-10-22,1180.75,1175.25,1181.5,1173.25,1200000.0,18.78
2010-10-25,1182.75,1180.75,1193.0,1180.5,1750000.0,19.85
2010-10-26,1182.75,1182.0,1184.25,1174.0,1740000.0,20.22
2010-10-27,1178.75,1183.25,1186.25,1167.75,2250000.0,20.71
2010-10-28,1179.25,1178.5,1187.5,1173.5,2009999.9999999998,20.88
2010-10-29,1179.75,1179.25,1182.5,1172.0,1750000.0,21.2
2010-11-01,1183.0,1180.5,1192.75,1173.75,2029999.9999999998,21.83
2010-11-02,1192.75,1182.75,1193.5,1180.75,1570000.0,21.57
2010-11-03,1197.25,1192.75,1198.0,1179.5,2360000.0,19.56
2010-11-04,1218.5,1197.5,1218.75,1195.25,2300000.0,18.52
2010-11-05,1222.0,1218.25,1224.5,1212.5,2100000.0,18.26
2010-11-08,1220.0,1220.5,1222.25,1214.75,1540000.0,18.29
2010-11-09,1211.0,1219.25,1224.75,1206.25,2320000.0,19.08
2010-11-10,1214.0,1210.5,1217.0,1201.75,2480000.0,18.47
2010-11-11,1211.0,1213.5,1213.75,1202.0,1780000.0,18.64
2010-11-12,1195.5,1210.5,1211.75,1191.5,2770000.0,20.61
2010-11-15,1195.75,1195.5,1205.75,1192.5,2069999.9999999998,20.2
2010-11-16,1174.75,1195.25,1195.25,1171.0,3170000.0,22.58
2010-11-17,1177.5,1175.75,1182.0,1173.25,2020000.0,21.76
2010-11-18,1197.75,1177.75,1199.0,1177.0,2069999.9999999998,18.75
2010-11-19,1198.25,1197.5,1200.0,1187.5,1730000.0,18.04
2010-11-22,1198.0,1202.75,1206.0,1182.5,2210000.0,18.37
2010-11-23,1178.25,1197.0,1197.75,1174.75,2460000.0,20.63
2010-11-24,1196.5,1178.0,1197.5,1175.5,1820000.0,19.56
2010-11-26,1183.25,1195.75,1200.5,1182.5,963330.0,22.22
2010-11-29,1186.5,1188.5,1193.75,1172.25,2490000.0,21.53
2010-11-30,1179.5,1186.5,1188.25,1173.0,3090000.0,23.54
2010-12-01,1204.5,1177.75,1207.75,1176.25,2350000.0,21.36
2010-12-02,1222.75,1204.0,1223.25,1202.0,2040000.0,19.39
2010-12-03,1223.5,1222.75,1227.25,1213.0,1890000.0,18.01
2010-12-06,1222.0,1223.25,1226.75,1216.25,1330000.0,18.02
2010-12-07,1223.25,1222.75,1235.0,1219.0,2450000.0,17.99
2010-12-08,1228.75,1222.75,1229.25,1217.25,2140000.0,17.74
2010-12-09,1233.0,1228.5,1238.0,1226.5,1390000.0,17.25
2010-12-10,1241.0,1232.75,1241.5,1231.5,893220.0,17.61
2010-12-13,1241.25,1242.0,1247.0,1236.75,682650.0,17.55
2010-12-14,1241.75,1240.75,1247.25,1237.75,662940.0,17.61
2010-12-15,1237.0,1242.0,1244.25,1234.0,533900.0,17.94
2010-12-16,1243.5,1237.0,1244.5,1232.5,317800.0,17.39
2010-12-17,1242.35,1243.25,1245.0,1240.75,47780.0,16.11
2010-12-20,1241.25,1240.0,1245.75,1234.0,1150000.0,16.41
2010-12-21,1250.75,1241.0,1251.25,1240.75,943290.0,16.49
2010-12-22,1254.5,1250.0,1255.0,1249.0,664450.0,15.45
2010-12-23,1253.0,1254.5,1255.75,1249.25,594050.0,16.47
2010-12-27,1253.25,1249.5,1254.25,1245.5,587700.0,17.67
2010-12-28,1254.0,1253.5,1256.5,1251.5,553800.0,17.52
2010-12-29,1255.75,1254.0,1258.5,1253.25,588440.0,17.28
2010-12-30,1254.5,1255.75,1257.5,1251.5,713590.0,17.52
2010-12-31,1253.0,1254.25,1257.75,1249.5,667050.0,17.75
2011-01-03,1265.25,1256.0,1272.5,1255.25,1590000.0,17.61
2011-01-04,1265.25,1264.75,1270.0,1258.25,1780000.0,17.38
2011-01-05,1271.75,1265.5,1273.75,1255.75,1800000.0,17.02
2011-01-06,1270.25,1271.75,1277.0,1266.25,1610000.0,17.4
2011-01-07,1267.5,1269.75,1274.0,1257.75,2180000.0,17.14
2011-01-10,1265.5,1266.25,1268.0,1258.0,1880000.0,17.54
2011-01-11,1270.5,1265.5,1273.75,1264.0,1660000.0,16.89
2011-01-12,1283.5,1270.0,1284.25,1269.25,1600000.0,16.24
2011-01-13,1281.25,1283.25,1284.5,1276.25,1670000.0,16.39
2011-01-14,1289.5,1281.25,1290.0,1274.25,1630000.0,15.46
2011-01-18,1294.75,1289.5,1295.0,1282.75,1670000.0,15.87
2011-01-19,1278.5,1294.5,1296.25,1275.0,2320000.0,17.31
2011-01-20,1276.25,1279.25,1281.5,1267.5,2530000.0,17.99
2011-01-21,1279.75,1276.0,1288.0,1273.25,2009999.9999999998,18.47
2011-01-24,1288.5,1279.5,1289.75,1277.75,1640000.0,17.65
2011-01-25,1287.5,1288.5,1291.75,1277.0,2360000.0,17.59
2011-01-26,1293.5,1287.25,1296.75,1286.0,1610000.0,16.64
2011-01-27,1295.75,1293.75,1298.25,1289.25,1550000.0,16.15
2011-01-28,1271.5,1295.25,1299.5,1270.5,3240000.0,20.04
2011-01-31,1282.5,1269.5,1283.75,1262.25,2310000.0,19.53
2011-02-01,1302.75,1282.5,1306.0,1281.25,2089999.9999999998,17.63
2011-02-02,1300.0,1302.25,1305.5,1298.0,1400000.0,17.3
2011-02-03,1303.3,1300.25,1305.75,1291.5,1830000.0,16.69
2011-02-04,1307.25,1303.25,1308.5,1298.0,1590000.0,15.93
2011-02-07,1315.75,1307.25,1320.0,1306.0,1500000.0,16.28
2011-02-08,1321.75,1315.0,1322.25,1313.0,1450000.0,15.81
2011-02-09,1319.25,1321.5,1322.0,1311.75,1830000.0,15.87
2011-02-10,1318.75,1318.5,1320.5,1308.5,2060000.0,16.09
2011-02-11,1327.25,1318.25,1328.75,1310.0,1880000.0,15.69
2011-02-14,1327.75,1326.0,1331.25,1324.5,1170000.0,15.95
2011-02-15,1326.25,1328.0,1329.25,1322.25,1460000.0,16.37
2011-02-16,1333.0,1326.25,1336.0,1325.75,1800000.0,16.72
2011-02-17,1337.75,1333.0,1340.0,1328.5,1680000.0,16.59
2011-02-18,1342.5,1337.75,1343.0,1335.0,1520000.0,16.43
2011-02-22,1314.5,1342.25,1342.5,1310.25,3260000.0,20.8
2011-02-23,1305.5,1314.0,1320.5,1297.5,3080000.0,22.13
2011-02-24,1302.75,1305.75,1310.75,1292.5,2900000.0,21.32
2011-02-25,1318.75,1302.5,1320.0,1301.5,1830000.0,19.22
2011-02-28,1326.0,1318.25,1329.0,1313.0,1940000.0,18.35
2011-03-01,1301.0,1326.5,1336.5,1300.75,3050000.0,21.01
2011-03-02,1305.75,1301.25,1313.75,1296.25,2680000.0,20.7
2011-03-03,1329.75,1306.25,1332.0,1305.0,2360000.0,18.6
2011-03-04,1320.25,1329.75,1334.5,1311.25,2940000.0,19.06
2011-03-07,1309.0,1320.25,1327.25,1302.75,2700000.0,20.66
2011-03-08,1320.0,1308.75,1325.75,1306.0,2210000.0,19.82
2011-03-09,1315.5,1319.75,1325.0,1311.5,2200000.0,20.22
2011-03-10,1294.25,1315.75,1317.25,1292.75,2610000.0,21.88
2011-03-11,1306.0,1293.75,1308.75,1283.0,1130000.0,20.08
2011-03-14,1295.5,1302.25,1305.75,1286.0,817830.0,21.13
2011-03-15,1280.0,1295.5,1298.0,1256.0,1010000.0,24.32
2011-03-16,1258.75,1280.0,1288.25,1248.0,798950.0,29.4
2011-03-17,1273.75,1259.75,1279.25,1246.5,482800.0,26.37
2011-03-18,1287.71,1272.25,1293.25,1266.25,90110.0,24.44
2011-03-21,1293.0,1276.25,1296.25,1275.75,1490000.0,20.61
2011-03-22,1288.25,1292.5,1296.5,1287.5,1440000.0,20.21
2011-03-23,1292.0,1287.75,1296.0,1279.0,1940000.0,19.17
2011-03-24,1305.25,1292.0,1306.5,1289.25,1830000.0,18.0
2011-03-25,1310.0,1304.5,1314.5,1304.0,1650000.0,17.91
2011-03-28,1302.25,1309.25,1315.25,1302.0,1290000.0,19.44
2011-03-29,1316.5,1302.75,1317.75,1300.25,1550000.0,18.16
2011-03-30,1324.0,1316.25,1327.75,1314.75,1410000.0,17.71
2011-03-31,1321.0,1324.5,1325.75,1320.5,1520000.0,17.74
2011-04-01,1327.75,1321.25,1333.75,1320.5,1660000.0,17.4
2011-04-04,1329.25,1327.0,1332.75,1324.5,1270000.0,17.5
2011-04-05,1326.75,1329.75,1334.25,1323.0,1560000.0,17.25
2011-04-06,1329.0,1327.0,1336.5,1326.0,1660000.0,16.9
2011-04-07,1328.5,1329.0,1335.25,1322.25,2180000.0,17.11
2011-04-08,1323.75,1328.5,1335.75,1318.75,1860000.0,17.87
2011-04-11,1319.5,1325.75,1330.25,1317.0,1530000.0,16.59
2011-04-12,1308.25,1320.25,1320.5,1305.25,2080000.0,17.09
2011-04-13,1308.75,1308.25,1318.75,1305.0,1920000.0,16.92
2011-04-14,1310.25,1309.25,1313.25,1298.25,2029999.9999999998,16.27
2011-04-15,1318.75,1310.5,1319.25,1305.75,1640000.0,15.32
2011-04-18,1301.0,1318.25,1318.75,1290.25,2260000.0,16.96
2011-04-19,1308.5,1301.0,1309.5,1294.0,1530000.0,15.83
2011-04-20,1328.25,1308.75,1330.5,1308.5,1870000.0,15.07
2011-04-21,1331.0,1328.5,1337.75,1328.0,1280000.0,14.69
2011-04-25,1330.75,1330.5,1335.25,1327.25,599320.0,15.77
2011-04-26,1341.0,1330.75,1346.25,1328.0,1390000.0,15.62
2011-04-27,1351.0,1341.0,1354.25,1340.25,1390000.0,15.35
2011-04-28,1355.0,1351.5,1358.5,1346.75,1710000.0,14.62
2011-04-29,1359.75,1355.0,1363.75,1352.75,1270000.0,14.75
2011-05-02,1357.75,1363.25,1373.5,1354.75,1710000.0,15.99
2011-05-03,1352.0,1357.75,1358.5,1345.75,1670000.0,16.7
2011-05-04,1343.0,1351.75,1355.0,1337.5,2380000.0,17.08
2011-05-05,1335.0,1343.25,1348.75,1325.25,2920000.0,18.2
2011-05-06,1334.5,1334.25,1351.75,1331.75,2670000.0,18.4
2011-05-09,1342.75,1337.25,1346.25,1334.5,1670000.0,17.16
2011-05-10,1353.75,1342.5,1356.5,1339.0,1570000.0,15.91
2011-05-11,1338.75,1353.75,1358.25,1333.0,2190000.0,16.95
2011-05-12,1347.5,1339.25,1348.75,1328.75,2250000.0,16.03
2011-05-13,1334.0,1347.25,1352.5,1330.5,2240000.0,17.07
2011-05-16,1325.5,1332.0,1341.25,1324.75,2180000.0,18.24
2011-05-17,1325.5,1325.25,1332.0,1316.0,2290000.0,17.55
2011-05-18,1338.5,1326.25,1340.5,1324.5,1610000.0,16.23
2011-05-19,1341.75,1338.25,1345.5,1334.5,1830000.0,15.52
2011-05-20,1327.75,1341.5,1344.0,1327.0,2250000.0,17.43
2011-05-23,1315.25,1326.0,1327.0,1310.75,2049999.9999999998,18.27
2011-05-24,1313.5,1314.75,1322.5,1311.75,1860000.0,17.82
2011-05-25,1316.5,1313.0,1324.5,1302.25,2100000.0,17.07
2011-05-26,1326.5,1316.5,1327.5,1312.5,2290000.0,16.09
2011-05-27,1330.0,1326.5,1333.75,1324.5,1390000.0,15.98
2011-05-31,1344.0,1329.75,1345.75,1328.25,1930000.0,15.45
2011-06-01,1312.0,1344.75,1347.75,1311.25,2680000.0,18.3
2011-06-02,1312.5,1313.25,1317.75,1304.25,2430000.0,18.09
2011-06-03,1296.25,1312.25,1313.5,1294.5,2680000.0,17.95
2011-06-06,1285.0,1298.75,1299.0,1283.25,2190000.0,18.49
2011-06-07,1284.75,1285.25,1295.5,1282.5,2069999.9999999998,18.07
2011-06-08,1277.0,1285.0,1287.75,1276.25,2700000.0,18.79
2011-06-09,1287.5,1277.75,1294.0,1275.25,1730000.0,17.77
2011-06-10,1269.25,1287.75,1288.75,1267.0,1450000.0,18.86
2011-06-13,1271.5,1270.0,1277.25,1265.0,798750.0,19.61
2011-06-14,1290.0,1272.0,1292.5,1270.5,1070000.0,18.26
2011-06-15,1265.5,1288.75,1289.0,1261.25,757020.0,21.32
2011-06-16,1269.0,1266.25,1274.5,1258.0,407050.0,22.73
2011-06-17,1279.4,1269.5,1282.5,1264.25,64489.99999999999,21.85
2011-06-20,1273.75,1265.0,1275.25,1256.25,1680000.0,19.99
2011-06-21,1288.0,1273.25,1292.75,1271.75,2080000.0,18.86
2011-06-22,1279.75,1287.75,1293.75,1279.5,1870000.0,18.52
2011-06-23,1277.0,1280.0,1280.75,1257.0,3320000.0,19.29
2011-06-24,1264.0,1277.5,1286.0,1261.25,2500000.0,21.1
2011-06-27,1276.25,1265.0,1280.0,1257.0,2000000.0,20.56
2011-06-28,1294.5,1277.0,1295.0,1271.5,1910000.0,19.17
2011-06-29,1304.25,1293.5,1305.5,1291.5,2490000.0,17.27
2011-06-30,1315.5,1304.0,1317.5,1302.25,1880000.0,16.52
2011-07-01,1334.75,1314.75,1336.5,1312.5,1960000.0,15.87
2011-07-05,1336.75,1334.5,1337.75,1328.25,1730000.0,16.06
2011-07-06,1335.75,1336.0,1340.75,1326.5,1820000.0,16.34
2011-07-07,1351.75,1336.0,1352.75,1335.75,1680000.0,15.95
2011-07-08,1341.75,1351.5,1354.5,1329.25,2250000.0,15.95
2011-07-11,1318.5,1339.25,1339.5,1311.75,2430000.0,18.39
2011-07-12,1310.75,1318.0,1323.25,1295.25,2890000.0,19.87
2011-07-13,1312.25,1310.75,1327.75,1307.25,2320000.0,19.91
2011-07-14,1306.75,1312.25,1323.25,1302.0,2880000.0,20.8
2011-07-15,1315.0,1307.75,1315.5,1300.5,2300000.0,19.53
2011-07-18,1300.5,1314.5,1314.75,1291.25,2170000.0,20.95
2011-07-19,1321.25,1301.5,1324.25,1300.25,2100000.0,19.21
2011-07-20,1321.25,1321.25,1329.75,1319.25,1640000.0,19.09
2011-07-21,1342.5,1321.75,1343.5,1315.0,2310000.0,17.56
2011-07-22,1341.0,1341.25,1347.75,1332.75,1480000.0,17.52
2011-07-25,1333.5,1330.0,1340.25,1322.0,1640000.0,19.35
2011-07-26,1326.25,1333.5,1339.75,1325.5,1700000.0,20.23
2011-07-27,1299.0,1326.0,1328.5,1298.0,2540000.0,22.98
2011-07-28,1296.75,1299.25,1313.0,1295.25,2340000.0,23.74
2011-07-29,1288.5,1297.75,1300.75,1278.5,2890000.0,25.25
2011-08-01,1279.75,1306.0,1309.75,1270.25,3020000.0,23.66
2011-08-02,1247.25,1279.75,1285.0,1246.75,3290000.0,24.79
2011-08-03,1254.5,1248.25,1258.0,1230.25,3820000.0,23.38
2011-08-04,1198.75,1254.25,1264.25,1193.25,5040000.0,31.66
2011-08-05,1197.75,1199.5,1219.0,1163.25,6160000.0,32.0
2011-08-08,1111.25,1167.25,1189.0,1109.5,6170000.0,48.0
2011-08-09,1171.75,1113.0,1175.5,1077.0,6290000.0,35.06
2011-08-10,1123.5,1171.0,1178.75,1113.75,4930000.0,42.99
2011-08-11,1168.5,1123.0,1184.0,1103.0,4480000.0,39.0
2011-08-12,1176.75,1168.25,1186.75,1146.75,2720000.0,36.36
2011-08-15,1198.5,1179.75,1201.75,1176.25,2000000.0,31.87
2011-08-16,1192.25,1196.5,1201.5,1177.5,2560000.0,32.85
2011-08-17,1190.0,1191.75,1206.75,1181.5,2110000.0,31.58
2011-08-18,1143.5,1189.5,1190.0,1128.25,3810000.0,42.67
2011-08-19,1124.0,1143.75,1153.25,1117.5,3580000.0,43.05
2011-08-22,1123.25,1122.0,1146.5,1111.25,2710000.0,42.44
2011-08-23,1158.5,1123.5,1160.75,1118.5,3340000.0,36.27
2011-08-24,1172.0,1159.0,1176.75,1142.5,2620000.0,35.9
2011-08-25,1157.5,1171.5,1188.5,1153.0,3200000.0,39.76
2011-08-26,1176.0,1157.0,1179.75,1132.75,3050000.0,35.59
2011-08-29,1208.0,1175.5,1208.75,1172.25,1830000.0,32.28
2011-08-30,1204.75,1208.0,1218.75,1193.5,2580000.0,32.89
2011-08-31,1217.75,1204.25,1229.75,1201.25,3160000.0,31.62
2011-09-01,1201.25,1218.0,1228.5,1200.75,2660000.0,31.82
2011-09-02,1169.25,1201.0,1203.25,1168.5,2430000.0,33.92
2011-09-06,1164.5,1165.0,1166.75,1136.0,3520000.0,37.0
2011-09-07,1199.0,1164.5,1199.75,1163.75,2600000.0,33.38
2011-09-08,1185.75,1199.25,1203.75,1182.0,2140000.0,34.32
2011-09-09,1158.0,1185.75,1194.0,1146.75,1620000.0,38.52
2011-09-12,1163.25,1143.5,1164.0,1129.5,1150000.0,38.59
2011-09-13,1171.5,1162.75,1176.75,1145.0,1130000.0,36.91
2011-09-14,1188.5,1171.25,1202.5,1154.25,868480.0,34.6
2011-09-15,1211.25,1189.0,1212.0,1182.25,457740.0,31.97
2011-09-16,1216.74,1210.0,1216.0,1201.5,113050.0,30.98
2011-09-19,1197.75,1199.25,1203.75,1181.5,2450000.0,32.73
2011-09-20,1196.0,1196.75,1214.5,1185.25,2610000.0,32.86
2011-09-21,1155.75,1196.75,1203.75,1155.0,3250000.0,37.32
2011-09-22,1123.5,1155.25,1159.0,1106.75,4740000.0,41.35
2011-09-23,1129.75,1124.25,1138.5,1102.0,3370000.0,41.25
2011-09-26,1158.5,1122.0,1159.0,1115.0,3090000.0,39.02
2011-09-27,1169.5,1157.5,1190.0,1155.0,3260000.0,37.71
2011-09-28,1148.75,1169.0,1181.75,1143.5,2800000.0,41.08
2011-09-29,1156.25,1148.25,1170.75,1133.5,2980000.0,38.84
2011-09-30,1126.0,1157.25,1159.75,1121.5,2980000.0,42.96
2011-10-03,1086.25,1124.0,1133.0,1085.2,3500000.0,45.45
2011-10-04,1113.5,1087.5,1119.75,1068.0,4190000.0000000005,40.82
2011-10-05,1135.0,1114.5,1141.25,1106.5,3040000.0,37.81
2011-10-06,1157.5,1135.0,1160.5,1129.0,2900000.0,36.27
2011-10-07,1155.0,1157.25,1173.75,1144.75,2870000.0,36.2
2011-10-10,1191.0,1157.75,1192.25,1156.5,1780000.0,33.02
2011-10-11,1189.5,1190.5,1194.75,1180.75,1950000.0,32.86
2011-10-12,1198.25,1187.5,1216.0,1180.75,2560000.0,31.26
2011-10-13,1198.0,1198.5,1204.25,1185.25,2320000.0,30.7
2011-10-14,1219.25,1197.5,1221.5,1193.0,2240000.0,28.24
2011-10-17,1194.0,1218.25,1230.75,1193.5,2390000.0,33.39
2011-10-18,1223.0,1194.0,1229.75,1185.5,2980000.0,31.56
2011-10-19,1206.5,1222.75,1227.25,1201.5,2430000.0,34.44
2011-10-20,1210.0,1206.75,1216.25,1192.5,2900000.0,34.78
2011-10-21,1235.25,1208.75,1235.75,1208.0,2120000.0,31.32
2011-10-24,1247.0,1229.75,1252.5,1226.75,2009999.9999999998,29.26
2011-10-25,1224.5,1247.0,1254.5,1222.25,2640000.0,32.22
2011-10-26,1237.5,1225.0,1242.5,1216.5,2700000.0,29.86
2011-10-27,1282.5,1238.0,1289.25,1237.5,3320000.0,25.46
2011-10-28,1281.0,1282.25,1284.25,1272.75,1930000.0,24.53
2011-10-31,1249.25,1280.0,1280.75,1245.25,2240000.0,29.96
2011-11-01,1224.5,1247.5,1248.0,1208.5,3670000.0,34.77
2011-11-02,1234.25,1223.5,1238.75,1216.5,2260000.0,32.74
2011-11-03,1255.75,1234.25,1259.75,1213.5,2820000.0,30.5
2011-11-04,1251.0,1255.75,1258.75,1234.5,2240000.0,30.16
2011-11-07,1257.5,1253.25,1259.5,1232.0,1980000.0,29.85
2011-11-08,1273.25,1257.5,1275.25,1248.5,2240000.0,27.48
2011-11-09,1225.5,1273.25,1274.0,1222.75,3250000.0,36.16
2011-11-10,1237.5,1226.25,1245.0,1218.25,2580000.0,32.81
2011-11-11,1261.5,1237.5,1264.75,1233.75,1600000.0,30.04
2011-11-14,1252.5,1264.25,1270.75,1243.5,1890000.0,31.13
2011-11-15,1254.0,1251.5,1262.25,1234.0,2240000.0,31.22
2011-11-16,1231.0,1254.5,1258.75,1230.5,2710000.0,33.51
2011-11-17,1214.75,1231.25,1241.75,1206.5,3100000.0,34.51
2011-11-18,1214.0,1215.0,1229.75,1208.75,2180000.0,32.0
2011-11-21,1190.75,1208.0,1209.0,1180.5,2400000.0,32.91
2011-11-22,1182.75,1190.75,1199.0,1179.25,2310000.0,31.97
2011-11-23,1160.0,1182.75,1185.0,1158.5,2330000.0,33.98
2011-11-25,1153.5,1160.25,1173.75,1147.5,1520000.0,34.47
2011-11-28,1191.0,1172.0,1196.25,1169.25,2360000.0,32.13
2011-11-29,1196.5,1190.75,1206.0,1186.25,2420000.0,30.64
2011-11-30,1246.0,1195.0,1246.75,1183.0,3300000.0,27.8
2011-12-01,1243.5,1243.75,1251.0,1235.75,2110000.0,27.41
2011-12-02,1243.5,1243.5,1262.75,1242.0,2180000.0,27.52
2011-12-05,1255.0,1248.0,1266.25,1248.0,2330000.0,27.84
2011-12-06,1255.0,1253.25,1265.75,1245.25,2190000.0,28.13
2011-12-07,1264.0,1255.5,1268.0,1244.0,2720000.0,28.67
2011-12-08,1236.0,1263.75,1272.0,1230.75,2440000.0,30.59
2011-12-09,1258.75,1235.5,1260.5,1228.5,1140000.0,26.38
2011-12-12,1235.25,1256.0,1260.5,1226.0,909000.0,25.67
2011-12-13,1226.25,1235.0,1249.75,1218.5,1000000.0,25.41
2011-12-14,1212.5,1226.0,1232.5,1209.0,593670.0,26.04
2011-12-15,1218.0,1212.75,1227.0,1204.5,327310.0,25.11
2011-12-16,1225.05,1218.25,1229.25,1217.25,75190.0,24.29
2011-12-19,1199.0,1212.0,1219.75,1195.5,1680000.0,24.92
2011-12-20,1236.0,1199.0,1237.25,1198.75,1830000.0,23.22
2011-12-21,1236.25,1236.0,1249.0,1223.0,1990000.0,21.43
2011-12-22,1249.0,1236.0,1251.0,1232.25,1330000.0,21.16
2011-12-23,1260.25,1249.5,1260.75,1248.75,693970.0,20.73
2011-12-27,1260.25,1260.5,1264.0,1256.0,508260.0,21.91
2011-12-28,1244.5,1260.0,1264.5,1243.0,1010000.0,23.52
2011-12-29,1257.5,1244.0,1258.5,1243.75,878740.0,22.65
2011-12-30,1252.5,1256.75,1260.5,1250.75,692360.0,23.4
2012-01-03,1272.0,1274.75,1280.0,1270.25,1570000.0,22.97
2012-01-04,1273.0,1272.0,1274.75,1262.75,1420000.0,22.22
2012-01-05,1273.0,1273.25,1278.0,1259.75,1820000.0,21.48
2012-01-06,1274.25,1273.25,1282.25,1266.75,1690000.0,20.63
2012-01-09,1275.5,1274.75,1277.75,1267.25,1440000.0,21.07
2012-01-10,1286.0,1275.0,1292.0,1274.5,1530000.0,20.69
2012-01-11,1288.25,1286.0,1289.5,1279.25,1800000.0,21.05
2012-01-12,1291.75,1288.25,1297.5,1280.75,1760000.0,20.47
2012-01-13,1289.0,1292.0,1295.0,1272.75,2120000.0,20.91
2012-01-17,1289.25,1285.25,1302.5,1281.25,1840000.0,22.2
2012-01-18,1302.25,1289.0,1304.25,1286.5,2009999.9999999998,20.89
2012-01-19,1310.5,1302.75,1311.5,1299.25,1840000.0,19.87
2012-01-20,1310.75,1310.0,1311.75,1304.75,1420000.0,18.28
2012-01-23,1311.0,1307.5,1318.25,1305.0,1610000.0,18.67
2012-01-24,1311.5,1311.25,1311.75,1301.5,1480000.0,18.91
2012-01-25,1320.25,1311.25,1324.75,1303.0,1970000.0,18.31
2012-01-26,1315.25,1320.75,1329.75,1309.25,2009999.9999999998,18.57
2012-01-27,1312.5,1314.75,1319.25,1307.0,1730000.0,18.53
2012-01-30,1309.0,1314.0,1314.5,1296.0,1710000.0,19.4
2012-01-31,1308.25,1309.0,1317.5,1302.25,1890000.0,19.44
2012-02-01,1319.75,1307.75,1327.0,1303.75,1900000.0,18.55
2012-02-02,1322.75,1320.25,1326.0,1317.0,1360000.0,17.98
2012-02-03,1339.0,1322.75,1342.0,1320.0,1710000.0,17.1
2012-02-06,1339.0,1336.5,1340.5,1330.25,1200000.0,17.76
2012-02-07,1344.75,1339.0,1345.75,1331.75,1500000.0,17.65
2012-02-08,1347.0,1344.25,1348.25,1338.25,1540000.0,18.16
2012-02-09,1348.25,1347.0,1352.75,1340.75,1760000.0,18.63
2012-02-10,1340.5,1348.0,1348.25,1333.75,1710000.0,20.79
2012-02-13,1349.0,1347.25,1352.25,1342.75,1240000.0,19.04
2012-02-14,1347.75,1349.25,1352.0,1337.75,1740000.0,19.54
2012-02-15,1342.25,1354.8,1358.0,1338.0,2280000.0,21.14
2012-02-16,1354.75,1341.75,1357.25,1334.25,1960000.0,19.22
2012-02-17,1359.75,1354.75,1361.25,1353.0,1250000.0,17.78
2012-02-21,1360.0,1366.75,1369.5,1355.75,1580000.0,18.19
2012-02-22,1356.0,1359.75,1364.0,1353.0,1440000.0,18.19
2012-02-23,1363.0,1356.0,1363.75,1350.25,1600000.0,16.8
2012-02-24,1363.25,1363.0,1368.5,1361.5,1170000.0,17.31
2012-02-27,1367.25,1363.25,1370.75,1353.0,1660000.0,18.19
2012-02-28,1371.5,1367.25,1373.75,1364.5,1540000.0,17.96
2012-02-29,1364.5,1371.25,1377.25,1356.75,2280000.0,18.43
2012-03-01,1374.5,1362.25,1375.25,1358.75,1970000.0,17.26
2012-03-02,1368.75,1374.5,1377.0,1365.0,1460000.0,17.29
2012-03-05,1364.5,1367.25,1369.5,1358.0,1540000.0,18.05
2012-03-06,1342.0,1364.0,1365.75,1338.5,2450000.0,20.87
2012-03-07,1352.75,1341.5,1354.25,1341.25,1890000.0,19.07
2012-03-08,1366.5,1352.75,1368.5,1350.5,1830000.0,17.95
2012-03-09,1372.5,1366.25,1374.5,1363.25,904650.0,17.11
2012-03-12,1372.5,1372.75,1372.75,1366.0,905370.0,15.64
2012-03-13,1396.25,1372.5,1397.0,1371.5,1030000.0,14.8
2012-03-14,1394.25,1396.5,1399.75,1390.0,511160.0,15.31
2012-03-15,1401.75,1394.0,1403.0,1390.5,354750.0,15.42
2012-03-16,1405.11,1401.5,1406.25,1400.0,48060.0,14.47
2012-03-19,1404.0,1397.25,1408.0,1393.5,1520000.0,15.04
2012-03-20,1400.0,1404.0,1405.0,1391.75,1580000.0,15.58
2012-03-21,1397.5,1400.0,1405.75,1394.25,1530000.0,15.13
2012-03-22,1389.0,1397.75,1400.75,1382.5,1680000.0,15.57
2012-03-23,1394.0,1389.0,1395.25,1380.5,1560000.0,14.82
2012-03-26,1415.0,1393.75,1415.5,1392.5,1460000.0,14.26
2012-03-27,1406.5,1415.0,1419.75,1406.0,1250000.0,15.59
2012-03-28,1400.25,1406.25,1412.25,1392.0,1760000.0,15.47
2012-03-29,1398.25,1399.5,1404.0,1386.25,1830000.0,15.48
2012-03-30,1403.25,1398.0,1406.25,1395.75,1620000.0,15.5
2012-04-02,1412.5,1407.25,1417.75,1399.0,1720000.0,15.64
2012-04-03,1408.75,1412.0,1414.25,1399.5,1670000.0,15.66
2012-04-04,1393.25,1409.0,1409.0,1388.5,1830000.0,16.44
2012-04-05,1390.25,1393.25,1397.75,1384.0,1540000.0,16.7
2012-04-09,1375.0,1375.0,1382.75,1371.75,1080000.0,18.81
2012-04-10,1357.0,1374.25,1380.75,1352.5,2520000.0,20.39
2012-04-11,1364.0,1357.75,1370.5,1357.5,1740000.0,20.02
2012-04-12,1386.0,1364.25,1386.25,1363.25,1850000.0,17.2
2012-04-13,1365.0,1385.75,1388.5,1363.75,1940000.0,19.55
2012-04-16,1364.0,1366.0,1375.25,1360.5,1960000.0,19.55
2012-04-17,1383.5,1364.25,1388.75,1359.25,1850000.0,18.46
2012-04-18,1378.25,1383.75,1386.75,1377.75,1850000.0,18.64
2012-04-19,1372.5,1378.75,1390.0,1365.5,2630000.0,18.36
2012-04-20,1375.25,1373.75,1383.25,1371.25,1810000.0,17.44
2012-04-23,1362.75,1372.25,1374.75,1354.0,1850000.0,18.97
2012-04-24,1370.0,1363.0,1371.25,1361.0,1440000.0,18.1
2012-04-25,1387.25,1370.75,1387.75,1369.5,1830000.0,16.82
2012-04-26,1396.75,1387.25,1398.25,1381.0,1670000.0,16.24
2012-04-27,1398.5,1396.75,1403.0,1386.5,1620000.0,16.32
2012-04-30,1393.5,1400.25,1402.5,1389.75,1320000.0,17.15
2012-05-01,1400.5,1394.25,1411.75,1391.25,1310000.0,16.6
2012-05-02,1397.5,1400.5,1404.75,1389.25,1680000.0,16.88
2012-05-03,1386.0,1397.5,1402.75,1384.5,1760000.0,17.56
2012-05-04,1362.5,1386.5,1389.0,1361.5,2080000.0,19.16
2012-05-07,1365.75,1354.0,1370.25,1342.5,1610000.0,18.94
2012-05-08,1358.5,1365.25,1368.0,1343.75,2310000.0,19.05
2012-05-09,1351.0,1359.0,1360.75,1339.25,2520000.0,20.08
2012-05-10,1357.5,1351.25,1363.75,1345.75,1840000.0,18.83
2012-05-11,1350.0,1357.5,1363.25,1344.0,1840000.0,19.89
2012-05-14,1334.0,1346.0,1351.0,1333.25,1910000.0,21.87
2012-05-15,1328.25,1334.5,1347.0,1325.5,2400000.0,21.97
2012-05-16,1322.5,1328.75,1339.75,1320.75,2280000.0,22.27
2012-05-17,1301.25,1323.0,1330.75,1300.5,2910000.0,24.49
2012-05-18,1290.75,1302.0,1310.5,1289.75,2820000.0,25.1
2012-05-21,1315.75,1291.75,1316.0,1287.25,2049999.9999999998,22.01
2012-05-22,1314.75,1315.25,1326.5,1307.5,2450000.0,22.48
2012-05-23,1315.75,1315.5,1319.0,1294.0,2560000.0,22.33
2012-05-24,1322.5,1315.75,1323.5,1306.0,2170000.0,21.54
2012-05-25,1315.0,1322.5,1329.75,1312.0,1520000.0,21.76
2012-05-29,1333.5,1322.0,1334.25,1317.5,2240000.0,21.03
2012-05-30,1308.5,1333.5,1334.25,1308.0,2310000.0,24.14
2012-05-31,1309.25,1309.0,1319.0,1297.25,2750000.0,24.06
2012-06-01,1274.0,1306.25,1307.5,1273.5,3280000.0,26.66
2012-06-04,1273.0,1275.0,1281.5,1262.0,2340000.0,26.12
2012-06-05,1285.0,1273.25,1286.75,1267.5,2040000.0,24.68
2012-06-06,1315.5,1285.25,1315.75,1283.0,2840000.0,22.16
2012-06-07,1316.75,1315.25,1329.5,1312.0,2580000.0,21.72
2012-06-08,1328.75,1316.25,1329.5,1305.5,1330000.0,21.23
2012-06-11,1307.0,1342.0,1349.0,1306.25,1170000.0,23.56
2012-06-12,1326.75,1307.5,1327.25,1303.75,817730.0,22.09
2012-06-13,1315.5,1326.25,1327.75,1310.25,511480.0,24.27
2012-06-14,1333.0,1315.75,1334.5,1311.75,485340.0,21.68
2012-06-15,1336.47,1332.25,1339.75,1331.25,72960.0,21.11
2012-06-18,1341.0,1345.25,1347.5,1327.25,2069999.9999999998,18.32
2012-06-19,1350.5,1340.75,1357.0,1336.5,1770000.0,18.38
2012-06-20,1350.75,1350.0,1355.5,1338.75,2360000.0,17.24
2012-06-21,1318.25,1350.75,1353.25,1317.5,2710000.0,20.08
2012-06-22,1326.75,1318.5,1331.75,1318.25,1860000.0,18.11
2012-06-25,1306.5,1325.5,1326.5,1302.5,1840000.0,20.38
2012-06-26,1315.5,1306.75,1318.0,1303.25,1810000.0,19.72
2012-06-27,1325.5,1315.75,1328.5,1312.0,1620000.0,19.45
2012-06-28,1322.5,1325.75,1327.75,1306.75,2290000.0,19.71
2012-06-29,1356.5,1322.0,1359.5,1316.0,2490000.0,17.08
2012-07-02,1357.5,1358.75,1362.25,1349.5,1690000.0,16.74
2012-07-03,1368.0,1358.25,1369.5,1355.25,1050000.0,16.66
2012-07-05,1361.5,1366.5,1375.0,1357.0,1890000.0,17.5
2012-07-06,1351.75,1361.5,1364.0,1342.25,1960000.0,17.1
2012-07-09,1349.25,1349.25,1350.25,1341.0,1470000.0,17.98
2012-07-10,1335.5,1349.0,1356.5,1330.5,2020000.0,18.72
2012-07-11,1336.25,1335.0,1342.5,1327.75,1910000.0,17.95
2012-07-12,1329.25,1336.5,1339.5,1319.75,1900000.0,18.33
2012-07-13,1351.75,1329.25,1353.25,1328.75,1760000.0,16.74
2012-07-16,1347.5,1351.25,1352.5,1343.0,1550000.0,17.11
2012-07-17,1358.5,1347.25,1360.5,1339.25,1970000.0,16.48
2012-07-18,1367.25,1358.5,1370.5,1352.5,1800000.0,16.16
2012-07-19,1372.0,1367.25,1376.0,1366.0,1740000.0,15.45
2012-07-20,1358.25,1371.5,1372.0,1357.0,1800000.0,16.27
2012-07-23,1343.75,1355.5,1356.75,1332.0,2080000.0,18.62
2012-07-24,1329.5,1343.75,1346.5,1323.75,2120000.0,20.47
2012-07-25,1335.0,1331.0,1340.0,1321.25,1840000.0,19.34
2012-07-26,1354.75,1334.75,1358.75,1327.75,2280000.0,17.53
2012-07-27,1382.5,1354.75,1385.0,1352.75,2500000.0,16.7
2012-07-30,1380.5,1379.25,1387.5,1375.75,1490000.0,18.03
2012-07-31,1374.5,1380.0,1386.5,1371.0,1770000.0,18.93
2012-08-01,1370.5,1372.0,1381.5,1367.75,1800000.0,18.96
2012-08-02,1362.0,1370.0,1383.0,1349.25,2840000.0,17.57
2012-08-03,1389.0,1362.25,1390.5,1360.0,1950000.0,15.64
2012-08-06,1390.0,1390.25,1395.75,1387.25,1170000.0,15.95
2012-08-07,1397.0,1390.0,1403.25,1387.5,1460000.0,15.99
2012-08-08,1398.25,1396.5,1400.25,1390.5,1230000.0,15.32
2012-08-09,1400.5,1398.5,1403.75,1393.75,1180000.0,15.28
2012-08-10,1402.5,1400.25,1402.75,1392.0,1250000.0,14.74
2012-08-13,1402.5,1400.5,1404.0,1394.25,1200000.0,13.7
2012-08-14,1401.5,1402.0,1409.5,1397.25,1440000.0,14.85
2012-08-15,1403.5,1401.25,1405.75,1397.0,1100000.0,14.63
2012-08-16,1413.0,1403.5,1415.5,1401.75,1500000.0,14.29
2012-08-17,1415.25,1413.75,1416.75,1410.75,1140000.0,13.45
2012-08-20,1414.75,1415.0,1418.0,1409.5,1110000.0,14.02
2012-08-21,1412.5,1414.75,1424.75,1408.0,1730000.0,15.02
2012-08-22,1412.25,1412.75,1414.25,1404.25,1680000.0,15.11
2012-08-23,1400.0,1412.25,1418.0,1398.0,1590000.0,15.96
2012-08-24,1409.75,1399.75,1412.0,1395.25,1570000.0,15.18
2012-08-27,1408.25,1410.0,1416.0,1407.0,932100.0,16.35
2012-08-28,1407.75,1408.25,1412.0,1403.25,1210000.0,16.49
2012-08-29,1407.25,1407.25,1412.5,1404.75,959750.0,17.06
2012-08-30,1397.0,1407.0,1407.75,1395.25,1220000.0,17.83
2012-08-31,1405.0,1397.0,1412.25,1395.5,2049999.9999999998,17.47
2012-09-04,1406.0,1406.25,1409.5,1394.5,1680000.0,17.98
2012-09-05,1403.5,1406.25,1408.25,1397.25,1430000.0,17.74
2012-09-06,1431.0,1403.5,1432.25,1403.25,2040000.0,15.6
2012-09-07,1438.25,1431.0,1438.75,1430.5,1470000.0,14.38
2012-09-10,1426.5,1436.75,1438.0,1425.75,1100000.0,16.28
2012-09-11,1430.5,1425.5,1437.5,1421.5,1430000.0,16.41
2012-09-12,1439.5,1430.5,1440.25,1428.5,1730000.0,15.8
2012-09-13,1457.25,1438.25,1464.25,1435.0,2600000.0,14.05
2012-09-14,1465.75,1456.5,1474.75,1456.5,1290000.0,14.51
2012-09-17,1460.75,1465.75,1465.75,1457.5,676510.0,14.59
2012-09-18,1459.25,1460.5,1463.25,1455.75,457470.0,14.18
2012-09-19,1459.5,1460.0,1465.5,1457.75,457470.0,13.88
2012-09-20,1460.5,1459.75,1461.75,1450.0,309520.0,14.07
2012-09-21,1467.17,1460.75,1469.25,1460.25,60970.0,13.98
2012-09-24,1451.5,1450.25,1454.5,1444.75,1260000.0,14.15
2012-09-25,1437.25,1451.75,1457.0,1435.0,1810000.0,15.43
2012-09-26,1427.0,1436.75,1439.75,1424.0,1790000.0,16.81
2012-09-27,1441.0,1427.5,1444.5,1427.5,1750000.0,14.84
2012-09-28,1434.25,1441.0,1443.5,1429.0,2100000.0,15.73
2012-10-01,1437.0,1432.75,1451.5,1427.75,1900000.0,16.32
2012-10-02,1441.0,1436.5,1446.0,1432.25,1610000.0,15.71
2012-10-03,1444.75,1440.25,1448.75,1435.5,1550000.0,15.43
2012-10-04,1455.75,1444.0,1457.75,1444.0,1570000.0,14.55
2012-10-05,1455.5,1455.75,1466.0,1451.25,1680000.0,14.33
2012-10-08,1449.75,1457.25,1457.25,1447.5,961600.0,15.11
2012-10-09,1436.0,1449.75,1454.5,1435.25,1960000.0,16.37
2012-10-10,1426.25,1437.0,1437.75,1425.0,1670000.0,16.29
2012-10-11,1428.5,1425.75,1439.25,1421.25,1590000.0,15.59
2012-10-12,1421.5,1428.25,1434.5,1420.0,1620000.0,16.14
2012-10-15,1435.5,1423.5,1436.5,1416.5,1530000.0,15.27
2012-10-16,1449.25,1436.0,1451.5,1434.5,1620000.0,15.22
2012-10-17,1457.0,1449.25,1457.75,1446.25,1530000.0,15.07
2012-10-18,1451.5,1457.0,1459.75,1447.75,1810000.0,15.03
2012-10-19,1424.0,1451.25,1453.5,1423.5,2400000.0,17.06
2012-10-22,1430.0,1424.5,1431.25,1416.75,1780000.0,16.62
2012-10-23,1406.75,1430.75,1433.25,1402.0,1760000.0,18.83
2012-10-24,1405.25,1406.5,1415.0,1401.75,1760000.0,18.33
2012-10-25,1408.25,1406.25,1416.75,1399.5,1810000.0,18.12
2012-10-26,1407.5,1409.75,1412.5,1394.5,2089999.9999999998,17.81
2012-10-31,1406.75,1412.5,1418.25,1400.5,1780000.0,18.6
2012-11-01,1423.25,1402.0,1425.0,1398.5,1710000.0,16.69
2012-11-02,1405.5,1423.25,1431.5,1405.0,2089999.9999999998,17.59
2012-11-05,1412.0,1402.75,1415.5,1402.5,1390000.0,18.42
2012-11-06,1425.25,1411.0,1429.25,1409.75,1480000.0,17.58
2012-11-07,1389.0,1425.0,1431.75,1384.0,3200000.0,19.08
2012-11-08,1375.25,1390.25,1397.5,1372.5,2620000.0,18.49
2012-11-09,1375.75,1375.75,1388.0,1363.5,2550000.0,18.61
2012-11-12,1378.25,1375.25,1381.75,1372.5,1140000.0,16.68
2012-11-13,1371.0,1378.25,1386.25,1365.75,1950000.0,16.65
2012-11-14,1353.0,1373.25,1381.75,1349.5,2450000.0,17.92
2012-11-15,1351.25,1354.0,1359.0,1345.25,2420000.0,17.99
2012-11-16,1359.75,1351.5,1360.5,1340.25,2610000.0,16.41
2012-11-19,1382.5,1360.75,1385.75,1360.25,1740000.0,15.24
2012-11-20,1386.25,1380.0,1387.5,1374.0,1550000.0,15.08
2012-11-21,1388.25,1386.0,1389.75,1377.0,1070000.0,15.31
2012-11-23,1405.25,1389.0,1407.5,1387.25,913300.0,15.14
2012-11-26,1403.25,1403.25,1405.0,1395.0,1220000.0,15.5
2012-11-27,1397.5,1404.0,1407.75,1395.5,1640000.0,15.92
2012-11-28,1407.0,1397.5,1408.75,1383.0,2130000.0,15.51
2012-11-29,1415.75,1406.75,1418.5,1404.5,1880000.0,15.06
2012-11-30,1414.5,1411.5,1419.5,1409.75,1690000.0,15.87
2012-12-03,1407.0,1413.25,1424.0,1404.5,1650000.0,16.64
2012-12-04,1405.5,1406.0,1411.75,1401.5,1620000.0,17.12
2012-12-05,1408.25,1402.75,1414.75,1396.75,2049999.9999999998,16.46
2012-12-06,1413.0,1406.5,1413.5,1404.0,1380000.0,16.58
2012-12-07,1416.0,1412.25,1422.25,1408.5,1770000.0,15.9
2012-12-10,1420.25,1416.0,1421.0,1410.75,1140000.0,16.05
2012-12-11,1431.5,1417.5,1434.25,1415.0,1770000.0,15.57
2012-12-12,1427.25,1431.25,1438.75,1425.75,1830000.0,15.95
2012-12-13,1418.0,1425.75,1431.5,1415.75,1950000.0,16.56
2012-12-14,1415.0,1416.75,1425.5,1411.5,1040000.0,17.0
2012-12-17,1432.5,1421.25,1434.25,1415.0,856690.0,16.34
2012-12-18,1445.75,1433.75,1448.25,1430.5,875270.0,15.57
2012-12-19,1437.25,1445.0,1450.5,1432.75,505130.0,17.36
2012-12-20,1445.5,1433.5,1446.25,1431.75,343850.0,17.67
2012-12-21,1433.59,1445.5,1446.5,1393.0,73100.0,17.84
2012-12-24,1419.75,1424.25,1424.5,1417.5,318130.0,18.59
2012-12-26,1413.5,1424.0,1425.5,1410.75,578180.0,19.48
2012-12-27,1410.75,1413.25,1418.5,1396.0,1470000.0,19.47
2012-12-28,1384.0,1413.25,1416.75,1382.25,1060000.0,22.72
2012-12-31,1420.0,1388.25,1425.75,1383.5,1480000.0,18.02
2013-01-02,1457.0,1443.0,1458.0,1438.25,1940000.0,14.68
2013-01-03,1453.5,1456.0,1460.5,1450.0,1600000.0,14.56
2013-01-04,1457.75,1454.0,1463.0,1451.25,1510000.0,13.83
2013-01-07,1455.75,1460.25,1460.75,1450.75,1200000.0,13.79
2013-01-08,1452.25,1456.75,1457.0,1446.0,1370000.0,13.62
2013-01-09,1455.75,1451.5,1459.5,1451.25,1190000.0,13.81
2013-01-10,1467.0,1456.5,1470.25,1454.75,1540000.0,13.49
2013-01-11,1467.25,1469.75,1471.5,1462.25,1150000.0,13.36
2013-01-14,1464.25,1466.75,1471.25,1460.25,1170000.0,13.52
2013-01-15,1465.25,1465.0,1468.25,1456.5,1320000.0,13.55
2013-01-16,1465.5,1467.0,1469.0,1460.0,1230000.0,13.42
2013-01-17,1475.75,1465.0,1480.5,1460.5,1750000.0,13.57
2013-01-18,1479.0,1475.5,1481.0,1470.5,1490000.0,12.46
2013-01-22,1489.5,1478.0,1491.5,1475.0,1470000.0,12.43
2013-01-23,1490.25,1490.5,1491.25,1484.5,1190000.0,12.46
2013-01-24,1491.75,1483.25,1497.75,1482.75,1830000.0,12.69
2013-01-25,1495.75,1487.75,1499.25,1486.75,1590000.0,12.89
2013-01-28,1497.0,1495.75,1500.0,1491.25,1210000.0,13.57
2013-01-29,1505.0,1495.5,1505.75,1491.0,1500000.0,13.31
2013-01-30,1495.25,1505.0,1506.0,1493.5,1800000.0,14.32
2013-01-31,1493.25,1494.25,1500.0,1491.25,1640000.0,14.28
2013-02-01,1506.75,1496.0,1510.5,1495.75,1780000.0,12.9
2013-02-04,1493.5,1508.0,1508.5,1490.25,1770000.0,14.67
2013-02-05,1506.0,1492.5,1511.0,1492.25,1740000.0,13.72
2013-02-06,1506.75,1507.25,1510.25,1499.0,1750000.0,13.41
2013-02-07,1505.25,1507.25,1511.0,1494.5,1960000.0,13.5
2013-02-08,1512.5,1505.0,1515.0,1503.75,1430000.0,13.02
2013-02-11,1513.0,1513.5,1517.0,1509.75,1230000.0,12.94
2013-02-12,1516.25,1512.5,1519.0,1508.5,1260000.0,12.64
2013-02-13,1517.25,1517.5,1522.0,1513.0,1270000.0,12.98
2013-02-14,1518.5,1516.25,1520.75,1510.0,1370000.0,12.66
2013-02-15,1517.0,1518.75,1521.75,1511.25,1730000.0,12.46
2013-02-19,1528.0,1516.0,1529.0,1515.25,1500000.0,12.31
2013-02-20,1507.0,1528.75,1530.0,1506.5,2020000.0,14.68
2013-02-21,1501.0,1507.75,1509.75,1495.0,2510000.0,15.22
2013-02-22,1514.5,1502.25,1515.0,1502.0,1760000.0,14.17
2013-02-25,1487.25,1515.5,1524.5,1481.75,3090000.0,18.99
2013-02-26,1492.5,1485.5,1497.75,1482.75,2930000.0,16.87
2013-02-27,1515.75,1493.25,1519.25,1490.0,2460000.0,14.73
2013-02-28,1513.25,1516.25,1524.5,1508.75,2200000.0,15.51
2013-03-01,1516.5,1512.5,1519.0,1499.5,2550000.0,15.36
2013-03-04,1525.75,1514.75,1527.5,1507.0,1980000.0,14.01
2013-03-05,1537.0,1526.75,1542.75,1524.5,2370000.0,13.48
2013-03-06,1539.0,1539.0,1544.75,1537.0,2089999.9999999998,13.53
2013-03-07,1542.75,1539.75,1545.5,1537.5,1670000.0,13.06
2013-03-08,1549.5,1542.75,1553.5,1540.25,1140000.0,12.59
2013-03-11,1556.0,1547.25,1557.25,1545.5,755670.0,11.56
2013-03-12,1552.5,1556.75,1557.0,1547.5,795040.0,12.27
2013-03-13,1556.0,1553.0,1557.0,1548.0,505430.0,11.83
2013-03-14,1562.25,1556.5,1563.5,1555.0,368210.0,11.3
2013-03-15,1557.08,1561.25,1565.0,1559.75,66570.0,11.3
2013-03-18,1546.75,1544.0,1552.5,1529.5,2190000.0,13.36
2013-03-19,1542.25,1547.25,1551.25,1531.75,2550000.0,14.39
2013-03-20,1549.0,1539.25,1555.75,1536.5,1800000.0,12.67
2013-03-21,1539.0,1549.5,1550.75,1536.5,1900000.0,13.99
2013-03-22,1552.0,1538.5,1554.0,1535.0,1580000.0,13.57
2013-03-25,1547.0,1550.0,1560.5,1539.0,2250000.0,13.74
2013-03-26,1557.25,1548.25,1558.75,1546.75,1590000.0,12.77
2013-03-27,1556.75,1558.25,1560.5,1545.75,1570000.0,13.15
2013-03-28,1562.75,1556.75,1564.5,1549.75,1630000.0,12.7
2013-04-01,1556.0,1563.0,1565.0,1552.5,1140000.0,13.58
2013-04-02,1564.5,1556.25,1568.0,1554.25,1610000.0,12.78
2013-04-03,1548.5,1566.0,1567.75,1544.0,2270000.0,14.21
2013-04-04,1554.5,1548.5,1557.5,1546.0,2000000.0,13.89
2013-04-05,1546.0,1554.75,1555.25,1533.25,2270000.0,13.92
2013-04-08,1559.25,1545.5,1562.75,1543.0,1440000.0,13.19
2013-04-09,1563.25,1560.75,1569.0,1555.5,1630000.0,12.84
2013-04-10,1582.75,1563.75,1584.5,1561.0,2029999.9999999998,12.36
2013-04-11,1587.75,1583.5,1593.0,1580.75,1720000.0,12.24
2013-04-12,1582.0,1588.25,1589.75,1575.0,1810000.0,12.06
2013-04-15,1543.5,1582.25,1583.0,1538.75,2850000.0,17.27
2013-04-16,1568.75,1542.5,1570.75,1542.25,2250000.0,13.96
2013-04-17,1546.0,1569.25,1569.5,1538.0,2970000.0,16.51
2013-04-18,1534.0,1544.5,1553.5,1530.75,2320000.0,17.56
2013-04-19,1547.5,1537.0,1550.75,1535.25,1880000.0,14.97
2013-04-22,1556.0,1548.5,1561.0,1542.75,1590000.0,14.39
2013-04-23,1573.5,1557.25,1577.0,1548.75,2110000.0,13.48
2013-04-24,1574.0,1573.5,1579.0,1570.75,1420000.0,13.61
2013-04-25,1581.75,1573.0,1588.25,1570.75,1600000.0,13.62
2013-04-26,1576.5,1581.5,1582.5,1572.5,1340000.0,13.61
2013-04-29,1588.25,1576.25,1592.25,1573.75,1230000.0,13.71
2013-04-30,1592.25,1588.5,1594.25,1581.25,1560000.0,13.52
2013-05-01,1577.25,1593.75,1595.5,1576.0,1470000.0,14.49
2013-05-02,1592.25,1579.25,1594.25,1578.75,1650000.0,13.59
2013-05-03,1608.5,1592.25,1614.25,1589.5,1940000.0,12.85
2013-05-06,1613.5,1608.25,1615.25,1607.25,963960.0,12.66
2013-05-07,1620.5,1612.5,1621.75,1609.25,1510000.0,12.83
2013-05-08,1628.75,1620.75,1629.5,1617.0,1590000.0,12.66
2013-05-09,1624.5,1628.25,1632.25,1620.0,1830000.0,13.13
2013-05-10,1629.5,1626.0,1631.0,1620.25,1640000.0,12.59
2013-05-13,1630.75,1625.5,1633.25,1621.5,1330000.0,12.55
2013-05-14,1648.0,1630.75,1648.75,1626.5,2020000.0,12.77
2013-05-15,1654.25,1647.5,1659.75,1642.75,2120000.0,12.81
2013-05-16,1648.0,1655.25,1658.75,1646.0,1920000.0,13.07
2013-05-17,1663.0,1649.5,1665.75,1648.25,1920000.0,12.45
2013-05-20,1664.5,1662.5,1670.75,1659.75,1750000.0,13.02
2013-05-21,1665.5,1663.5,1673.25,1660.0,1690000.0,13.37
2013-05-22,1655.5,1665.75,1685.75,1646.5,2970000.0,13.82
2013-05-23,1650.0,1657.5,1659.0,1632.75,2680000.0,14.07
2013-05-24,1650.5,1651.25,1655.25,1634.5,1950000.0,13.99
2013-05-28,1654.5,1650.0,1672.75,1644.25,2089999.9999999998,14.48
2013-05-29,1647.0,1654.25,1656.75,1638.0,2130000.0,14.83
2013-05-30,1653.5,1646.5,1660.75,1641.0,1770000.0,14.53
2013-05-31,1629.0,1653.75,1658.0,1626.25,2560000.0,16.3
2013-06-03,1636.25,1629.5,1639.0,1620.75,2530000.0,16.28
2013-06-04,1631.25,1635.75,1645.75,1621.5,2170000.0,16.27
2013-06-05,1608.0,1629.25,1632.25,1605.5,2650000.0,17.5
2013-06-06,1622.75,1608.5,1624.25,1596.5,2800000.0,16.63
2013-06-07,1638.5,1622.0,1644.0,1618.0,2380000.0,15.14
2013-06-10,1642.0,1636.5,1648.5,1634.5,1820000.0,15.44
2013-06-11,1627.0,1642.0,1642.5,1621.5,2590000.0,17.07
2013-06-12,1610.0,1627.5,1638.25,1609.5,2600000.0,18.59
2013-06-13,1636.75,1610.75,1639.5,1597.5,2360000.0,16.41
2013-06-14,1624.25,1637.75,1640.75,1623.25,1040000.0,17.15
2013-06-17,1639.75,1624.5,1646.75,1624.0,893730.0,16.8
2013-06-18,1651.0,1640.75,1654.5,1638.0,739740.0,16.61
2013-06-19,1629.5,1652.5,1655.0,1626.25,589660.0,16.64
2013-06-20,1590.5,1627.25,1628.75,1583.75,639740.0,20.49
2013-06-21,1599.93,1590.5,1604.25,1589.5,100310.0,18.9
2013-06-24,1566.25,1583.75,1586.25,1553.25,2850000.0,20.11
2013-06-25,1581.5,1566.5,1587.75,1558.25,2020000.0,18.47
2013-06-26,1595.5,1580.25,1601.25,1573.0,1730000.0,17.21
2013-06-27,1606.5,1596.75,1614.25,1594.75,1600000.0,16.86
2013-06-28,1599.25,1606.25,1614.5,1594.25,2140000.0,16.86
2013-07-01,1606.75,1600.25,1620.5,1593.25,1550000.0,16.37
2013-07-02,1607.25,1606.75,1618.5,1600.25,1670000.0,16.44
2013-07-03,1609.0,1607.0,1613.0,1594.0,1030000.0,16.2
2013-07-05,1627.25,1609.0,1630.75,1608.25,1720000.0,14.89
2013-07-08,1635.5,1628.5,1639.5,1626.0,1320000.0,14.78
2013-07-09,1645.5,1636.75,1649.0,1635.75,1280000.0,14.35
2013-07-10,1648.5,1647.0,1658.75,1641.25,1460000.0,14.21
2013-07-11,1670.0,1658.25,1671.75,1657.5,1460000.0,14.01
2013-07-12,1670.25,1669.0,1674.25,1666.25,1140000.0,13.84
2013-07-15,1677.5,1670.0,1679.5,1669.75,911480.0,13.79
2013-07-16,1671.25,1677.75,1679.5,1666.5,1170000.0,14.42
2013-07-17,1675.5,1671.75,1680.5,1665.75,1410000.0,13.78
2013-07-18,1680.5,1676.75,1688.5,1671.75,1360000.0,13.77
2013-07-19,1689.5,1680.0,1690.5,1675.25,1150000.0,12.54
2013-07-22,1690.25,1690.0,1694.25,1685.5,900140.0,12.29
2013-07-23,1688.25,1690.5,1695.5,1686.0,979780.0,12.66
2013-07-24,1683.75,1689.5,1695.25,1677.25,1510000.0,13.18
2013-07-25,1684.0,1684.0,1686.5,1671.75,1430000.0,12.97
2013-07-26,1686.5,1685.75,1689.0,1670.5,1400000.0,12.72
2013-07-29,1682.5,1686.5,1688.0,1676.5,1100000.0,13.39
2013-07-30,1684.75,1682.25,1688.5,1677.25,1320000.0,13.39
2013-07-31,1680.5,1684.0,1694.0,1680.25,1980000.0,13.45
2013-08-01,1700.25,1685.5,1703.75,1684.5,1520000.0,12.94
2013-08-02,1704.0,1702.25,1705.0,1695.75,1220000.0,11.98
2013-08-05,1702.5,1702.75,1705.0,1698.75,856740.0,11.84
2013-08-06,1694.0,1701.25,1703.5,1688.75,1270000.0,12.72
2013-08-07,1688.25,1692.75,1693.5,1680.5,1380000.0,12.98
2013-08-08,1693.75,1688.75,1697.0,1684.5,1520000.0,12.73
2013-08-09,1686.25,1694.0,1696.25,1682.5,1660000.0,13.41
2013-08-12,1687.0,1685.0,1688.5,1675.25,1250000.0,12.81
2013-08-13,1690.75,1688.0,1694.5,1679.25,1600000.0,12.31
2013-08-14,1682.0,1691.5,1693.25,1681.0,1500000.0,13.04
2013-08-15,1655.75,1680.5,1682.0,1654.25,2400000.0,14.73
2013-08-16,1651.0,1654.75,1662.0,1649.5,1740000.0,14.37
2013-08-19,1645.0,1651.0,1657.0,1642.25,1470000.0,15.1
2013-08-20,1650.5,1644.25,1656.75,1641.0,1580000.0,14.91
2013-08-21,1636.5,1651.0,1654.75,1634.0,2120000.0,15.94
2013-08-22,1654.75,1635.0,1657.75,1631.5,1560000.0,14.76
2013-08-23,1661.5,1655.5,1662.75,1650.5,1310000.0,13.98
2013-08-26,1654.25,1660.75,1667.5,1653.25,1210000.0,14.99
2013-08-27,1628.25,1654.5,1655.5,1626.25,2250000.0,16.77
2013-08-28,1632.25,1628.25,1639.25,1624.75,1650000.0,16.49
2013-08-29,1636.75,1630.5,1644.75,1627.75,1740000.0,16.81
2013-08-30,1631.25,1639.0,1645.0,1625.5,1930000.0,17.01
2013-09-03,1639.0,1640.25,1650.0,1630.75,2320000.0,16.61
2013-09-04,1653.5,1638.0,1655.25,1635.0,1640000.0,15.88
2013-09-05,1653.0,1654.75,1658.25,1650.5,1250000.0,15.77
2013-09-06,1653.5,1652.0,1664.0,1638.75,2560000.0,15.85
2013-09-09,1669.0,1652.0,1671.75,1652.0,1480000.0,15.63
2013-09-10,1682.5,1671.0,1683.25,1669.0,1850000.0,14.53
2013-09-11,1688.75,1682.25,1690.5,1677.75,1840000.0,13.82
2013-09-12,1685.0,1689.75,1690.0,1681.25,1350000.0,14.29
2013-09-13,1688.5,1684.75,1690.5,1680.5,756480.0,14.16
2013-09-16,1698.0,1698.5,1710.5,1694.75,1010000.0,14.38
2013-09-17,1705.0,1696.25,1706.75,1694.75,727290.0,14.53
2013-09-18,1724.5,1706.0,1729.75,1700.0,666700.0,13.59
2013-09-19,1724.25,1725.0,1733.25,1720.5,419650.0,13.16
2013-09-20,1723.89,1724.0,1727.25,1721.25,66090.0,13.12
2013-09-23,1692.75,1706.5,1707.5,1689.5,1670000.0,14.31
2013-09-24,1692.5,1693.25,1701.0,1687.5,1500000.0,14.08
2013-09-25,1685.75,1692.25,1695.0,1684.5,1640000.0,14.01
2013-09-26,1692.5,1686.5,1697.5,1685.75,1470000.0,14.06
2013-09-27,1686.5,1694.5,1695.5,1680.0,1430000.0,15.46
2013-09-30,1674.25,1675.0,1681.0,1666.75,2150000.0,16.6
2013-10-01,1689.5,1678.5,1692.25,1675.25,1760000.0,15.54
2013-10-02,1683.0,1691.5,1691.75,1673.25,1700000.0,16.6
2013-10-03,1669.75,1683.0,1684.75,1663.25,2260000.0,17.67
2013-10-04,1684.75,1668.0,1686.0,1667.5,1510000.0,16.74
2013-10-07,1667.75,1676.75,1679.5,1666.5,1600000.0,19.41
2013-10-08,1650.5,1667.0,1671.5,1646.0,2350000.0,20.34
2013-10-09,1648.75,1648.0,1658.25,1640.0,2490000.0,19.6
2013-10-10,1685.0,1648.5,1687.75,1648.0,2290000.0,16.48
2013-10-11,1699.0,1683.0,1700.25,1673.0,1560000.0,15.72
2013-10-14,1704.25,1684.0,1706.75,1680.75,1510000.0,16.07
2013-10-15,1692.0,1706.25,1709.75,1689.5,1870000.0,18.66
2013-10-16,1713.25,1694.25,1717.0,1691.25,1800000.0,14.71
2013-10-17,1727.75,1712.0,1728.75,1706.25,1670000.0,13.48
2013-10-18,1736.5,1727.5,1740.25,1727.0,1540000.0,13.04
2013-10-21,1738.25,1738.0,1742.5,1734.75,1140000.0,13.16
2013-10-22,1749.5,1737.75,1754.5,1736.0,1840000.0,13.33
2013-10-23,1741.75,1749.5,1749.5,1734.5,1520000.0,13.42
2013-10-24,1748.5,1742.75,1751.75,1740.0,1250000.0,13.2
2013-10-25,1754.0,1748.0,1755.75,1742.75,1250000.0,13.09
2013-10-28,1759.0,1753.75,1762.25,1751.5,1160000.0,13.31
2013-10-29,1767.5,1759.0,1768.75,1754.5,1190000.0,13.41
2013-10-30,1760.5,1768.25,1773.25,1751.75,1780000.0,13.65
2013-10-31,1751.0,1757.75,1764.0,1750.25,1890000.0,13.75
2013-11-01,1754.75,1755.5,1761.25,1747.0,1600000.0,13.28
2013-11-04,1763.0,1754.0,1764.0,1753.25,1010000.0,12.93
2013-11-05,1756.5,1762.75,1764.0,1750.5,1480000.0,13.27
2013-11-06,1765.5,1757.25,1770.0,1755.75,1320000.0,12.67
2013-11-07,1745.25,1763.75,1774.5,1742.25,2460000.0,13.91
2013-11-08,1766.0,1744.75,1768.0,1736.5,2069999.9999999998,12.9
2013-11-11,1767.5,1767.0,1770.25,1762.75,960010.0,12.53
2013-11-12,1765.0,1767.75,1769.75,1758.5,1420000.0,12.82
2013-11-13,1778.75,1764.75,1782.25,1754.25,1680000.0,12.52
2013-11-14,1787.75,1779.75,1789.0,1777.25,1580000.0,12.37
2013-11-15,1793.5,1787.75,1796.0,1786.5,1230000.0,12.19
2013-11-18,1788.75,1793.5,1799.75,1784.75,1560000.0,13.1
2013-11-19,1785.25,1789.5,1793.75,1782.0,1590000.0,13.39
2013-11-20,1779.75,1785.5,1794.25,1774.5,2069999.9999999998,13.4
2013-11-21,1793.75,1779.5,1795.5,1775.75,1390000.0,12.66
2013-11-22,1801.25,1793.25,1803.25,1792.0,1240000.0,12.26
2013-11-25,1802.5,1802.0,1809.25,1798.5,1110000.0,12.79
2013-11-26,1802.0,1801.25,1807.0,1798.75,1100000.0,12.81
2013-11-27,1804.25,1802.0,1807.5,1801.25,849590.0,12.98
2013-11-29,1804.0,1804.5,1812.5,1802.75,818600.0,13.7
2013-12-02,1799.75,1806.25,1809.0,1797.0,1330000.0,14.23
2013-12-03,1791.5,1800.25,1801.75,1786.25,1730000.0,14.55
2013-12-04,1791.75,1792.0,1799.5,1777.75,2110000.0,14.7
2013-12-05,1784.0,1792.5,1794.25,1782.0,1580000.0,15.08
2013-12-06,1805.0,1784.5,1806.0,1784.25,1760000.0,13.79
2013-12-09,1809.0,1806.5,1811.5,1804.75,1060000.0,13.49
2013-12-10,1803.0,1809.25,1811.5,1801.0,1170000.0,13.91
2013-12-11,1780.75,1804.25,1808.0,1779.25,2000000.0,15.42
2013-12-12,1775.0,1780.75,1784.0,1771.75,1830000.0,15.54
2013-12-13,1774.75,1773.5,1783.0,1771.75,994290.0,15.76
2013-12-16,1786.5,1774.75,1792.5,1760.25,869480.0,16.03
2013-12-17,1779.25,1784.75,1789.0,1776.5,748120.0,16.21
2013-12-18,1810.75,1778.25,1812.75,1767.25,711560.0,13.8
2013-12-19,1808.5,1810.0,1813.0,1801.25,387390.0,14.15
2013-12-20,1812.89,1808.75,1813.0,1808.75,47700.0,13.79
2013-12-23,1822.75,1817.0,1824.5,1816.75,737150.0,13.04
2013-12-24,1829.0,1822.75,1829.5,1820.5,314410.0,12.48
2013-12-26,1836.5,1830.0,1837.75,1829.75,438940.0,12.33
2013-12-27,1836.5,1836.5,1840.0,1833.25,622700.0,12.46
2013-12-30,1834.75,1836.0,1838.5,1833.5,581580.0,13.56
2013-12-31,1841.0,1835.5,1846.5,1834.25,653060.0,13.72
2014-01-02,1826.5,1837.75,1840.75,1821.75,1240000.0,14.23
2014-01-03,1825.5,1827.25,1833.0,1820.5,961600.0,13.76
2014-01-06,1820.75,1824.0,1832.5,1817.25,1370000.0,13.55
2014-01-07,1830.75,1819.75,1834.75,1819.5,1160000.0,12.92
2014-01-08,1832.5,1830.75,1834.75,1825.5,1330000.0,12.87
2014-01-09,1833.0,1831.75,1839.0,1824.25,1320000.0,12.89
2014-01-10,1837.75,1833.25,1842.5,1826.25,1460000.0,12.14
2014-01-13,1815.0,1838.5,1838.75,1809.5,1710000.0,13.28
2014-01-14,1833.0,1815.75,1834.25,1812.75,1600000.0,12.28
2014-01-15,1841.5,1833.0,1845.75,1831.5,1260000.0,12.28
2014-01-16,1836.25,1841.5,1843.75,1834.5,952500.0,12.53
2014-01-17,1834.25,1838.0,1842.75,1829.25,1180000.0,12.44
2014-01-21,1838.5,1834.0,1844.0,1826.25,1330000.0,12.87
2014-01-22,1838.5,1837.5,1843.25,1834.75,941600.0,12.84
2014-01-23,1824.25,1839.0,1844.0,1813.75,1820000.0,13.77
2014-01-24,1782.0,1824.0,1828.0,1780.0,2570000.0,18.14
2014-01-27,1775.75,1781.75,1792.0,1767.0,2780000.0,17.42
2014-01-28,1788.25,1771.25,1797.0,1771.0,1730000.0,15.8
2014-01-29,1771.25,1796.0,1801.25,1764.0,2740000.0,17.35
2014-01-30,1781.25,1770.0,1793.75,1767.75,1820000.0,17.29
2014-01-31,1776.5,1783.5,1788.25,1761.25,2390000.0,18.41
2014-02-03,1732.75,1777.5,1783.75,1732.25,3030000.0,21.44
2014-02-04,1743.75,1738.25,1753.5,1734.0,2330000.0,19.11
2014-02-05,1744.0,1744.25,1750.75,1732.0,2080000.0,19.95
2014-02-06,1766.5,1744.75,1769.75,1744.0,1740000.0,17.23
2014-02-07,1793.5,1768.0,1794.0,1758.25,2340000.0,15.29
2014-02-10,1794.75,1793.0,1796.0,1786.25,1150000.0,15.26
2014-02-11,1813.5,1795.25,1819.5,1794.25,1760000.0,14.51
2014-02-12,1817.0,1813.25,1823.25,1811.25,1390000.0,14.3
2014-02-13,1824.25,1816.75,1827.0,1802.25,1650000.0,14.14
2014-02-14,1835.0,1823.75,1838.75,1816.0,1370000.0,13.57
2014-02-18,1837.5,1833.5,1840.25,1831.5,1210000.0,13.87
2014-02-19,1825.5,1837.25,1844.5,1823.25,1770000.0,15.5
2014-02-20,1836.25,1826.0,1840.25,1817.25,1610000.0,14.79
2014-02-21,1834.25,1836.0,1844.0,1832.75,1320000.0,14.68
2014-02-24,1846.0,1835.25,1856.75,1829.25,1610000.0,14.23
2014-02-25,1846.25,1844.75,1851.0,1837.25,1570000.0,13.67
2014-02-26,1842.0,1847.5,1853.25,1838.0,1460000.0,14.35
2014-02-27,1854.0,1843.75,1855.75,1832.75,1620000.0,14.04
2014-02-28,1857.5,1854.5,1866.5,1845.25,2110000.0,14.0
2014-03-03,1843.0,1846.0,1849.5,1832.25,2380000.0,16.0
2014-03-04,1871.5,1843.75,1874.75,1843.5,1750000.0,14.1
2014-03-05,1872.5,1870.75,1875.5,1867.75,1250000.0,13.89
2014-03-06,1876.25,1873.75,1881.0,1871.0,1280000.0,14.21
2014-03-07,1878.0,1876.25,1887.5,1869.25,1760000.0,14.11
2014-03-10,1877.25,1875.5,1878.75,1865.75,1170000.0,14.2
2014-03-11,1865.25,1876.25,1882.25,1863.0,1610000.0,14.8
2014-03-12,1867.75,1864.75,1869.0,1853.75,1670000.0,14.47
2014-03-13,1846.75,1868.75,1875.0,1841.5,2350000.0,16.22
2014-03-14,1840.0,1847.25,1853.0,1839.0,1310000.0,17.82
2014-03-17,1857.75,1839.5,1862.75,1830.5,797420.0,15.64
2014-03-18,1870.75,1858.75,1874.0,1852.5,871090.0,14.52
2014-03-19,1859.75,1871.0,1874.5,1849.5,640710.0,15.12
2014-03-20,1873.75,1858.5,1874.25,1852.5,344340.0,14.52
2014-03-21,1893.3,1873.0,1882.0,1870.75,47870.0,15.0
2014-03-24,1849.5,1855.5,1866.0,1841.25,1840000.0,15.09
2014-03-25,1859.25,1850.25,1864.5,1848.0,1660000.0,14.02
2014-03-26,1842.5,1859.0,1868.75,1841.5,1900000.0,14.93
2014-03-27,1840.5,1845.0,1848.5,1834.0,2029999.9999999998,14.62
2014-03-28,1850.5,1843.5,1859.5,1841.5,1500000.0,14.41
2014-03-31,1864.5,1855.0,1868.0,1855.0,1570000.0,13.88
2014-04-01,1877.75,1864.5,1878.75,1862.25,1210000.0,13.1
2014-04-02,1883.0,1877.75,1886.25,1876.25,1180000.0,13.09
2014-04-03,1883.0,1882.75,1887.5,1875.5,1240000.0,13.37
2014-04-04,1860.0,1884.25,1892.5,1855.75,2500000.0,13.96
2014-04-07,1838.0,1861.0,1861.75,1834.5,2180000.0,15.57
2014-04-08,1845.0,1840.0,1849.0,1830.75,1850000.0,14.89
2014-04-09,1864.75,1845.0,1866.5,1843.75,1410000.0,13.82
2014-04-10,1827.0,1865.75,1867.5,1823.75,2380000.0,15.89
2014-04-11,1811.75,1829.5,1832.0,1807.25,2530000.0,17.03
2014-04-14,1824.5,1806.0,1828.0,1803.25,1890000.0,16.11
2014-04-15,1839.5,1825.0,1844.0,1809.25,2610000.0,15.61
2014-04-16,1852.75,1842.75,1857.0,1840.5,1640000.0,14.18
2014-04-17,1858.0,1852.5,1863.75,1847.25,1250000.0,13.36
2014-04-21,1864.5,1859.25,1865.5,1856.5,533890.0,13.25
2014-04-22,1874.0,1864.25,1878.75,1860.75,1110000.0,13.19
2014-04-23,1873.0,1873.0,1880.75,1867.5,1000000.0,13.27
2014-04-24,1873.0,1879.0,1882.5,1863.75,1580000.0,13.32
2014-04-25,1860.0,1872.5,1873.75,1853.0,1510000.0,14.06
2014-04-28,1866.0,1861.75,1871.75,1844.0,2069999.9999999998,13.97
2014-04-29,1871.75,1866.0,1875.25,1865.0,1220000.0,13.71
2014-04-30,1878.0,1870.5,1880.25,1866.25,1500000.0,13.41
2014-05-01,1877.75,1879.5,1882.75,1871.5,938350.0,13.25
2014-05-02,1874.5,1878.75,1886.0,1872.0,1720000.0,12.91
2014-05-05,1875.75,1875.5,1880.0,1860.5,1180000.0,13.29
2014-05-06,1864.25,1877.5,1881.5,1861.75,1380000.0,13.8
2014-05-07,1874.25,1864.0,1875.75,1854.5,2000000.0,13.4
2014-05-08,1872.25,1874.75,1884.75,1865.0,1750000.0,13.43
2014-05-09,1873.5,1870.25,1875.0,1862.5,1480000.0,12.92
2014-05-12,1892.75,1874.0,1894.0,1874.0,1180000.0,12.23
2014-05-13,1894.25,1893.5,1898.5,1892.0,1080000.0,12.13
2014-05-14,1885.25,1894.75,1897.25,1882.25,1190000.0,12.17
2014-05-15,1867.25,1885.75,1888.5,1859.0,2250000.0,13.17
2014-05-16,1874.75,1867.0,1875.75,1861.25,1520000.0,12.44
2014-05-19,1882.25,1876.25,1883.0,1865.75,1040000.0,12.42
2014-05-20,1868.0,1881.5,1884.5,1864.75,1560000.0,12.96
2014-05-21,1885.0,1868.5,1886.5,1866.5,1360000.0,11.91
2014-05-22,1890.25,1883.75,1894.0,1882.75,1030000.0,12.03
2014-05-23,1897.0,1890.25,1899.25,1889.5,761560.0,11.36
2014-05-27,1909.25,1898.0,1910.0,1897.0,922500.0,11.51
2014-05-28,1909.0,1909.75,1914.0,1904.5,1060000.0,11.68
2014-05-29,1918.0,1909.75,1918.0,1907.25,981820.0,11.57
2014-05-30,1921.5,1917.0,1922.25,1914.25,1170000.0,11.4
2014-06-02,1921.75,1921.25,1924.25,1913.75,1050000.0,11.58
2014-06-03,1922.0,1921.5,1923.5,1916.0,948000.0,11.87
2014-06-04,1925.75,1922.75,1927.0,1916.0,917110.0,12.08
2014-06-05,1938.5,1925.5,1940.75,1921.0,1680000.0,11.68
2014-06-06,1949.25,1938.5,1949.75,1937.75,1210000.0,10.73
2014-06-09,1950.25,1949.25,1954.75,1945.75,1030000.0,11.15
2014-06-10,1950.5,1949.25,1951.75,1943.0,1040000.0,10.99
2014-06-11,1944.0,1950.75,1951.0,1938.5,1350000.0,11.6
2014-06-12,1930.5,1943.75,1947.75,1924.75,1670000.0,12.56
2014-06-13,1935.75,1930.75,1937.0,1926.5,945290.0,12.18
2014-06-16,1936.5,1934.25,1940.75,1926.5,866800.0,12.65
2014-06-17,1941.5,1936.5,1943.5,1931.25,881100.0,12.06
2014-06-18,1957.0,1941.5,1958.0,1938.0,522409.99999999994,10.61
2014-06-19,1958.5,1956.0,1960.25,1952.25,369580.0,10.62
2014-06-20,1964.52,1957.5,1970.0,1956.75,61300.0,10.85
2014-06-23,1953.0,1952.75,1959.75,1950.0,1020000.0,10.98
2014-06-24,1943.25,1951.25,1960.0,1939.75,1530000.0,12.13
2014-06-25,1949.5,1942.25,1953.25,1937.25,1530000.0,11.59
2014-06-26,1948.75,1948.75,1952.5,1936.25,1490000.0,11.63
2014-06-27,1952.0,1948.25,1954.0,1942.75,1180000.0,11.26
2014-06-30,1952.5,1951.75,1956.75,1948.0,1160000.0,11.57
2014-07-01,1965.75,1954.5,1971.75,1953.5,1460000.0,11.15
2014-07-02,1967.75,1966.25,1970.0,1964.5,920980.0,10.82
2014-07-03,1977.5,1968.0,1978.25,1966.0,846130.0,10.32
2014-07-07,1971.0,1975.75,1977.5,1967.25,1150000.0,11.33
2014-07-08,1960.5,1970.5,1970.75,1952.75,1780000.0,11.98
2014-07-09,1967.25,1960.5,1968.25,1958.25,1390000.0,11.65
2014-07-10,1957.75,1967.5,1968.25,1945.25,1970000.0,12.59
2014-07-11,1962.5,1957.25,1963.5,1953.0,1360000.0,12.08
2014-07-14,1971.0,1962.75,1974.0,1962.5,1000000.0,11.82
2014-07-15,1968.0,1971.25,1976.25,1958.75,1910000.0,11.96
2014-07-16,1974.75,1968.0,1978.0,1967.0,1320000.0,11.0
2014-07-17,1953.5,1971.25,1976.0,1948.5,2440000.0,14.54
2014-07-18,1971.5,1949.25,1974.25,1942.5,1800000.0,12.06
2014-07-21,1966.25,1970.25,1971.5,1959.0,1410000.0,12.81
2014-07-22,1975.0,1965.75,1980.5,1965.25,1270000.0,12.24
2014-07-23,1980.75,1973.0,1983.5,1972.75,1150000.0,11.52
2014-07-24,1980.75,1981.0,1985.75,1976.75,1170000.0,11.84
2014-07-25,1971.5,1978.75,1980.75,1968.0,1430000.0,12.69
2014-07-28,1973.0,1970.75,1976.0,1960.75,1370000.0,12.56
2014-07-29,1963.0,1972.5,1979.5,1962.0,1510000.0,13.28
2014-07-30,1965.0,1964.25,1974.25,1956.5,1770000.0,13.33
2014-07-31,1924.75,1965.0,1965.5,1923.5,2770000.0,16.95
2014-08-01,1918.5,1926.0,1932.25,1910.25,2890000.0,17.03
2014-08-04,1932.0,1919.5,1937.5,1914.75,1610000.0,15.12
2014-08-05,1913.0,1931.0,1933.25,1907.5,2140000.0,16.87
2014-08-06,1914.75,1914.75,1923.5,1903.0,1710000.0,16.37
2014-08-07,1905.25,1914.75,1925.75,1899.75,1950000.0,16.66
2014-08-08,1923.75,1905.25,1928.25,1890.25,1900000.0,15.77
2014-08-11,1932.5,1923.5,1941.0,1923.25,1180000.0,14.23
2014-08-12,1930.5,1934.0,1938.75,1923.5,1230000.0,14.13
2014-08-13,1944.75,1932.25,1946.5,1930.75,1120000.0,12.9
2014-08-14,1953.5,1946.0,1955.0,1942.0,967190.0,12.42
2014-08-15,1952.5,1954.25,1961.0,1937.25,1810000.0,13.15
2014-08-18,1967.5,1955.75,1969.0,1955.75,890470.0,12.32
2014-08-19,1977.25,1968.5,1979.75,1968.25,868380.0,12.21
2014-08-20,1983.25,1977.75,1986.0,1973.0,1060000.0,11.78
2014-08-21,1989.5,1982.75,1992.0,1980.75,841550.0,11.76
2014-08-22,1987.75,1989.75,1991.5,1981.5,1120000.0,11.47
2014-08-25,1995.0,1990.0,1999.75,1988.75,853070.0,11.7
2014-08-26,1998.5,1994.5,2002.75,1992.25,878010.0,11.63
2014-08-27,1997.0,1999.25,2000.5,1993.5,761370.0,11.78
2014-08-28,1996.75,1996.75,1999.5,1987.5,1090000.0,12.05
2014-08-29,2001.5,1999.25,2003.75,1992.25,1040000.0,11.98
2014-09-02,1999.75,1999.0,2006.25,1992.75,1240000.0,12.25
2014-09-03,1998.75,2000.5,2011.0,1996.25,1300000.0,12.36
2014-09-04,1997.75,1998.75,2010.0,1990.75,1520000.0,12.64
2014-09-05,2006.0,1999.0,2007.75,1988.25,1690000.0,12.09
2014-09-08,2000.5,2006.5,2006.75,1994.0,1210000.0,12.66
2014-09-09,1989.75,2000.25,2003.0,1983.25,1770000.0,13.5
2014-09-10,1995.0,1989.5,1996.25,1981.5,1590000.0,12.88
2014-09-11,1997.0,1994.5,1999.5,1985.0,1740000.0,12.8
2014-09-12,1984.75,1999.25,1999.25,1979.5,1250000.0,13.31
2014-09-15,1984.25,1981.75,1987.25,1972.0,854380.0,14.12
2014-09-16,1999.5,1984.75,2002.5,1978.5,884640.0,12.73
2014-09-17,2001.5,1999.5,2010.75,1991.25,623840.0,12.65
2014-09-18,2012.25,2003.5,2014.5,2001.0,333680.0,12.03
2014-09-19,2022.46,2013.5,2022.5,2013.25,75630.0,12.11
2014-09-22,1986.25,2002.0,2006.5,1981.75,1580000.0,13.69
2014-09-23,1972.25,1984.0,1988.0,1968.25,1630000.0,14.93
2014-09-24,1991.0,1969.75,1992.5,1969.5,1570000.0,13.27
2014-09-25,1961.5,1990.75,1991.5,1957.75,2320000.0,15.64
2014-09-26,1976.0,1961.0,1979.25,1956.5,1680000.0,14.85
2014-09-29,1969.5,1974.75,1977.0,1955.5,1790000.0,15.98
2014-09-30,1965.5,1968.75,1978.25,1960.5,1990000.0,16.31
2014-10-01,1940.75,1961.0,1967.0,1933.75,2450000.0,16.71
2014-10-02,1938.5,1940.75,1945.75,1918.25,2720000.0,16.16
2014-10-03,1960.25,1938.5,1964.5,1935.75,1560000.0,14.55
2014-10-06,1956.0,1961.0,1971.0,1950.5,1730000.0,15.46
2014-10-07,1928.0,1953.25,1956.25,1924.25,2170000.0,17.2
2014-10-08,1961.75,1926.25,1964.0,1918.0,2520000.0,15.11
2014-10-09,1925.0,1961.5,1968.5,1915.25,3100000.0,18.76
2014-10-10,1894.25,1917.0,1931.25,1893.25,3070000.0,21.24
2014-10-13,1865.5,1892.0,1906.0,1863.75,2950000.0,24.64
2014-10-14,1874.75,1866.25,1892.75,1864.75,3110000.0,22.79
2014-10-15,1846.75,1878.25,1883.25,1813.0,4660000.0,26.25
2014-10-16,1850.5,1846.75,1869.75,1815.25,3370000.0,25.2
2014-10-17,1881.0,1853.0,1891.75,1851.0,2580000.0,21.99
2014-10-20,1900.0,1884.0,1904.5,1872.25,1650000.0,18.57
2014-10-21,1938.0,1903.5,1939.75,1885.75,2240000.0,16.08
2014-10-22,1925.0,1938.25,1943.75,1920.25,2020000.0,17.87
2014-10-23,1946.0,1924.5,1956.25,1922.25,2009999.9999999998,16.53
2014-10-24,1959.75,1946.0,1961.25,1931.75,1600000.0,16.11
2014-10-27,1957.0,1960.25,1965.75,1944.5,1450000.0,16.04
2014-10-28,1980.0,1957.75,1980.75,1956.75,1570000.0,14.39
2014-10-29,1972.25,1976.0,1985.75,1962.0,1900000.0,15.15
2014-10-30,1988.5,1971.75,1994.25,1959.25,1980000.0,14.52
2014-10-31,2011.5,1987.75,2016.75,1986.75,1920000.0,14.03
2014-11-03,2011.0,2011.25,2019.25,2007.0,1360000.0,14.73
2014-11-04,2005.5,2010.5,2013.75,1995.25,1520000.0,14.89
2014-11-05,2018.75,2006.25,2020.5,2003.75,1570000.0,14.17
2014-11-06,2028.0,2018.5,2029.25,2010.75,1430000.0,13.67
2014-11-07,2026.0,2027.25,2033.5,2020.5,1280000.0,13.12
2014-11-10,2034.0,2025.75,2035.0,2021.0,967810.0,12.67
2014-11-11,2036.5,2033.75,2039.0,2031.0,779710.0,12.92
2014-11-12,2036.0,2036.5,2037.25,2026.75,1080000.0,13.02
2014-11-13,2034.0,2034.75,2043.75,2026.75,1540000.0,13.79
2014-11-14,2038.0,2033.0,2039.75,2032.0,1050000.0,13.31
2014-11-17,2039.75,2038.5,2040.5,2025.25,1060000.0,13.99
2014-11-18,2048.5,2039.25,2054.0,2035.75,1150000.0,13.86
2014-11-19,2047.25,2048.75,2050.5,2037.75,1190000.0,13.96
2014-11-20,2052.0,2047.0,2052.75,2035.25,1130000.0,13.58
2014-11-21,2061.75,2052.25,2072.25,2049.75,1630000.0,12.9
2014-11-24,2067.5,2062.25,2069.0,2060.75,793920.0,12.62
2014-11-25,2067.5,2067.25,2073.0,2062.75,977860.0,12.25
2014-11-26,2072.25,2068.25,2075.25,2065.25,743540.0,12.07
2014-11-28,2066.25,2074.0,2074.75,2063.5,783120.0,13.33
2014-12-01,2050.75,2063.25,2064.0,2048.25,1470000.0,14.29
2014-12-02,2066.0,2051.0,2068.0,2050.75,1150000.0,12.85
2014-12-03,2072.5,2066.5,2076.0,2063.25,925310.0,12.47
2014-12-04,2072.0,2073.0,2077.25,2061.25,1370000.0,12.38
2014-12-05,2076.0,2071.75,2079.0,2068.5,1150000.0,11.82
2014-12-08,2059.5,2075.75,2077.5,2053.75,1410000.0,14.21
2014-12-09,2057.5,2060.25,2062.25,2033.25,1890000.0,14.89
2014-12-10,2026.5,2057.75,2060.0,2023.25,2380000.0,18.53
2014-12-11,2031.0,2026.25,2056.5,2023.75,2260000.0,20.08
2014-12-12,1997.25,2029.5,2032.25,1996.5,1490000.0,21.08
2014-12-15,1990.0,1998.75,2019.25,1981.5,1130000.0,20.42
2014-12-16,1971.5,1991.25,2018.0,1968.25,1220000.0,23.57
2014-12-17,2014.25,1973.5,2017.0,1972.75,785290.0,19.44
2014-12-18,2065.0,2013.75,2068.0,2010.75,538250.0,16.81
2014-12-19,2061.01,2066.0,2079.75,2061.25,82350.0,16.49
2014-12-22,2072.5,2065.0,2076.0,2064.0,858550.0,15.25
2014-12-23,2079.0,2073.0,2084.5,2071.5,777810.0,14.8
2014-12-24,2078.75,2078.75,2083.5,2077.0,235050.0,14.37
2014-12-26,2084.25,2078.75,2088.75,2078.5,309280.0,14.5
2014-12-29,2085.75,2086.0,2088.75,2076.0,636350.0,15.06
2014-12-30,2076.75,2087.5,2088.5,2073.0,718030.0,15.92
2014-12-31,2052.5,2076.25,2082.75,2050.75,836220.0,19.2
2015-01-02,2046.25,2055.0,2067.25,2038.75,1360000.0,17.79
2015-01-05,2016.0,2045.75,2048.25,2009.5,2029999.9999999998,19.92
2015-01-06,1994.5,2019.0,2023.5,1984.25,2350000.0,21.12
2015-01-07,2019.5,1996.5,2023.75,1995.75,1760000.0,19.31
2015-01-08,2055.0,2020.5,2058.5,2020.25,1560000.0,17.01
2015-01-09,2035.25,2053.75,2062.0,2031.25,1910000.0,17.55
2015-01-12,2022.5,2034.5,2048.25,2015.25,1620000.0,19.6
2015-01-13,2016.0,2023.75,2051.75,2001.0,2500000.0,20.56
2015-01-14,2007.5,2017.25,2019.5,1981.25,2520000.0,21.48
2015-01-15,1989.0,2009.75,2027.25,1978.25,2260000.0,22.39
2015-01-16,2013.0,1980.75,2014.25,1970.25,2020000.0,20.95
2015-01-20,2016.75,2013.5,2026.5,1997.5,1810000.0,19.89
2015-01-21,2026.5,2015.75,2032.75,2005.25,1640000.0,18.85
2015-01-22,2056.5,2026.75,2059.25,2019.25,1830000.0,16.4
2015-01-23,2044.0,2056.5,2062.5,2042.25,1350000.0,16.66
2015-01-26,2053.5,2035.0,2055.0,2025.5,1260000.0,15.52
2015-01-27,2030.0,2054.0,2054.75,2013.25,1960000.0,17.22
2015-01-28,1991.5,2036.5,2046.5,1991.25,2089999.9999999998,20.44
2015-01-29,2018.5,1993.5,2020.0,1982.0,2120000.0,18.76
2015-01-30,1988.5,2019.25,2020.5,1986.25,2350000.0,20.97
2015-02-02,2017.0,1990.5,2018.5,1973.75,2040000.0,19.43
2015-02-03,2042.0,2015.0,2044.0,2007.0,1710000.0,17.33
2015-02-04,2030.0,2040.5,2049.25,2022.75,1700000.0,18.33
2015-02-05,2055.0,2025.0,2058.75,2020.75,1340000.0,16.85
2015-02-06,2053.0,2056.25,2068.0,2044.5,788330.0,17.29
2015-02-09,2042.5,2050.0,2051.75,2036.5,878100.0,18.55
2015-02-10,2062.25,2043.75,2066.5,2040.5,1400000.0,17.23
2015-02-11,2065.75,2062.75,2079.5,2053.25,1300000.0,16.96
2015-02-12,2084.0,2071.5,2085.5,2058.5,1430000.0,15.34
2015-02-13,2093.5,2083.0,2095.0,2081.5,1220000.0,14.69
2015-02-17,2096.0,2091.25,2098.75,2080.75,1230000.0,15.8
2015-02-18,2095.5,2096.5,2098.5,2088.5,1090000.0,15.45
2015-02-19,2095.25,2095.25,2099.5,2087.25,1140000.0,15.29
2015-02-20,2107.0,2096.0,2108.75,2082.25,1650000.0,14.3
2015-02-23,2106.75,2107.25,2108.25,2099.75,849700.0,14.56
2015-02-24,2113.75,2106.25,2115.75,2102.75,1080000.0,13.69
2015-02-25,2110.25,2113.75,2117.75,2107.25,974710.0,13.84
2015-02-26,2110.0,2110.5,2114.75,2101.5,1180000.0,13.91
2015-02-27,2102.75,2109.5,2111.0,2100.75,1210000.0,13.34
2015-03-02,2114.0,2104.0,2115.5,2100.5,1080000.0,13.04
2015-03-03,2104.75,2114.0,2114.5,2095.5,1360000.0,13.86
2015-03-04,2096.5,2104.75,2104.75,2085.25,1490000.0,14.23
2015-03-05,2099.75,2096.5,2103.5,2093.25,1100000.0,14.04
2015-03-06,2070.75,2099.5,2103.5,2065.5,1900000.0,15.2
2015-03-09,2077.75,2073.5,2082.5,2066.0,1190000.0,15.06
2015-03-10,2042.0,2077.5,2078.0,2041.25,1900000.0,16.69
2015-03-11,2039.5,2044.25,2052.25,2038.25,1710000.0,16.87
2015-03-12,2064.0,2042.0,2066.5,2038.25,1630000.0,15.42
2015-03-13,2049.75,2064.25,2068.75,2040.0,1210000.0,16.0
2015-03-16,2076.5,2050.75,2081.75,2044.5,946440.0,15.61
2015-03-17,2074.5,2074.5,2078.75,2064.25,953280.0,15.66
2015-03-18,2100.5,2074.25,2107.75,2060.5,644410.0,13.97
2015-03-19,2090.5,2101.0,2107.25,2085.0,341010.0,14.07
2015-03-20,2099.02,2088.5,2105.5,2086.5,55070.0,13.02
2015-03-23,2094.75,2097.75,2107.0,2093.25,957580.0,13.41
2015-03-24,2085.0,2094.0,2101.0,2083.0,1190000.0,13.62
2015-03-25,2053.75,2085.25,2089.25,2052.25,1780000.0,15.44
2015-03-26,2048.5,2056.0,2058.75,2033.25,1840000.0,15.8
2015-03-27,2052.5,2050.0,2057.75,2041.0,1160000.0,15.07
2015-03-30,2075.5,2052.75,2081.75,2047.25,1240000.0,14.51
2015-03-31,2060.75,2074.75,2076.75,2056.25,1600000.0,15.29
2015-04-01,2053.0,2058.0,2060.75,2033.5,1820000.0,15.11
2015-04-02,2059.5,2055.25,2064.75,2044.0,1050000.0,14.67
2015-04-06,2073.25,2039.5,2080.0,2038.75,948450.0,14.74
2015-04-07,2067.75,2071.5,2082.75,2066.0,1050000.0,14.78
2015-04-08,2076.0,2068.5,2080.25,2064.5,1220000.0,13.98
2015-04-09,2085.75,2077.75,2087.0,2066.75,1210000.0,13.09
2015-04-10,2095.5,2086.0,2096.25,2083.0,880530.0,12.58
2015-04-13,2086.5,2095.25,2101.25,2085.25,1080000.0,13.94
2015-04-14,2091.0,2087.0,2092.75,2075.75,1270000.0,13.67
2015-04-15,2099.75,2091.75,2105.5,2087.25,1050000.0,12.84
2015-04-16,2100.75,2101.5,2104.75,2089.0,1110000.0,12.6
2015-04-17,2075.5,2101.25,2101.75,2064.5,1820000.0,13.89
2015-04-20,2091.0,2081.0,2097.5,2078.5,1120000.0,13.3
2015-04-21,2091.0,2089.5,2105.25,2087.25,1050000.0,13.25
2015-04-22,2100.25,2092.0,2103.75,2080.25,1190000.0,12.71
2015-04-23,2107.0,2099.25,2114.5,2087.5,1360000.0,12.48
2015-04-24,2111.75,2107.5,2114.75,2103.0,958310.0,12.29
2015-04-27,2104.75,2113.25,2119.75,2100.25,1210000.0,13.12
2015-04-28,2112.0,2103.75,2112.5,2088.25,1480000.0,12.41
2015-04-29,2099.0,2110.75,2112.5,2090.5,1740000.0,13.39
2015-04-30,2079.0,2098.25,2102.0,2070.25,2029999.9999999998,14.55
2015-05-01,2101.5,2082.75,2102.5,2080.5,1020000.0,12.7
2015-05-04,2109.25,2101.75,2115.0,2098.0,1000000.0,12.85
2015-05-05,2084.0,2109.5,2111.75,2081.5,1590000.0,14.31
2015-05-06,2074.25,2085.5,2093.75,2061.25,1760000.0,15.15
2015-05-07,2084.25,2074.75,2088.25,2057.0,1440000.0,15.13
2015-05-08,2108.5,2085.25,2113.5,2084.0,1380000.0,12.86
2015-05-11,2097.75,2110.0,2113.5,2095.75,1150000.0,13.85
2015-05-12,2095.0,2097.75,2101.0,2079.25,1480000.0,13.86
2015-05-13,2094.5,2096.25,2106.5,2091.5,1340000.0,13.76
2015-05-14,2117.5,2096.0,2118.25,2092.0,1100000.0,12.74
2015-05-15,2119.0,2117.25,2122.75,2113.25,1020000.0,12.38
2015-05-18,2126.0,2119.25,2128.75,2112.25,917100.0,12.73
2015-05-19,2124.5,2126.75,2134.0,2121.25,1000000.0,12.85
2015-05-20,2122.5,2124.25,2132.25,2119.25,1010000.0,12.88
2015-05-21,2128.0,2120.75,2132.0,2115.0,794480.0,12.11
2015-05-22,2124.5,2129.25,2131.0,2122.75,765940.0,12.13
2015-05-26,2105.0,2124.5,2127.0,2096.0,1590000.0,14.06
2015-05-27,2121.0,2105.75,2124.25,2101.25,1290000.0,13.27
2015-05-28,2121.75,2120.0,2122.75,2110.5,1080000.0,13.31
2015-05-29,2106.0,2121.75,2122.75,2102.25,1690000.0,13.84
2015-06-01,2109.25,2107.0,2117.75,2100.25,1340000.0,13.97
2015-06-02,2106.75,2111.0,2116.0,2094.0,1440000.0,14.24
2015-06-03,2116.0,2107.0,2120.75,2106.75,1310000.0,13.66
2015-06-04,2099.0,2116.25,2116.5,2091.25,1720000.0,14.71
2015-06-05,2092.25,2098.75,2102.75,2083.5,1460000.0,14.21
2015-06-08,2078.25,2092.0,2093.25,2076.25,1290000.0,15.29
2015-06-09,2080.0,2080.0,2084.75,2068.75,1450000.0,14.47
2015-06-10,2107.0,2080.75,2108.0,2080.0,1670000.0,13.22
2015-06-11,2109.25,2106.0,2114.75,2103.25,1480000.0,12.85
2015-06-12,2093.0,2109.0,2109.25,2090.25,1130000.0,13.78
2015-06-15,2084.0,2087.0,2089.75,2071.25,1080000.0,15.39
2015-06-16,2097.5,2083.5,2098.25,2070.5,795760.0,14.81
2015-06-17,2097.5,2097.75,2107.0,2087.0,550650.0,14.5
2015-06-18,2123.0,2097.25,2127.5,2090.5,430530.0,13.19
2015-06-19,2117.11,2123.25,2126.5,2118.25,,13.96
2015-06-22,2112.75,2105.75,2122.0,2103.5,1100000.0,12.74
2015-06-23,2116.5,2114.75,2120.5,2111.25,837130.0,12.11
2015-06-24,2099.5,2117.5,2118.5,2099.0,1160000.0,13.26
2015-06-25,2094.0,2101.25,2112.75,2092.0,1220000.0,14.01
2015-06-26,2095.75,2094.75,2100.75,2086.25,1320000.0,14.02
2015-06-29,2050.5,2064.0,2083.25,2047.25,2290000.0,18.85
2015-06-30,2054.5,2054.5,2069.0,2046.75,2380000.0,18.23
2015-07-01,2071.0,2054.5,2077.5,2054.5,1500000.0,16.09
2015-07-02,2068.75,2071.5,2079.0,2062.25,1250000.0,16.79
2015-07-06,2064.5,2037.25,2071.75,2034.25,1970000.0,17.01
2015-07-07,2073.75,2067.75,2078.0,2035.0,2530000.0,16.09
2015-07-08,2039.25,2073.0,2073.25,2036.25,2390000.0,19.66
2015-07-09,2041.25,2039.75,2068.0,2038.25,1980000.0,19.97
2015-07-10,2069.0,2044.75,2074.75,2044.75,1570000.0,16.83
2015-07-13,2094.5,2054.75,2094.75,2052.0,1330000.0,13.9
2015-07-14,2102.0,2094.0,2105.5,2090.5,955520.0,13.37
2015-07-15,2104.25,2102.5,2107.75,2095.0,1150000.0,13.23
2015-07-16,2117.0,2104.0,2118.5,2102.75,1110000.0,12.11
2015-07-17,2118.75,2117.0,2120.0,2112.75,903690.0,11.95
2015-07-20,2122.0,2118.0,2126.25,2116.5,937630.0,12.25
2015-07-21,2114.5,2121.25,2125.0,2106.75,1210000.0,12.22
2015-07-22,2108.0,2107.75,2112.0,2102.25,1220000.0,12.12
2015-07-23,2098.5,2109.25,2113.75,2091.5,1440000.0,12.64
2015-07-24,2077.5,2101.0,2104.0,2069.75,1670000.0,13.74
2015-07-27,2064.5,2078.25,2080.75,2056.5,1780000.0,15.6
2015-07-28,2087.25,2065.5,2089.0,2061.5,1730000.0,13.44
2015-07-29,2101.5,2088.0,2104.25,2084.5,1400000.0,12.5
2015-07-30,2103.75,2099.5,2104.25,2087.75,1290000.0,12.13
2015-07-31,2098.5,2101.75,2109.25,2095.25,1600000.0,12.12
2015-08-03,2091.0,2098.75,2102.5,2080.0,1510000.0,12.56
2015-08-04,2083.0,2090.5,2096.25,2081.5,1330000.0,13.0
2015-08-05,2093.75,2082.5,2107.0,2082.25,1380000.0,12.51
2015-08-06,2079.5,2094.0,2099.25,2070.0,1610000.0,13.77
2015-08-07,2073.5,2080.0,2082.75,2062.0,1600000.0,13.39
2015-08-10,2099.75,2072.0,2101.25,2071.75,1200000.0,12.23
2015-08-11,2079.75,2100.75,2101.75,2070.75,1780000.0,13.71
2015-08-12,2084.25,2080.75,2085.25,2046.5,2360000.0,13.61
2015-08-13,2080.5,2082.75,2093.0,2073.25,1500000.0,13.49
2015-08-14,2089.5,2079.25,2090.5,2073.75,1070000.0,12.83
2015-08-17,2099.25,2089.5,2100.5,2074.75,1290000.0,13.02
2015-08-18,2094.0,2098.25,2103.75,2090.25,1140000.0,13.79
2015-08-19,2072.75,2093.25,2098.0,2066.5,2290000.0,15.25
2015-08-20,2025.5,2073.5,2077.75,2024.5,2580000.0,19.14
2015-08-21,1971.5,2026.25,2029.0,1967.25,4170000.0,28.03
2015-08-24,1871.25,1964.5,1964.75,1831.0,5260000.0,40.74
2015-08-25,1872.75,1872.75,1948.5,1860.0,3660000.0,36.02
2015-08-26,1938.0,1876.0,1943.0,1850.5,3530000.0,30.32
2015-08-27,1989.25,1941.25,1990.25,1934.5,2940000.0,26.1
2015-08-28,1989.75,1988.25,1992.75,1967.25,1970000.0,26.05
2015-08-31,1969.25,1986.25,1987.75,1959.25,1880000.0,28.43
2015-09-01,1916.0,1965.5,1966.25,1898.75,2820000.0,31.4
2015-09-02,1947.0,1913.5,1949.0,1907.25,2180000.0,26.09
2015-09-03,1946.0,1947.5,1973.5,1942.0,2049999.9999999998,25.61
2015-09-04,1921.75,1947.25,1949.25,1907.75,2140000.0,27.8
2015-09-08,1965.75,1916.75,1968.75,1915.75,1880000.0,24.9
2015-09-09,1942.75,1966.5,1992.0,1935.5,2140000.0,26.23
2015-09-10,1949.5,1943.75,1967.25,1928.5,2270000.0,24.37
2015-09-11,1960.25,1949.5,1962.5,1937.25,1050000.0,23.2
2015-09-14,1954.0,1963.75,1974.25,1946.5,893370.0,24.25
2015-09-15,1979.75,1953.25,1983.0,1945.0,1030000.0,22.54
2015-09-16,1998.25,1979.75,1999.0,1972.75,595800.0,21.35
2015-09-17,1987.75,1997.0,2021.5,1982.5,522530.0,21.14
2015-09-18,1970.1,1988.0,1993.75,1954.75,85620.0,22.28
2015-09-21,1963.0,1949.25,1969.0,1938.5,1510000.0,20.14
2015-09-22,1932.0,1964.25,1965.0,1917.75,1990000.0,22.44
2015-09-23,1928.5,1930.5,1941.75,1910.5,1420000.0,22.13
2015-09-24,1918.75,1931.75,1936.25,1897.25,2220000.0,23.47
2015-09-25,1919.25,1913.25,1951.0,1910.25,2080000.0,23.62
2015-09-28,1872.0,1915.5,1929.75,1868.75,2350000.0,27.63
2015-09-29,1874.5,1876.25,1889.75,1861.0,2370000.0,26.83
2015-09-30,1908.75,1875.0,1910.5,1871.25,2220000.0,24.5
2015-10-01,1916.75,1902.5,1929.5,1890.25,2049999.9999999998,22.55
2015-10-02,1943.0,1917.0,1943.75,1883.0,2470000.0,20.94
2015-10-05,1974.75,1941.0,1980.0,1937.25,1680000.0,19.54
2015-10-06,1968.5,1973.0,1982.25,1962.5,1610000.0,19.4
2015-10-07,1987.25,1961.0,1991.25,1960.5,1940000.0,18.4
2015-10-08,2006.5,1987.75,2008.75,1971.0,1800000.0,17.42
2015-10-09,2007.5,2004.0,2014.0,1998.75,1380000.0,17.08
2015-10-12,2011.0,2005.25,2014.0,2001.75,804580.0,16.17
2015-10-13,1994.0,2012.0,2014.75,1991.25,1520000.0,17.67
2015-10-14,1984.0,1991.5,2001.75,1982.5,1780000.0,18.03
2015-10-15,2019.0,1985.75,2019.5,1985.0,1730000.0,16.05
2015-10-16,2025.5,2018.25,2026.5,2012.25,1360000.0,15.05
2015-10-19,2027.5,2024.5,2028.0,2014.25,1310000.0,14.98
2015-10-20,2020.5,2026.5,2031.5,2018.5,1280000.0,15.75
2015-10-21,2008.5,2019.75,2034.25,2007.5,1790000.0,16.7
2015-10-22,2053.0,2010.5,2056.0,2008.5,2100000.0,14.45
2015-10-23,2066.0,2054.25,2074.5,2053.25,2069999.9999999998,14.46
2015-10-26,2062.25,2066.0,2068.0,2057.5,1180000.0,15.29
2015-10-27,2060.5,2063.75,2064.75,2051.25,1240000.0,15.43
2015-10-28,2084.5,2062.0,2085.25,2055.5,1890000.0,14.33
2015-10-29,2083.0,2081.0,2086.5,2073.25,1410000.0,14.61
2015-10-30,2073.75,2084.75,2094.75,2069.75,1750000.0,15.07
2015-11-02,2095.5,2073.0,2100.0,2064.25,1280000.0,14.15
2015-11-03,2103.0,2093.25,2110.25,2089.0,1350000.0,14.54
2015-11-04,2094.75,2102.5,2109.75,2090.5,1550000.0,15.51
2015-11-05,2094.0,2095.5,2104.75,2084.0,1540000.0,15.05
2015-11-06,2093.75,2094.75,2099.0,2077.5,1850000.0,14.33
2015-11-09,2073.0,2092.0,2097.75,2062.0,1860000.0,16.52
2015-11-10,2078.0,2072.25,2079.0,2064.5,1290000.0,15.29
2015-11-11,2069.0,2076.5,2087.25,2067.75,1170000.0,16.06
2015-11-12,2040.5,2068.5,2077.5,2039.5,1810000.0,18.37
2015-11-13,2018.5,2040.5,2046.0,2011.5,2130000.0,20.08
2015-11-16,2048.0,2006.5,2051.0,1998.5,1710000.0,18.16
2015-11-17,2049.0,2047.75,2063.5,2041.5,1620000.0,18.84
2015-11-18,2079.75,2049.75,2082.5,2043.0,1540000.0,16.85
2015-11-19,2079.25,2078.25,2089.25,2075.25,1280000.0,16.99
2015-11-20,2088.75,2078.25,2094.5,2076.0,1270000.0,15.47
2015-11-23,2084.25,2089.75,2093.0,2078.25,976100.0,15.62
2015-11-24,2084.75,2083.0,2091.5,2065.5,1520000.0,15.93
2015-11-25,2088.0,2084.0,2092.5,2082.25,746320.0,15.19
2015-11-27,2090.0,2089.5,2098.25,2081.5,653390.0,15.12
2015-11-30,2079.75,2089.5,2095.0,2078.5,1390000.0,16.13
2015-12-01,2100.0,2085.5,2101.5,2083.5,1480000.0,14.67
2015-12-02,2081.5,2099.5,2105.0,2075.0,1730000.0,15.91
2015-12-03,2051.25,2083.25,2095.25,2040.0,2660000.0,18.11
2015-12-04,2088.5,2053.25,2093.0,2046.75,2270000.0,14.81
2015-12-07,2081.0,2092.25,2095.5,2064.5,1700000.0,15.84
2015-12-08,2058.75,2080.0,2081.5,2050.25,2009999.9999999998,17.6
2015-12-09,2042.0,2059.5,2079.75,2034.25,2690000.0,19.61
2015-12-10,2049.25,2045.75,2067.0,2043.75,1810000.0,19.34
2015-12-11,2009.75,2050.75,2056.25,2005.0,1580000.0,24.39
2015-12-14,2018.5,2008.0,2028.25,1992.25,1270000.0,22.73
2015-12-15,2045.5,2021.75,2054.0,2019.0,1040000.0,20.95
2015-12-16,2072.0,2046.0,2077.0,2040.0,575720.0,17.86
2015-12-17,2034.25,2069.75,2082.25,2032.5,408500.0,18.94
2015-12-18,2029.72,2033.25,2040.25,2022.0,63210.0,20.7
2015-12-21,2015.0,1997.25,2019.5,1995.25,1280000.0,18.7
2015-12-22,2036.0,2017.0,2036.5,2007.25,1140000.0,16.6
2015-12-23,2053.0,2034.0,2057.75,2030.75,1000000.0,15.57
2015-12-24,2051.25,2052.75,2059.75,2049.0,325210.0,15.74
2015-12-28,2048.75,2051.25,2054.5,2035.25,696450.0,16.91
2015-12-29,2072.75,2049.75,2074.5,2047.5,832690.0,16.08
2015-12-30,2054.5,2072.0,2075.0,2053.5,720600.0,17.29
2015-12-31,2035.5,2055.25,2057.75,2030.25,1030000.0,18.21
2016-01-04,2009.0,2037.75,2043.5,1980.25,2220000.0,20.7
2016-01-05,2011.75,2009.0,2017.0,1992.25,1690000.0,19.34
2016-01-06,1986.0,2010.75,2013.25,1970.5,2240000.0,20.59
2016-01-07,1933.0,1987.75,1991.0,1928.5,2970000.0,24.99
2016-01-08,1911.5,1936.5,1964.75,1910.0,2690000.0,27.01
2016-01-11,1914.25,1909.25,1929.0,1892.5,2490000.0,24.3
2016-01-12,1925.0,1913.5,1940.25,1899.0,2430000.0,22.47
2016-01-13,1881.5,1922.5,1946.5,1878.0,2900000.0,25.22
2016-01-14,1914.5,1883.75,1927.5,1871.0,3050000.0,23.95
2016-01-15,1875.0,1913.5,1921.0,1849.25,3440000.0,27.02
2016-01-19,1873.0,1869.75,1907.5,1856.25,2800000.0,26.05
2016-01-20,1855.0,1871.75,1878.5,1804.25,3930000.0,27.59
2016-01-21,1861.0,1854.75,1883.25,1836.25,2730000.0,26.69
2016-01-22,1899.25,1858.5,1902.25,1855.75,2110000.0,22.34
2016-01-25,1870.25,1899.5,1904.25,1855.75,1640000.0,24.15
2016-01-26,1896.0,1871.75,1899.75,1851.25,1780000.0,22.5
2016-01-27,1875.0,1885.25,1910.0,1864.5,2110000.0,23.11
2016-01-28,1880.75,1880.0,1902.5,1865.75,2250000.0,22.42
2016-01-29,1930.0,1878.75,1933.0,1876.5,2410000.0,20.2
2016-02-01,1931.25,1929.75,1940.0,1912.5,1750000.0,19.98
2016-02-02,1897.5,1928.5,1929.25,1889.0,2100000.0,21.98
2016-02-03,1908.5,1895.0,1912.25,1865.0,2850000.0,21.65
2016-02-04,1907.75,1907.75,1922.25,1890.25,2260000.0,21.84
2016-02-05,1875.25,1905.25,1914.5,1865.75,2320000.0,23.38
2016-02-08,1852.0,1876.25,1884.5,1821.75,2670000.0,26.0
2016-02-09,1848.25,1849.75,1863.75,1825.75,2790000.0,26.54
2016-02-10,1846.75,1850.0,1877.75,1838.5,2360000.0,26.29
2016-02-11,1824.5,1842.25,1847.25,1802.5,3200000.0,28.14
2016-02-12,1858.25,1827.25,1860.75,1822.5,2020000.0,25.4
2016-02-16,1888.75,1865.25,1892.75,1865.0,2029999.9999999998,24.11
2016-02-17,1922.75,1888.25,1928.0,1881.5,1850000.0,22.31
2016-02-18,1916.5,1926.75,1933.5,1911.25,1620000.0,21.64
2016-02-19,1914.5,1917.5,1922.75,1898.5,1620000.0,20.53
2016-02-22,1936.25,1911.0,1943.75,1908.25,1430000.0,19.38
2016-02-23,1916.0,1934.0,1938.0,1913.75,1600000.0,20.98
2016-02-24,1930.25,1914.0,1933.75,1886.75,2320000.0,20.72
2016-02-25,1950.5,1933.0,1951.5,1920.25,1840000.0,19.11
2016-02-26,1942.75,1949.0,1968.75,1941.25,1880000.0,19.81
2016-02-29,1929.5,1943.0,1956.25,1926.5,1830000.0,20.55
2016-03-01,1978.0,1928.0,1978.5,1920.75,2040000.0,17.7
2016-03-02,1983.5,1976.25,1984.75,1966.25,1820000.0,17.09
2016-03-03,1990.5,1981.75,1992.5,1974.75,1560000.0,16.7
2016-03-04,1995.0,1991.0,2007.5,1984.0,2250000.0,16.86
2016-03-07,1999.0,1994.5,2004.5,1984.5,1630000.0,17.35
2016-03-08,1981.0,1999.0,2000.25,1976.0,1930000.0,18.67
2016-03-09,1989.0,1981.75,1994.0,1978.0,1740000.0,18.34
2016-03-10,1988.75,1990.0,2010.25,1967.25,2740000.0,18.05
2016-03-11,2020.0,1988.5,2022.25,1987.5,1220000.0,16.5
2016-03-14,2018.75,2019.25,2024.5,2012.0,880360.0,16.92
2016-03-15,2015.75,2019.0,2019.5,2004.5,923450.0,16.84
2016-03-16,2027.0,2016.25,2032.25,2006.5,580250.0,14.99
2016-03-17,2039.75,2026.75,2046.75,2015.75,479140.0,14.44
2016-03-18,2050.07,2041.5,2048.75,2037.0,52560.0,14.02
2016-03-21,2042.75,2036.5,2044.5,2031.0,1280000.0,13.79
2016-03-22,2042.5,2043.25,2047.5,2028.75,1500000.0,14.17
2016-03-23,2028.75,2043.0,2045.25,2025.25,1560000.0,14.94
2016-03-24,2028.5,2028.0,2030.25,2012.25,1520000.0,14.74
2016-03-28,2028.0,2030.25,2039.75,2022.0,907830.0,15.24
2016-03-29,2047.5,2027.75,2049.25,2019.25,1550000.0,13.82
2016-03-30,2055.25,2048.5,2064.5,2046.75,1630000.0,13.56
2016-03-31,2051.5,2055.5,2059.75,2047.25,1740000.0,13.95
2016-04-01,2065.0,2052.75,2067.0,2035.25,2049999.9999999998,13.1
2016-04-04,2057.5,2064.0,2071.5,2054.25,1380000.0,14.12
2016-04-05,2038.75,2055.5,2055.5,2034.25,1830000.0,15.42
2016-04-06,2060.25,2042.0,2060.5,2035.0,1890000.0,14.09
2016-04-07,2035.0,2059.75,2062.0,2026.0,2049999.9999999998,16.16
2016-04-08,2040.75,2034.5,2054.25,2030.25,1770000.0,15.36
2016-04-11,2034.5,2041.0,2056.5,2032.5,1680000.0,16.26
2016-04-12,2055.75,2032.5,2058.5,2029.25,1830000.0,14.85
2016-04-13,2076.0,2055.25,2077.0,2054.0,1640000.0,13.84
2016-04-14,2076.5,2076.25,2081.75,2068.5,1360000.0,13.72
2016-04-15,2075.0,2077.75,2080.0,2069.5,1230000.0,13.62
2016-04-18,2086.75,2064.25,2088.75,2058.5,1400000.0,13.35
2016-04-19,2093.75,2085.25,2098.5,2084.75,1570000.0,13.24
2016-04-20,2098.0,2094.25,2105.25,2085.75,1460000.0,13.28
2016-04-21,2082.75,2097.75,2104.0,2078.75,1640000.0,13.95
2016-04-22,2086.0,2079.75,2089.0,2075.0,1500000.0,13.22
2016-04-25,2083.25,2091.5,2091.5,2071.0,1280000.0,14.08
2016-04-26,2088.5,2084.25,2091.25,2079.5,1230000.0,13.96
2016-04-27,2090.75,2082.25,2094.0,2076.25,1420000.0,13.77
2016-04-28,2072.5,2092.5,2094.25,2065.25,1940000.0,15.22
2016-04-29,2059.0,2073.75,2076.0,2045.75,2420000.0,15.7
2016-05-02,2074.25,2060.75,2077.5,2055.5,1310000.0,14.68
2016-05-03,2057.0,2075.5,2076.25,2048.0,1830000.0,15.6
2016-05-04,2047.0,2057.5,2060.25,2039.0,1560000.0,16.05
2016-05-05,2044.0,2046.5,2060.0,2039.5,1430000.0,15.91
2016-05-06,2052.75,2043.5,2054.5,2030.5,1810000.0,14.72
2016-05-09,2054.25,2053.0,2059.75,2048.25,1370000.0,14.57
2016-05-10,2077.5,2054.0,2079.75,2048.0,1420000.0,13.63
2016-05-11,2058.0,2077.25,2078.75,2057.5,1470000.0,14.69
2016-05-12,2058.75,2059.0,2072.75,2048.5,1800000.0,14.41
2016-05-13,2043.5,2059.25,2063.5,2038.5,1880000.0,15.04
2016-05-16,2062.75,2041.25,2068.5,2035.0,1420000.0,14.68
2016-05-17,2043.5,2062.0,2069.5,2036.75,1990000.0,15.57
2016-05-18,2041.5,2043.75,2057.75,2030.75,2089999.9999999998,15.95
2016-05-19,2038.75,2043.5,2044.75,2022.0,2060000.0,16.33
2016-05-20,2050.0,2038.75,2055.5,2037.25,1580000.0,15.2
2016-05-23,2045.25,2053.25,2056.0,2043.5,1180000.0,15.82
2016-05-24,2075.0,2045.0,2077.25,2041.25,1600000.0,14.42
2016-05-25,2087.25,2075.0,2092.5,2073.5,1440000.0,13.9
2016-05-26,2089.75,2088.75,2091.75,2082.5,968440.0,13.43
2016-05-27,2097.25,2090.5,2098.75,2088.0,1040000.0,13.12
2016-05-31,2095.0,2100.0,2103.75,2086.0,1630000.0,14.19
2016-06-01,2098.0,2094.0,2099.25,2083.25,1320000.0,14.2
2016-06-02,2103.75,2096.75,2104.75,2086.75,1300000.0,13.63
2016-06-03,2097.75,2103.5,2106.0,2082.75,1750000.0,13.47
2016-06-06,2108.25,2097.5,2112.25,2094.0,1270000.0,13.65
2016-06-07,2110.25,2108.25,2118.0,2106.5,1130000.0,14.05
2016-06-08,2118.0,2110.25,2119.75,2106.5,1310000.0,14.08
2016-06-09,2114.25,2117.75,2118.5,2106.25,1640000.0,14.64
2016-06-10,2096.25,2113.75,2114.0,2088.5,1240000.0,17.03
2016-06-13,2078.75,2089.25,2098.25,2075.75,1220000.0,20.97
2016-06-14,2074.5,2077.0,2081.75,2063.25,1160000.0,20.5
2016-06-15,2071.75,2072.75,2086.25,2068.75,609850.0,20.14
2016-06-16,2079.25,2070.5,2080.0,2050.0,426220.0,19.37
2016-06-17,2079.12,2077.75,2083.0,2073.75,52550.0,19.41
2016-06-20,2074.25,2071.0,2092.5,2070.25,1590000.0,18.37
2016-06-21,2080.5,2079.0,2086.0,2074.0,1390000.0,18.48
2016-06-22,2076.75,2079.25,2091.25,2075.25,1400000.0,21.17
2016-06-23,2105.75,2083.0,2113.25,2083.0,1310000.0,17.25
2016-06-24,2018.5,2115.75,2119.5,1999.0,4139999.9999999995,25.76
2016-06-27,1985.0,2013.75,2022.5,1981.5,2970000.0,23.85
2016-06-28,2028.5,1982.5,2029.75,1982.25,2270000.0,18.75
2016-06-29,2066.75,2028.25,2074.75,2022.75,2049999.9999999998,16.64
2016-06-30,2090.25,2072.25,2091.25,2056.5,2300000.0,15.63
2016-07-01,2096.25,2086.5,2100.75,2081.5,1650000.0,14.77
2016-07-05,2082.75,2099.75,2104.75,2072.5,1860000.0,15.58
2016-07-06,2094.0,2084.0,2094.5,2065.75,2049999.9999999998,14.96
2016-07-07,2092.0,2092.0,2102.0,2081.75,1670000.0,14.76
2016-07-08,2120.5,2092.0,2125.5,2087.5,1940000.0,13.2
2016-07-11,2130.25,2120.25,2136.75,2120.0,1460000.0,13.54
2016-07-12,2145.75,2130.75,2149.25,2128.5,1690000.0,13.55
2016-07-13,2146.0,2145.75,2152.25,2139.5,1610000.0,13.04
2016-07-14,2157.25,2145.25,2168.0,2142.75,1780000.0,12.82
2016-07-15,2152.75,2156.5,2164.75,2143.25,1490000.0,12.67
2016-07-18,2160.0,2154.5,2163.25,2152.75,1190000.0,12.44
2016-07-19,2158.75,2160.0,2160.75,2151.25,1150000.0,11.97
2016-07-20,2167.5,2159.0,2169.75,2155.25,1130000.0,11.77
2016-07-21,2158.0,2168.25,2170.25,2153.5,1300000.0,12.74
2016-07-22,2167.5,2159.0,2169.25,2156.0,1120000.0,12.02
2016-07-25,2162.25,2167.75,2172.5,2155.75,1260000.0,12.87
2016-07-26,2163.25,2162.75,2168.0,2153.75,1600000.0,13.05
2016-07-27,2160.5,2166.0,2169.25,2152.0,1630000.0,12.83
2016-07-28,2164.75,2162.75,2168.5,2153.5,1620000.0,12.72
2016-07-29,2168.25,2165.5,2171.75,2157.5,1690000.0,11.87
2016-08-01,2164.5,2174.0,2177.75,2159.75,1650000.0,12.44
2016-08-02,2152.75,2166.0,2171.0,2141.5,1960000.0,13.37
2016-08-03,2157.0,2152.25,2158.25,2145.25,1360000.0,12.86
2016-08-04,2159.25,2156.75,2164.25,2154.0,1240000.0,12.42
2016-08-05,2176.75,2159.5,2178.5,2159.25,1360000.0,11.39
2016-08-08,2175.5,2176.0,2183.0,2173.25,938620.0,11.5
2016-08-09,2177.5,2176.0,2183.5,2173.75,1190000.0,11.66
2016-08-10,2172.75,2178.0,2181.5,2167.75,1370000.0,12.05
2016-08-11,2181.75,2172.5,2185.25,2170.0,1330000.0,11.68
2016-08-12,2180.25,2181.75,2184.0,2175.5,1270000.0,11.55
2016-08-15,2186.0,2180.75,2190.75,2180.5,1090000.0,11.81
2016-08-16,2176.75,2186.0,2186.25,2175.25,1390000.0,12.64
2016-08-17,2179.75,2177.5,2182.0,2165.5,1700000.0,12.19
2016-08-18,2183.5,2180.75,2184.5,2176.25,1200000.0,11.43
2016-08-19,2181.75,2183.5,2184.25,2172.5,1430000.0,11.34
2016-08-22,2181.5,2181.75,2184.5,2173.5,1540000.0,12.27
2016-08-23,2185.25,2180.75,2191.5,2179.25,1130000.0,12.38
2016-08-24,2175.0,2185.75,2187.75,2168.75,1510000.0,13.45
2016-08-25,2173.5,2175.0,2177.25,2167.5,1500000.0,13.63
2016-08-26,2168.5,2174.0,2186.75,2157.5,2540000.0,13.65
2016-08-29,2179.25,2167.75,2182.25,2164.5,1250000.0,12.94
2016-08-30,2175.25,2180.0,2181.5,2168.5,1370000.0,13.12
2016-08-31,2169.5,2175.75,2176.25,2159.5,1860000.0,13.42
2016-09-01,2167.25,2169.0,2177.25,2154.75,1940000.0,13.48
2016-09-02,2178.0,2166.25,2183.75,2164.25,1700000.0,11.98
2016-09-06,2184.5,2179.25,2186.25,2173.0,1630000.0,12.02
2016-09-07,2184.5,2185.25,2186.75,2177.5,1460000.0,11.94
2016-09-08,2177.5,2184.5,2189.25,2175.75,2110000.0,12.51
2016-09-09,2122.75,2177.25,2178.25,2119.75,2069999.9999999998,17.5
2016-09-12,2158.5,2121.75,2162.75,2107.0,1450000.0,15.16
2016-09-13,2128.75,2156.25,2157.5,2119.0,1200000.0,17.85
2016-09-14,2120.25,2131.75,2141.25,2118.75,661160.0,18.14
2016-09-15,2145.0,2121.75,2151.5,2114.75,398400.0,16.3
2016-09-16,2139.96,2143.75,2144.25,2135.5,57780.0,15.37
2016-09-19,2133.0,2132.25,2146.75,2127.75,1530000.0,15.53
2016-09-20,2131.0,2133.75,2143.5,2129.0,1390000.0,15.92
2016-09-21,2156.25,2130.0,2157.5,2126.25,1830000.0,13.3
2016-09-22,2168.25,2156.25,2172.75,2152.75,1520000.0,12.02
2016-09-23,2158.0,2168.25,2169.5,2156.0,1450000.0,12.29
2016-09-26,2139.75,2156.25,2159.5,2136.75,1600000.0,14.5
2016-09-27,2152.75,2139.25,2154.0,2132.75,1660000.0,13.1
2016-09-28,2163.25,2152.0,2165.25,2144.0,1730000.0,12.39
2016-09-29,2148.5,2162.25,2167.0,2137.25,2310000.0,14.02
2016-09-30,2160.5,2145.75,2168.25,2135.75,1990000.0,13.29
2016-10-03,2153.25,2158.75,2164.0,2146.75,1410000.0,13.57
2016-10-04,2144.75,2153.75,2159.75,2136.0,2140000.0,13.63
2016-10-05,2153.25,2144.25,2158.0,2141.0,1370000.0,12.99
2016-10-06,2156.5,2153.25,2157.25,2143.25,1210000.0,12.84
2016-10-07,2146.5,2155.25,2161.5,2138.0,1960000.0,13.48
2016-10-10,2159.0,2152.0,2163.5,2148.5,952870.0,13.38
2016-10-11,2134.5,2159.5,2160.75,2121.75,2240000.0,15.36
2016-10-12,2131.5,2133.0,2140.75,2126.25,1480000.0,15.91
2016-10-13,2126.25,2127.75,2132.25,2107.75,2200000.0,16.69
2016-10-14,2127.0,2126.25,2143.25,2122.25,1840000.0,16.12
2016-10-17,2123.0,2126.25,2130.0,2116.75,1250000.0,16.21
2016-10-18,2132.0,2122.5,2139.75,2120.25,1140000.0,15.28
2016-10-19,2138.0,2131.5,2142.5,2126.5,948480.0,14.41
2016-10-20,2137.0,2137.5,2144.5,2126.75,1610000.0,13.75
2016-10-21,2134.75,2136.0,2138.5,2123.25,1410000.0,13.34
2016-10-24,2144.25,2137.0,2149.0,2134.75,1010000.0,13.02
2016-10-25,2138.0,2144.75,2149.75,2135.25,1200000.0,13.46
2016-10-26,2134.0,2135.25,2140.0,2124.75,1550000.0,14.24
2016-10-27,2123.5,2133.75,2143.75,2122.5,1800000.0,15.36
2016-10-28,2123.75,2127.25,2135.25,2112.5,2390000.0,16.19
2016-10-31,2120.0,2120.0,2130.5,2114.75,1370000.0,17.06
2016-11-01,2103.75,2123.5,2129.5,2091.0,2260000.0,18.56
2016-11-02,2092.25,2102.25,2106.5,2087.25,2009999.9999999998,19.32
2016-11-03,2083.5,2088.25,2098.75,2079.75,1800000.0,22.08
2016-11-04,2080.0,2084.0,2094.25,2078.75,2080000.0,22.51
2016-11-07,2129.0,2106.0,2130.75,2102.75,1760000.0,18.71
2016-11-08,2135.5,2129.0,2143.25,2119.0,1750000.0,18.74
2016-11-09,2160.25,2138.0,2166.75,2028.5,5280000.0,14.38
2016-11-10,2167.25,2159.5,2180.5,2147.75,3130000.0,14.74
2016-11-11,2161.5,2165.0,2170.5,2148.5,1880000.0,14.17
2016-11-14,2160.5,2164.5,2174.5,2152.25,1820000.0,14.48
2016-11-15,2179.25,2161.0,2179.75,2158.5,1440000.0,13.37
2016-11-16,2172.75,2179.0,2185.0,2168.75,1330000.0,13.72
2016-11-17,2184.25,2172.5,2185.5,2171.75,1350000.0,13.35
2016-11-18,2180.75,2184.0,2187.5,2176.5,1280000.0,12.85
2016-11-21,2193.0,2179.5,2196.5,2178.5,1230000.0,12.42
2016-11-22,2200.25,2193.25,2203.0,2191.75,1260000.0,12.41
2016-11-23,2200.75,2201.25,2203.5,2192.0,1100000.0,12.43
2016-11-25,2211.25,2201.0,2211.75,2197.5,561560.0,12.34
2016-11-28,2200.75,2208.0,2209.5,2198.25,1370000.0,13.15
2016-11-29,2203.75,2200.25,2209.5,2196.25,1410000.0,12.9
2016-11-30,2198.75,2203.25,2213.75,2197.25,1960000.0,13.33
2016-12-01,2192.0,2199.5,2203.0,2186.0,2150000.0,14.07
2016-12-02,2192.0,2190.5,2197.25,2184.25,1680000.0,14.12
2016-12-05,2204.25,2184.0,2208.75,2179.0,1660000.0,12.14
2016-12-06,2210.0,2205.0,2212.0,2200.25,1480000.0,11.79
2016-12-07,2236.75,2211.25,2241.25,2206.75,2330000.0,12.22
2016-12-08,2247.75,2236.5,2251.5,2232.5,2110000.0,12.64
2016-12-09,2260.0,2246.75,2261.25,2245.0,1090000.0,11.75
2016-12-12,2256.0,2260.75,2270.25,2252.25,1020000.0,12.64
2016-12-13,2273.25,2256.0,2278.25,2253.25,1050000.0,12.72
2016-12-14,2257.0,2273.25,2277.0,2248.0,767130.0,13.19
2016-12-15,2263.5,2256.0,2272.75,2252.25,477530.0,12.79
2016-12-16,2268.63,2264.25,2269.5,2261.75,49850.0,12.2
2016-12-19,2260.0,2256.0,2263.75,2254.0,928690.0,11.71
2016-12-20,2266.5,2260.25,2269.5,2260.0,814010.0,11.45
2016-12-21,2260.5,2267.25,2268.0,2258.0,667710.0,11.27
2016-12-22,2258.75,2258.25,2261.0,2251.5,847630.0,11.43
2016-12-23,2260.0,2257.5,2261.0,2254.25,396540.0,11.44
2016-12-27,2261.0,2258.75,2269.5,2257.75,498740.0,11.99
2016-12-28,2245.25,2261.25,2267.5,2243.5,1000000.0,12.95
2016-12-29,2245.0,2245.5,2250.0,2239.5,913220.0,13.37
2016-12-30,2236.25,2246.25,2252.75,2228.0,1280000.0,14.04
2017-01-03,2252.5,2240.75,2259.5,2239.5,1810000.0,12.85
2017-01-04,2264.25,2252.75,2267.25,2251.0,1400000.0,11.85
2017-01-05,2264.25,2264.5,2266.0,2254.0,1320000.0,11.67
2017-01-06,2271.5,2264.25,2277.0,2258.25,1550000.0,11.32
2017-01-09,2265.0,2271.25,2275.25,2263.5,1030000.0,11.56
2017-01-10,2263.75,2264.5,2274.0,2259.5,1300000.0,11.49
2017-01-11,2270.5,2263.75,2271.75,2255.0,1730000.0,11.26
2017-01-12,2263.5,2270.5,2270.5,2248.5,1750000.0,11.54
2017-01-13,2272.5,2264.5,2273.5,2262.75,1190000.0,11.23
2017-01-17,2262.75,2270.25,2270.5,2257.25,1540000.0,11.87
2017-01-18,2266.5,2262.0,2268.5,2258.25,1110000.0,12.48
2017-01-19,2261.5,2265.5,2269.5,2253.0,1390000.0,12.78
2017-01-20,2266.0,2261.0,2272.75,2259.75,1740000.0,11.54
2017-01-23,2262.0,2266.0,2267.5,2251.75,1470000.0,11.77
2017-01-24,2274.5,2260.75,2280.5,2259.5,1270000.0,11.07
2017-01-25,2294.0,2275.75,2295.25,2274.75,1390000.0,10.81
2017-01-26,2294.0,2293.75,2299.5,2289.5,1170000.0,10.63
2017-01-27,2289.0,2294.0,2296.75,2287.0,942080.0,10.58
2017-01-30,2276.0,2282.0,2285.75,2263.25,1850000.0,11.88
2017-01-31,2274.5,2275.75,2278.25,2262.25,1630000.0,11.99
2017-02-01,2274.5,2277.0,2285.0,2268.25,1570000.0,11.81
2017-02-02,2275.5,2275.0,2279.75,2264.5,1410000.0,11.93
2017-02-03,2291.0,2274.0,2294.0,2270.5,1420000.0,10.97
2017-02-06,2286.5,2293.0,2294.25,2283.5,1160000.0,11.37
2017-02-07,2288.5,2286.25,2295.0,2284.0,1200000.0,11.29
2017-02-08,2290.25,2285.75,2292.0,2281.0,1280000.0,11.45
2017-02-09,2304.25,2290.5,2307.75,2287.75,1350000.0,10.88
2017-02-10,2312.75,2304.25,2315.75,2303.0,1180000.0,10.85
2017-02-13,2326.25,2314.25,2329.0,2313.25,1210000.0,11.07
2017-02-14,2337.0,2326.5,2337.75,2319.75,1390000.0,10.74
2017-02-15,2350.5,2335.5,2351.5,2331.25,1530000.0,11.97
2017-02-16,2345.5,2350.25,2350.75,2336.75,1740000.0,11.76
2017-02-17,2348.0,2345.0,2348.75,2336.5,1400000.0,11.49
2017-02-21,2360.0,2346.5,2365.0,2346.0,1650000.0,11.57
2017-02-22,2361.0,2360.0,2363.75,2355.25,1300000.0,11.74
2017-02-23,2362.75,2362.0,2367.5,2353.0,1560000.0,11.71
2017-02-24,2365.0,2361.5,2365.75,2349.5,1550000.0,11.47
2017-02-27,2368.25,2362.75,2370.75,2361.0,1160000.0,12.09
2017-02-28,2362.75,2365.75,2368.75,2357.5,1610000.0,12.92
2017-03-01,2393.5,2364.5,2401.0,2363.25,2170000.0,12.54
2017-03-02,2382.0,2392.25,2394.25,2378.0,1740000.0,11.81
2017-03-03,2381.25,2379.75,2383.25,2373.75,1360000.0,10.96
2017-03-06,2375.5,2380.25,2380.75,2367.0,1380000.0,11.24
2017-03-07,2366.5,2371.25,2375.5,2364.5,1300000.0,11.45
2017-03-08,2364.0,2365.75,2373.0,2359.5,1650000.0,11.86
2017-03-09,2366.25,2363.75,2369.25,2354.0,1790000.0,12.3
2017-03-10,2371.75,2367.5,2379.75,2362.25,1360000.0,11.66
2017-03-13,2375.0,2370.75,2375.25,2368.0,1040000.0,11.35
2017-03-14,2366.5,2374.0,2374.75,2358.0,952370.0,12.3
2017-03-15,2383.75,2367.0,2390.5,2366.5,621380.0,11.63
2017-03-16,2382.75,2382.5,2392.0,2376.75,377980.0,11.21
2017-03-17,2385.8,2382.25,2385.75,2379.0,42540.0,11.28
2017-03-20,2370.25,2373.75,2376.0,2365.5,1080000.0,11.34
2017-03-21,2342.25,2369.0,2378.75,2338.0,2570000.0,12.47
2017-03-22,2342.5,2340.5,2348.75,2332.25,1880000.0,12.81
2017-03-23,2340.0,2342.25,2356.0,2338.25,1630000.0,13.12
2017-03-24,2344.75,2341.0,2352.75,2331.75,1600000.0,12.96
2017-03-27,2338.5,2337.0,2341.5,2317.75,1610000.0,12.5
2017-03-28,2351.5,2340.5,2360.5,2333.5,1620000.0,11.53
2017-03-29,2357.0,2353.0,2359.75,2348.75,1150000.0,11.42
2017-03-30,2364.5,2357.0,2366.75,2353.25,1160000.0,11.54
2017-03-31,2359.25,2365.5,2366.75,2356.75,1570000.0,12.37
2017-04-03,2356.0,2357.5,2363.25,2340.0,1720000.0,12.38
2017-04-04,2356.5,2354.25,2358.75,2344.75,1210000.0,11.79
2017-04-05,2346.5,2358.75,2375.0,2343.75,1940000.0,12.89
2017-04-06,2353.75,2345.5,2361.25,2338.0,1600000.0,12.39
2017-04-07,2352.25,2355.25,2360.75,2336.75,1470000.0,12.87
2017-04-10,2352.5,2351.75,2363.25,2347.5,1350000.0,14.05
2017-04-11,2351.0,2354.25,2355.75,2333.25,1860000.0,15.07
2017-04-12,2340.75,2351.75,2356.5,2337.5,1530000.0,15.77
2017-04-13,2327.5,2338.75,2345.0,2324.0,1590000.0,15.96
2017-04-17,2345.0,2324.0,2346.0,2322.75,981680.0,14.66
2017-04-18,2337.25,2345.0,2347.0,2330.25,1430000.0,14.42
2017-04-19,2333.75,2337.75,2349.25,2331.25,1250000.0,14.93
2017-04-20,2352.0,2333.25,2358.25,2332.5,1470000.0,14.15
2017-04-21,2347.5,2352.75,2356.0,2340.5,1280000.0,14.63
2017-04-24,2370.0,2365.75,2376.75,2365.25,1550000.0,10.84
2017-04-25,2385.0,2370.0,2389.25,2368.25,1320000.0,10.76
2017-04-26,2382.25,2383.0,2394.75,2381.5,1490000.0,10.85
2017-04-27,2386.0,2381.5,2388.75,2378.75,1120000.0,10.36
2017-04-28,2380.5,2386.25,2388.75,2378.25,1170000.0,10.82
2017-05-01,2387.0,2381.5,2390.75,2377.0,906280.0,10.11
2017-05-02,2385.75,2386.25,2388.75,2381.75,958980.0,10.59
2017-05-03,2383.25,2384.0,2386.0,2375.5,1080000.0,10.68
2017-05-04,2385.5,2382.0,2390.75,2376.0,1230000.0,10.46
2017-05-05,2397.75,2386.0,2399.25,2379.0,1130000.0,10.57
2017-05-08,2395.0,2402.5,2403.75,2389.75,957160.0,9.77
2017-05-09,2393.25,2394.5,2400.0,2388.75,1110000.0,9.96
2017-05-10,2395.25,2391.75,2397.0,2387.5,998860.0,10.21
2017-05-11,2391.0,2395.0,2395.25,2379.0,1360000.0,10.6
2017-05-12,2388.75,2390.25,2391.5,2384.25,1090000.0,10.4
2017-05-15,2398.5,2388.75,2402.25,2388.0,1040000.0,10.42
2017-05-16,2397.0,2399.75,2404.5,2393.75,1070000.0,10.65
2017-05-17,2357.5,2396.5,2396.75,2354.75,2810000.0,15.59
2017-05-18,2363.5,2355.0,2375.0,2344.5,2460000.0,14.66
2017-05-19,2381.5,2364.0,2388.0,2361.0,1670000.0,12.04
2017-05-22,2392.75,2381.75,2394.25,2378.25,1110000.0,10.93
2017-05-23,2398.0,2393.5,2399.5,2386.75,1020000.0,10.72
2017-05-24,2402.0,2397.0,2404.0,2394.75,984360.0,10.02
2017-05-25,2413.5,2403.0,2417.75,2402.5,1320000.0,9.99
2017-05-26,2413.75,2413.0,2415.75,2408.0,879560.0,9.81
2017-05-30,2410.75,2414.0,2417.0,2407.75,1040000.0,10.38
2017-05-31,2411.0,2410.5,2416.75,2402.75,1730000.0,10.41
2017-06-01,2429.5,2413.75,2430.5,2410.5,1430000.0,9.89
2017-06-02,2437.75,2429.25,2439.75,2427.0,1740000.0,9.75
2017-06-05,2434.5,2435.25,2439.0,2433.0,891940.0,10.07
2017-06-06,2430.75,2434.25,2435.75,2426.25,1350000.0,10.45
2017-06-07,2432.0,2429.5,2435.0,2424.0,1430000.0,10.39
2017-06-08,2432.5,2431.5,2439.0,2427.25,1450000.0,10.16
2017-06-09,2430.5,2427.25,2445.75,2414.75,1590000.0,10.7
2017-06-12,2428.5,2430.0,2431.0,2419.0,1250000.0,11.46
2017-06-13,2440.0,2428.75,2441.5,2427.25,1030000.0,10.42
2017-06-14,2437.25,2440.25,2445.5,2427.75,684540.0,10.64
2017-06-15,2434.25,2436.0,2436.0,2418.25,470700.0,10.9
2017-06-16,2434.89,2433.75,2439.0,2432.5,47300.0,10.38
2017-06-19,2447.5,2433.5,2451.5,2432.75,1220000.0,10.37
2017-06-20,2437.5,2447.75,2451.0,2434.0,1330000.0,10.86
2017-06-21,2433.5,2435.75,2440.0,2428.0,1370000.0,10.75
2017-06-22,2431.75,2431.75,2439.0,2428.0,1060000.0,10.48
2017-06-23,2435.0,2431.25,2438.75,2428.25,1200000.0,10.02
2017-06-26,2436.0,2432.0,2447.5,2430.0,1270000.0,9.9
2017-06-27,2420.5,2435.75,2437.25,2416.5,1640000.0,11.06
2017-06-28,2438.5,2417.0,2442.5,2413.75,1560000.0,10.03
2017-06-29,2420.0,2442.0,2445.0,2402.25,2340000.0,11.44
2017-06-30,2421.0,2420.75,2429.75,2415.0,1640000.0,11.18
2017-07-03,2425.0,2422.0,2436.5,2421.5,766230.0,11.22
2017-07-05,2428.0,2423.75,2432.25,2419.25,1290000.0,11.07
2017-07-06,2408.5,2428.0,2430.5,2405.25,1600000.0,12.54
2017-07-07,2422.5,2409.25,2425.0,2407.5,1270000.0,11.19
2017-07-10,2424.5,2423.0,2430.0,2419.25,861220.0,11.11
2017-07-11,2424.5,2423.75,2427.75,2410.25,1130000.0,10.89
2017-07-12,2440.0,2425.0,2443.75,2422.5,1160000.0,10.3
2017-07-13,2445.5,2441.25,2447.0,2439.0,941060.0,9.9
2017-07-14,2456.0,2446.5,2461.25,2442.0,1090000.0,9.51
2017-07-17,2458.5,2457.0,2460.5,2454.0,862470.0,9.82
2017-07-18,2457.75,2459.25,2461.0,2448.0,1090000.0,9.89
2017-07-19,2471.5,2459.75,2472.0,2457.75,958460.0,9.79
2017-07-20,2471.25,2471.0,2476.25,2465.5,1110000.0,9.58
2017-07-21,2469.5,2472.5,2475.25,2462.75,1100000.0,9.36
2017-07-24,2468.5,2469.75,2470.5,2463.5,857750.0,9.43
2017-07-25,2474.0,2467.0,2478.75,2466.25,1070000.0,9.43
2017-07-26,2473.25,2475.25,2479.75,2471.5,972440.0,9.6
2017-07-27,2472.0,2474.5,2480.5,2457.0,1650000.0,10.11
2017-07-28,2470.25,2472.0,2472.0,2461.5,1160000.0,10.29
2017-07-31,2468.0,2470.5,2475.0,2465.25,1230000.0,10.26
2017-08-01,2472.25,2468.0,2477.25,2466.25,1040000.0,10.09
2017-08-02,2473.5,2474.0,2476.0,2463.25,1300000.0,10.28
2017-08-03,2471.75,2473.25,2474.5,2466.0,1090000.0,10.44
2017-08-04,2472.0,2470.75,2477.75,2467.75,1070000.0,10.03
2017-08-07,2477.5,2472.25,2478.25,2472.0,599700.0,9.93
2017-08-08,2472.75,2477.5,2488.5,2467.5,1370000.0,10.96
2017-08-09,2473.0,2470.0,2474.5,2459.0,1560000.0,11.11
2017-08-10,2437.5,2474.0,2474.25,2432.75,2320000.0,16.04
2017-08-11,2440.0,2434.5,2446.5,2430.25,1670000.0,15.51
2017-08-14,2463.5,2441.5,2466.5,2441.5,1470000.0,12.33
2017-08-15,2463.75,2464.5,2473.25,2460.0,1060000.0,12.04
2017-08-16,2467.5,2464.5,2474.0,2461.5,1140000.0,11.74
2017-08-17,2429.5,2466.75,2468.5,2423.75,2240000.0,15.55
2017-08-18,2426.75,2426.75,2439.5,2419.5,2200000.0,14.26
2017-08-21,2428.0,2428.75,2431.5,2415.75,1340000.0,13.19
2017-08-22,2452.75,2428.0,2454.25,2427.5,1370000.0,11.35
2017-08-23,2441.5,2453.0,2454.75,2438.75,1240000.0,12.25
2017-08-24,2440.75,2440.25,2449.0,2434.5,1410000.0,12.23
2017-08-25,2442.5,2442.5,2453.5,2437.5,1210000.0,11.28
2017-08-28,2443.75,2442.0,2449.25,2436.25,953050.0,11.32
2017-08-29,2447.0,2434.0,2448.5,2421.0,1620000.0,11.7
2017-08-30,2455.75,2446.5,2459.75,2442.75,1300000.0,11.22
2017-08-31,2470.0,2455.25,2474.25,2454.75,1750000.0,10.59
2017-09-01,2474.25,2470.25,2479.75,2470.0,1060000.0,10.13
2017-09-05,2459.75,2461.25,2471.25,2445.5,2120000.0,12.23
2017-09-06,2465.5,2460.25,2469.0,2456.5,1570000.0,11.63
2017-09-07,2466.5,2464.0,2468.75,2457.5,1530000.0,11.55
2017-09-08,2462.5,2466.5,2467.5,2456.75,1240000.0,12.12
2017-09-11,2487.5,2468.0,2489.0,2468.0,1330000.0,10.73
2017-09-12,2496.0,2488.25,2497.0,2486.75,1040000.0,10.58
2017-09-13,2496.5,2497.0,2497.5,2490.75,611370.0,10.5
2017-09-14,2496.5,2496.25,2498.25,2489.5,419700.0,10.44
2017-09-15,2496.83,2496.0,2496.5,2489.5,54760.0,10.17
2017-09-18,2502.75,2499.0,2506.0,2497.75,1090000.0,10.15
2017-09-19,2504.75,2502.75,2506.0,2501.0,961110.0,10.18
2017-09-20,2505.25,2503.75,2507.25,2494.0,1230000.0,9.78
2017-09-21,2501.0,2504.5,2506.25,2496.5,1120000.0,9.67
2017-09-22,2499.5,2500.75,2501.0,2492.0,1020000.0,9.59
2017-09-25,2497.0,2499.0,2504.5,2485.0,1540000.0,10.21
2017-09-26,2495.5,2498.0,2501.25,2492.25,1140000.0,10.17
2017-09-27,2504.5,2495.0,2509.25,2493.0,1580000.0,9.87
2017-09-28,2507.75,2503.25,2508.25,2499.0,1110000.0,9.55
2017-09-29,2516.0,2507.75,2517.75,2504.75,1370000.0,9.51
2017-10-02,2526.25,2518.0,2528.0,2517.0,1140000.0,9.45
2017-10-03,2532.75,2527.25,2533.5,2525.5,849150.0,9.51
2017-10-04,2536.25,2533.0,2538.0,2529.0,956590.0,9.63
2017-10-05,2550.0,2535.25,2550.75,2534.5,1100000.0,9.19
2017-10-06,2545.0,2548.75,2549.75,2541.5,1170000.0,9.65
2017-10-09,2543.75,2543.25,2550.5,2539.25,735490.0,10.33
2017-10-10,2548.5,2543.25,2553.25,2542.75,1150000.0,10.08
2017-10-11,2553.0,2548.75,2553.5,2544.25,818240.0,9.85
2017-10-12,2549.5,2552.25,2553.25,2546.25,938480.0,9.91
2017-10-13,2552.75,2548.0,2555.5,2547.0,918540.0,9.61
2017-10-16,2556.25,2552.25,2557.75,2550.75,795920.0,9.91
2017-10-17,2557.0,2555.5,2557.75,2552.25,738740.0,10.31
2017-10-18,2560.0,2556.5,2562.25,2556.25,753380.0,10.07
2017-10-19,2560.5,2560.0,2561.5,2542.5,1360000.0,10.05
2017-10-20,2574.0,2561.0,2574.5,2559.5,1250000.0,9.97
2017-10-23,2563.5,2572.75,2577.25,2561.5,1270000.0,11.07
2017-10-24,2567.25,2562.5,2570.25,2562.25,1050000.0,11.16
2017-10-25,2558.5,2564.75,2566.25,2541.5,2100000.0,11.23
2017-10-26,2561.5,2559.5,2565.0,2555.5,1390000.0,11.3
2017-10-27,2578.5,2561.5,2580.75,2557.5,1560000.0,9.8
2017-10-30,2568.25,2575.5,2578.25,2565.5,1240000.0,10.5
2017-10-31,2572.75,2568.0,2575.5,2566.75,1050000.0,10.18
2017-11-01,2574.75,2572.75,2585.5,2571.0,1290000.0,10.2
2017-11-02,2576.75,2571.5,2578.5,2562.25,1300000.0,9.93
2017-11-03,2582.75,2577.5,2585.5,2573.5,992680.0,9.14
2017-11-06,2588.75,2580.0,2590.0,2575.5,848120.0,9.4
2017-11-07,2586.75,2587.75,2593.5,2580.75,1160000.0,9.89
2017-11-08,2591.0,2584.0,2592.5,2579.75,1060000.0,9.78
2017-11-09,2584.0,2591.25,2594.5,2563.25,2220000.0,10.5
2017-11-10,2579.5,2582.0,2585.75,2571.5,1190000.0,11.29
2017-11-13,2582.0,2580.25,2585.5,2570.25,1050000.0,11.5
2017-11-14,2578.0,2580.25,2582.25,2564.25,1580000.0,11.59
2017-11-15,2565.0,2576.75,2577.0,2555.5,1920000.0,13.13
2017-11-16,2585.0,2564.25,2589.5,2562.25,1530000.0,11.76
2017-11-17,2576.25,2584.25,2586.0,2574.75,1190000.0,11.43
2017-11-20,2582.0,2576.0,2584.0,2567.75,1000000.0,10.65
2017-11-21,2596.25,2582.0,2600.5,2579.25,1150000.0,9.73
2017-11-22,2594.5,2595.75,2600.0,2592.75,770810.0,9.88
2017-11-24,2601.0,2593.25,2603.0,2589.5,551200.0,9.67
2017-11-27,2601.75,2601.0,2605.5,2596.5,960110.0,9.87
2017-11-28,2626.0,2602.25,2627.0,2597.5,1560000.0,10.03
2017-11-29,2625.0,2625.5,2634.25,2619.75,1660000.0,10.7
2017-11-30,2648.0,2625.0,2658.5,2621.75,2350000.0,11.28
2017-12-01,2644.0,2640.75,2650.75,2605.0,2520000.0,11.43
2017-12-04,2638.25,2654.5,2665.25,2633.75,1760000.0,11.68
2017-12-05,2628.25,2636.0,2648.75,2627.25,1390000.0,11.33
2017-12-06,2629.25,2626.75,2634.5,2620.0,1310000.0,11.02
2017-12-07,2639.5,2630.5,2641.25,2626.25,1350000.0,10.16
2017-12-08,2651.0,2639.5,2652.5,2637.75,1150000.0,9.58
2017-12-11,2661.5,2652.0,2664.75,2649.25,1270000.0,9.34
2017-12-12,2665.0,2662.75,2670.25,2660.5,1030000.0,9.92
2017-12-13,2666.5,2665.5,2672.5,2656.75,758320.0,10.18
2017-12-14,2653.25,2665.5,2670.75,2649.25,473840.0,10.49
2017-12-15,2669.02,2650.0,2667.25,2650.0,34570.0,9.42
2017-12-18,2694.5,2683.0,2698.0,2682.5,1040000.0,9.53
2017-12-19,2684.0,2695.0,2698.0,2682.5,980480.0,10.03
2017-12-20,2681.5,2684.75,2695.5,2679.0,981220.0,9.72
2017-12-21,2687.75,2681.5,2696.0,2680.75,853750.0,9.62
2017-12-22,2686.0,2686.75,2691.5,2682.25,654510.0,9.9
2017-12-26,2687.0,2686.75,2689.5,2683.5,376100.0,10.25
2017-12-27,2685.5,2687.5,2691.0,2681.5,666330.0,10.47
2017-12-28,2685.75,2684.0,2689.0,2683.0,535620.0,10.18
2017-12-29,2676.0,2684.75,2698.25,2667.75,1090000.0,11.04
2018-01-02,2693.0,2675.25,2696.0,2674.5,996270.0,9.77
2018-01-03,2711.0,2693.75,2714.25,2692.25,1110000.0,9.15
2018-01-04,2723.75,2710.25,2729.0,2708.5,1170000.0,9.22
2018-01-05,2742.5,2725.0,2743.25,2723.75,1140000.0,9.22
2018-01-08,2746.75,2741.75,2748.5,2736.5,903540.0,9.52
2018-01-09,2752.25,2746.5,2760.0,2742.75,1140000.0,10.08
2018-01-10,2750.5,2749.75,2752.0,2736.5,1290000.0,9.82
2018-01-11,2769.5,2750.0,2770.5,2747.75,1050000.0,9.88
2018-01-12,2788.75,2768.75,2790.0,2766.75,1360000.0,10.16
2018-01-16,2782.5,2789.75,2808.5,2769.25,1980000.0,11.66
2018-01-17,2803.75,2782.75,2809.5,2779.0,1540000.0,11.91
2018-01-18,2796.25,2803.25,2808.0,2793.75,1350000.0,12.22
2018-01-19,2811.0,2797.0,2815.0,2791.75,1360000.0,11.27
2018-01-22,2835.25,2804.0,2838.25,2802.0,1180000.0,11.03
2018-01-23,2839.5,2835.25,2844.75,2828.75,1280000.0,11.1
2018-01-24,2841.0,2837.0,2855.25,2825.5,1890000.0,11.47
2018-01-25,2841.25,2840.0,2853.75,2830.75,1440000.0,11.58
2018-01-26,2874.5,2842.25,2876.0,2841.25,1290000.0,11.08
2018-01-29,2853.5,2874.25,2878.5,2851.5,1400000.0,13.84
2018-01-30,2824.5,2853.25,2858.0,2818.5,2130000.0,14.79
2018-01-31,2825.75,2823.25,2839.75,2813.0,1840000.0,13.54
2018-02-01,2822.5,2828.75,2837.25,2809.5,1650000.0,13.47
2018-02-02,2756.75,2826.5,2831.0,2755.25,2530000.0,17.31
2018-02-05,2607.75,2757.0,2763.0,2595.75,4010000.0,37.32
2018-02-06,2694.25,2624.0,2699.75,2529.0,4810000.0,29.98
2018-02-07,2668.25,2685.5,2726.75,2660.5,2490000.0,27.73
2018-02-08,2593.5,2664.75,2686.5,2577.0,3120000.0,33.46
2018-02-09,2619.0,2593.75,2637.75,2530.25,3910000.0,29.06
2018-02-12,2655.25,2628.25,2671.5,2620.0,2170000.0,25.61
2018-02-13,2661.75,2653.25,2667.5,2634.25,1460000.0,24.97
2018-02-14,2697.0,2662.5,2701.75,2627.0,2089999.9999999998,19.26
2018-02-15,2734.0,2695.5,2736.75,2688.5,1670000.0,19.13
2018-02-16,2735.0,2734.0,2754.75,2722.25,1740000.0,19.46
2018-02-20,2714.0,2734.5,2747.75,2705.75,1450000.0,20.6
2018-02-21,2698.75,2714.5,2747.75,2693.5,1660000.0,20.02
2018-02-22,2711.5,2698.5,2731.0,2682.0,1620000.0,18.72
2018-02-23,2748.75,2712.75,2750.25,2710.0,1290000.0,16.49
2018-02-26,2784.5,2751.5,2786.0,2742.5,1260000.0,15.8
2018-02-27,2747.5,2783.5,2789.75,2742.0,1720000.0,18.59
2018-02-28,2714.5,2746.5,2762.0,2712.0,1880000.0,19.85
2018-03-01,2678.25,2718.25,2731.0,2658.5,2820000.0,22.47
2018-03-02,2690.25,2678.75,2696.0,2647.0,2170000.0,19.59
2018-03-05,2718.5,2683.25,2727.75,2663.75,1780000.0,18.73
2018-03-06,2724.0,2719.0,2734.5,2710.25,1450000.0,18.36
2018-03-07,2723.25,2700.0,2730.25,2681.25,1870000.0,17.76
2018-03-08,2739.25,2722.5,2740.5,2720.0,1500000.0,16.54
2018-03-09,2784.0,2736.5,2787.0,2730.0,1540000.0,14.64
2018-03-12,2784.0,2784.0,2800.5,2779.0,1230000.0,15.78
2018-03-13,2768.5,2782.25,2802.5,2758.5,1230000.0,16.35
2018-03-14,2749.75,2763.0,2779.5,2744.25,766900.0,17.23
2018-03-15,2751.5,2750.75,2763.5,2741.0,358570.0,16.59
2018-03-16,2751.83,2753.75,2757.0,2747.0,46760.0,15.8
2018-03-19,2722.75,2756.25,2756.5,2697.25,1990000.0,19.02
2018-03-20,2723.5,2721.5,2729.0,2712.75,1100000.0,18.2
2018-03-21,2718.25,2723.25,2744.0,2712.5,1420000.0,17.86
2018-03-22,2643.25,2718.25,2726.25,2641.75,2550000.0,23.34
2018-03-23,2597.75,2645.75,2658.75,2586.0,2880000.0,24.87
2018-03-26,2659.5,2595.0,2662.75,2591.0,2300000.0,21.03
2018-03-27,2615.75,2659.5,2679.75,2596.0,2450000.0,22.5
2018-03-28,2607.5,2612.75,2633.75,2593.0,2800000.0,22.87
2018-03-29,2643.0,2609.75,2659.5,2601.0,2040000.0,19.97
2018-04-02,2575.0,2635.0,2641.5,2552.0,2400000.0,23.62
2018-04-03,2613.25,2581.25,2618.75,2573.5,2220000.0,21.1
2018-04-04,2647.0,2612.0,2649.75,2559.5,2250000.0,20.06
2018-04-05,2661.75,2645.75,2672.25,2644.0,1640000.0,18.94
2018-04-06,2605.75,2663.0,2664.0,2584.5,2620000.0,21.49
2018-04-09,2619.0,2607.5,2653.75,2607.5,1760000.0,21.77
2018-04-10,2655.0,2617.75,2666.25,2612.25,2000000.0,20.47
2018-04-11,2641.0,2654.5,2661.25,2626.0,1640000.0,20.24
2018-04-12,2664.0,2642.5,2675.0,2639.75,1300000.0,18.49
2018-04-13,2657.25,2661.75,2680.5,2644.75,1710000.0,17.41
2018-04-16,2681.75,2673.25,2687.0,2660.75,1240000.0,16.56
2018-04-17,2706.5,2679.25,2713.75,2678.75,1250000.0,15.25
2018-04-18,2709.75,2704.5,2718.5,2703.75,1040000.0,15.6
2018-04-19,2693.0,2711.75,2713.25,2681.5,1580000.0,15.96
2018-04-20,2671.5,2692.5,2698.25,2659.75,1600000.0,16.88
2018-04-23,2671.25,2683.0,2684.75,2657.25,1240000.0,16.34
2018-04-24,2635.25,2672.0,2688.5,2616.0,2330000.0,18.02
2018-04-25,2644.5,2635.25,2648.25,2611.25,1900000.0,17.84
2018-04-26,2674.5,2648.25,2677.5,2639.5,1280000.0,16.24
2018-04-27,2671.5,2675.5,2676.25,2657.75,1140000.0,15.41
2018-04-30,2647.0,2670.5,2682.25,2645.0,1340000.0,15.93
2018-05-01,2652.25,2646.25,2658.0,2623.25,1320000.0,15.49
2018-05-02,2627.5,2655.5,2658.5,2624.25,1430000.0,15.97
2018-05-03,2631.75,2626.75,2636.25,2591.25,2150000.0,15.9
2018-05-04,2663.0,2631.75,2669.5,2612.25,1700000.0,14.77
2018-05-07,2670.0,2662.75,2681.5,2661.25,1150000.0,14.75
2018-05-08,2670.25,2668.0,2674.25,2652.25,1280000.0,14.71
2018-05-09,2696.0,2669.75,2700.0,2666.5,1250000.0,13.42
2018-05-10,2718.75,2696.0,2725.0,2692.75,1170000.0,13.23
2018-05-11,2729.5,2716.25,2732.5,2716.25,1070000.0,12.65
2018-05-14,2731.0,2727.25,2741.25,2724.25,945960.0,12.93
2018-05-15,2709.0,2728.5,2731.25,2700.5,1520000.0,14.63
2018-05-16,2723.0,2711.25,2728.0,2704.5,1060000.0,13.42
2018-05-17,2718.75,2721.75,2732.0,2711.0,1070000.0,13.43
2018-05-18,2713.0,2718.75,2727.0,2708.75,1010000.0,13.42
2018-05-21,2733.0,2728.75,2739.25,2724.25,951910.0,13.08
2018-05-22,2726.0,2731.25,2741.75,2721.5,891510.0,13.22
2018-05-23,2730.75,2724.5,2733.0,2704.5,1300000.0,12.58
2018-05-24,2727.5,2729.75,2733.25,2705.75,1280000.0,12.53
2018-05-25,2718.25,2726.75,2737.75,2713.75,993780.0,13.22
2018-05-29,2692.25,2729.0,2731.75,2675.0,1990000.0,17.02
2018-05-30,2724.5,2693.25,2729.25,2685.75,1420000.0,14.94
2018-05-31,2705.5,2720.25,2728.25,2699.75,1670000.0,15.43
2018-06-01,2733.75,2707.5,2737.0,2706.0,1240000.0,13.46
2018-06-04,2745.5,2731.0,2749.25,2729.0,857850.0,12.74
2018-06-05,2751.5,2746.0,2753.25,2739.0,1030000.0,12.4
2018-06-06,2772.25,2751.0,2774.75,2748.0,1330000.0,11.64
2018-06-07,2772.25,2773.25,2779.75,2760.0,1770000.0,12.13
2018-06-08,2778.75,2771.0,2779.75,2752.0,1370000.0,12.18
2018-06-11,2783.0,2771.0,2790.5,2770.5,1220000.0,12.35
2018-06-12,2784.0,2781.25,2789.75,2778.5,988750.0,12.34
2018-06-13,2774.25,2788.0,2791.75,2773.75,614170.0,12.94
2018-06-14,2783.25,2773.25,2789.25,2767.5,398110.0,12.12
2018-06-15,2776.85,2782.5,2784.0,2766.25,45300.0,11.98
2018-06-18,2779.75,2780.0,2786.75,2761.25,993120.0,12.31
2018-06-19,2766.25,2778.25,2780.25,2735.75,1660000.0,13.35
2018-06-20,2772.0,2765.25,2778.25,2757.25,1080000.0,12.79
2018-06-21,2752.5,2771.75,2785.25,2747.0,1490000.0,14.64
2018-06-22,2759.5,2750.5,2768.5,2749.25,1110000.0,13.77
2018-06-25,2722.25,2757.0,2758.0,2700.5,2210000.0,17.33
2018-06-26,2728.5,2721.75,2735.25,2714.75,1400000.0,15.92
2018-06-27,2705.0,2726.5,2748.0,2701.0,2120000.0,17.91
2018-06-28,2719.5,2705.0,2726.25,2693.25,1680000.0,16.85
2018-06-29,2721.5,2720.0,2745.5,2716.75,1640000.0,16.09
2018-07-02,2727.25,2721.0,2728.5,2698.5,1210000.0,15.6
2018-07-03,2713.25,2727.25,2741.5,2712.0,860530.0,16.14
2018-07-05,2738.5,2713.0,2739.75,2710.75,1170000.0,14.97
2018-07-06,2763.0,2737.0,2766.25,2731.25,1290000.0,13.37
2018-07-09,2787.5,2762.0,2788.0,2761.75,970340.0,12.69
2018-07-10,2796.75,2787.5,2797.75,2780.5,925710.0,12.64
2018-07-11,2774.0,2780.75,2787.75,2765.75,1370000.0,13.63
2018-07-12,2798.5,2776.75,2801.0,2773.75,1120000.0,12.58
2018-07-13,2803.25,2798.5,2807.25,2793.25,952310.0,12.18
2018-07-16,2796.5,2804.75,2809.0,2795.0,801610.0,12.83
2018-07-17,2811.25,2795.75,2815.75,2789.75,1060000.0,12.06
2018-07-18,2816.0,2813.0,2818.25,2806.75,860520.0,12.1
2018-07-19,2805.25,2814.5,2818.0,2800.25,1080000.0,12.87
2018-07-20,2800.75,2805.5,2810.5,2793.0,1010000.0,12.86
2018-07-23,2812.0,2805.25,2812.5,2792.5,812480.0,12.62
2018-07-24,2821.0,2810.5,2831.25,2810.25,1350000.0,12.41
2018-07-25,2841.25,2819.25,2849.5,2814.0,1300000.0,12.29
2018-07-26,2842.5,2835.25,2846.5,2833.25,1040000.0,12.14
2018-07-27,2817.5,2840.25,2847.0,2808.75,1490000.0,13.03
2018-07-30,2803.25,2816.0,2821.75,2798.25,1170000.0,14.26
2018-07-31,2817.0,2805.5,2827.75,2802.75,1370000.0,12.83
2018-08-01,2810.75,2824.25,2825.75,2805.5,1100000.0,13.15
2018-08-02,2828.5,2814.0,2831.25,2791.0,1240000.0,12.19
2018-08-03,2839.5,2830.75,2841.5,2824.75,922240.0,11.64
2018-08-06,2850.0,2841.5,2853.5,2835.0,797320.0,11.27
2018-08-07,2859.75,2849.25,2863.75,2848.25,780220.0,10.93
2018-08-08,2855.25,2860.5,2862.5,2852.5,745410.0,10.85
2018-08-09,2853.75,2853.5,2862.75,2850.5,696700.0,11.27
2018-08-10,2836.75,2852.5,2852.75,2826.0,1420000.0,13.16
2018-08-13,2825.5,2835.75,2843.75,2820.0,1280000.0,14.78
2018-08-14,2841.0,2826.75,2843.5,2825.75,1020000.0,13.31
2018-08-15,2821.25,2841.75,2843.0,2803.0,1870000.0,14.64
2018-08-16,2844.75,2822.25,2851.75,2817.5,1270000.0,13.45
2018-08-17,2852.25,2843.5,2857.0,2835.0,1200000.0,12.64
2018-08-20,2858.5,2851.75,2860.75,2850.25,817380.0,12.49
2018-08-21,2861.75,2856.75,2874.0,2852.0,1060000.0,12.86
2018-08-22,2861.25,2853.0,2868.25,2846.25,996430.0,12.25
2018-08-23,2858.0,2861.75,2869.75,2854.75,1050000.0,12.41
2018-08-24,2876.75,2858.25,2877.5,2856.25,1060000.0,11.99
2018-08-27,2898.5,2877.75,2899.5,2876.75,961500.0,12.16
2018-08-28,2899.25,2899.0,2906.25,2894.25,902710.0,12.5
2018-08-29,2914.75,2900.5,2917.5,2897.5,1110000.0,12.25
2018-08-30,2902.0,2915.75,2916.25,2895.5,1330000.0,13.53
2018-08-31,2902.0,2898.0,2907.5,2891.75,1320000.0,12.86
2018-09-04,2898.25,2906.5,2912.5,2885.5,1610000.0,13.16
2018-09-05,2888.25,2898.75,2900.5,2877.5,1600000.0,13.91
2018-09-06,2879.0,2888.5,2893.0,2868.0,1630000.0,14.65
2018-09-07,2874.75,2877.75,2885.0,2865.0,1690000.0,14.88
2018-09-10,2880.25,2873.75,2888.25,2873.25,1250000.0,14.16
2018-09-11,2889.75,2879.75,2893.0,2867.25,1270000.0,13.22
2018-09-12,2888.5,2890.0,2895.25,2879.5,1580000.0,13.14
2018-09-13,2905.25,2887.0,2907.0,2884.75,1640000.0,12.37
2018-09-14,2906.25,2904.75,2912.25,2896.75,1200000.0,12.07
2018-09-17,2891.0,2903.5,2906.25,2887.25,1160000.0,13.68
2018-09-18,2906.5,2890.5,2912.5,2878.5,986830.0,12.79
2018-09-19,2910.0,2907.75,2913.75,2900.75,563500.0,11.75
2018-09-20,2934.0,2911.25,2935.75,2908.25,360700.0,11.8
2018-09-21,2940.45,2934.75,2944.0,2932.25,38480.0,11.68
2018-09-24,2925.5,2929.5,2930.25,2917.75,1160000.0,12.2
2018-09-25,2921.25,2926.5,2934.25,2918.25,1030000.0,12.42
2018-09-26,2911.5,2922.5,2936.0,2907.5,1310000.0,12.89
2018-09-27,2920.0,2911.5,2932.0,2907.5,1210000.0,12.41
2018-09-28,2919.0,2922.25,2925.5,2908.0,1430000.0,12.12
2018-10-01,2930.0,2922.5,2942.0,2922.5,1240000.0,12.0
2018-10-02,2928.5,2929.25,2936.0,2917.5,1130000.0,12.05
2018-10-03,2931.5,2929.0,2944.75,2924.75,1240000.0,11.61
2018-10-04,2907.75,2926.0,2926.25,2887.75,2170000.0,14.22
2018-10-05,2894.0,2910.0,2915.5,2873.25,2290000.0,14.82
2018-10-08,2893.75,2897.5,2898.25,2866.0,1760000.0,15.69
2018-10-09,2888.25,2892.25,2900.0,2874.5,1770000.0,15.95
2018-10-10,2781.0,2886.75,2891.25,2771.5,3460000.0,22.96
2018-10-11,2745.5,2776.5,2798.75,2712.25,4010000.0,24.98
2018-10-12,2768.5,2748.5,2785.0,2732.25,2850000.0,21.31
2018-10-15,2749.0,2770.0,2778.75,2745.25,1760000.0,21.3
2018-10-16,2817.75,2747.5,2819.0,2745.5,1780000.0,17.62
2018-10-17,2816.25,2816.25,2824.25,2783.25,1950000.0,17.4
2018-10-18,2772.25,2813.25,2814.75,2756.5,2220000.0,20.06
2018-10-19,2767.5,2774.75,2800.5,2762.25,2020000.0,19.89
2018-10-22,2756.5,2758.0,2782.0,2749.75,1670000.0,19.64
2018-10-23,2746.25,2755.75,2757.5,2692.25,2850000.0,20.71
2018-10-24,2664.25,2745.25,2750.0,2652.25,2860000.0,25.23
2018-10-25,2688.25,2673.75,2723.75,2658.75,2540000.0,24.22
2018-10-26,2669.5,2678.0,2692.75,2627.25,3510000.0,24.16
2018-10-29,2643.5,2667.0,2707.0,2603.0,2790000.0,24.7
2018-10-30,2685.25,2639.0,2690.25,2633.25,2500000.0,23.35
2018-10-31,2711.0,2690.75,2737.25,2682.0,2470000.0,21.23
2018-11-01,2738.0,2706.0,2741.25,2705.5,1820000.0,19.34
2018-11-02,2724.25,2724.0,2766.25,2699.5,2370000.0,19.51
2018-11-05,2739.5,2722.5,2743.75,2712.75,1310000.0,19.96
2018-11-06,2759.0,2739.0,2761.0,2729.75,1270000.0,19.91
2018-11-07,2816.5,2756.75,2817.75,2744.75,1890000.0,16.36
2018-11-08,2808.75,2815.75,2818.0,2795.0,1320000.0,16.72
2018-11-09,2779.0,2804.0,2811.25,2764.5,1720000.0,17.36
2018-11-12,2727.75,2778.75,2795.25,2722.25,1920000.0,20.45
2018-11-13,2727.5,2732.0,2755.75,2714.5,2100000.0,20.02
2018-11-14,2698.5,2731.25,2748.25,2686.25,2300000.0,21.25
2018-11-15,2734.5,2702.0,2736.75,2671.25,2380000.0,19.98
2018-11-16,2743.0,2731.75,2748.75,2708.75,1880000.0,18.14
2018-11-19,2696.25,2733.0,2748.0,2681.5,1990000.0,20.1
2018-11-20,2640.0,2696.25,2696.75,2631.75,2530000.0,22.48
2018-11-21,2649.0,2639.75,2671.25,2632.25,1450000.0,20.8
2018-11-23,2629.5,2650.0,2656.25,2626.0,872860.0,21.52
2018-11-26,2670.0,2633.5,2676.25,2631.5,1370000.0,18.9
2018-11-27,2683.5,2661.0,2686.75,2655.25,1500000.0,19.02
2018-11-28,2741.5,2686.25,2745.0,2681.0,1870000.0,18.49
2018-11-29,2744.25,2738.0,2754.5,2723.25,1490000.0,18.79
2018-11-30,2758.25,2742.0,2764.75,2729.0,1480000.0,18.07
2018-12-03,2790.75,2793.5,2814.0,2773.5,1910000.0,16.44
2018-12-04,2701.75,2789.75,2790.5,2696.0,2710000.0,20.74
2018-12-06,2691.0,2713.25,2714.0,2621.25,3310000.0,21.19
2018-12-07,2636.0,2694.25,2709.75,2623.25,2600000.0,23.23
2018-12-10,2643.0,2625.0,2648.5,2583.0,2560000.0,22.64
2018-12-11,2641.25,2644.0,2678.0,2621.25,2270000.0,21.76
2018-12-12,2652.5,2632.5,2686.5,2631.75,1900000.0,21.46
2018-12-13,2645.5,2653.0,2671.0,2637.25,2040000.0,20.65
2018-12-14,2602.0,2646.5,2648.75,2594.0,1660000.0,21.63
2018-12-17,2552.5,2594.0,2613.75,2530.5,1600000.0,24.52
2018-12-18,2535.75,2553.75,2574.75,2528.0,1220000.0,25.58
2018-12-19,2503.25,2530.5,2593.25,2488.0,823820.0,25.58
2018-12-20,2485.75,2503.5,2517.5,2441.0,630210.0,28.38
2018-12-21,2458.9,2487.0,2491.25,2466.75,65700.0,30.11
2018-12-24,2341.75,2407.75,2434.5,2340.5,1290000.0,36.07
2018-12-26,2471.0,2348.5,2477.75,2316.75,2020000.0,30.41
2018-12-27,2495.0,2470.25,2498.75,2397.0,2280000.0,29.96
2018-12-28,2486.0,2491.5,2523.0,2472.75,2009999.9999999998,28.34
2018-12-31,2505.25,2495.5,2513.0,2482.75,1410000.0,25.42
2019-01-02,2511.0,2508.0,2521.25,2452.25,1970000.0,23.22
2019-01-03,2447.75,2482.25,2493.5,2443.25,2260000.0,25.45
2019-01-04,2531.25,2451.75,2539.25,2438.5,2350000.0,21.38
2019-01-07,2550.5,2537.25,2567.5,2523.25,1630000.0,21.4
2019-01-08,2572.5,2553.25,2581.25,2547.5,1660000.0,20.47
2019-01-09,2582.5,2569.5,2596.75,2568.5,1600000.0,19.98
2019-01-10,2594.0,2580.0,2599.5,2560.5,1530000.0,19.5
2019-01-11,2595.0,2594.0,2597.75,2577.0,1210000.0,18.19
2019-01-14,2580.5,2588.5,2592.0,2567.25,1200000.0,19.07
2019-01-15,2605.5,2581.5,2613.75,2580.0,1530000.0,18.6
2019-01-16,2613.25,2605.75,2626.25,2602.5,1330000.0,19.04
2019-01-17,2635.25,2614.5,2645.5,2596.5,1510000.0,18.06
2019-01-18,2671.5,2636.75,2677.75,2632.75,1750000.0,17.8
2019-01-22,2632.0,2669.25,2673.5,2616.5,1880000.0,20.8
2019-01-23,2638.25,2630.75,2653.75,2612.5,1580000.0,19.52
2019-01-24,2634.0,2635.0,2647.5,2626.0,1270000.0,18.89
2019-01-25,2663.5,2636.25,2672.5,2634.5,1390000.0,17.42
2019-01-28,2642.0,2660.0,2663.5,2622.25,1410000.0,18.87
2019-01-29,2640.25,2640.25,2650.0,2628.5,1260000.0,19.13
2019-01-30,2682.5,2648.5,2689.75,2636.25,1560000.0,17.66
2019-01-31,2704.5,2683.5,2713.0,2675.75,1940000.0,16.57
2019-02-01,2704.25,2707.75,2716.0,2695.5,1470000.0,16.14
2019-02-04,2721.25,2699.25,2725.0,2697.0,1020000.0,15.73
2019-02-05,2731.0,2719.5,2737.75,2716.25,1230000.0,15.57
2019-02-06,2729.5,2730.75,2736.5,2722.25,1200000.0,15.38
2019-02-07,2704.0,2727.0,2729.25,2685.5,1920000.0,16.37
2019-02-08,2706.25,2702.0,2709.0,2680.75,1580000.0,15.72
2019-02-11,2708.25,2710.75,2721.5,2700.5,1110000.0,15.97
2019-02-12,2744.75,2707.0,2748.0,2705.5,1310000.0,15.43
2019-02-13,2749.5,2743.5,2762.0,2742.75,1210000.0,15.65
2019-02-14,2743.5,2749.25,2763.0,2730.25,1680000.0,16.22
2019-02-15,2777.0,2741.25,2778.5,2729.0,1520000.0,14.91
2019-02-19,2778.75,2777.0,2787.5,2766.0,1200000.0,14.88
2019-02-20,2787.0,2777.75,2790.75,2773.25,1280000.0,14.02
2019-02-21,2774.25,2787.0,2798.0,2764.25,1430000.0,14.46
2019-02-22,2791.25,2773.5,2795.5,2770.5,1190000.0,13.51
2019-02-25,2797.0,2799.5,2814.0,2794.5,1260000.0,14.85
2019-02-26,2791.5,2795.75,2803.5,2783.25,1200000.0,15.17
2019-02-27,2795.0,2788.0,2797.25,2775.0,1140000.0,14.7
2019-02-28,2784.75,2795.25,2795.75,2781.75,1360000.0,14.78
2019-03-01,2805.0,2785.25,2808.25,2783.0,1270000.0,13.57
2019-03-04,2791.5,2814.0,2819.75,2767.5,1790000.0,14.63
2019-03-05,2791.5,2790.5,2799.0,2783.25,1200000.0,14.74
2019-03-06,2771.5,2786.5,2792.75,2768.5,1510000.0,15.74
2019-03-07,2750.0,2770.5,2776.25,2738.5,1920000.0,16.59
2019-03-08,2747.0,2749.0,2751.5,2722.0,1380000.0,16.05
2019-03-11,2784.0,2745.5,2787.5,2736.75,1300000.0,14.33
2019-03-12,2792.0,2784.75,2798.25,2780.5,958320.0,13.77
2019-03-13,2814.5,2792.25,2821.25,2783.0,583010.0,13.41
2019-03-14,2807.25,2816.0,2820.0,2803.75,330520.0,13.5
2019-03-15,2811.89,2808.0,2821.5,2807.5,42980.0,12.88
2019-03-18,2840.5,2827.0,2842.0,2824.0,1040000.0,13.1
2019-03-19,2836.5,2841.5,2858.75,2829.0,1500000.0,13.56
2019-03-20,2827.0,2837.25,2849.25,2817.25,1690000.0,13.91
2019-03-21,2862.5,2823.75,2866.0,2813.75,1660000.0,13.63
2019-03-22,2810.75,2859.5,2864.75,2805.25,2250000.0,16.48
2019-03-25,2807.0,2813.0,2818.5,2789.5,1800000.0,16.33
2019-03-26,2823.0,2808.5,2835.0,2806.0,1460000.0,14.68
2019-03-27,2810.5,2823.5,2831.75,2791.75,1730000.0,15.15
2019-03-28,2821.0,2807.0,2824.25,2795.0,1190000.0,14.43
2019-03-29,2837.75,2820.5,2840.75,2820.25,1490000.0,13.71
2019-04-01,2870.5,2844.5,2873.5,2844.5,1260000.0,13.4
2019-04-02,2867.0,2868.5,2873.75,2862.25,859940.0,13.36
2019-04-03,2879.75,2866.0,2889.25,2865.25,1240000.0,13.74
2019-04-04,2882.75,2880.75,2885.75,2871.0,1050000.0,13.58
2019-04-05,2896.0,2882.5,2898.0,2880.5,1220000.0,12.82
2019-04-08,2898.25,2896.25,2899.75,2884.25,978910.0,13.18
2019-04-09,2882.5,2898.5,2900.0,2877.25,1180000.0,14.28
2019-04-10,2894.5,2882.0,2896.0,2878.0,972310.0,13.3
2019-04-11,2891.75,2894.75,2900.0,2885.25,968650.0,13.02
2019-04-12,2912.5,2892.0,2914.75,2890.75,1230000.0,12.01
2019-04-15,2909.5,2912.0,2914.5,2900.5,955660.0,12.32
2019-04-16,2911.5,2910.25,2921.25,2904.5,1120000.0,12.18
2019-04-17,2900.5,2910.25,2923.5,2898.5,1380000.0,12.6
2019-04-18,2910.0,2901.0,2911.75,2889.5,1340000.0,12.09
2019-04-22,2912.5,2908.75,2915.75,2899.0,706070.0,12.42
2019-04-23,2938.0,2911.75,2939.75,2908.0,1190000.0,12.28
2019-04-24,2930.75,2937.25,2939.75,2927.75,1130000.0,13.14
2019-04-25,2926.25,2930.0,2935.75,2914.25,1380000.0,13.25
2019-04-26,2941.5,2923.75,2942.75,2917.25,1250000.0,12.73
2019-04-29,2943.0,2939.25,2951.5,2937.75,944850.0,13.11
2019-04-30,2948.5,2942.5,2956.5,2926.0,1490000.0,13.12
2019-05-01,2923.0,2955.0,2961.25,2916.0,1500000.0,14.8
2019-05-02,2917.5,2916.5,2932.75,2901.0,1810000.0,14.42
2019-05-03,2947.5,2918.5,2949.5,2916.5,1300000.0,12.87
2019-05-06,2932.5,2917.75,2938.25,2883.5,2040000.0,15.44
2019-05-07,2890.75,2911.75,2930.5,2862.5,2810000.0,19.32
2019-05-08,2887.25,2889.75,2899.5,2868.75,2040000.0,19.4
2019-05-09,2872.75,2884.0,2885.5,2836.25,2710000.0,19.1
2019-05-10,2887.0,2869.75,2893.0,2826.0,2850000.0,16.04
2019-05-13,2807.0,2858.5,2869.25,2802.0,2790000.0,20.55
2019-05-14,2839.25,2806.0,2853.75,2799.75,1800000.0,18.06
2019-05-15,2855.0,2840.75,2860.0,2815.0,1750000.0,16.44
2019-05-16,2878.5,2853.5,2894.0,2840.5,1690000.0,15.29
2019-05-17,2862.0,2879.75,2887.5,2852.5,1930000.0,15.96
2019-05-20,2844.0,2861.5,2876.5,2832.5,1660000.0,16.31
2019-05-21,2866.0,2848.0,2870.75,2846.25,1300000.0,14.95
2019-05-22,2857.5,2864.75,2869.5,2848.25,1260000.0,14.75
2019-05-23,2819.5,2857.75,2858.5,2805.75,2009999.9999999998,16.92
2019-05-24,2831.75,2821.75,2842.0,2819.25,1200000.0,15.85
2019-05-28,2805.0,2831.0,2841.25,2800.5,1630000.0,17.5
2019-05-29,2780.0,2804.25,2806.0,2766.25,2089999.9999999998,17.9
2019-05-30,2790.5,2779.5,2799.0,2776.5,1280000.0,17.3
2019-05-31,2752.5,2788.75,2791.0,2750.0,2210000.0,18.71
2019-06-03,2749.5,2741.0,2763.75,2728.75,2300000.0,18.86
2019-06-04,2805.0,2754.0,2806.25,2744.0,1840000.0,16.97
2019-06-05,2827.75,2806.5,2829.5,2801.0,1740000.0,16.09
2019-06-06,2845.75,2820.5,2853.0,2812.75,1570000.0,15.93
2019-06-07,2875.0,2840.0,2886.25,2838.0,1690000.0,16.3
2019-06-10,2889.25,2893.25,2905.75,2880.5,1420000.0,15.94
2019-06-11,2887.0,2890.25,2911.5,2879.25,1400000.0,15.99
2019-06-12,2881.0,2887.25,2891.0,2875.25,1210000.0,15.91
2019-06-13,2894.5,2882.0,2896.5,2867.25,1440000.0,15.82
2019-06-14,2890.5,2893.75,2898.75,2880.5,1260000.0,15.28
2019-06-17,2892.0,2890.75,2900.75,2887.75,1160000.0,15.35
2019-06-18,2921.75,2893.5,2931.75,2884.5,1070000.0,15.15
2019-06-19,2929.0,2920.5,2932.5,2909.0,638950.0,14.33
2019-06-20,2955.75,2926.75,2960.0,2926.0,473310.0,14.75
2019-06-21,2953.9,2953.75,2956.0,2944.0,47730.0,15.4
2019-06-24,2952.0,2948.0,2961.75,2947.25,910170.0,15.26
2019-06-25,2922.0,2951.0,2958.25,2920.0,1420000.0,16.28
2019-06-26,2918.0,2922.5,2939.0,2914.5,1230000.0,16.21
2019-06-27,2931.0,2914.75,2935.75,2914.75,1060000.0,15.82
2019-06-28,2944.25,2932.75,2955.25,2930.0,1320000.0,15.08
2019-07-01,2967.75,2970.0,2981.75,2955.5,1460000.0,14.06
2019-07-02,2979.5,2968.0,2980.0,2958.5,1120000.0,12.93
2019-07-03,3000.25,2979.0,3001.5,2973.75,805260.0,12.57
2019-07-05,2990.5,3000.75,3006.0,2971.25,1340000.0,13.28
2019-07-08,2978.5,2990.75,2994.75,2973.25,1020000.0,13.96
2019-07-09,2982.0,2977.75,2986.25,2963.5,956650.0,14.09
2019-07-10,2997.5,2982.25,3007.5,2971.25,1420000.0,13.03
2019-07-11,3004.0,2996.0,3006.75,2992.5,1180000.0,12.93
2019-07-12,3015.5,3003.0,3018.0,3002.25,969960.0,12.39
2019-07-15,3017.25,3015.25,3023.5,3010.75,829940.0,12.68
2019-07-16,3007.0,3017.25,3021.75,3004.5,939810.0,12.86
2019-07-17,2985.0,3005.75,3013.0,2980.5,1040000.0,13.97
2019-07-18,2997.5,2980.75,3005.25,2974.5,1350000.0,13.53
2019-07-19,2977.0,3003.75,3009.75,2969.5,1480000.0,14.45
2019-07-22,2989.0,2974.5,2993.5,2972.5,1100000.0,13.53
2019-07-23,3008.0,2988.75,3008.5,2987.5,1060000.0,12.61
2019-07-24,3021.5,3003.0,3022.0,2996.0,1070000.0,12.07
2019-07-25,3006.5,3018.0,3027.75,2998.0,1330000.0,12.74
2019-07-26,3024.5,3006.5,3029.5,3006.0,961020.0,12.16
2019-07-29,3021.75,3022.0,3027.25,3015.5,823570.0,12.83
2019-07-30,3012.25,3022.25,3027.5,3001.5,1180000.0,13.94
2019-07-31,2982.25,3016.25,3020.75,2958.0,1950000.0,16.12
2019-08-01,2952.0,2970.25,3014.25,2944.5,2740000.0,17.87
2019-08-02,2932.5,2950.25,2961.0,2913.5,2450000.0,17.61
2019-08-05,2830.0,2929.25,2933.5,2820.5,3070000.0,24.59
2019-08-06,2876.0,2816.25,2883.75,2775.75,2600000.0,20.17
2019-08-07,2880.5,2873.75,2891.5,2823.25,2680000.0,19.49
2019-08-08,2940.0,2879.0,2940.75,2870.5,1800000.0,16.91
2019-08-09,2919.75,2928.0,2935.75,2899.0,2029999.9999999998,17.97
2019-08-12,2880.25,2918.75,2931.0,2872.5,1710000.0,21.09
2019-08-13,2932.0,2882.25,2944.25,2866.75,2180000.0,17.52
2019-08-14,2840.75,2931.0,2936.5,2835.75,2790000.0,22.1
2019-08-15,2848.5,2836.0,2871.75,2817.75,2500000.0,21.18
2019-08-16,2891.5,2851.0,2894.75,2849.5,1630000.0,18.47
2019-08-19,2923.75,2893.0,2932.25,2892.5,1290000.0,16.88
2019-08-20,2898.25,2921.25,2932.25,2894.25,1480000.0,17.5
2019-08-21,2929.25,2893.25,2932.5,2893.0,1180000.0,15.8
2019-08-22,2922.25,2931.25,2939.75,2904.25,1470000.0,16.68
2019-08-23,2855.5,2920.25,2936.75,2834.0,2860000.0,19.87
2019-08-26,2883.25,2831.0,2888.5,2810.25,1850000.0,19.32
2019-08-27,2865.5,2882.75,2899.5,2860.0,1530000.0,20.31
2019-08-28,2889.75,2866.25,2890.5,2851.75,1490000.0,19.35
2019-08-29,2926.75,2883.25,2930.75,2875.25,1490000.0,17.88
2019-08-30,2924.75,2923.25,2946.5,2913.25,1640000.0,18.98
2019-09-03,2906.0,2901.0,2926.5,2889.0,2000000.0,19.66
2019-09-04,2938.5,2903.0,2939.5,2902.0,1250000.0,17.33
2019-09-05,2972.0,2938.0,2986.5,2936.5,1670000.0,16.27
2019-09-06,2980.75,2970.75,2988.25,2970.25,1180000.0,15.0
2019-09-09,2978.25,2980.25,2991.5,2969.5,1200000.0,15.27
2019-09-10,2978.5,2979.25,2985.0,2957.25,1490000.0,15.2
2019-09-11,3002.0,2979.0,3004.25,2972.0,1420000.0,14.61
2019-09-12,3011.75,3003.0,3021.75,3001.0,1750000.0,14.22
2019-09-13,3006.5,3010.0,3023.75,3003.5,1280000.0,13.74
2019-09-16,2999.0,2993.5,3003.25,2981.25,1200000.0,14.67
2019-09-17,3005.5,3001.75,3006.5,2991.5,1100000.0,14.44
2019-09-18,3006.25,3006.0,3011.0,2978.5,637340.0,13.95
2019-09-19,3006.0,3008.0,3022.25,2988.75,372850.0,14.05
2019-09-20,3013.61,3005.5,3015.5,3001.75,37790.0,15.32
2019-09-23,2997.0,2995.75,3008.25,2982.0,1040000.0,14.91
2019-09-24,2970.25,3001.0,3012.25,2958.5,1940000.0,17.05
2019-09-25,2986.25,2971.0,2991.75,2953.75,1500000.0,15.96
2019-09-26,2980.5,2985.75,2995.0,2964.25,1350000.0,16.07
2019-09-27,2963.75,2979.75,2993.0,2946.25,1670000.0,17.22
2019-09-30,2978.5,2976.0,2986.25,2964.5,1160000.0,16.24
2019-10-01,2937.75,2984.0,2994.5,2937.0,1600000.0,18.56
2019-10-02,2880.5,2942.25,2949.0,2874.0,2130000.0,20.56
2019-10-03,2911.75,2883.75,2912.5,2855.0,2040000.0,19.12
2019-10-04,2951.0,2911.5,2953.25,2896.75,1500000.0,17.04
2019-10-07,2937.5,2929.75,2959.5,2928.0,1270000.0,17.86
2019-10-08,2892.5,2934.5,2950.0,2890.5,1870000.0,20.28
2019-10-09,2919.0,2893.5,2934.25,2888.25,1310000.0,18.64
2019-10-10,2941.0,2920.5,2954.0,2881.75,1580000.0,17.57
2019-10-11,2970.75,2949.0,2994.0,2941.75,1740000.0,15.58
2019-10-14,2965.5,2968.0,2982.5,2953.75,833670.0,14.57
2019-10-15,2997.75,2966.75,3003.25,2966.5,1180000.0,13.54
2019-10-16,2991.5,2996.5,2997.75,2984.75,1150000.0,13.68
2019-10-17,2998.0,2992.25,3008.0,2985.25,1120000.0,13.79
2019-10-18,2988.25,2997.75,3001.25,2975.0,1340000.0,14.25
2019-10-21,3006.5,2984.75,3007.5,2983.75,886560.0,14.0
2019-10-22,2994.5,3006.5,3014.25,2988.25,1130000.0,14.46
2019-10-23,3005.75,2992.0,3006.0,2982.0,1060000.0,14.01
2019-10-24,3004.25,3006.0,3015.25,2998.75,1060000.0,13.71
2019-10-25,3020.25,3003.75,3026.5,3000.0,1100000.0,12.65
2019-10-28,3036.25,3023.0,3042.75,3022.75,1040000.0,13.11
2019-10-29,3035.75,3038.25,3046.25,3029.5,1040000.0,13.2
2019-10-30,3047.75,3036.5,3055.0,3023.25,1180000.0,12.33
2019-10-31,3035.75,3051.75,3052.0,3020.25,1770000.0,13.22
2019-11-01,3063.25,3036.0,3065.0,3033.0,1280000.0,12.3
2019-11-04,3075.75,3064.75,3083.75,3064.75,1180000.0,12.83
2019-11-05,3072.0,3076.75,3085.75,3069.75,1120000.0,13.1
2019-11-06,3075.5,3071.5,3078.0,3063.0,1080000.0,12.62
2019-11-07,3086.0,3077.25,3097.0,3070.25,1350000.0,12.73
2019-11-08,3090.5,3086.25,3092.5,3072.5,1080000.0,12.07
2019-11-11,3087.5,3090.5,3092.25,3074.5,844600.0,12.69
2019-11-12,3092.0,3087.75,3102.0,3081.25,1100000.0,12.68
2019-11-13,3095.5,3091.25,3097.0,3075.75,1250000.0,13.0
2019-11-14,3097.0,3096.25,3099.75,3081.75,1110000.0,13.05
2019-11-15,3118.25,3097.0,3119.5,3095.75,1250000.0,12.05
2019-11-18,3121.75,3119.0,3127.75,3111.0,1030000.0,12.46
2019-11-19,3118.5,3121.5,3132.5,3112.75,1200000.0,12.86
2019-11-20,3109.0,3116.5,3118.5,3090.75,1690000.0,12.78
2019-11-21,3104.0,3097.25,3114.5,3091.25,1430000.0,13.13
2019-11-22,3111.5,3104.0,3114.5,3097.75,995420.0,12.34
2019-11-25,3132.75,3119.0,3133.5,3116.5,947830.0,11.87
2019-11-26,3143.75,3131.25,3145.0,3128.0,1070000.0,11.54
2019-11-27,3153.75,3143.75,3155.0,3141.75,928790.0,11.75
2019-11-29,3143.75,3154.75,3155.0,3139.5,902190.0,12.62
2019-12-02,3114.25,3146.25,3158.0,3110.25,1930000.0,14.91
2019-12-03,3091.0,3114.25,3121.75,3069.5,2150000.0,15.96
2019-12-04,3111.0,3091.75,3119.5,3081.75,1490000.0,14.8
2019-12-05,3117.75,3111.0,3124.75,3103.25,1320000.0,14.52
2019-12-06,3146.0,3117.75,3151.0,3117.0,1300000.0,13.62
2019-12-09,3134.5,3146.5,3149.5,3131.25,1150000.0,15.86
2019-12-10,3136.0,3133.5,3143.0,3116.25,1430000.0,15.68
2019-12-11,3143.0,3135.5,3144.5,3129.5,1230000.0,14.99
2019-12-12,3168.0,3144.0,3177.5,3137.25,2380000.0,13.94
2019-12-13,3172.0,3175.75,3185.0,3156.75,1830000.0,12.63
2019-12-16,3194.25,3176.5,3198.75,3173.75,1410000.0,12.14
2019-12-17,3192.0,3192.5,3199.25,3187.75,1030000.0,12.29
2019-12-18,3194.75,3189.5,3199.0,3188.5,582630.0,12.58
2019-12-19,3207.1,3195.0,3209.0,3190.25,433420.0,12.5
2019-12-20,3231.02,3208.5,3220.25,3204.25,46150.0,12.51
2019-12-23,3227.25,3227.0,3234.25,3224.25,665900.0,12.61
2019-12-24,3225.75,3228.25,3231.25,3222.5,297970.0,12.67
2019-12-26,3244.5,3227.5,3244.75,3227.0,464640.0,12.65
2019-12-27,3237.5,3242.0,3254.0,3235.5,984390.0,13.43
2019-12-30,3223.5,3238.25,3244.25,3217.25,1120000.0,14.82
2019-12-31,3231.0,3223.25,3236.25,3213.0,1160000.0,13.78
2020-01-02,3259.0,3237.0,3261.75,3234.25,1420000.0,12.47
2020-01-03,3235.5,3261.0,3263.5,3206.75,1760000.0,14.02
2020-01-06,3243.5,3220.25,3249.5,3208.75,1500000.0,13.85
2020-01-07,3235.25,3243.5,3254.5,3226.0,1290000.0,13.79
2020-01-08,3260.25,3231.75,3267.75,3181.0,2280000.0,13.45
2020-01-09,3276.0,3261.25,3276.75,3257.75,1300000.0,12.54
2020-01-10,3264.75,3275.5,3287.0,3260.75,1530000.0,12.56
2020-01-13,3289.75,3265.75,3291.0,3265.5,1010000.0,12.32
2020-01-14,3288.0,3289.25,3296.75,3275.25,1690000.0,12.39
2020-01-15,3293.75,3287.75,3299.0,3277.75,1470000.0,12.42
2020-01-16,3316.5,3294.25,3318.0,3294.0,1340000.0,12.32
2020-01-17,3325.0,3316.75,3330.25,3316.0,1310000.0,12.1
2020-01-21,3319.5,3325.0,3329.75,3307.25,1570000.0,12.85
2020-01-22,3319.75,3321.25,3337.5,3315.25,1510000.0,12.91
2020-01-23,3326.0,3317.25,3327.0,3301.25,1720000.0,12.98
2020-01-24,3293.5,3326.5,3337.0,3280.5,2520000.0,14.56
2020-01-27,3239.5,3269.75,3269.75,3233.0,2580000.0,18.23
2020-01-28,3278.25,3239.5,3285.0,3238.75,1910000.0,16.28
2020-01-29,3272.5,3281.75,3292.75,3265.25,1670000.0,16.39
2020-01-30,3289.75,3271.5,3295.25,3239.75,2420000.0,15.49
2020-01-31,3224.0,3292.0,3297.5,3212.75,3150000.0,18.84
2020-02-03,3245.5,3222.75,3267.25,3222.0,1920000.0,17.97
2020-02-04,3299.5,3244.25,3305.25,3236.0,1700000.0,16.05
2020-02-05,3335.0,3300.25,3338.0,3288.25,2049999.9999999998,15.15
2020-02-06,3345.25,3337.0,3357.75,3332.5,1460000.0,14.96
2020-02-07,3325.5,3349.0,3350.0,3320.75,1700000.0,15.47
2020-02-10,3353.0,3322.25,3353.5,3303.5,1400000.0,15.04
2020-02-11,3357.5,3351.0,3374.5,3349.25,1490000.0,15.18
2020-02-12,3380.5,3360.5,3381.5,3355.5,1230000.0,13.74
2020-02-13,3377.5,3381.25,3384.75,3348.5,1770000.0,14.15
2020-02-14,3381.0,3379.5,3388.5,3365.25,1330000.0,13.68
2020-02-18,3369.25,3382.25,3392.5,3355.25,1740000.0,14.83
2020-02-19,3387.25,3372.0,3393.75,3370.75,1160000.0,14.38
2020-02-20,3369.25,3391.75,3397.5,3339.25,2069999.9999999998,15.56
2020-02-21,3339.25,3367.0,3369.25,3328.0,2290000.0,17.08
2020-02-24,3226.25,3309.0,3312.0,3213.75,3640000.0,25.03
2020-02-25,3132.5,3223.0,3259.5,3117.25,4380000.0,27.85
2020-02-26,3110.25,3138.0,3182.0,3091.0,3890000.0,27.56
2020-02-27,2957.0,3100.25,3117.0,2944.5,4730000.0,39.16
2020-02-28,2951.0,2950.0,2996.0,2853.25,5720000.0,40.11
2020-03-02,3065.0,2900.0,3093.25,2889.25,3690000.0,33.42
2020-03-03,2997.0,3077.0,3137.0,2973.0,3750000.0,36.82
2020-03-04,3114.75,2988.25,3129.5,2976.5,2590000.0,31.99
2020-03-05,3015.5,3109.25,3113.75,2996.5,2810000.0,39.62
2020-03-06,2964.0,3024.25,3037.0,2898.0,3160000.0,41.94
2020-03-09,2747.75,2916.0,2916.0,2715.0,2670000.0,54.46
2020-03-10,2865.75,2733.0,2884.75,2695.25,3420000.0,47.3
2020-03-11,2740.25,2859.5,2869.5,2702.75,2990000.0,53.9
2020-03-12,2469.0,2738.0,2774.0,2442.5,4370000.0,75.47
2020-03-13,2696.0,2429.5,2707.75,2393.5,3420000.0,57.83
2020-03-16,2416.25,2673.75,2675.0,2360.25,2380000.0,82.69
2020-03-17,2495.5,2417.25,2554.5,2365.0,1680000.0,75.91
2020-03-18,2414.0,2478.5,2498.0,2274.75,976540.0,76.45
2020-03-19,2403.25,2414.25,2474.0,2288.0,631230.0,72.0
2020-03-20,2437.98,2364.25,2512.75,2346.25,71680.0,66.04
2020-03-23,2220.5,2220.25,2386.0,2174.0,3080000.0,61.59
2020-03-24,2438.0,2233.25,2447.75,2230.5,2640000.0,61.67
2020-03-25,2467.0,2442.75,2560.75,2386.0,3040000.0,63.95
2020-03-26,2608.0,2471.0,2625.75,2402.25,2410000.0,61.0
2020-03-27,2524.0,2627.75,2634.5,2505.25,2320000.0,65.54
2020-03-30,2611.25,2459.0,2621.75,2445.0,1840000.0,57.08
2020-03-31,2569.75,2613.25,2635.75,2555.75,2250000.0,53.54
2020-04-01,2448.0,2562.0,2562.25,2434.25,2089999.9999999998,57.06
2020-04-02,2516.5,2459.0,2525.0,2424.75,2150000.0,50.91
2020-04-03,2482.75,2513.75,2529.5,2449.0,1760000.0,46.8
2020-04-06,2644.5,2485.0,2668.5,2484.75,2029999.9999999998,45.24
2020-04-07,2642.0,2645.5,2750.0,2623.5,2490000.0,46.7
2020-04-08,2735.0,2640.5,2752.5,2620.75,1920000.0,43.35
2020-04-09,2779.75,2737.75,2809.5,2701.0,2340000.0,41.67
2020-04-13,2759.25,2811.0,2819.5,2711.0,1570000.0,41.17
2020-04-14,2843.0,2760.0,2846.0,2752.5,1720000.0,37.76
2020-04-15,2775.0,2843.75,2845.5,2751.25,1830000.0,40.84
2020-04-16,2787.5,2767.75,2831.5,2746.0,1750000.0,40.11
2020-04-17,2870.0,2863.0,2885.0,2821.0,1920000.0,38.15
2020-04-20,2806.5,2861.5,2875.5,2804.25,1570000.0,43.83
2020-04-21,2732.0,2807.0,2833.25,2717.25,1970000.0,45.41
2020-04-22,2788.5,2737.25,2808.0,2717.25,1370000.0,41.98
2020-04-23,2780.75,2790.5,2836.75,2772.75,1700000.0,41.38
2020-04-24,2829.5,2777.0,2835.0,2755.25,1290000.0,35.93
2020-04-27,2869.0,2829.0,2881.25,2812.75,1220000.0,33.29
2020-04-28,2867.25,2867.75,2913.5,2851.0,1610000.0,33.57
2020-04-29,2941.0,2870.5,2959.75,2860.75,1740000.0,31.23
2020-04-30,2902.5,2956.5,2965.0,2878.0,2029999.9999999998,34.15
2020-05-01,2821.75,2871.5,2879.75,2811.75,1650000.0,37.19
2020-05-04,2825.25,2789.0,2835.75,2771.0,1510000.0,35.97
2020-05-05,2858.25,2827.0,2889.75,2824.5,1470000.0,33.61
2020-05-06,2833.5,2857.75,2886.25,2832.0,1470000.0,34.12
2020-05-07,2880.0,2832.0,2895.0,2823.0,1490000.0,31.44
2020-05-08,2928.5,2882.0,2933.0,2879.75,1330000.0,27.98
2020-05-11,2922.75,2920.75,2947.0,2889.75,1530000.0,27.57
2020-05-12,2852.5,2919.25,2939.25,2838.0,1820000.0,33.04
2020-05-13,2813.0,2839.75,2876.75,2786.0,2590000.0,35.28
2020-05-14,2847.0,2820.25,2853.75,2760.25,2500000.0,32.61
2020-05-15,2846.5,2846.25,2863.5,2809.5,1900000.0,31.89
2020-05-18,2948.0,2859.75,2964.75,2850.0,1780000.0,29.3
2020-05-19,2918.75,2945.0,2976.25,2914.25,1570000.0,30.53
2020-05-20,2968.5,2913.5,2975.75,2908.5,1530000.0,27.99
2020-05-21,2937.0,2972.25,2973.5,2933.0,1610000.0,29.53
2020-05-22,2953.0,2936.75,2957.5,2903.75,1380000.0,28.16
2020-05-26,2994.5,2948.5,3019.75,2947.5,1800000.0,28.01
2020-05-27,3035.5,2994.0,3039.5,2965.5,2110000.0,27.62
2020-05-28,3038.0,3035.0,3065.5,3019.5,1880000.0,28.59
2020-05-29,3042.0,3036.0,3058.25,2992.0,2260000.0,27.51
2020-06-01,3054.0,3029.75,3059.0,3008.0,1280000.0,28.23
2020-06-02,3077.0,3052.75,3079.0,3035.0,1460000.0,26.84
2020-06-03,3117.75,3078.0,3129.5,3074.25,1620000.0,25.66
2020-06-04,3110.5,3117.75,3126.75,3087.5,1830000.0,25.81
2020-06-05,3186.75,3113.25,3210.5,3106.5,2440000.0,24.52
2020-06-08,3227.5,3192.5,3231.25,3183.25,1600000.0,25.81
2020-06-09,3205.5,3227.75,3231.0,3190.0,1700000.0,27.57
2020-06-10,3186.0,3204.75,3227.25,3179.75,2000000.0,27.57
2020-06-11,3010.25,3183.75,3188.5,2996.25,3530000.0,40.79
2020-06-12,3034.75,3011.75,3087.75,2982.0,2870000.0,36.09
2020-06-15,3073.0,2992.75,3079.25,2935.0,1950000.0,34.4
2020-06-16,3128.75,3076.25,3167.75,3071.25,1380000.0,33.67
2020-06-17,3118.0,3122.0,3157.75,3105.0,610880.0,33.47
2020-06-18,3109.0,3115.0,3130.5,3075.25,373720.0,32.94
2020-06-19,3161.26,3108.25,3196.0,3106.75,36160.0,35.12
2020-06-22,3110.75,3040.25,3114.25,3027.25,1390000.0,31.77
2020-06-23,3118.5,3111.75,3145.75,3060.0,1530000.0,31.37
2020-06-24,3049.0,3113.25,3128.5,3019.75,2390000.0,33.84
2020-06-25,3070.75,3046.75,3079.5,3005.0,1970000.0,32.22
2020-06-26,3007.0,3071.25,3082.0,2992.5,2210000.0,34.73
2020-06-29,3047.75,2986.25,3051.25,2983.5,1590000.0,31.78
2020-06-30,3090.25,3046.0,3101.25,3030.25,1720000.0,30.43
2020-07-01,3103.0,3085.25,3117.75,3062.75,1540000.0,28.62
2020-07-02,3129.0,3101.75,3156.5,3095.5,1550000.0,27.68
2020-07-06,3172.0,3121.25,3174.5,3121.25,1460000.0,27.94
2020-07-07,3136.5,3170.0,3184.0,3132.5,1330000.0,29.43
2020-07-08,3163.5,3135.25,3166.25,3125.5,1530000.0,28.08
2020-07-09,3141.0,3166.25,3170.75,3105.25,1880000.0,29.26
2020-07-10,3178.5,3142.25,3181.25,3111.5,1410000.0,27.29
2020-07-13,3148.25,3183.5,3226.25,3140.5,2069999.9999999998,32.19
2020-07-14,3183.5,3149.75,3192.25,3119.0,2260000.0,29.52
2020-07-15,3219.5,3204.0,3233.25,3192.0,1940000.0,27.76
2020-07-16,3194.5,3223.25,3228.5,3188.5,1470000.0,28.0
2020-07-17,3214.0,3198.5,3225.25,3194.75,1260000.0,25.68
2020-07-20,3245.25,3214.5,3250.5,3190.25,1400000.0,24.46
2020-07-21,3251.25,3243.75,3273.25,3239.25,1460000.0,24.84
2020-07-22,3265.5,3249.25,3271.75,3227.25,1350000.0,24.32
2020-07-23,3227.5,3267.75,3284.5,3214.25,1700000.0,26.08
2020-07-24,3204.0,3230.0,3239.0,3191.5,1760000.0,25.84
2020-07-27,3232.25,3210.75,3235.0,3192.0,1300000.0,24.74
2020-07-28,3213.0,3235.0,3246.75,3208.0,1380000.0,25.44
2020-07-29,3252.5,3215.0,3257.0,3204.25,1220000.0,24.1
2020-07-30,3248.75,3256.75,3269.0,3195.0,2000000.0,24.76
2020-07-31,3263.5,3269.25,3273.75,3212.5,2280000.0,24.46
2020-08-03,3288.5,3272.0,3295.5,3254.75,1250000.0,24.28
2020-08-04,3300.0,3290.75,3300.5,3271.0,1150000.0,23.76
2020-08-05,3316.0,3300.75,3323.25,3292.0,1120000.0,22.99
2020-08-06,3344.25,3317.0,3345.5,3300.5,1350000.0,22.65
2020-08-07,3344.75,3343.75,3347.75,3322.25,1620000.0,22.21
2020-08-10,3352.75,3347.0,3357.25,3329.0,1200000.0,22.13
2020-08-11,3330.0,3350.25,3379.0,3319.5,1730000.0,24.03
2020-08-12,3370.0,3339.5,3382.5,3326.25,1410000.0,22.28
2020-08-13,3367.75,3367.75,3382.0,3357.5,1210000.0,22.13
2020-08-14,3361.5,3369.25,3380.5,3350.0,1080000.0,22.05
2020-08-17,3379.75,3366.0,3382.75,3364.75,759300.0,21.35
2020-08-18,3387.0,3379.25,3390.75,3365.25,1020000.0,21.51
2020-08-19,3372.75,3388.75,3395.75,3365.5,1370000.0,22.54
2020-08-20,3380.75,3370.25,3387.0,3344.75,1200000.0,22.72
2020-08-21,3392.5,3383.5,3396.25,3356.75,1220000.0,22.54
2020-08-24,3427.5,3398.75,3429.5,3393.5,1280000.0,22.37
2020-08-25,3443.0,3427.0,3448.75,3421.75,1130000.0,22.03
2020-08-26,3480.25,3444.75,3483.5,3436.75,1280000.0,23.27
2020-08-27,3485.25,3479.5,3498.25,3464.75,1630000.0,24.47
2020-08-28,3504.5,3488.0,3509.5,3480.75,1250000.0,22.96
2020-08-31,3499.0,3508.5,3524.5,3490.0,1440000.0,26.41
2020-09-01,3527.0,3493.25,3530.0,3484.25,1280000.0,26.12
2020-09-02,3579.25,3529.0,3587.0,3526.25,1850000.0,26.57
2020-09-03,3461.5,3578.75,3586.5,3424.5,2870000.0,33.6
2020-09-04,3417.5,3454.75,3484.25,3347.75,2990000.0,30.75
2020-09-08,3335.5,3420.5,3447.0,3327.5,2730000.0,31.46
2020-09-09,3400.25,3315.25,3424.0,3295.5,2009999.9999999998,28.81
2020-09-10,3340.5,3396.0,3424.25,3327.25,2330000.0,29.71
2020-09-11,3333.75,3345.25,3375.0,3308.75,1880000.0,26.87
2020-09-14,3382.5,3350.0,3402.75,3345.5,1380000.0,25.85
2020-09-15,3405.25,3379.5,3419.0,3376.0,874370.0,25.59
2020-09-16,3389.5,3405.0,3429.75,3384.0,571750.0,26.04
2020-09-17,3361.5,3392.75,3396.5,3320.5,384920.0,26.46
2020-09-18,3353.6,3355.75,3374.25,3341.75,,25.83
2020-09-21,3275.0,3314.5,3326.25,3217.75,2510000.0,27.78
2020-09-22,3299.25,3271.5,3309.5,3256.5,1580000.0,26.86
2020-09-23,3231.25,3303.75,3319.75,3221.0,1980000.0,28.58
2020-09-24,3238.0,3228.0,3268.25,3198.0,2280000.0,28.51
2020-09-25,3287.25,3243.5,3296.25,3206.5,1700000.0,26.38
2020-09-28,3346.0,3291.0,3351.25,3287.5,1500000.0,26.19
2020-09-29,3333.75,3348.75,3363.0,3316.5,1330000.0,26.27
2020-09-30,3352.0,3330.0,3384.0,3291.25,2170000.0,26.37
2020-10-01,3367.75,3344.75,3388.0,3343.25,1520000.0,26.7
2020-10-02,3339.25,3367.0,3375.5,3300.25,2029999.9999999998,27.63
2020-10-05,3393.0,3360.0,3400.0,3346.5,1080000.0,27.96
2020-10-06,3353.25,3392.0,3421.75,3330.5,1700000.0,29.48
2020-10-07,3406.75,3338.0,3416.75,3332.25,1400000.0,28.06
2020-10-08,3437.5,3406.25,3447.25,3405.5,1100000.0,26.36
2020-10-09,3473.25,3447.25,3480.0,3445.25,1190000.0,25.0
2020-10-12,3532.75,3467.5,3541.0,3464.25,1400000.0,25.07
2020-10-13,3504.75,3534.0,3535.75,3491.5,1620000.0,26.07
2020-10-14,3481.0,3502.0,3524.0,3472.0,1540000.0,26.4
2020-10-15,3475.5,3479.25,3486.5,3431.5,1650000.0,26.97
2020-10-16,3462.25,3478.5,3508.5,3461.25,1400000.0,27.41
2020-10-19,3422.75,3471.0,3496.5,3410.75,1650000.0,29.18
2020-10-20,3432.25,3436.0,3469.75,3418.75,1700000.0,29.35
2020-10-21,3432.5,3437.0,3458.0,3420.5,1680000.0,28.65
2020-10-22,3449.25,3430.25,3453.0,3402.5,1500000.0,28.11
2020-10-23,3451.75,3455.75,3462.5,3431.5,1220000.0,27.55
2020-10-26,3393.5,3445.75,3446.25,3356.0,1960000.0,32.46
2020-10-27,3383.0,3394.25,3410.0,3368.25,1570000.0,33.35
2020-10-28,3263.5,3369.0,3370.25,3260.75,2630000.0,40.28
2020-10-29,3302.25,3279.0,3333.75,3250.25,1970000.0,37.59
2020-10-30,3264.75,3268.0,3296.25,3225.0,2490000.0,38.02
2020-11-02,3300.5,3260.0,3323.5,3243.25,1850000.0,37.13
2020-11-03,3361.5,3304.0,3382.75,3301.25,1660000.0,35.55
2020-11-04,3435.0,3362.75,3480.0,3319.0,2810000.0,29.57
2020-11-05,3504.75,3448.0,3522.5,3428.25,1670000.0,27.58
2020-11-06,3500.75,3508.75,3519.0,3456.75,1640000.0,24.86
2020-11-09,3544.0,3522.5,3668.0,3515.75,2610000.0,25.75
2020-11-10,3541.0,3549.5,3562.75,3506.5,2160000.0,24.8
2020-11-11,3568.0,3546.25,3576.75,3531.0,1320000.0,23.45
2020-11-12,3532.5,3574.5,3574.5,3513.0,1690000.0,25.35
2020-11-13,3582.0,3537.5,3590.0,3518.0,1330000.0,23.1
2020-11-16,3623.0,3587.0,3637.0,3586.5,1300000.0,22.45
2020-11-17,3606.75,3625.5,3630.0,3584.25,1270000.0,22.71
2020-11-18,3565.0,3604.5,3623.25,3556.5,1330000.0,23.84
2020-11-19,3580.0,3562.0,3582.75,3542.25,1290000.0,23.11
2020-11-20,3554.25,3560.0,3582.5,3542.75,1190000.0,23.7
2020-11-23,3576.0,3546.5,3588.0,3545.5,1200000.0,22.66
2020-11-24,3632.75,3576.0,3640.0,3575.25,1290000.0,21.64
2020-11-25,3627.25,3635.5,3655.0,3615.25,1020000.0,21.25
2020-11-27,3636.5,3630.25,3642.75,3612.75,639270.0,20.84
2020-11-30,3623.25,3643.75,3652.0,3592.25,1710000.0,20.57
2020-12-01,3660.5,3631.0,3677.5,3626.0,1370000.0,20.77
2020-12-02,3667.25,3661.25,3672.75,3642.25,1110000.0,21.17
2020-12-03,3664.5,3671.0,3682.0,3655.25,1120000.0,21.28
2020-12-04,3698.0,3668.25,3700.0,3665.5,991860.0,20.79
2020-12-07,3690.75,3694.75,3705.0,3672.25,1080000.0,21.3
2020-12-08,3702.0,3682.75,3708.0,3664.25,1120000.0,20.68
2020-12-09,3672.5,3707.75,3714.75,3659.5,1790000.0,22.27
2020-12-10,3668.5,3669.5,3681.25,3644.0,1600000.0,22.52
2020-12-11,3661.25,3670.0,3674.75,3628.25,1540000.0,23.31
2020-12-14,3646.5,3677.75,3698.0,3642.75,1490000.0,24.72
2020-12-15,3694.5,3653.0,3695.75,3642.75,1030000.0,22.89
2020-12-16,3700.75,3697.75,3711.5,3687.0,584710.0,22.5
2020-12-17,3721.25,3704.5,3724.75,3699.5,292920.0,21.93
2020-12-18,3726.25,3721.5,3733.25,3707.75,31890.0,21.57
2020-12-21,3685.75,3718.25,3724.0,3596.0,1840000.0,25.16
2020-12-22,3677.25,3685.0,3695.0,3663.75,1100000.0,24.23
2020-12-23,3681.5,3674.25,3701.75,3651.0,1020000.0,23.31
2020-12-24,3695.0,3685.25,3696.0,3678.5,369650.0,21.53
2020-12-28,3727.5,3682.0,3732.25,3676.0,760650.0,21.7
2020-12-29,3720.0,3731.0,3747.75,3714.5,992640.0,23.08
2020-12-30,3724.25,3724.5,3738.25,3716.5,770000.0,22.77
2020-12-31,3748.75,3725.0,3753.0,3715.0,993340.0,22.75
2021-01-04,3692.25,3748.75,3773.25,3652.5,2040000.0,26.97
2021-01-05,3718.25,3695.0,3730.0,3673.25,1410000.0,25.34
2021-01-06,3740.5,3717.5,3774.75,3685.5,2130000.0,25.07
2021-01-07,3795.5,3752.5,3804.0,3742.0,1300000.0,22.37
2021-01-08,3817.5,3797.75,3824.5,3775.0,1620000.0,21.56
2021-01-11,3792.0,3815.5,3820.75,3776.5,1290000.0,24.08
2021-01-12,3794.5,3794.25,3806.75,3768.0,1220000.0,23.33
2021-01-13,3803.75,3792.0,3813.5,3776.5,1050000.0,22.21
2021-01-14,3791.25,3808.5,3817.75,3786.25,1170000.0,23.25
2021-01-15,3762.25,3793.0,3797.75,3741.5,1780000.0,24.34
2021-01-19,3790.5,3750.0,3797.0,3740.5,1320000.0,23.24
2021-01-20,3845.0,3796.75,3852.5,3788.5,1250000.0,21.58
2021-01-21,3846.0,3841.5,3859.75,3836.5,1070000.0,21.32
2021-01-22,3834.25,3846.75,3849.0,3813.25,1190000.0,21.91
2021-01-25,3848.5,3835.5,3853.25,3788.5,1760000.0,23.19
2021-01-26,3842.5,3845.0,3862.25,3821.5,1170000.0,23.02
2021-01-27,3744.25,3845.25,3853.0,3706.5,2570000.0,37.21
2021-01-28,3779.25,3735.25,3823.5,3703.5,2150000.0,30.21
2021-01-29,3705.25,3770.25,3777.25,3685.5,2690000.0,33.09
2021-02-01,3765.75,3692.25,3777.0,3656.5,1690000.0,30.24
2021-02-02,3818.25,3764.75,3835.75,3760.0,1420000.0,25.56
2021-02-03,3823.5,3829.5,3843.5,3807.75,1290000.0,22.91
2021-02-04,3864.5,3832.75,3869.75,3811.25,1140000.0,21.77
2021-02-05,3880.25,3864.25,3888.25,3860.0,1140000.0,20.87
2021-02-08,3908.0,3889.0,3911.25,3885.5,972440.0,21.24
2021-02-09,3905.5,3910.5,3913.25,3895.0,881920.0,21.63
2021-02-10,3903.0,3912.25,3928.5,3878.25,1560000.0,21.99
2021-02-11,3912.0,3907.0,3920.5,3884.5,1300000.0,21.25
2021-02-12,3931.0,3905.25,3936.25,3890.25,1050000.0,19.97
2021-02-16,3927.75,3936.5,3959.25,3918.75,1450000.0,21.46
2021-02-17,3928.0,3929.0,3932.25,3896.5,1380000.0,21.5
2021-02-18,3909.5,3928.25,3936.0,3880.5,1540000.0,22.49
2021-02-19,3903.0,3910.5,3931.0,3890.25,1430000.0,22.05
2021-02-22,3873.5,3905.5,3914.5,3861.25,1510000.0,23.45
2021-02-23,3878.0,3878.0,3896.0,3804.75,2280000.0,23.11
2021-02-24,3922.5,3876.25,3927.75,3851.75,1940000.0,21.34
2021-02-25,3828.0,3923.5,3934.5,3810.25,2860000.0,28.89
2021-02-26,3809.25,3823.25,3858.5,3785.0,3010000.0,27.95
2021-03-01,3898.75,3817.25,3912.0,3812.5,1690000.0,23.35
2021-03-02,3867.5,3903.25,3906.5,3865.5,1640000.0,24.1
2021-03-03,3816.75,3867.5,3898.0,3813.0,2200000.0,26.67
2021-03-04,3765.5,3818.0,3842.25,3720.5,3190000.0,28.57
2021-03-05,3839.0,3765.5,3850.0,3728.5,2950000.0,24.66
2021-03-08,3819.25,3854.75,3878.75,3796.25,2200000.0,25.47
2021-03-09,3873.25,3831.25,3901.25,3826.25,1700000.0,24.03
2021-03-10,3896.5,3878.5,3916.25,3856.25,1850000.0,22.56
2021-03-11,3936.75,3907.75,3958.5,3893.0,1600000.0,21.91
2021-03-12,3942.25,3937.5,3947.5,3910.25,1450000.0,20.69
2021-03-15,3967.5,3945.75,3969.75,3922.25,1300000.0,20.03
2021-03-16,3962.5,3967.0,3980.5,3952.75,887250.0,19.79
2021-03-17,3974.0,3967.5,3983.75,3935.25,520409.99999999994,19.23
2021-03-18,3916.5,3972.0,3988.75,3911.0,335440.0,21.58
2021-03-19,3912.62,3923.75,3934.25,3908.0,38580.0,20.95
2021-03-22,3930.0,3893.5,3944.5,3885.0,1330000.0,18.88
2021-03-23,3899.75,3933.25,3938.75,3890.5,1880000.0,20.3
2021-03-24,3880.75,3905.75,3931.5,3877.5,2060000.0,21.2
2021-03-25,3900.5,3882.75,3909.5,3843.25,2280000.0,19.81
2021-03-26,3964.75,3907.5,3968.0,3900.75,1980000.0,18.86
2021-03-29,3959.0,3962.25,3971.25,3928.75,2000000.0,20.74
2021-03-30,3947.75,3965.25,3968.5,3933.75,1590000.0,19.61
2021-03-31,3967.5,3949.5,3983.75,3941.5,1640000.0,19.4
2021-04-01,4010.0,3967.5,4015.25,3964.5,1250000.0,17.33
2021-04-02,4067.75,4014.5,4038.0,4012.5,64750.0,17.33
2021-04-05,4067.75,4030.0,4073.75,4021.0,1250000.0,17.91
2021-04-06,4064.0,4069.75,4076.0,4052.25,1250000.0,18.12
2021-04-07,4070.0,4067.0,4075.5,4056.5,1100000.0,17.16
2021-04-08,4089.0,4074.25,4098.5,4072.5,988350.0,16.95
2021-04-09,4119.5,4098.0,4121.5,4081.0,1090000.0,16.69
2021-04-12,4120.25,4114.25,4124.5,4104.5,1090000.0,16.91
2021-04-13,4132.75,4122.75,4139.75,4101.25,1080000.0,16.65
2021-04-14,4118.0,4134.75,4144.0,4113.0,1530000.0,16.99
2021-04-15,4162.5,4123.5,4166.5,4119.5,1280000.0,16.57
2021-04-16,4176.25,4162.75,4183.5,4154.25,1300000.0,16.25
2021-04-19,4155.5,4165.0,4174.75,4141.75,1620000.0,17.29
2021-04-20,4126.5,4156.25,4167.25,4110.5,1700000.0,18.68
2021-04-21,4164.75,4121.25,4167.25,4113.0,1510000.0,17.5
2021-04-22,4127.75,4157.5,4171.75,4115.25,1940000.0,18.71
2021-04-23,4171.5,4129.0,4186.75,4127.5,1510000.0,17.33
2021-04-26,4179.5,4170.75,4186.0,4163.75,1020000.0,17.64
2021-04-27,4179.0,4181.5,4192.5,4166.75,992030.0,17.56
2021-04-28,4176.25,4180.25,4193.75,4172.75,1280000.0,17.28
2021-04-29,4203.5,4184.75,4211.0,4168.0,1750000.0,17.61
2021-04-30,4174.5,4200.75,4201.5,4167.25,1900000.0,18.61
2021-05-03,4185.75,4181.5,4202.5,4181.0,1260000.0,18.31
2021-05-04,4158.25,4184.25,4185.5,4120.5,2000000.0,19.48
2021-05-05,4160.0,4158.25,4180.0,4153.0,1420000.0,19.15
2021-05-06,4194.25,4158.75,4197.25,4140.5,1750000.0,18.39
2021-05-07,4225.25,4197.5,4232.25,4191.75,1650000.0,16.69
2021-05-10,4183.5,4226.75,4238.25,4172.0,1660000.0,19.66
2021-05-11,4146.25,4176.75,4185.5,4103.75,2520000.0,21.84
2021-05-12,4058.75,4140.0,4150.5,4051.0,2630000.0,27.59
2021-05-13,4107.0,4053.5,4126.75,4029.25,2380000.0,23.13
2021-05-14,4169.0,4112.5,4178.25,4105.25,1510000.0,18.81
2021-05-17,4157.75,4169.0,4178.75,4136.5,1480000.0,19.72
2021-05-18,4123.0,4159.0,4179.5,4111.5,1290000.0,21.34
2021-05-19,4111.5,4114.0,4123.0,4055.5,2310000.0,22.18
2021-05-20,4154.25,4107.75,4169.25,4084.5,1490000.0,20.67
2021-05-21,4151.75,4152.5,4185.0,4147.0,1470000.0,20.15
2021-05-24,4193.75,4151.5,4206.25,4142.5,1050000.0,18.4
2021-05-25,4185.5,4199.25,4212.75,4179.25,1220000.0,18.84
2021-05-26,4193.0,4188.0,4204.25,4180.5,1050000.0,17.36
2021-05-27,4199.0,4193.0,4211.5,4177.75,1180000.0,16.74
2021-05-28,4202.5,4211.25,4217.5,4201.0,1110000.0,16.76
2021-06-01,4198.5,4206.5,4230.0,4190.0,1370000.0,17.9
2021-06-02,4206.25,4198.5,4215.0,4190.75,1060000.0,17.48
2021-06-03,4191.25,4208.0,4213.25,4165.25,1380000.0,18.04
2021-06-04,4228.25,4190.75,4232.0,4177.0,1050000.0,16.42
2021-06-07,4225.5,4232.25,4232.5,4214.0,934680.0,16.42
2021-06-08,4225.75,4227.5,4236.75,4205.75,1310000.0,17.07
2021-06-09,4218.5,4225.5,4235.0,4217.0,1060000.0,17.89
2021-06-10,4238.0,4222.25,4249.0,4207.0,1560000.0,16.1
2021-06-11,4245.75,4239.5,4247.75,4230.75,1080000.0,15.65
2021-06-14,4254.75,4248.0,4257.5,4233.5,1120000.0,16.39
2021-06-15,4246.5,4255.25,4267.5,4238.0,981190.0,17.02
2021-06-16,4223.0,4248.0,4251.25,4200.75,511740.0,18.15
2021-06-17,4222.25,4214.25,4232.5,4193.0,326190.0,17.75
2021-06-18,4187.25,4225.75,4231.0,4183.75,35120.0,20.7
2021-06-21,4213.75,4142.5,4219.75,4126.75,1430000.0,17.89
2021-06-22,4236.25,4219.25,4245.5,4205.75,1060000.0,16.66
2021-06-23,4231.5,4237.5,4248.25,4230.5,938300.0,16.32
2021-06-24,4256.0,4233.75,4263.75,4231.75,878790.0,15.97
2021-06-25,4271.25,4262.0,4276.75,4253.5,906160.0,15.62
2021-06-28,4280.5,4275.0,4282.0,4264.25,823720.0,15.76
2021-06-29,4282.0,4280.5,4291.0,4271.75,741470.0,16.02
2021-06-30,4288.5,4284.75,4294.25,4269.25,1100000.0,15.83
2021-07-01,4310.75,4294.25,4312.0,4286.0,985190.0,15.48
2021-07-02,4342.75,4309.75,4347.0,4308.0,999780.0,15.07
2021-07-06,4334.0,4341.0,4348.0,4305.25,1370000.0,16.44
2021-07-07,4349.75,4328.0,4353.25,4320.25,1220000.0,16.2
2021-07-08,4313.0,4352.25,4352.25,4279.25,1990000.0,19.0
2021-07-09,4360.0,4310.25,4364.0,4293.25,1310000.0,16.18
2021-07-12,4376.5,4362.0,4379.25,4341.75,1060000.0,16.17
2021-07-13,4361.25,4377.0,4383.75,4356.5,1250000.0,17.12
2021-07-14,4367.75,4359.5,4384.5,4350.0,1310000.0,16.33
2021-07-15,4352.0,4366.5,4370.25,4332.5,1610000.0,17.01
2021-07-16,4318.5,4347.75,4368.0,4314.25,1640000.0,18.45
2021-07-19,4251.25,4320.0,4320.75,4224.0,2600000.0,22.5
2021-07-20,4315.5,4262.75,4329.0,4252.75,1840000.0,19.73
2021-07-21,4350.5,4318.75,4355.25,4310.0,1190000.0,17.91
2021-07-22,4359.5,4355.0,4371.5,4341.5,981970.0,17.69
2021-07-23,4403.0,4371.5,4408.25,4367.25,1170000.0,17.2
2021-07-26,4414.25,4400.5,4416.75,4375.5,938630.0,17.58
2021-07-27,4394.5,4415.75,4416.0,4364.75,1580000.0,19.36
2021-07-28,4393.75,4380.0,4407.75,4377.5,1220000.0,18.31
2021-07-29,4411.75,4393.75,4422.5,4380.5,1010000.0,17.7
2021-07-30,4389.5,4394.25,4405.0,4370.75,1380000.0,18.24
2021-08-02,4379.75,4396.5,4419.75,4377.25,1190000.0,19.46
2021-08-03,4415.0,4383.75,4417.0,4365.25,1300000.0,18.04
2021-08-04,4394.75,4409.75,4415.0,4391.25,1050000.0,17.97
2021-08-05,4421.5,4396.25,4422.75,4393.75,763340.0,17.28
2021-08-06,4429.5,4420.25,4433.25,4416.0,951050.0,16.15
2021-08-09,4425.75,4428.0,4432.0,4412.25,789730.0,16.72
2021-08-10,4430.0,4427.25,4438.25,4416.5,950320.0,16.79
2021-08-11,4440.5,4429.25,4443.25,4420.75,1000000.0,16.06
2021-08-12,4454.5,4440.0,4456.25,4430.25,850530.0,15.59
2021-08-13,4462.5,4455.75,4463.25,4451.0,789100.0,15.45
2021-08-16,4474.0,4456.25,4476.5,4432.5,1240000.0,16.12
2021-08-17,4443.5,4472.0,4472.25,4411.75,1790000.0,17.91
2021-08-18,4394.5,4436.75,4449.75,4381.5,1550000.0,21.57
2021-08-19,4401.5,4389.75,4414.75,4347.75,1920000.0,21.67
2021-08-20,4437.0,4403.75,4440.5,4371.75,1330000.0,18.56
2021-08-23,4475.5,4435.0,4485.75,4433.5,997030.0,17.15
2021-08-24,4482.5,4481.0,4492.0,4476.75,787500.0,17.22
2021-08-25,4493.0,4483.5,4498.0,4476.25,801110.0,16.79
2021-08-26,4466.5,4493.75,4494.25,4465.0,1310000.0,18.84
2021-08-27,4505.5,4470.0,4510.0,4462.25,1220000.0,16.39
2021-08-30,4525.25,4508.75,4534.5,4500.75,975810.0,16.19
2021-08-31,4520.5,4529.5,4542.25,4512.5,1380000.0,16.48
2021-09-01,4521.25,4527.75,4540.0,4519.25,1060000.0,16.11
2021-09-02,4535.25,4522.5,4544.0,4516.0,1020000.0,16.41
2021-09-03,4534.5,4536.75,4549.5,4519.25,1160000.0,16.41
2021-09-07,4519.25,4533.0,4548.0,4510.75,1280000.0,18.14
2021-09-08,4512.5,4517.5,4524.75,4492.0,1610000.0,17.96
2021-09-09,4492.25,4511.0,4529.5,4485.5,1700000.0,18.8
2021-09-10,4458.25,4491.25,4518.25,4456.5,1720000.0,20.95
2021-09-13,4469.0,4461.0,4492.75,4444.75,1530000.0,19.37
2021-09-14,4444.5,4475.5,4489.5,4435.0,893790.0,19.46
2021-09-15,4481.75,4446.75,4487.5,4437.5,518990.0,18.18
2021-09-16,4474.25,4486.0,4487.5,4443.0,268030.0,18.69
2021-09-17,4464.33,4471.0,4482.5,4459.0,24140.0,20.81
2021-09-20,4348.25,4411.75,4418.0,4293.75,2710000.0,25.71
2021-09-21,4343.25,4342.5,4395.75,4329.25,1940000.0,24.36
2021-09-22,4384.0,4336.5,4406.5,4321.25,1770000.0,20.87
2021-09-23,4438.0,4386.0,4455.0,4385.75,1450000.0,18.63
2021-09-24,4445.75,4439.0,4453.0,4410.75,1180000.0,17.75
2021-09-27,4433.0,4446.0,4472.0,4425.0,1310000.0,18.76
2021-09-28,4343.5,4429.75,4442.0,4334.75,2310000.0,23.25
2021-09-29,4349.75,4347.5,4378.75,4344.25,1820000.0,22.56
2021-09-30,4297.75,4360.0,4389.0,4294.25,2370000.0,23.14
2021-10-01,4343.75,4301.0,4365.75,4260.0,2270000.0,21.15
2021-10-04,4291.25,4349.0,4362.0,4267.5,2140000.0,22.96
2021-10-05,4334.0,4295.75,4359.75,4269.0,1650000.0,21.3
2021-10-06,4354.0,4334.0,4357.5,4273.75,2200000.0,21.0
2021-10-07,4390.0,4355.25,4421.5,4355.0,1410000.0,19.54
2021-10-08,4382.25,4390.5,4407.75,4376.25,1430000.0,18.77
2021-10-11,4351.0,4381.0,4407.5,4344.0,1250000.0,20.0
2021-10-12,4340.75,4347.75,4365.0,4317.25,1300000.0,19.85
2021-10-13,4355.0,4327.5,4364.75,4318.75,1370000.0,18.64
2021-10-14,4429.0,4354.75,4437.25,4354.0,1260000.0,16.86
2021-10-15,4462.5,4433.0,4467.5,4426.25,1190000.0,16.3
2021-10-18,4477.5,4465.5,4479.75,4436.25,1100000.0,16.31
2021-10-19,4511.25,4475.75,4517.5,4471.75,1020000.0,15.7
2021-10-20,4528.0,4516.0,4532.25,4504.0,1010000.0,15.49
2021-10-21,4541.75,4525.0,4543.25,4510.25,938570.0,15.01
2021-10-22,4536.5,4530.0,4551.5,4515.25,1320000.0,15.43
2021-10-25,4558.0,4528.75,4566.25,4522.5,1030000.0,15.24
2021-10-26,4565.25,4564.75,4590.0,4560.75,1260000.0,15.98
2021-10-27,4544.5,4563.75,4576.75,4543.75,1260000.0,16.98
2021-10-28,4587.5,4548.75,4589.75,4545.25,1200000.0,16.53
2021-10-29,4597.0,4577.0,4603.5,4559.25,1420000.0,16.26
2021-11-01,4605.75,4608.0,4619.5,4586.5,1070000.0,16.41
2021-11-02,4623.5,4605.75,4627.0,4593.25,980830.0,16.03
2021-11-03,4652.25,4621.25,4657.0,4613.0,1070000.0,15.1
2021-11-04,4673.25,4651.5,4676.25,4650.75,1170000.0,15.44
2021-11-05,4690.25,4671.75,4711.75,4667.5,1460000.0,16.48
2021-11-08,4694.0,4678.5,4707.0,4676.25,1000000.0,17.22
2021-11-09,4678.25,4690.75,4700.5,4663.25,1290000.0,17.78
2021-11-10,4642.0,4674.75,4680.25,4625.25,1640000.0,18.73
2021-11-11,4643.0,4645.0,4661.5,4638.0,936860.0,17.66
2021-11-12,4678.25,4647.0,4685.5,4643.75,1160000.0,16.29
2021-11-15,4679.0,4684.75,4697.5,4667.0,1050000.0,16.49
2021-11-16,4696.0,4680.75,4709.75,4670.75,1040000.0,16.37
2021-11-17,4686.25,4696.5,4701.0,4679.25,1060000.0,17.11
2021-11-18,4701.5,4685.25,4706.5,4668.0,1170000.0,17.59
2021-11-19,4694.5,4705.25,4723.5,4684.25,1340000.0,17.91
2021-11-22,4679.75,4701.0,4740.5,4674.25,1690000.0,19.17
2021-11-23,4688.5,4686.0,4695.5,4649.0,1870000.0,19.38
2021-11-24,4699.0,4686.25,4702.25,4656.25,1410000.0,18.58
2021-11-25,4687.75,4699.0,4699.5,4686.0,122440.0,18.58
2021-11-26,4595.75,4700.5,4717.0,4577.25,2069999.9999999998,28.62
2021-11-29,4651.0,4589.0,4669.75,4588.75,2009999.9999999998,22.96
2021-11-30,4566.25,4657.25,4667.5,4557.0,2850000.0,27.19
2021-12-01,4508.5,4587.5,4650.75,4497.75,2670000.0,31.12
2021-12-02,4575.75,4514.75,4593.75,4505.5,2590000.0,27.95
2021-12-03,4537.5,4587.25,4606.5,4492.0,2750000.0,30.67
2021-12-06,4590.0,4542.25,4611.75,4531.5,2029999.9999999998,27.18
2021-12-07,4685.0,4594.25,4697.25,4587.25,1770000.0,21.89
2021-12-08,4699.0,4695.25,4712.0,4671.75,1420000.0,19.9
2021-12-09,4667.0,4697.25,4706.0,4662.25,1590000.0,21.58
2021-12-10,4711.0,4669.25,4712.75,4664.25,1590000.0,18.69
2021-12-13,4668.75,4711.25,4731.0,4664.75,1610000.0,20.31
2021-12-14,4637.0,4672.0,4686.0,4606.0,1210000.0,21.89
2021-12-15,4709.5,4637.75,4715.0,4611.25,673190.0,19.29
2021-12-16,4668.75,4711.5,4752.5,4651.25,435990.0,20.57
2021-12-17,4636.46,4674.25,4677.75,4629.5,34790.0,21.57
2021-12-20,4558.5,4612.0,4621.5,4520.25,2100000.0,22.87
2021-12-21,4640.75,4567.75,4643.0,4565.75,1490000.0,21.01
2021-12-22,4686.0,4641.75,4690.5,4622.25,1100000.0,18.63
2021-12-23,4715.75,4689.0,4731.25,4684.25,978020.0,17.96
2021-12-27,4782.25,4717.0,4784.25,4713.25,898700.0,17.68
2021-12-28,4778.5,4780.5,4798.0,4770.5,954520.0,17.54
2021-12-29,4784.5,4781.0,4796.0,4770.0,876030.0,16.95
2021-12-30,4772.25,4784.75,4799.75,4767.25,753940.0,17.33
2021-12-31,4758.5,4773.75,4778.5,4750.5,954080.0,17.22
2022-01-03,4786.0,4771.0,4791.25,4747.5,1320000.0,16.6
2022-01-04,4784.25,4785.25,4808.25,4764.5,1390000.0,16.91
2022-01-05,4692.5,4783.5,4788.25,4689.5,1860000.0,19.73
2022-01-06,4687.5,4692.0,4715.75,4662.0,1860000.0,19.61
2022-01-07,4667.75,4695.0,4705.75,4653.75,1620000.0,18.76
2022-01-10,4662.25,4671.25,4681.75,4572.75,2230000.0,19.4
2022-01-11,4705.0,4663.5,4707.5,4627.25,1730000.0,18.41
2022-01-12,4716.25,4704.0,4739.5,4695.0,1580000.0,17.62
2022-01-13,4652.0,4719.25,4736.25,4642.5,1820000.0,20.31
2022-01-14,4654.75,4655.0,4667.0,4606.0,2009999.9999999998,19.19
2022-01-18,4571.25,4666.0,4671.75,4560.0,2270000.0,22.79
2022-01-19,4524.25,4577.75,4603.0,4517.25,2000000.0,23.85
2022-01-20,4474.75,4526.0,4594.25,4437.75,2040000.0,25.59
2022-01-21,4390.0,4454.25,4487.0,4381.25,3010000.0,28.85
2022-01-24,4403.75,4389.0,4427.5,4212.75,3850000.0,29.9
2022-01-25,4349.0,4402.75,4406.75,4276.5,2480000.0,31.16
2022-01-26,4341.5,4308.75,4446.25,4294.25,2420000.0,31.96
2022-01-27,4317.75,4345.25,4422.0,4263.25,2300000.0,30.49
2022-01-28,4423.25,4348.0,4426.0,4266.25,2250000.0,27.66
2022-01-31,4504.25,4423.5,4507.75,4395.5,1850000.0,24.83
2022-02-01,4535.0,4493.25,4554.75,4474.0,1620000.0,21.96
2022-02-02,4577.25,4552.0,4586.0,4535.25,1620000.0,22.09
2022-02-03,4469.0,4545.75,4548.25,4462.0,1800000.0,24.35
2022-02-04,4492.5,4518.0,4532.5,4438.5,1960000.0,23.22
2022-02-07,4475.75,4497.0,4514.5,4462.75,1500000.0,22.86
2022-02-08,4512.5,4484.0,4523.75,4456.25,1460000.0,21.44
2022-02-09,4577.75,4519.0,4585.0,4517.25,1380000.0,19.96
2022-02-10,4497.5,4582.25,4583.75,4476.0,2400000.0,23.91
2022-02-11,4409.5,4494.5,4520.5,4393.25,2480000.0,27.36
2022-02-14,4394.0,4411.75,4428.0,4354.0,2100000.0,28.33
2022-02-15,4464.5,4393.5,4468.0,4381.75,1520000.0,25.7
2022-02-16,4470.0,4458.75,4484.5,4422.75,1430000.0,24.29
2022-02-17,4374.5,4464.25,4474.75,4367.25,1630000.0,28.11
2022-02-18,4343.5,4374.75,4411.5,4321.0,1820000.0,27.75
2022-02-22,4300.0,4324.25,4391.25,4250.0,2590000.0,28.81
2022-02-23,4222.0,4310.75,4345.5,4212.5,1910000.0,31.02
2022-02-24,4284.0,4215.5,4290.0,4101.75,500.0,30.32
2022-02-25,4380.0,4266.75,4384.25,4227.5,1950000.0,27.59
2022-02-28,4368.0,4299.5,4385.5,4251.5,2190000.0,30.15
2022-03-01,4303.75,4367.5,4399.0,4275.0,1870000.0,33.32
2022-03-02,4381.75,4308.75,4399.25,4278.25,1710000.0,30.74
2022-03-03,4359.25,4373.75,4418.75,4341.0,1550000.0,30.48
2022-03-04,4327.25,4366.5,4374.5,4281.25,1840000.0,31.98
2022-03-07,4198.5,4308.75,4325.25,4185.25,1900000.0,36.45
2022-03-08,4168.75,4186.5,4275.0,4138.75,2330000.0,35.13
2022-03-09,4275.25,4153.0,4298.25,4152.0,1660000.0,32.45
2022-03-10,4257.25,4279.0,4282.25,4207.0,1750000.0,30.23
2022-03-11,4201.5,4258.5,4335.5,4198.0,1650000.0,30.75
2022-03-14,4172.0,4216.0,4254.5,4160.75,1440000.0,31.77
2022-03-15,4262.0,4180.25,4271.5,4138.0,1090000.0,29.83
2022-03-16,4358.0,4257.5,4376.0,4246.25,722600.0,26.67
2022-03-17,4410.25,4370.5,4415.25,4329.0,434640.0,25.67
2022-03-18,4409.35,4393.0,4402.75,4373.75,33540.0,23.87
2022-03-21,4452.25,4460.0,4473.0,4415.0,1380000.0,23.53
2022-03-22,4505.0,4456.75,4514.75,4433.0,1210000.0,22.94
2022-03-23,4447.5,4504.0,4514.0,4444.75,1340000.0,23.57
2022-03-24,4512.5,4449.25,4517.5,4445.75,1220000.0,21.67
2022-03-25,4536.5,4516.25,4539.0,4493.25,1250000.0,20.81
2022-03-28,4568.0,4535.25,4572.25,4509.75,1180000.0,19.63
2022-03-29,4625.5,4570.25,4631.0,4565.25,1350000.0,18.9
2022-03-30,4596.0,4621.25,4627.5,4574.75,1210000.0,19.33
2022-03-31,4530.75,4599.0,4614.25,4526.25,1650000.0,20.56
2022-04-01,4539.25,4541.0,4555.5,4501.25,1440000.0,19.63
2022-04-04,4577.75,4538.25,4580.0,4527.75,1030000.0,18.57
2022-04-05,4520.25,4576.25,4588.75,4507.75,1300000.0,21.03
2022-04-06,4475.75,4526.25,4528.75,4444.5,1800000.0,22.1
2022-04-07,4496.25,4471.25,4517.25,4444.5,1450000.0,21.55
2022-04-08,4483.5,4494.75,4519.75,4468.75,1360000.0,21.16
2022-04-11,4409.0,4488.75,4491.25,4403.5,1430000.0,24.37
2022-04-12,4393.0,4411.0,4466.75,4375.5,1740000.0,24.26
2022-04-13,4442.25,4396.75,4449.5,4384.0,1250000.0,21.82
2022-04-14,4387.5,4438.5,4455.75,4385.0,1400000.0,22.7
2022-04-18,4386.75,4390.0,4406.25,4355.5,1150000.0,22.17
2022-04-19,4459.25,4399.0,4467.0,4371.75,1470000.0,21.37
2022-04-20,4455.5,4441.0,4484.25,4432.75,1420000.0,20.32
2022-04-21,4390.5,4468.0,4509.0,4380.0,1700000.0,22.68
2022-04-22,4267.25,4385.75,4393.25,4247.5,2040000.0,28.21
2022-04-25,4292.75,4259.0,4296.5,4195.25,2280000.0,27.02
2022-04-26,4170.5,4294.0,4303.5,4136.75,2020000.0,33.52
2022-04-27,4180.25,4149.5,4236.25,4149.0,2040000.0,31.6
2022-04-28,4283.5,4213.0,4303.5,4182.5,1800000.0,29.99
2022-04-29,4127.5,4244.0,4279.75,4118.75,2120000.0,33.4
2022-05-02,4151.0,4144.0,4165.75,4056.0,2350000.0,32.34
2022-05-03,4169.25,4145.5,4195.75,4129.0,1680000.0,29.25
2022-05-04,4295.25,4171.25,4303.0,4142.75,1780000.0,25.42
2022-05-05,4143.25,4289.75,4300.75,4099.25,2390000.0,31.2
2022-05-06,4119.5,4146.5,4153.25,4062.0,2310000.0,30.19
2022-05-09,3987.5,4087.25,4099.0,3970.0,2140000.0,34.75
2022-05-10,3996.75,3993.25,4065.5,3953.0,2250000.0,32.99
2022-05-11,3930.25,3990.5,4050.5,3923.75,160.0,32.56
2022-05-12,3927.25,3939.75,3961.75,3855.0,2380000.0,31.77
2022-05-13,4019.75,3916.25,4036.0,3915.5,1860000.0,28.87
2022-05-16,4004.75,4025.0,4043.5,3979.5,1700000.0,27.47
2022-05-17,4084.75,4002.0,4091.5,4000.5,1720000.0,26.1
2022-05-18,3922.75,4091.25,4095.0,3905.5,2200000.0,30.96
2022-05-19,3897.75,3916.5,3943.5,3856.0,2320000.0,29.35
2022-05-20,3899.5,3900.5,3949.5,3807.5,2410000.0,29.43
2022-05-23,3971.75,3910.5,3982.25,3906.5,1740000.0,28.48
2022-05-24,3940.5,3951.75,3954.5,3872.0,2020000.0,29.45
2022-05-25,3976.75,3950.0,3997.75,3913.5,1740000.0,28.37
2022-05-26,4055.75,3972.25,4073.5,3960.5,1490000.0,27.5
2022-05-27,4155.75,4047.5,4168.25,4041.25,1550000.0,25.72
2022-05-31,4131.25,4164.5,4202.25,4102.75,2220000.0,26.19
2022-06-01,4099.0,4138.5,4165.0,4071.5,1910000.0,25.69
2022-06-02,4175.25,4097.75,4179.0,4072.25,1510000.0,24.72
2022-06-03,4107.0,4177.75,4189.0,4096.75,1530000.0,24.79
2022-06-06,4120.5,4110.5,4168.25,4104.5,1460000.0,25.07
2022-06-07,4158.75,4122.0,4164.0,4076.0,1680000.0,24.02
2022-06-08,4114.0,4150.75,4160.0,4105.25,1710000.0,23.96
2022-06-09,4016.25,4116.0,4144.25,4014.75,2020000.0,26.09
2022-06-10,3899.0,4025.25,4029.5,3895.25,2120000.0,27.75
2022-06-13,3750.5,3870.75,3876.5,3732.5,2160000.0,34.02
2022-06-14,3736.75,3758.25,3805.0,3705.25,1340000.0,32.69
2022-06-15,3789.25,3740.0,3839.0,3720.25,170.0,29.62
2022-06-16,3668.25,3794.25,3828.75,3639.0,544030.0,32.95
2022-06-17,3663.76,3677.5,3710.75,3665.75,40260.0,31.13
2022-06-21,3767.75,3684.0,3783.75,3661.5,1570000.0,30.19
2022-06-22,3762.75,3766.25,3805.5,3693.25,1660000.0,28.95
2022-06-23,3799.75,3761.25,3805.75,3735.0,1610000.0,29.05
2022-06-24,3916.25,3785.25,3919.75,3781.25,1560000.0,27.23
2022-06-27,3903.75,3915.0,3948.0,3892.5,1500000.0,26.95
2022-06-28,3825.5,3911.25,3950.0,3821.75,1790000.0,28.36
2022-06-29,3821.25,3828.25,3840.0,3801.25,1720000.0,28.16
2022-06-30,3789.5,3822.75,3825.0,3741.25,2390000.0,28.71
2022-07-01,3827.25,3782.0,3833.5,3744.5,1750000.0,26.7
2022-07-05,3834.0,3828.5,3857.75,3744.0,160.0,27.54
2022-07-06,3848.25,3838.0,3875.0,3808.75,1680000.0,26.73
2022-07-07,3905.0,3853.75,3914.25,3832.5,1310000.0,26.08
2022-07-08,3901.25,3897.0,3922.0,3868.0,1490000.0,24.64
2022-07-11,3856.75,3900.0,3900.75,3850.0,1490000.0,26.17
2022-07-12,3823.75,3862.0,3876.5,3804.75,1640000.0,27.29
2022-07-13,3804.5,3825.0,3873.0,3752.0,2160000.0,26.82
2022-07-14,3793.25,3795.75,3806.25,3723.75,1920000.0,26.4
2022-07-15,3865.0,3797.75,3868.25,3780.25,1520000.0,24.23
2022-07-18,3833.75,3878.5,3909.5,3820.25,1440000.0,25.3
2022-07-19,3937.5,3838.5,3948.0,3834.0,1610000.0,24.5
2022-07-20,3962.5,3947.0,3977.25,3922.25,1730000.0,23.88
2022-07-21,4001.25,3954.0,4004.75,3930.25,1820000.0,23.11
2022-07-22,3965.0,3988.0,4016.25,3941.5,1740000.0,23.03
2022-07-25,3970.0,3967.75,3988.75,3946.0,1490000.0,23.36
2022-07-26,3923.25,3959.0,3964.5,3913.25,1590000.0,24.69
2022-07-27,4024.5,3939.25,4042.75,3938.75,1740000.0,23.24
2022-07-28,4073.5,4022.0,4111.0,3994.5,2009999.9999999998,22.33
2022-07-29,4133.5,4105.0,4144.0,4081.0,1920000.0,21.33
2022-08-01,4120.5,4137.5,4147.25,4097.0,1780000.0,22.84
2022-08-02,4093.75,4119.75,4143.0,4080.5,1890000.0,23.93
2022-08-03,4156.25,4097.0,4170.0,4084.5,1700000.0,21.95
2022-08-04,4152.25,4150.25,4173.25,4136.0,1250000.0,21.44
2022-08-05,4146.75,4152.0,4166.25,4103.75,1720000.0,21.15
2022-08-08,4141.75,4149.75,4188.0,4129.25,1540000.0,21.29
2022-08-09,4124.5,4148.5,4155.0,4113.0,1280000.0,21.77
2022-08-10,4210.0,4128.75,4213.5,4113.75,1630000.0,19.74
2022-08-11,4209.75,4210.75,4260.5,4202.75,1600000.0,20.2
2022-08-12,4281.0,4219.25,4282.75,4208.25,1300000.0,19.53
2022-08-15,4298.25,4277.0,4304.75,4249.0,140.0,19.95
2022-08-16,4307.75,4294.5,4327.5,4278.75,180.0,19.69
2022-08-17,4276.75,4309.25,4315.0,4255.0,1640000.0,19.9
2022-08-18,4286.5,4279.5,4295.5,4258.0,1370000.0,19.56
2022-08-19,4231.5,4287.0,4288.0,4220.75,1700000.0,20.6
2022-08-22,4141.25,4221.0,4221.5,4131.5,1720000.0,23.8
2022-08-23,4130.5,4147.0,4161.75,4118.0,1580000.0,24.11
2022-08-24,4142.75,4128.25,4158.5,4110.75,1350000.0,22.82
2022-08-25,4201.0,4148.75,4202.75,4143.0,1640000.0,21.78
2022-08-26,4059.5,4198.25,4217.25,4042.75,2240000.0,25.56
2022-08-29,4031.25,4024.0,4064.0,4006.75,1960000.0,26.21
2022-08-30,3987.5,4035.75,4072.75,3964.5,2560000.0,26.21
2022-08-31,3956.5,3987.25,4018.25,3953.0,2370000.0,25.87
2022-09-01,3968.75,3958.0,3971.25,3903.5,2210000.0,25.56
2022-09-02,3924.5,3967.5,4019.25,3906.0,2510000.0,25.47
2022-09-06,3910.5,3929.0,3963.25,3886.75,2360000.0,26.91
2022-09-07,3980.0,3907.5,3988.75,3883.5,1960000.0,24.64
2022-09-08,4005.5,3980.0,4011.5,3942.75,2360000.0,23.61
2022-09-09,4067.25,4010.25,4077.25,4005.75,1680000.0,22.79
2022-09-12,4110.75,4077.25,4119.75,4062.25,1720000.0,23.87
2022-09-13,3931.25,4118.25,4158.0,3919.75,1420000.0,27.27
2022-09-14,3947.5,3936.75,3962.75,3911.25,662600.0,26.16
2022-09-15,3902.0,3955.0,3959.5,3888.0,438920.0,26.27
2022-09-16,3871.24,3888.5,3888.5,3846.0,44590.0,26.3
2022-09-19,3917.25,3889.5,3927.0,3846.25,2100000.0,25.76
2022-09-20,3872.75,3923.0,3936.25,3843.25,2360000.0,27.16
2022-09-21,3806.25,3878.75,3925.25,3792.0,2440000.0,27.99
2022-09-22,3772.0,3794.0,3833.0,3763.5,2580000.0,27.35
2022-09-23,3709.0,3777.25,3783.25,3660.25,2910000.0,29.92
2022-09-26,3670.0,3705.25,3730.5,3657.5,30.0,32.26
2022-09-27,3661.0,3668.0,3733.0,3635.25,2960000.0,32.6
2022-09-28,3732.0,3668.5,3751.25,3613.0,2780000.0,30.18
2022-09-29,3654.25,3730.25,3736.0,3622.0,400.0,31.84
2022-09-30,3601.5,3656.5,3693.75,3595.25,2980000.0,31.62
2022-10-03,3690.25,3593.25,3711.75,3571.75,2320000.0,30.1
2022-10-04,3803.25,3696.5,3808.75,3686.25,2380000.0,29.07
2022-10-05,3794.0,3801.0,3820.0,3734.0,2089999.9999999998,28.55
2022-10-06,3756.75,3795.75,3819.5,3750.0,2160000.0,30.52
2022-10-07,3653.25,3745.75,3770.5,3632.5,2240000.0,31.36
2022-10-10,3625.25,3638.75,3667.5,3600.0,2020000.0,32.45
2022-10-11,3599.25,3624.75,3653.25,3579.0,2400000.0,33.63
2022-10-12,3588.5,3607.0,3635.25,3585.5,1950000.0,33.57
2022-10-13,3681.75,3596.25,3697.75,3502.0,3290000.0,31.94
2022-10-14,3597.5,3680.25,3733.75,3591.25,2730000.0,32.02
2022-10-17,3689.25,3591.0,3702.5,3590.5,1950000.0,31.37
2022-10-18,3732.75,3706.25,3777.25,3697.25,2750000.0,30.5
2022-10-19,3707.25,3759.75,3774.25,3676.75,2350000.0,30.76
2022-10-20,3675.25,3708.0,3748.0,3666.25,2400000.0,29.98
2022-10-21,3764.0,3677.75,3773.25,3641.5,2680000.0,29.69
2022-10-24,3809.25,3771.0,3822.0,3736.5,2110000.0,29.85
2022-10-25,3870.25,3803.25,3874.25,3790.0,1840000.0,28.46
2022-10-26,3841.0,3841.0,3897.5,3824.25,2120000.0,27.28
2022-10-27,3819.5,3844.25,3870.75,3757.5,2210000.0,27.39
2022-10-28,3911.25,3798.25,3924.25,3776.75,2080000.0,25.75
2022-10-31,3883.0,3911.5,3914.75,3872.25,2000000.0,25.88
2022-11-01,3866.0,3884.0,3928.0,3852.5,1900000.0,25.81
2022-11-02,3768.75,3863.0,3907.0,3760.25,2210000.0,25.86
2022-11-03,3727.75,3766.75,3782.5,3704.25,1890000.0,25.3
2022-11-04,3779.5,3724.0,3805.5,3711.0,2490000.0,24.55
2022-11-07,3815.25,3750.0,3821.75,3738.25,1480000.0,24.35
2022-11-08,3835.25,3812.75,3867.0,3792.75,1880000.0,25.54
2022-11-09,3755.5,3832.5,3848.75,3750.0,1890000.0,26.09
2022-11-10,3961.0,3757.0,3973.5,3751.5,2410000.0,23.53
2022-11-11,4000.25,3973.0,4009.75,3951.0,1930000.0,22.52
2022-11-14,3966.0,3984.0,4017.5,3964.0,1590000.0,23.73
2022-11-15,3999.5,3974.75,4050.75,3960.0,2230000.0,24.54
2022-11-16,3968.5,3992.0,4015.75,3962.0,1500000.0,24.11
2022-11-17,3955.25,3977.25,3990.25,3912.5,1560000.0,23.93
2022-11-18,3974.0,3960.5,3994.0,3942.5,1530000.0,23.12
2022-11-21,3958.0,3972.5,3982.0,3937.5,1180000.0,22.36
2022-11-22,4010.25,3957.75,4012.5,3945.25,1160000.0,21.29
2022-11-23,4033.0,4010.0,4039.5,4002.0,1280000.0,20.35
2022-11-25,4032.5,4038.75,4049.25,4024.75,608800.0,20.5
2022-11-28,3970.25,4020.25,4024.0,3960.25,1480000.0,22.21
2022-11-29,3962.0,3972.0,3990.25,3941.25,1500000.0,21.89
2022-11-30,4081.25,3962.25,4093.5,3942.75,2480000.0,20.58
2022-12-01,4081.75,4094.5,4110.0,4054.5,1830000.0,19.84
2022-12-02,4075.5,4077.5,4085.5,4006.75,1850000.0,19.06
2022-12-05,4003.25,4074.0,4075.75,3987.25,1500000.0,20.75
2022-12-06,3945.0,4005.75,4014.75,3921.5,1870000.0,22.17
2022-12-07,3936.75,3944.5,3961.5,3914.0,1760000.0,22.68
2022-12-08,3965.75,3935.75,3977.25,3916.0,1710000.0,22.29
2022-12-09,3936.25,3964.75,3990.0,3930.0,1740000.0,22.83
2022-12-12,3991.75,3933.0,3992.75,3924.5,1620000.0,25.0
2022-12-13,4022.25,3989.25,4145.0,3985.0,1420000.0,22.55
2022-12-14,3998.0,4021.75,4073.0,3965.25,712440.0,21.14
2022-12-15,3897.0,4004.25,4010.25,3878.5,560670.0,22.83
2022-12-16,3871.47,3890.5,3904.25,3842.0,40980.0,22.62
2022-12-19,3845.5,3874.0,3899.0,3827.25,1410000.0,22.42
2022-12-20,3849.25,3842.75,3866.5,3803.5,1540000.0,21.48
2022-12-21,3905.75,3857.25,3918.75,3855.5,1520000.0,20.07
2022-12-22,3849.25,3915.0,3919.75,3788.5,1840000.0,21.97
2022-12-23,3869.75,3850.0,3872.5,3821.25,1370000.0,20.87
2022-12-27,3855.0,3878.0,3900.5,3837.25,1010000.0,21.65
2022-12-28,3807.5,3858.0,3875.0,3804.5,1280000.0,22.14
2022-12-29,3871.75,3811.0,3882.75,3806.25,1150000.0,21.44
2022-12-30,3861.0,3869.75,3871.0,3821.5,1400000.0,21.67
2023-01-03,3846.0,3895.0,3906.75,3814.5,1780000.0,22.9
2023-01-04,3874.5,3842.75,3896.25,3836.5,1910000.0,22.01
2023-01-05,3829.0,3871.0,3885.5,3822.5,1680000.0,22.46
2023-01-06,3915.5,3833.0,3928.75,3819.0,2029999.9999999998,21.13
2023-01-09,3913.75,3918.5,3973.25,3909.75,1700000.0,21.97
2023-01-10,3940.75,3914.5,3943.75,3891.5,1520000.0,20.58
2023-01-11,3990.0,3941.0,3992.5,3934.5,1400000.0,21.09
2023-01-12,4003.5,3991.75,4021.5,3954.0,2100000.0,18.83
2023-01-13,4018.25,4003.0,4024.25,3961.75,1460000.0,18.35
2023-01-17,4009.5,4020.0,4035.25,3996.75,1420000.0,19.36
2023-01-18,3945.75,4008.5,4033.5,3943.75,100.0,20.34
2023-01-19,3915.5,3945.25,3948.75,3901.75,1900000.0,20.52
2023-01-20,3988.5,3925.0,3990.5,3911.75,1620000.0,19.85
2023-01-23,4036.5,3987.0,4056.75,3980.25,1590000.0,19.81
2023-01-24,4032.75,4036.5,4047.5,4005.25,1470000.0,19.2
2023-01-25,4032.0,4039.0,4040.5,3963.25,1760000.0,19.08
2023-01-26,4075.5,4031.0,4077.0,4027.25,160.0,18.73
2023-01-27,4084.25,4065.0,4109.25,4057.25,1590000.0,18.51
2023-01-30,4032.5,4077.0,4086.0,4029.5,1790000.0,19.94
2023-01-31,4090.0,4039.25,4091.25,4007.5,1790000.0,19.4
2023-02-01,4132.25,4085.75,4163.25,4048.5,2000000.0,17.87
2023-02-02,4191.5,4145.5,4208.5,4136.75,90.0,18.73
2023-02-03,4147.75,4176.0,4194.0,4132.5,30.0,18.33
2023-02-06,4123.5,4134.25,4143.0,4104.0,1560000.0,19.43
2023-02-07,4175.75,4123.5,4188.25,4098.25,2180000.0,18.66
2023-02-08,4130.5,4167.25,4179.25,4121.25,1800000.0,19.63
2023-02-09,4091.75,4132.25,4170.25,4078.25,1830000.0,20.71
2023-02-10,4099.75,4098.0,4104.25,4060.75,1740000.0,20.53
2023-02-13,4147.25,4105.0,4150.75,4078.75,1380000.0,20.34
2023-02-14,4145.5,4149.75,4186.5,4103.75,2380000.0,18.91
2023-02-15,4158.25,4141.25,4161.75,4113.0,50.0,18.23
2023-02-16,4099.75,4159.0,4168.5,4095.0,20.0,20.17
2023-02-17,4087.5,4095.5,4096.0,4055.75,2009999.9999999998,20.02
2023-02-21,4005.75,4083.0,4089.25,4002.0,1880000.0,22.87
2023-02-22,3999.0,4007.5,4025.0,3983.75,1930000.0,22.29
2023-02-23,4018.75,4010.0,4034.25,3974.25,1960000.0,21.14
2023-02-24,3975.75,4015.25,4023.25,3947.5,2060000.0,21.67
2023-02-27,3988.0,3976.5,4024.75,3973.0,1620000.0,20.95
2023-02-28,3975.5,3991.5,4003.75,3965.0,1850000.0,20.7
2023-03-01,3956.5,3968.5,3991.0,3943.0,2040000.0,20.58
2023-03-02,3984.75,3959.75,3995.25,3925.0,1840000.0,19.59
2023-03-03,4049.75,3983.0,4053.0,3974.0,1670000.0,18.49
2023-03-06,4052.5,4049.25,4082.5,4041.75,1530000.0,18.61
2023-03-07,3989.75,4053.75,4064.5,3982.5,2140000.0,19.59
2023-03-08,3995.0,3990.0,4003.25,3971.5,1830000.0,19.11
2023-03-09,3920.0,3997.0,4019.75,3909.5,40.0,22.61
2023-03-10,3862.75,3919.0,3941.75,3846.25,60.0,24.8
2023-03-13,3856.75,3887.75,3938.75,3808.75,2750000.0,26.52
2023-03-14,3920.5,3865.75,3938.0,3855.25,1610000.0,23.73
2023-03-15,3892.75,3920.5,3931.0,3834.0,833640.0,26.14
2023-03-16,3960.5,3892.75,3966.5,3863.25,466910.0,22.99
2023-03-17,3957.05,3962.25,3974.0,3923.0,38530.0,25.51
2023-03-20,3983.0,3963.75,3989.5,3897.25,1820000.0,24.15
2023-03-21,4035.75,3986.5,4043.25,3981.75,1530000.0,21.38
2023-03-22,3970.5,4038.75,4073.75,3966.25,1800000.0,22.26
2023-03-23,3978.0,3972.75,4039.5,3948.5,2240000.0,22.61
2023-03-24,4001.25,3988.75,4010.75,3937.0,1940000.0,21.74
2023-03-27,4007.25,4008.0,4034.25,3997.5,1300000.0,20.6
2023-03-28,4001.5,4013.5,4023.75,3980.75,1220000.0,19.97
2023-03-29,4057.5,4006.5,4061.25,4006.0,1390000.0,19.12
2023-03-30,4080.0,4058.0,4087.75,4052.5,1330000.0,19.02
2023-03-31,4137.75,4081.0,4142.5,4078.0,1700000.0,18.7
2023-04-03,4153.75,4127.0,4157.75,4122.75,50.0,18.55
2023-04-04,4129.0,4152.5,4171.75,4115.25,190.0,19.0
2023-04-05,4117.25,4134.0,4135.5,4099.0,1470000.0,19.08
2023-04-06,4132.0,4113.75,4135.25,4096.5,1300000.0,18.4
2023-04-07,4132.0,4129.0,4146.75,4121.0,73010.0,18.4
2023-04-10,4136.25,4139.0,4143.0,4098.75,1170000.0,18.97
2023-04-11,4136.5,4138.5,4151.75,4128.75,1220000.0,19.1
2023-04-12,4119.0,4137.5,4177.75,4113.5,1850000.0,19.09
2023-04-13,4172.75,4117.5,4177.0,4110.25,1460000.0,17.8
2023-04-14,4163.75,4168.75,4189.0,4138.0,1880000.0,17.07
2023-04-17,4176.75,4174.25,4180.5,4148.0,1300000.0,16.95
2023-04-18,4180.0,4177.0,4198.25,4164.5,1430000.0,16.83
2023-04-19,4178.5,4176.0,4187.5,4150.5,1290000.0,16.46
2023-04-20,4152.5,4172.25,4173.5,4137.0,1770000.0,17.17
2023-04-21,4156.75,4153.75,4161.0,4135.25,1650000.0,16.77
2023-04-24,4159.5,4150.0,4164.25,4133.5,1330000.0,16.89
2023-04-25,4093.25,4157.25,4158.5,4091.5,1770000.0,18.76
2023-04-26,4076.0,4110.25,4116.25,4068.75,1810000.0,18.84
2023-04-27,4153.75,4085.5,4166.5,4080.75,1690000.0,17.03
2023-04-28,4188.5,4151.0,4193.75,4131.5,50.0,15.78
2023-05-01,4185.75,4190.0,4206.25,4178.5,1240000.0,16.08
2023-05-02,4136.75,4179.5,4191.5,4105.5,2029999.9999999998,17.78
2023-05-03,4107.5,4133.25,4167.0,4095.0,1660000.0,18.34
2023-05-04,4075.75,4087.0,4118.0,4062.25,100.0,20.09
2023-05-05,4150.25,4077.25,4163.25,4076.75,1550000.0,17.19
2023-05-08,4152.75,4151.0,4161.0,4137.5,1030000.0,16.98
2023-05-09,4134.0,4150.5,4153.0,4131.0,1000000.0,17.71
2023-05-10,4152.0,4133.0,4173.25,4112.25,1890000.0,16.94
2023-05-11,4143.75,4152.75,4168.5,4121.5,1470000.0,16.93
2023-05-12,4138.0,4144.5,4164.5,4111.75,1430000.0,17.03
2023-05-15,4150.0,4132.25,4156.25,4123.0,1180000.0,17.12
2023-05-16,4123.0,4148.25,4151.5,4120.0,1320000.0,17.99
2023-05-17,4171.5,4126.0,4179.0,4122.0,1580000.0,16.87
2023-05-18,4212.0,4171.25,4215.75,4161.25,1760000.0,16.05
2023-05-19,4204.75,4215.5,4227.25,4191.5,1710000.0,16.81
2023-05-22,4205.0,4189.0,4221.75,4186.5,1300000.0,17.21
2023-05-23,4158.75,4207.5,4222.75,4153.0,1690000.0,18.53
2023-05-24,4126.0,4158.0,4166.25,4114.0,1910000.0,20.03
2023-05-25,4159.75,4157.0,4175.5,4131.5,1970000.0,19.14
2023-05-26,4213.25,4157.0,4221.25,4146.0,1740000.0,17.95
2023-05-30,4215.0,4239.75,4243.25,4200.0,1960000.0,17.46
2023-05-31,4190.5,4213.0,4217.75,4174.0,2140000.0,17.94
2023-06-01,4228.0,4188.5,4239.75,4178.0,1870000.0,15.65
2023-06-02,4288.0,4231.75,4297.75,4229.0,1960000.0,14.6
2023-06-05,4281.0,4288.0,4305.75,4273.0,1670000.0,14.73
2023-06-06,4289.75,4279.75,4294.75,4268.5,1550000.0,13.96
2023-06-07,4274.25,4292.25,4304.75,4269.25,1930000.0,13.94
2023-06-08,4298.25,4273.25,4302.5,4262.75,1660000.0,13.65
2023-06-09,4304.75,4297.75,4325.5,4284.0,180.0,13.83
2023-06-12,4342.75,4306.5,4346.5,4305.25,1670000.0,15.01
2023-06-13,4371.75,4345.0,4377.75,4335.75,1320000.0,14.61
2023-06-14,4374.25,4372.0,4394.75,4339.75,758320.0,13.88
2023-06-15,4426.5,4378.75,4441.0,4350.0,486410.0,14.5
2023-06-16,4453.35,4424.75,4453.25,4415.25,39000.0,13.54
2023-06-20,4434.75,4458.0,4462.0,4410.5,1540000.0,13.88
2023-06-21,4409.25,4430.25,4438.5,4403.5,1470000.0,13.2
2023-06-22,4423.75,4410.0,4427.0,4393.0,1380000.0,12.91
2023-06-23,4389.0,4425.75,4426.25,4381.5,1550000.0,13.44
2023-06-26,4370.25,4390.0,4403.0,4368.5,1620000.0,14.25
2023-06-27,4418.75,4375.75,4424.75,4371.5,1510000.0,13.74
2023-06-28,4417.5,4414.0,4430.25,4399.25,1690000.0,13.43
2023-06-29,4435.75,4423.75,4438.0,4409.75,1630000.0,13.54
2023-06-30,4488.25,4435.25,4498.0,4433.0,1770000.0,13.59
2023-07-03,4492.25,4485.5,4494.0,4479.5,100.0,13.57
2023-07-05,4483.75,4492.0,4493.75,4466.25,1190000.0,14.18
2023-07-06,4447.0,4481.75,4483.5,4419.5,1740000.0,15.44
2023-07-07,4434.0,4441.25,4476.0,4431.5,120.0,14.83
2023-07-10,4444.25,4437.5,4448.25,4411.25,1360000.0,15.07
2023-07-11,4473.5,4445.75,4478.5,4439.0,1340000.0,14.84
2023-07-12,4507.5,4471.0,4523.75,4470.0,1780000.0,13.54
2023-07-13,4543.5,4510.5,4551.5,4509.25,1160000.0,13.61
2023-07-14,4536.75,4539.5,4560.5,4531.0,1380000.0,13.34
2023-07-17,4553.75,4536.0,4565.75,4528.0,1060000.0,13.48
2023-07-18,4587.75,4550.25,4594.5,4544.75,1300000.0,13.3
2023-07-19,4597.0,4582.75,4609.25,4582.25,1540000.0,13.76
2023-07-20,4565.5,4593.25,4594.25,4557.25,1530000.0,13.99
2023-07-21,4564.75,4566.25,4590.0,4561.75,1430000.0,13.6
2023-07-24,4583.5,4564.25,4592.5,4560.0,1200000.0,13.91
2023-07-25,4596.0,4584.5,4608.75,4579.25,1220000.0,13.86
2023-07-26,4595.25,4604.75,4610.75,4573.75,1370000.0,13.19
2023-07-27,4564.25,4594.75,4634.5,4553.75,1920000.0,14.41
2023-07-28,4606.5,4566.0,4616.5,4558.0,1570000.0,13.33
2023-07-31,4614.5,4608.75,4619.25,4595.25,1300000.0,13.63
2023-08-01,4601.25,4617.75,4621.75,4591.0,1210000.0,13.93
2023-08-02,4537.25,4580.0,4593.5,4527.75,1920000.0,16.09
2023-08-03,4521.75,4534.25,4547.5,4505.75,1760000.0,15.92
2023-08-04,4498.0,4523.5,4560.75,4493.75,2040000.0,17.1
2023-08-07,4537.75,4500.5,4541.75,4500.5,1400000.0,15.77
2023-08-08,4518.5,4539.5,4541.0,4482.0,1700000.0,15.99
2023-08-09,4485.75,4516.5,4536.25,4478.25,1640000.0,15.96
2023-08-10,4485.75,4493.25,4544.75,4473.5,2230000.0,15.85
2023-08-11,4480.75,4487.75,4496.25,4459.0,1510000.0,14.84
2023-08-14,4506.0,4485.0,4507.75,4465.0,1280000.0,14.82
2023-08-15,4454.0,4505.75,4517.75,4447.0,1490000.0,16.46
2023-08-16,4420.0,4453.25,4467.25,4417.0,1500000.0,16.78
2023-08-17,4384.5,4420.5,4436.75,4377.75,1630000.0,17.89
2023-08-18,4382.75,4379.25,4396.0,4350.0,1750000.0,17.3
2023-08-21,4412.5,4382.5,4421.0,4372.25,430.0,17.13
2023-08-22,4399.25,4410.25,4440.0,4394.25,1380000.0,16.97
2023-08-23,4447.0,4400.0,4476.25,4399.5,1310000.0,15.98
2023-08-24,4386.0,4470.5,4485.5,4378.5,1780000.0,17.2
2023-08-25,4414.25,4384.5,4429.0,4365.25,1850000.0,15.68
2023-08-28,4442.25,4418.0,4449.5,4414.5,1270000.0,15.08
2023-08-29,4506.75,4444.0,4509.5,4433.5,1440000.0,14.45
2023-08-30,4524.25,4508.75,4530.75,4496.25,1400000.0,13.88
2023-08-31,4516.0,4527.0,4541.25,4512.75,1400000.0,13.57
2023-09-01,4521.5,4516.75,4547.75,4507.25,10.0,13.09
2023-09-05,4502.5,4521.25,4531.25,4499.25,1390000.0,14.01
2023-09-06,4471.5,4500.0,4503.75,4447.0,1600000.0,14.45
2023-09-07,4456.25,4469.5,4471.75,4434.25,1600000.0,14.4
2023-09-08,4461.75,4458.25,4477.5,4443.0,1690000.0,13.84
2023-09-11,4490.25,4463.5,4493.5,4459.25,1710000.0,13.8
2023-09-12,4465.0,4487.75,4491.0,4458.75,1150000.0,14.23
2023-09-13,4468.75,4464.5,4481.0,4446.75,690870.0,13.48
2023-09-14,4506.0,4471.75,4513.0,4470.25,454910.0,12.82
2023-09-15,4491.72,4508.0,4517.75,4480.0,43850.0,13.79
2023-09-18,4501.5,4499.5,4514.5,4487.0,1160000.0,14.0
2023-09-19,4490.0,4503.25,4509.5,4462.25,1420000.0,14.11
2023-09-20,4447.0,4491.25,4508.0,4443.25,1480000.0,15.14
2023-09-21,4372.0,4445.0,4447.0,4366.5,2000000.0,17.54
2023-09-22,4361.0,4370.25,4399.0,4357.25,1740000.0,17.2
2023-09-25,4378.75,4365.0,4383.5,4338.25,1560000.0,16.9
2023-09-26,4314.75,4382.0,4382.0,4305.5,1760000.0,18.94
2023-09-27,4313.5,4320.25,4336.5,4277.0,0.0,18.22
2023-09-28,4337.5,4323.25,4355.75,4301.0,2009999.9999999998,17.34
2023-09-29,4325.5,4342.0,4371.25,4311.0,2110000.0,17.52
2023-10-02,4324.25,4349.0,4355.5,4295.5,1950000.0,17.61
2023-10-03,4264.75,4326.0,4335.75,4251.25,110.0,19.78
2023-10-04,4297.75,4262.75,4304.0,4235.5,2170000.0,18.58
2023-10-05,4290.75,4291.5,4302.0,4258.0,190.0,18.49
2023-10-06,4341.5,4287.5,4358.5,4242.25,2220000.0,17.45
2023-10-09,4368.75,4315.0,4375.75,4299.5,1490000.0,17.7
2023-10-10,4391.5,4368.75,4419.0,4366.25,1610000.0,17.03
2023-10-11,4409.75,4392.0,4419.75,4377.25,1490000.0,16.09
2023-10-12,4380.5,4417.75,4430.5,4355.5,1880000.0,16.69
2023-10-13,4357.25,4380.75,4407.75,4340.75,2160000.0,19.32
2023-10-16,4401.0,4356.75,4414.25,4354.5,110.0,17.21
2023-10-17,4401.75,4406.25,4423.25,4365.75,340.0,17.88
2023-10-18,4342.25,4398.0,4399.25,4330.75,20.0,19.22
2023-10-19,4303.0,4346.5,4366.5,4292.75,20.0,21.4
2023-10-20,4248.5,4295.0,4304.25,4243.5,170.0,21.71
2023-10-23,4241.75,4256.25,4280.75,4213.25,80.0,20.37
2023-10-24,4271.25,4250.25,4290.5,4242.0,60.0,18.97
2023-10-25,4209.75,4269.5,4273.5,4203.75,20.0,20.19
2023-10-26,4156.5,4202.0,4205.0,4146.25,90.0,20.68
2023-10-27,4137.75,4167.0,4185.0,4122.25,240.0,21.27
2023-10-30,4185.75,4148.0,4197.5,4143.5,60.0,19.75
2023-10-31,4212.25,4184.25,4215.0,4166.75,150.0,18.14
2023-11-01,4256.0,4205.0,4264.75,4191.25,360.0,16.87
2023-11-02,4335.75,4258.5,4339.75,4257.75,70.0,15.66
2023-11-03,4376.0,4327.5,4391.75,4325.5,120.0,14.91
2023-11-06,4384.25,4379.25,4389.5,4364.25,90.0,14.89
2023-11-07,4396.0,4380.0,4403.25,4366.0,170.0,14.81
2023-11-08,4399.5,4397.5,4407.75,4375.0,70.0,14.45
2023-11-09,4362.25,4393.25,4413.0,4357.75,0.0,15.29
2023-11-10,4430.5,4364.5,4435.5,4354.25,30.0,14.17
2023-11-13,4425.25,4425.75,4436.75,4407.25,100.0,14.76
2023-11-14,4511.0,4427.25,4524.25,4420.25,500.0,14.16
2023-11-15,4519.25,4515.5,4541.25,4510.75,210.0,14.18
2023-11-16,4523.25,4514.25,4529.5,4501.75,30.0,14.32
2023-11-17,4527.5,4527.75,4539.5,4512.75,1330000.0,13.8
2023-11-20,4562.25,4526.75,4571.0,4520.0,10.0,13.41
2023-11-21,4551.25,4561.75,4567.0,4536.75,70.0,13.35
2023-11-22,4567.25,4547.75,4580.5,4543.0,30.0,12.85
2023-11-24,4568.25,4564.0,4574.0,4562.0,572700.0,12.46
2023-11-27,4561.0,4568.5,4570.0,4552.0,1120000.0,12.69
2023-11-28,4563.0,4561.5,4577.25,4547.0,1440000.0,12.69
2023-11-29,4559.25,4564.0,4597.0,4555.5,90.0,12.98
2023-11-30,4576.75,4562.25,4579.5,4544.75,80.0,12.92
2023-12-01,4600.75,4571.75,4607.75,4562.5,270.0,12.63
2023-12-04,4576.5,4603.25,4604.5,4553.5,90.0,13.08
2023-12-05,4575.0,4573.0,4585.5,4555.5,30.0,12.85
2023-12-06,4556.0,4573.25,4598.5,4552.0,10.0,12.97
2023-12-07,4589.5,4556.0,4596.0,4548.75,30.0,13.06
2023-12-08,4607.5,4586.5,4613.75,4561.75,40.0,12.35
2023-12-11,4626.0,4607.75,4627.25,4599.5,0.0,12.63
2023-12-12,4645.75,4625.0,4649.75,4610.5,10.0,12.07
2023-12-13,4708.25,4649.0,4711.75,4645.0,0.0,12.19
2023-12-14,4721.75,4708.0,4739.25,4694.25,,12.48
2023-12-15,4694.27,4716.0,4736.5,4708.5,40.0,12.28
2023-12-18,4793.0,4770.5,4802.25,4769.5,30.0,12.56
2023-12-19,4820.25,4790.5,4821.5,4787.75,60.0,12.53
2023-12-20,4749.75,4818.5,4830.75,4743.25,170.0,13.67
2023-12-21,4796.75,4751.0,4798.25,4751.0,30.0,13.65
2023-12-22,4805.25,4795.75,4821.75,4784.75,,13.03
2023-12-26,4825.0,4800.25,4834.5,4800.25,,12.99
2023-12-27,4833.5,4827.75,4836.5,4816.5,10.0,12.43
2023-12-28,4832.25,4834.5,4841.5,4828.0,,12.47
2023-12-29,4820.0,4834.75,4841.0,4796.75,,12.45
2024-01-02,4787.25,4818.0,4828.0,4765.5,0.0,13.2
2024-01-03,4746.5,4790.75,4790.75,4741.0,,14.04
2024-01-04,4729.5,4750.0,4766.5,4727.0,,14.13
2024-01-05,4734.75,4732.75,4760.25,4702.0,0.0,13.35
2024-01-08,4801.25,4735.75,4803.25,4715.25,0.0,13.08
2024-01-09,4792.75,4797.75,4804.0,4767.5,,12.76
2024-01-10,4820.25,4790.75,4828.5,4786.0,30.0,12.69
2024-01-11,4815.5,4820.5,4838.0,4772.75,120.0,12.44
2024-01-12,4816.5,4811.25,4836.5,4791.5,0.0,12.7
2024-01-16,4798.5,4812.0,4823.0,4779.5,0.0,13.84
2024-01-17,4771.25,4799.75,4800.75,4746.25,,14.79
2024-01-18,4811.25,4768.0,4817.0,4763.5,,14.13
2024-01-19,4869.5,4811.25,4874.25,4808.5,,13.3
2024-01-22,4881.0,4872.5,4898.25,4872.5,,13.19
2024-01-23,4895.0,4881.75,4902.0,4874.25,10.0,12.55
2024-01-24,4898.0,4900.25,4933.25,4889.0,,13.14
2024-01-25,4923.25,4899.5,4926.5,4893.25,20.0,13.45
2024-01-26,4916.25,4919.25,4934.25,4898.5,30.0,13.26
2024-01-29,4954.5,4908.75,4956.0,4901.75,50.0,13.6
2024-01-30,4951.0,4950.25,4957.25,4933.0,,13.31
2024-01-31,4870.5,4930.25,4938.0,4866.0,,14.35
2024-02-01,4928.5,4874.5,4963.75,4872.5,0.0,13.88
2024-02-02,4980.25,4952.75,4997.75,4925.75,10.0,13.85
2024-02-05,4962.0,4976.0,4980.75,4937.75,0.0,13.67
2024-02-06,4974.75,4959.5,4978.25,4954.5,,13.06
2024-02-07,5015.25,4971.5,5020.0,4970.0,,12.83
2024-02-08,5017.75,5015.75,5020.0,5003.75,,12.79
2024-02-09,5044.0,5014.5,5048.5,5013.0,,12.93
2024-02-12,5041.25,5042.5,5066.5,5031.5,,13.93
2024-02-13,4971.25,5034.0,5040.0,4936.5,,15.85
2024-02-14,5018.0,4974.25,5022.5,4968.75,,14.38
2024-02-15,5046.5,5017.5,5051.75,5011.0,0.0,14.01
2024-02-16,5019.75,5049.5,5059.25,5012.75,,14.24
2024-02-20,4991.5,5016.5,5029.5,4968.25,,15.42
2024-02-21,4996.25,4990.0,5020.5,4959.0,,15.34
2024-02-22,5097.75,5016.0,5107.75,5015.25,20.0,14.54
2024-02-23,5101.5,5094.25,5123.5,5092.0,,13.75
2024-02-26,5080.25,5095.0,5108.0,5076.25,,13.74
2024-02-27,5090.0,5077.5,5093.0,5067.0,,13.43
2024-02-28,5081.0,5090.75,5091.25,5063.25,,13.84
2024-02-29,5103.75,5072.0,5114.5,5060.0,,13.4
2024-03-01,5146.0,5101.5,5149.25,5089.25,0.0,13.11
2024-03-04,5138.25,5142.0,5157.75,5132.0,140.0,13.49
2024-03-05,5085.75,5133.75,5135.5,5063.0,60.0,14.46
2024-03-06,5111.75,5091.0,5134.5,5083.75,,14.5
2024-03-07,5161.75,5114.25,5170.5,5086.5,,14.44
2024-03-08,5129.0,5159.25,5193.0,5121.75,20.0,14.74
2024-03-11,5123.0,5132.5,5133.25,5094.75,20.0,15.22
2024-03-12,5177.25,5129.0,5183.0,5112.75,50.0,13.84
2024-03-13,5168.0,5176.0,5183.75,5153.0,,13.75
2024-03-14,5153.75,5171.5,5189.5,5124.25,,14.4
2024-03-15,5101.67,5152.25,5167.0,5114.0,,14.41
2024-03-18,5214.75,5185.75,5240.25,5181.75,,14.33
2024-03-19,5241.75,5215.25,5244.75,5186.0,,13.82
2024-03-20,5286.75,5239.75,5297.75,5233.0,,13.04
2024-03-21,5302.5,5294.75,5322.75,5293.5,0.0,12.92
2024-03-22,5293.25,5306.75,5311.75,5287.75,,13.06
2024-03-25,5278.25,5290.5,5295.0,5272.5,,13.19
2024-03-26,5265.25,5280.75,5300.5,5263.0,,13.24
2024-03-27,5308.25,5273.25,5313.75,5270.75,,12.78
2024-03-28,5308.5,5308.0,5321.0,5301.0,,13.01
2024-04-01,5295.25,5314.25,5333.5,5282.25,0.0,13.65
2024-04-02,5260.5,5294.5,5296.0,5235.0,0.0,14.61
2024-04-03,5266.5,5262.5,5280.75,5244.5,0.0,14.33
2024-04-04,5197.25,5270.75,5308.5,5192.5,,16.35
2024-04-05,5253.0,5199.75,5272.5,5191.5,,16.03
2024-04-08,5253.25,5263.25,5269.25,5236.5,,15.19
2024-04-09,5260.25,5258.0,5274.25,5208.25,,14.98
2024-04-10,5207.75,5264.25,5285.0,5176.5,30.0,15.8
2024-04-11,5243.25,5202.0,5257.5,5173.5,0.0,14.91
2024-04-12,5167.5,5244.0,5248.75,5150.0,0.0,17.31
2024-04-15,5104.0,5166.5,5213.25,5094.0,0.0,19.23
2024-04-16,5092.5,5101.25,5123.25,5078.75,,18.4
2024-04-17,5062.25,5096.25,5120.5,5047.0,,18.21
2024-04-18,5049.0,5063.0,5095.25,5038.5,,18.0
2024-04-19,5003.75,5047.25,5058.0,4963.5,0.0,18.71
2024-04-22,5047.5,5014.25,5076.75,5006.0,,16.94
2024-04-23,5106.5,5051.0,5113.5,5037.75,10.0,15.69
2024-04-24,5107.5,5115.25,5128.75,5072.25,,15.97
2024-04-25,5082.25,5070.0,5132.75,5022.25,,15.37
2024-04-26,5131.5,5132.0,5146.5,5104.5,,15.03
2024-04-29,5147.0,5140.25,5154.25,5118.75,,14.67
2024-04-30,5067.0,5148.5,5148.5,5051.0,0.0,15.65
2024-05-01,5046.5,5050.0,5126.75,5037.75,,15.39
2024-05-02,5091.5,5057.0,5113.0,5036.25,,14.68
2024-05-03,5154.75,5110.25,5166.75,5099.25,,13.49
2024-05-06,5206.5,5166.75,5207.75,5155.75,0.0,13.49
2024-05-07,5213.75,5204.75,5226.75,5202.25,,13.23
2024-05-08,5212.75,5211.75,5218.0,5188.75,,13.0
2024-05-09,5239.0,5209.25,5244.75,5195.0,,12.69
2024-05-10,5246.25,5240.75,5264.0,5232.75,,12.55
2024-05-13,5245.5,5240.5,5264.0,5233.25,10.0,13.6
2024-05-14,5269.5,5241.75,5274.25,5216.75,0.0,13.42
2024-05-15,5333.0,5268.5,5337.25,5266.25,,12.45
2024-05-16,5320.25,5331.5,5349.0,5315.5,,12.42
2024-05-17,5327.25,5318.25,5328.75,5305.75,,11.99
2024-05-20,5331.75,5329.25,5348.25,5323.75,0.0,12.15
2024-05-21,5345.25,5331.75,5347.5,5322.5,0.0,11.86
2024-05-22,5328.0,5343.5,5349.25,5306.75,0.0,12.29
2024-05-23,5285.25,5339.0,5368.25,5273.5,250.0,12.77
2024-05-24,5321.5,5285.75,5329.25,5285.75,0.0,11.93
2024-05-28,5324.75,5321.75,5339.0,5296.75,0.0,12.92
2024-05-29,5284.0,5323.75,5324.0,5268.25,,14.28
2024-05-30,5253.0,5270.5,5277.0,5238.25,,14.47
2024-05-31,5295.5,5250.5,5307.0,5205.5,,12.92
2024-06-03,5297.25,5299.5,5313.25,5246.75,,13.11
2024-06-04,5304.0,5300.25,5312.25,5262.0,80.0,13.16
2024-06-05,5366.0,5305.0,5368.25,5302.5,10.0,12.63
2024-06-06,5364.0,5367.75,5373.25,5345.25,,12.58
2024-06-07,5355.75,5362.0,5385.5,5329.0,0.0,12.22
2024-06-10,5371.25,5351.5,5375.75,5338.25,0.0,12.74
2024-06-11,5384.0,5369.75,5386.25,5334.5,,12.85
2024-06-12,5427.5,5384.5,5454.5,5380.0,0.0,12.04
2024-06-13,5438.5,5436.25,5452.75,5408.5,170.0,11.94
2024-06-14,5437.5,5436.0,5443.0,5397.75,0.0,12.66
2024-06-17,5478.5,5435.5,5494.0,5424.75,,12.75
2024-06-18,5491.0,5480.25,5494.0,5473.5,10.0,12.3
2024-06-20,5476.75,5492.75,5518.5,5458.5,10.0,13.28
2024-06-21,5471.89,5477.0,5483.75,5460.5,0.0,13.2
2024-06-24,5517.0,5538.5,5558.5,5510.25,0.0,13.33
2024-06-25,5537.0,5516.0,5539.75,5511.0,10.0,12.84
2024-06-26,5543.5,5535.0,5551.75,5516.25,10.0,12.55
2024-06-27,5546.0,5533.0,5555.0,5515.75,,12.24
2024-06-28,5521.5,5548.25,5585.0,5510.75,0.0,12.44
2024-07-01,5533.75,5534.25,5541.0,5504.5,10.0,12.22
2024-07-02,5568.75,5533.5,5569.75,5502.75,10.0,12.03
2024-07-03,5590.25,5563.75,5595.75,5559.75,,12.09
2024-07-05,5621.5,5591.0,5626.0,5585.0,80.0,12.48
2024-07-08,5625.25,5612.0,5637.5,5610.75,210.0,12.37
2024-07-09,5631.25,5627.75,5645.75,5626.25,50.0,12.51
2024-07-10,5688.0,5631.75,5690.5,5630.75,80.0,12.85
2024-07-11,5639.75,5684.25,5707.75,5630.0,90.0,12.92
2024-07-12,5664.75,5638.5,5708.25,5621.25,120.0,12.46
2024-07-15,5683.0,5681.0,5718.75,5665.5,30.0,13.12
2024-07-16,5717.25,5688.75,5721.25,5673.0,190.0,13.19
2024-07-17,5639.0,5715.0,5717.75,5631.75,20.0,14.48
2024-07-18,5594.5,5644.0,5664.0,5570.25,30.0,15.93
2024-07-19,5553.75,5602.5,5607.5,5542.0,230.0,16.52
2024-07-22,5610.75,5564.5,5616.0,5553.5,220.0,14.91
2024-07-23,5599.25,5607.75,5629.75,5587.75,90.0,14.72
2024-07-24,5472.0,5585.0,5585.0,5462.0,70.0,18.04
2024-07-25,5441.25,5482.5,5533.25,5432.5,390.0,18.46
2024-07-26,5499.0,5446.0,5528.25,5445.25,40.0,16.39
2024-07-29,5503.0,5496.5,5534.5,5481.0,110.0,16.6
2024-07-30,5472.5,5504.5,5527.5,5433.0,110.0,17.69
2024-07-31,5558.0,5454.75,5588.5,5451.5,110.0,16.36
2024-08-01,5480.25,5574.75,5600.75,5444.75,160.0,18.59
2024-08-02,5376.0,5464.25,5473.25,5331.75,270.0,23.39
2024-08-05,5217.5,5330.0,5345.5,5120.0,630.0,38.57
2024-08-06,5266.25,5250.0,5342.0,5221.75,930.0,27.71
2024-08-07,5227.5,5241.5,5359.25,5196.75,660.0,27.85
2024-08-08,5348.25,5208.25,5361.0,5182.0,170.0,23.79
2024-08-09,5370.25,5348.25,5385.25,5319.5,270.0,20.37
2024-08-12,5369.75,5364.25,5396.75,5347.75,630.0,20.71
2024-08-13,5459.0,5372.5,5461.25,5367.5,90.0,18.12
2024-08-14,5477.0,5457.5,5487.75,5438.75,390.0,16.19
2024-08-15,5567.5,5481.25,5571.75,5471.75,660.0,15.23
2024-08-16,5578.25,5568.5,5586.25,5536.5,340.0,14.8
2024-08-19,5630.0,5584.0,5631.75,5565.25,80.0,14.65
2024-08-20,5619.75,5629.5,5643.75,5607.75,90.0,15.88
2024-08-21,5641.5,5619.5,5655.25,5613.5,100.0,16.27
2024-08-22,5594.0,5642.0,5665.25,5582.75,90.0,17.55
2024-08-23,5652.5,5597.75,5662.25,5597.75,100.0,15.86
2024-08-26,5637.0,5650.5,5669.0,5619.75,150.0,16.15
2024-08-27,5644.75,5630.0,5649.5,5611.5,120.0,15.43
2024-08-28,5610.25,5643.75,5650.5,5576.0,200.0,17.11
2024-08-29,5610.0,5580.5,5663.75,5561.25,380.0,15.65
2024-08-30,5661.0,5618.5,5665.0,5594.25,240.0,15.0
2024-09-03,5541.75,5656.25,5669.75,5516.75,290.0,20.72
2024-09-04,5530.0,5538.5,5565.0,5506.75,330.0,21.32
2024-09-05,5512.25,5527.5,5557.25,5490.0,170.0,19.9
2024-09-06,5419.5,5513.0,5532.5,5394.0,470.0,22.38
2024-09-09,5479.5,5410.0,5493.0,5405.25,200.0,19.45
2024-09-10,5504.0,5488.25,5506.0,5448.25,50.0,19.08
2024-09-11,5561.25,5499.25,5567.5,5412.0,280.0,17.69
2024-09-12,5602.25,5558.0,5607.0,5540.25,1100.0,17.07
2024-09-13,5629.75,5598.5,5641.5,5597.25,910.0,16.56
2024-09-16,5638.0,5622.75,5641.5,5609.25,580.0,17.14
2024-09-17,5639.0,5633.25,5675.5,5617.0,780.0,17.61
2024-09-18,5620.75,5639.5,5696.25,5613.75,700.0,18.23
2024-09-19,5717.75,5631.5,5737.5,5631.5,500.0,16.33
2024-09-20,5699.99,5714.75,5717.25,5699.25,750.0,16.15
2024-09-23,5776.75,5762.0,5784.5,5745.25,640.0,15.89
2024-09-24,5792.0,5774.0,5794.25,5754.75,1690.0,15.39
2024-09-25,5779.0,5792.25,5798.75,5768.0,780.0,15.41
2024-09-26,5804.5,5783.5,5830.0,5778.25,1730.0,15.37
2024-09-27,5791.25,5804.25,5821.5,5782.0,2100.0,16.96
2024-09-30,5814.25,5784.0,5820.25,5756.25,1450.0,16.73
2024-10-01,5759.75,5807.0,5822.5,5733.0,1980.0,19.26
2024-10-02,5760.25,5760.25,5773.25,5724.0,2060.0,18.9
2024-10-03,5749.5,5769.5,5772.75,5725.75,2750.0,20.49
2024-10-04,5800.0,5745.75,5804.75,5741.0,1750.0,19.21
2024-10-07,5744.75,5802.0,5808.0,5734.25,3890.0,22.64
2024-10-08,5800.5,5752.5,5806.75,5725.25,4700.0,21.42
2024-10-09,5841.25,5799.25,5846.5,5780.75,2430.0,20.86
2024-10-10,5829.0,5836.0,5844.0,5811.5,3720.0,20.93
2024-10-11,5859.75,5831.0,5868.25,5816.0,1250.0,20.46
2024-10-14,5908.25,5854.5,5918.5,5850.0,2230.0,19.7
2024-10-15,5862.75,5914.25,5915.5,5850.0,5150.0,20.64
2024-10-16,5887.0,5861.0,5892.75,5853.25,1510.0,19.58
2024-10-17,5887.0,5882.75,5927.25,5871.25,1850.0,19.11
2024-10-18,5906.0,5888.25,5915.5,5876.25,3760.0,18.03
2024-10-21,5896.25,5911.5,5915.5,5865.0,1330.0,18.37
2024-10-22,5892.5,5900.75,5904.25,5861.25,1150.0,18.2
2024-10-23,5837.75,5887.25,5893.75,5801.0,1880.0,19.24
2024-10-24,5849.0,5844.0,5870.0,5822.5,2550.0,19.08
2024-10-25,5846.0,5853.25,5900.75,5835.0,1650.0,20.33
2024-10-28,5861.5,5857.0,5884.5,5857.0,1670.0,19.8
2024-10-29,5871.0,5867.0,5883.75,5837.5,1300.0,19.34
2024-10-30,5852.0,5883.0,5893.0,5840.25,3200.0,20.35
2024-10-31,5738.5,5840.0,5844.0,5733.25,2190.0,23.16
2024-11-01,5758.25,5742.0,5803.75,5732.5,1870.0,21.88
2024-11-04,5743.25,5741.75,5776.5,5724.25,3440.0,21.98
2024-11-05,5812.25,5752.25,5823.25,5735.0,3000.0,20.49
2024-11-06,5958.25,5820.25,5967.0,5814.75,9240.0,16.27
2024-11-07,6003.75,5963.5,6013.0,5951.0,7060.0,15.2
2024-11-08,6025.25,6007.75,6040.5,5990.25,2620.0,14.94
2024-11-11,6031.75,6030.0,6053.25,6013.5,2900.0,14.97
2024-11-12,6013.0,6029.25,6036.5,5986.75,3860.0,14.71
2024-11-13,6016.0,6012.25,6035.25,5991.75,4920.0,14.02
2024-11-14,5978.25,6017.75,6025.25,5964.25,4910.0,14.31
2024-11-15,5896.5,5972.0,5974.25,5876.75,12310.0,16.14
2024-11-18,5920.0,5899.75,5933.0,5886.5,19020.0,15.58
2024-11-19,5938.75,5919.0,5947.5,5855.0,26570.0,16.35
2024-11-20,5937.75,5937.75,5957.75,5880.0,9220.0,17.16
2024-11-21,5970.5,5937.25,5985.0,5905.25,16560.0,16.87
2024-11-22,5987.0,5967.0,5993.5,5940.75,10000.0,15.24
2024-11-25,6006.5,6006.0,6040.0,5982.5,14300.0,14.6
2024-11-26,6038.25,6013.25,6044.0,5976.25,14130.0,14.1
2024-11-27,6015.0,6041.75,6047.0,6000.25,11230.0,14.1
2024-11-29,6051.5,6015.0,6060.0,6014.75,11220.0,13.51
2024-12-02,6061.75,6051.5,6068.5,6036.0,9990.0,13.34
2024-12-03,6063.25,6064.0,6070.75,6047.5,8430.0,13.3
2024-12-04,6098.5,6067.0,6102.25,6063.0,19900.0,13.45
2024-12-05,6088.75,6095.25,6107.25,6081.5,23480.0,13.54
2024-12-06,6099.0,6085.5,6111.0,6076.0,16820.0,12.77
2024-12-09,6065.75,6096.25,6105.75,6060.0,40150.0,14.19
2024-12-10,6046.25,6065.25,6075.25,6039.75,45360.0,14.18
2024-12-11,6092.75,6052.75,6102.5,6045.5,69880.0,13.58
2024-12-12,6060.75,6087.5,6088.25,6055.5,259360.0,13.92
2024-12-13,6055.5,6065.0,6085.25,6041.25,1140000.0,13.81
2024-12-16,6080.5,6055.5,6090.5,6051.5,1870000.0,14.69
2024-12-17,6053.75,6077.0,6079.25,6040.75,1870000.0,15.87
2024-12-18,5872.25,6053.5,6074.5,5840.0,2600000.0,27.62
2024-12-19,5868.75,5881.75,5938.0,5865.5,2390000.0,24.09
2024-12-20,5840.26,5879.5,5879.5,5800.75,2340000.0,18.36
2024-12-23,6036.0,6001.75,6043.0,5965.0,1410000.0,16.78
2024-12-24,6098.0,6037.75,6099.5,6030.0,634200.0,14.27
2024-12-26,6095.25,6099.25,6107.5,6063.25,911490.0,14.73
2024-12-27,6027.0,6092.0,6095.25,5982.75,1640000.0,15.95
2024-12-30,5958.75,6028.75,6036.25,5918.25,1580000.0,17.4
2024-12-31,5935.75,5955.0,5983.25,5917.25,1380000.0,17.35
